[     754ms] [LOG] ServiceWorker registered with scope / @ http://localhost:3000/register-sw.js:7
[   27005ms] [WARNING] THREE.Clock: This module has been deprecated. Please use THREE.Timer instead. @ http://localhost:3000/_next/static/chunks/1m9yay70r86x-.js:0
[   27057ms] [LOG] Player X: 0.00 Y: 6.00 Z: 5.00 @ http://localhost:3000/_next/static/chunks/0-ynv9eqilv7x.js:0
[   27060ms] [WARNING] THREE.WebGLShadowMap: PCFSoftShadowMap has been deprecated. Using PCFShadowMap instead. @ http://localhost:3000/_next/static/chunks/1m9yay70r86x-.js:0
[   27083ms] [ERROR] Failed to load resource: the server responded with a status of 404 (Not Found) @ http://localhost:3000/_components/objects/terrain003.exr:0
[   27084ms] [ERROR] An error occurred loading the EXR heightmap: nm: fetch for "http://localhost:3000/_components/objects/terrain003.exr" responded with 404: Not Found
    at http://localhost:3000/_next/static/chunks/1m9yay70r86x-.js:1:247739 @ http://localhost:3000/_next/static/chunks/34vwx9mowqe8j.js:0
[   27085ms] [LOG] Player X: 0.00 Y: 6.00 Z: 5.00 @ http://localhost:3000/_next/static/chunks/0-ynv9eqilv7x.js:0
[   27091ms] [LOG] Player X: 0.00 Y: 6.00 Z: 5.00 @ http://localhost:3000/_next/static/chunks/0-ynv9eqilv7x.js:0
[   27095ms] [LOG] Player X: 0.00 Y: 6.00 Z: 5.00 @ http://localhost:3000/_next/static/chunks/0-ynv9eqilv7x.js:0
[   27099ms] [LOG] Player X: 0.00 Y: 6.00 Z: 5.00 @ http://localhost:3000/_next/static/chunks/0-ynv9eqilv7x.js:0
[   27103ms] [LOG] Player X: 0.00 Y: 6.00 Z: 5.00 @ http://localhost:3000/_next/static/chunks/0-ynv9eqilv7x.js:0
[   27106ms] [LOG] Player X: 0.00 Y: 6.00 Z: 5.00 @ http://localhost:3000/_next/static/chunks/0-ynv9eqilv7x.js:0
[   27109ms] [LOG] Player X: 0.00 Y: 6.00 Z: 5.00 @ http://localhost:3000/_next/static/chunks/0-ynv9eqilv7x.js:0
[   27112ms] [LOG] Player X: 0.00 Y: 6.00 Z: 5.00 @ http://localhost:3000/_next/static/chunks/0-ynv9eqilv7x.js:0
[   27115ms] [LOG] Player X: 0.00 Y: 6.00 Z: 5.00 @ http://localhost:3000/_next/static/chunks/0-ynv9eqilv7x.js:0
[   27118ms] [LOG] Player X: 0.00 Y: 6.00 Z: 5.00 @ http://localhost:3000/_next/static/chunks/0-ynv9eqilv7x.js:0
[   27121ms] [LOG] Player X: 0.00 Y: 6.00 Z: 5.00 @ http://localhost:3000/_next/static/chunks/0-ynv9eqilv7x.js:0
[   27124ms] [LOG] Player X: 0.00 Y: 6.00 Z: 5.00 @ http://localhost:3000/_next/static/chunks/0-ynv9eqilv7x.js:0
[   27128ms] [LOG] Player X: 0.00 Y: 6.00 Z: 5.00 @ http://localhost:3000/_next/static/chunks/0-ynv9eqilv7x.js:0
[   27131ms] [LOG] Player X: 0.00 Y: 6.00 Z: 5.00 @ http://localhost:3000/_next/static/chunks/0-ynv9eqilv7x.js:0
[   27134ms] [LOG] Player X: 0.00 Y: 6.00 Z: 5.00 @ http://localhost:3000/_next/static/chunks/0-ynv9eqilv7x.js:0
[   27138ms] [LOG] Player X: 0.00 Y: 6.00 Z: 5.00 @ http://localhost:3000/_next/static/chunks/0-ynv9eqilv7x.js:0
[   27141ms] [LOG] Player X: 0.00 Y: 6.00 Z: 5.00 @ http://localhost:3000/_next/static/chunks/0-ynv9eqilv7x.js:0
[   27144ms] [LOG] Player X: 0.00 Y: 6.00 Z: 5.00 @ http://localhost:3000/_next/static/chunks/0-ynv9eqilv7x.js:0
[   27148ms] [LOG] Player X: 0.00 Y: 6.00 Z: 5.00 @ http://localhost:3000/_next/static/chunks/0-ynv9eqilv7x.js:0
[   27151ms] [LOG] Player X: 0.00 Y: 6.00 Z: 5.00 @ http://localhost:3000/_next/static/chunks/0-ynv9eqilv7x.js:0
[   27154ms] [LOG] Player X: 0.00 Y: 6.00 Z: 5.00 @ http://localhost:3000/_next/static/chunks/0-ynv9eqilv7x.js:0
[   27158ms] [LOG] Player X: 0.00 Y: 6.00 Z: 5.00 @ http://localhost:3000/_next/static/chunks/0-ynv9eqilv7x.js:0
[   27161ms] [LOG] Player X: 0.00 Y: 6.00 Z: 5.00 @ http://localhost:3000/_next/static/chunks/0-ynv9eqilv7x.js:0
[   27164ms] [LOG] Player X: 0.00 Y: 6.00 Z: 5.00 @ http://localhost:3000/_next/static/chunks/0-ynv9eqilv7x.js:0
[   27168ms] [LOG] Player X: 0.00 Y: 6.00 Z: 5.00 @ http://localhost:3000/_next/static/chunks/0-ynv9eqilv7x.js:0
[   27171ms] [LOG] Player X: 0.00 Y: 6.00 Z: 5.00 @ http://localhost:3000/_next/static/chunks/0-ynv9eqilv7x.js:0
[   27174ms] [LOG] Player X: 0.00 Y: 6.00 Z: 5.00 @ http://localhost:3000/_next/static/chunks/0-ynv9eqilv7x.js:0
[   27178ms] [LOG] Player X: 0.00 Y: 6.00 Z: 5.00 @ http://localhost:3000/_next/static/chunks/0-ynv9eqilv7x.js:0
[   27181ms] [LOG] Player X: 0.00 Y: 6.00 Z: 5.00 @ http://localhost:3000/_next/static/chunks/0-ynv9eqilv7x.js:0
[   27184ms] [LOG] Player X: 0.00 Y: 6.00 Z: 5.00 @ http://localhost:3000/_next/static/chunks/0-ynv9eqilv7x.js:0
[   27188ms] [LOG] Player X: 0.00 Y: 6.00 Z: 5.00 @ http://localhost:3000/_next/static/chunks/0-ynv9eqilv7x.js:0
[   27191ms] [LOG] Player X: 0.00 Y: 6.00 Z: 5.00 @ http://localhost:3000/_next/static/chunks/0-ynv9eqilv7x.js:0
[   27194ms] [LOG] Player X: 0.00 Y: 6.00 Z: 5.00 @ http://localhost:3000/_next/static/chunks/0-ynv9eqilv7x.js:0
[   27198ms] [LOG] Player X: 0.00 Y: 6.00 Z: 5.00 @ http://localhost:3000/_next/static/chunks/0-ynv9eqilv7x.js:0
[   27201ms] [LOG] Player X: 0.00 Y: 6.00 Z: 5.00 @ http://localhost:3000/_next/static/chunks/0-ynv9eqilv7x.js:0
[   27204ms] [LOG] Player X: 0.00 Y: 6.00 Z: 5.00 @ http://localhost:3000/_next/static/chunks/0-ynv9eqilv7x.js:0
[   27208ms] [LOG] Player X: 0.00 Y: 6.00 Z: 5.00 @ http://localhost:3000/_next/static/chunks/0-ynv9eqilv7x.js:0
[   27211ms] [LOG] Player X: 0.00 Y: 6.00 Z: 5.00 @ http://localhost:3000/_next/static/chunks/0-ynv9eqilv7x.js:0
[   27214ms] [LOG] Player X: 0.00 Y: 6.00 Z: 5.00 @ http://localhost:3000/_next/static/chunks/0-ynv9eqilv7x.js:0
[   27218ms] [LOG] Player X: 0.00 Y: 6.00 Z: 5.00 @ http://localhost:3000/_next/static/chunks/0-ynv9eqilv7x.js:0
[   27221ms] [LOG] Player X: 0.00 Y: 6.00 Z: 5.00 @ http://localhost:3000/_next/static/chunks/0-ynv9eqilv7x.js:0
[   27224ms] [LOG] Player X: 0.00 Y: 6.00 Z: 5.00 @ http://localhost:3000/_next/static/chunks/0-ynv9eqilv7x.js:0
[   27228ms] [LOG] Player X: 0.00 Y: 6.00 Z: 5.00 @ http://localhost:3000/_next/static/chunks/0-ynv9eqilv7x.js:0
[   27231ms] [LOG] Player X: 0.00 Y: 6.00 Z: 5.00 @ http://localhost:3000/_next/static/chunks/0-ynv9eqilv7x.js:0
[   27234ms] [LOG] Player X: 0.00 Y: 6.00 Z: 5.00 @ http://localhost:3000/_next/static/chunks/0-ynv9eqilv7x.js:0
[   27238ms] [LOG] Player X: 0.00 Y: 6.00 Z: 5.00 @ http://localhost:3000/_next/static/chunks/0-ynv9eqilv7x.js:0
[   27241ms] [LOG] Player X: 0.00 Y: 6.00 Z: 5.00 @ http://localhost:3000/_next/static/chunks/0-ynv9eqilv7x.js:0
[   27244ms] [LOG] Player X: 0.00 Y: 6.00 Z: 5.00 @ http://localhost:3000/_next/static/chunks/0-ynv9eqilv7x.js:0
[   27248ms] [LOG] Player X: 0.00 Y: 6.00 Z: 5.00 @ http://localhost:3000/_next/static/chunks/0-ynv9eqilv7x.js:0
[   27251ms] [LOG] Player X: 0.00 Y: 6.00 Z: 5.00 @ http://localhost:3000/_next/static/chunks/0-ynv9eqilv7x.js:0
[   27254ms] [LOG] Player X: 0.00 Y: 6.00 Z: 5.00 @ http://localhost:3000/_next/static/chunks/0-ynv9eqilv7x.js:0
[   27258ms] [LOG] Player X: 0.00 Y: 6.00 Z: 5.00 @ http://localhost:3000/_next/static/chunks/0-ynv9eqilv7x.js:0
[   27261ms] [LOG] Player X: 0.00 Y: 6.00 Z: 5.00 @ http://localhost:3000/_next/static/chunks/0-ynv9eqilv7x.js:0
[   27264ms] [LOG] Player X: 0.00 Y: 6.00 Z: 5.00 @ http://localhost:3000/_next/static/chunks/0-ynv9eqilv7x.js:0
[   27268ms] [LOG] Player X: 0.00 Y: 6.00 Z: 5.00 @ http://localhost:3000/_next/static/chunks/0-ynv9eqilv7x.js:0
[   27271ms] [LOG] Player X: 0.00 Y: 6.00 Z: 5.00 @ http://localhost:3000/_next/static/chunks/0-ynv9eqilv7x.js:0
[   27274ms] [LOG] Player X: 0.00 Y: 6.00 Z: 5.00 @ http://localhost:3000/_next/static/chunks/0-ynv9eqilv7x.js:0
[   27278ms] [LOG] Player X: 0.00 Y: 6.00 Z: 5.00 @ http://localhost:3000/_next/static/chunks/0-ynv9eqilv7x.js:0
[   27281ms] [LOG] Player X: 0.00 Y: 6.00 Z: 5.00 @ http://localhost:3000/_next/static/chunks/0-ynv9eqilv7x.js:0
[   27284ms] [LOG] Player X: 0.00 Y: 6.00 Z: 5.00 @ http://localhost:3000/_next/static/chunks/0-ynv9eqilv7x.js:0
[   27288ms] [LOG] Player X: 0.00 Y: 6.00 Z: 5.00 @ http://localhost:3000/_next/static/chunks/0-ynv9eqilv7x.js:0
[   27291ms] [LOG] Player X: 0.00 Y: 6.00 Z: 5.00 @ http://localhost:3000/_next/static/chunks/0-ynv9eqilv7x.js:0
[   27294ms] [LOG] Player X: 0.00 Y: 6.00 Z: 5.00 @ http://localhost:3000/_next/static/chunks/0-ynv9eqilv7x.js:0
[   27298ms] [LOG] Player X: 0.00 Y: 6.00 Z: 5.00 @ http://localhost:3000/_next/static/chunks/0-ynv9eqilv7x.js:0
[   27301ms] [LOG] Player X: 0.00 Y: 6.00 Z: 5.00 @ http://localhost:3000/_next/static/chunks/0-ynv9eqilv7x.js:0
[   27304ms] [LOG] Player X: 0.00 Y: 6.00 Z: 5.00 @ http://localhost:3000/_next/static/chunks/0-ynv9eqilv7x.js:0
[   27308ms] [LOG] Player X: 0.00 Y: 6.00 Z: 5.00 @ http://localhost:3000/_next/static/chunks/0-ynv9eqilv7x.js:0
[   27311ms] [LOG] Player X: 0.00 Y: 6.00 Z: 5.00 @ http://localhost:3000/_next/static/chunks/0-ynv9eqilv7x.js:0
[   27314ms] [LOG] Player X: 0.00 Y: 6.00 Z: 5.00 @ http://localhost:3000/_next/static/chunks/0-ynv9eqilv7x.js:0
[   27318ms] [LOG] Player X: 0.00 Y: 6.00 Z: 5.00 @ http://localhost:3000/_next/static/chunks/0-ynv9eqilv7x.js:0
[   27321ms] [LOG] Player X: 0.00 Y: 6.00 Z: 5.00 @ http://localhost:3000/_next/static/chunks/0-ynv9eqilv7x.js:0
[   27324ms] [LOG] Player X: 0.00 Y: 6.00 Z: 5.00 @ http://localhost:3000/_next/static/chunks/0-ynv9eqilv7x.js:0
[   27328ms] [LOG] Player X: 0.00 Y: 6.00 Z: 5.00 @ http://localhost:3000/_next/static/chunks/0-ynv9eqilv7x.js:0
[   27331ms] [LOG] Player X: 0.00 Y: 6.00 Z: 5.00 @ http://localhost:3000/_next/static/chunks/0-ynv9eqilv7x.js:0
[   27334ms] [LOG] Player X: 0.00 Y: 6.00 Z: 5.00 @ http://localhost:3000/_next/static/chunks/0-ynv9eqilv7x.js:0
[   27338ms] [LOG] Player X: 0.00 Y: 6.00 Z: 5.00 @ http://localhost:3000/_next/static/chunks/0-ynv9eqilv7x.js:0
[   27341ms] [LOG] Player X: 0.00 Y: 6.00 Z: 5.00 @ http://localhost:3000/_next/static/chunks/0-ynv9eqilv7x.js:0
[   27344ms] [LOG] Player X: 0.00 Y: 6.00 Z: 5.00 @ http://localhost:3000/_next/static/chunks/0-ynv9eqilv7x.js:0
[   27348ms] [LOG] Player X: 0.00 Y: 6.00 Z: 5.00 @ http://localhost:3000/_next/static/chunks/0-ynv9eqilv7x.js:0
[   27351ms] [LOG] Player X: 0.00 Y: 6.00 Z: 5.00 @ http://localhost:3000/_next/static/chunks/0-ynv9eqilv7x.js:0
[   27354ms] [LOG] Player X: 0.00 Y: 6.00 Z: 5.00 @ http://localhost:3000/_next/static/chunks/0-ynv9eqilv7x.js:0
[   27358ms] [LOG] Player X: 0.00 Y: 6.00 Z: 5.00 @ http://localhost:3000/_next/static/chunks/0-ynv9eqilv7x.js:0
[   27361ms] [LOG] Player X: 0.00 Y: 6.00 Z: 5.00 @ http://localhost:3000/_next/static/chunks/0-ynv9eqilv7x.js:0
[   27364ms] [LOG] Player X: 0.00 Y: 6.00 Z: 5.00 @ http://localhost:3000/_next/static/chunks/0-ynv9eqilv7x.js:0
[   27368ms] [LOG] Player X: 0.00 Y: 6.00 Z: 5.00 @ http://localhost:3000/_next/static/chunks/0-ynv9eqilv7x.js:0
[   27371ms] [LOG] Player X: 0.00 Y: 6.00 Z: 5.00 @ http://localhost:3000/_next/static/chunks/0-ynv9eqilv7x.js:0
[   27374ms] [LOG] Player X: 0.00 Y: 6.00 Z: 5.00 @ http://localhost:3000/_next/static/chunks/0-ynv9eqilv7x.js:0
[   27378ms] [LOG] Player X: 0.00 Y: 6.00 Z: 5.00 @ http://localhost:3000/_next/static/chunks/0-ynv9eqilv7x.js:0
[   27381ms] [LOG] Player X: 0.00 Y: 6.00 Z: 5.00 @ http://localhost:3000/_next/static/chunks/0-ynv9eqilv7x.js:0
[   27384ms] [LOG] Player X: 0.00 Y: 6.00 Z: 5.00 @ http://localhost:3000/_next/static/chunks/0-ynv9eqilv7x.js:0
[   27388ms] [LOG] Player X: 0.00 Y: 6.00 Z: 5.00 @ http://localhost:3000/_next/static/chunks/0-ynv9eqilv7x.js:0
[   27395ms] [LOG] Player X: 0.00 Y: 6.00 Z: 5.00 @ http://localhost:3000/_next/static/chunks/0-ynv9eqilv7x.js:0
[   27398ms] [LOG] Player X: 0.00 Y: 6.00 Z: 5.00 @ http://localhost:3000/_next/static/chunks/0-ynv9eqilv7x.js:0
[   27401ms] [LOG] Player X: 0.00 Y: 6.00 Z: 5.00 @ http://localhost:3000/_next/static/chunks/0-ynv9eqilv7x.js:0
[   27404ms] [LOG] Player X: 0.00 Y: 6.00 Z: 5.00 @ http://localhost:3000/_next/static/chunks/0-ynv9eqilv7x.js:0
[   27408ms] [LOG] Player X: 0.00 Y: 6.00 Z: 5.00 @ http://localhost:3000/_next/static/chunks/0-ynv9eqilv7x.js:0
[   27411ms] [LOG] Player X: 0.00 Y: 6.00 Z: 5.00 @ http://localhost:3000/_next/static/chunks/0-ynv9eqilv7x.js:0
[   27414ms] [LOG] Player X: 0.00 Y: 6.00 Z: 5.00 @ http://localhost:3000/_next/static/chunks/0-ynv9eqilv7x.js:0
[   27418ms] [LOG] Player X: 0.00 Y: 6.00 Z: 5.00 @ http://localhost:3000/_next/static/chunks/0-ynv9eqilv7x.js:0
[   27421ms] [LOG] Player X: 0.00 Y: 6.00 Z: 5.00 @ http://localhost:3000/_next/static/chunks/0-ynv9eqilv7x.js:0
[   27424ms] [LOG] Player X: 0.00 Y: 6.00 Z: 5.00 @ http://localhost:3000/_next/static/chunks/0-ynv9eqilv7x.js:0
[   27428ms] [LOG] Player X: 0.00 Y: 6.00 Z: 5.00 @ http://localhost:3000/_next/static/chunks/0-ynv9eqilv7x.js:0
[   27431ms] [LOG] Player X: 0.00 Y: 6.00 Z: 5.00 @ http://localhost:3000/_next/static/chunks/0-ynv9eqilv7x.js:0
[   27434ms] [LOG] Player X: 0.00 Y: 6.00 Z: 5.00 @ http://localhost:3000/_next/static/chunks/0-ynv9eqilv7x.js:0
[   27438ms] [LOG] Player X: 0.00 Y: 6.00 Z: 5.00 @ http://localhost:3000/_next/static/chunks/0-ynv9eqilv7x.js:0
[   27441ms] [LOG] Player X: 0.00 Y: 6.00 Z: 5.00 @ http://localhost:3000/_next/static/chunks/0-ynv9eqilv7x.js:0
[   27444ms] [LOG] Player X: 0.00 Y: 6.00 Z: 5.00 @ http://localhost:3000/_next/static/chunks/0-ynv9eqilv7x.js:0
[   27448ms] [LOG] Player X: 0.00 Y: 6.00 Z: 5.00 @ http://localhost:3000/_next/static/chunks/0-ynv9eqilv7x.js:0
[   27451ms] [LOG] Player X: 0.00 Y: 6.00 Z: 5.00 @ http://localhost:3000/_next/static/chunks/0-ynv9eqilv7x.js:0
[   27454ms] [LOG] Player X: 0.00 Y: 6.00 Z: 5.00 @ http://localhost:3000/_next/static/chunks/0-ynv9eqilv7x.js:0
[   27458ms] [LOG] Player X: 0.00 Y: 6.00 Z: 5.00 @ http://localhost:3000/_next/static/chunks/0-ynv9eqilv7x.js:0
[   27461ms] [LOG] Player X: 0.00 Y: 6.00 Z: 5.00 @ http://localhost:3000/_next/static/chunks/0-ynv9eqilv7x.js:0
[   27464ms] [LOG] Player X: 0.00 Y: 6.00 Z: 5.00 @ http://localhost:3000/_next/static/chunks/0-ynv9eqilv7x.js:0
[   27468ms] [LOG] Player X: 0.00 Y: 6.00 Z: 5.00 @ http://localhost:3000/_next/static/chunks/0-ynv9eqilv7x.js:0
[   27471ms] [LOG] Player X: 0.00 Y: 6.00 Z: 5.00 @ http://localhost:3000/_next/static/chunks/0-ynv9eqilv7x.js:0
[   27474ms] [LOG] Player X: 0.00 Y: 6.00 Z: 5.00 @ http://localhost:3000/_next/static/chunks/0-ynv9eqilv7x.js:0
[   27478ms] [LOG] Player X: 0.00 Y: 6.00 Z: 5.00 @ http://localhost:3000/_next/static/chunks/0-ynv9eqilv7x.js:0
[   27481ms] [LOG] Player X: 0.00 Y: 6.00 Z: 5.00 @ http://localhost:3000/_next/static/chunks/0-ynv9eqilv7x.js:0
[   27484ms] [LOG] Player X: 0.00 Y: 6.00 Z: 5.00 @ http://localhost:3000/_next/static/chunks/0-ynv9eqilv7x.js:0
[   27488ms] [LOG] Player X: 0.00 Y: 6.00 Z: 5.00 @ http://localhost:3000/_next/static/chunks/0-ynv9eqilv7x.js:0
[   27491ms] [LOG] Player X: 0.00 Y: 6.00 Z: 5.00 @ http://localhost:3000/_next/static/chunks/0-ynv9eqilv7x.js:0
[   27494ms] [LOG] Player X: 0.00 Y: 6.00 Z: 5.00 @ http://localhost:3000/_next/static/chunks/0-ynv9eqilv7x.js:0
[   27498ms] [LOG] Player X: 0.00 Y: 6.00 Z: 5.00 @ http://localhost:3000/_next/static/chunks/0-ynv9eqilv7x.js:0
[   27501ms] [LOG] Player X: 0.00 Y: 6.00 Z: 5.00 @ http://localhost:3000/_next/static/chunks/0-ynv9eqilv7x.js:0
[   27504ms] [LOG] Player X: 0.00 Y: 6.00 Z: 5.00 @ http://localhost:3000/_next/static/chunks/0-ynv9eqilv7x.js:0
[   27508ms] [LOG] Player X: 0.00 Y: 6.00 Z: 5.00 @ http://localhost:3000/_next/static/chunks/0-ynv9eqilv7x.js:0
[   27511ms] [LOG] Player X: 0.00 Y: 6.00 Z: 5.00 @ http://localhost:3000/_next/static/chunks/0-ynv9eqilv7x.js:0
[   27514ms] [LOG] Player X: 0.00 Y: 6.00 Z: 5.00 @ http://localhost:3000/_next/static/chunks/0-ynv9eqilv7x.js:0
[   27518ms] [LOG] Player X: 0.00 Y: 6.00 Z: 5.00 @ http://localhost:3000/_next/static/chunks/0-ynv9eqilv7x.js:0
[   27521ms] [LOG] Player X: 0.00 Y: 6.00 Z: 5.00 @ http://localhost:3000/_next/static/chunks/0-ynv9eqilv7x.js:0
[   27524ms] [LOG] Player X: 0.00 Y: 6.00 Z: 5.00 @ http://localhost:3000/_next/static/chunks/0-ynv9eqilv7x.js:0
[   27528ms] [LOG] Player X: 0.00 Y: 6.00 Z: 5.00 @ http://localhost:3000/_next/static/chunks/0-ynv9eqilv7x.js:0
[   27531ms] [LOG] Player X: 0.00 Y: 6.00 Z: 5.00 @ http://localhost:3000/_next/static/chunks/0-ynv9eqilv7x.js:0
[   27534ms] [LOG] Player X: 0.00 Y: 6.00 Z: 5.00 @ http://localhost:3000/_next/static/chunks/0-ynv9eqilv7x.js:0
[   27538ms] [LOG] Player X: 0.00 Y: 6.00 Z: 5.00 @ http://localhost:3000/_next/static/chunks/0-ynv9eqilv7x.js:0
[   27541ms] [LOG] Player X: 0.00 Y: 6.00 Z: 5.00 @ http://localhost:3000/_next/static/chunks/0-ynv9eqilv7x.js:0
[   27544ms] [LOG] Player X: 0.00 Y: 6.00 Z: 5.00 @ http://localhost:3000/_next/static/chunks/0-ynv9eqilv7x.js:0
[   27548ms] [LOG] Player X: 0.00 Y: 6.00 Z: 5.00 @ http://localhost:3000/_next/static/chunks/0-ynv9eqilv7x.js:0
[   27551ms] [LOG] Player X: 0.00 Y: 6.00 Z: 5.00 @ http://localhost:3000/_next/static/chunks/0-ynv9eqilv7x.js:0
[   27554ms] [LOG] Player X: 0.00 Y: 6.00 Z: 5.00 @ http://localhost:3000/_next/static/chunks/0-ynv9eqilv7x.js:0
[   27558ms] [LOG] Player X: 0.00 Y: 6.00 Z: 5.00 @ http://localhost:3000/_next/static/chunks/0-ynv9eqilv7x.js:0
[   27561ms] [LOG] Player X: 0.00 Y: 6.00 Z: 5.00 @ http://localhost:3000/_next/static/chunks/0-ynv9eqilv7x.js:0
[   27564ms] [LOG] Player X: 0.00 Y: 6.00 Z: 5.00 @ http://localhost:3000/_next/static/chunks/0-ynv9eqilv7x.js:0
[   27568ms] [LOG] Player X: 0.00 Y: 6.00 Z: 5.00 @ http://localhost:3000/_next/static/chunks/0-ynv9eqilv7x.js:0
[   27571ms] [LOG] Player X: 0.00 Y: 6.00 Z: 5.00 @ http://localhost:3000/_next/static/chunks/0-ynv9eqilv7x.js:0
[   27574ms] [LOG] Player X: 0.00 Y: 6.00 Z: 5.00 @ http://localhost:3000/_next/static/chunks/0-ynv9eqilv7x.js:0
[   27578ms] [LOG] Player X: 0.00 Y: 6.00 Z: 5.00 @ http://localhost:3000/_next/static/chunks/0-ynv9eqilv7x.js:0
[   27581ms] [LOG] Player X: 0.00 Y: 6.00 Z: 5.00 @ http://localhost:3000/_next/static/chunks/0-ynv9eqilv7x.js:0
[   27584ms] [LOG] Player X: 0.00 Y: 6.00 Z: 5.00 @ http://localhost:3000/_next/static/chunks/0-ynv9eqilv7x.js:0
[   27588ms] [LOG] Player X: 0.00 Y: 6.00 Z: 5.00 @ http://localhost:3000/_next/static/chunks/0-ynv9eqilv7x.js:0
[   27591ms] [LOG] Player X: 0.00 Y: 6.00 Z: 5.00 @ http://localhost:3000/_next/static/chunks/0-ynv9eqilv7x.js:0
[   27594ms] [LOG] Player X: 0.00 Y: 6.00 Z: 5.00 @ http://localhost:3000/_next/static/chunks/0-ynv9eqilv7x.js:0
[   27598ms] [LOG] Player X: 0.00 Y: 6.00 Z: 5.00 @ http://localhost:3000/_next/static/chunks/0-ynv9eqilv7x.js:0
[   27601ms] [LOG] Player X: 0.00 Y: 6.00 Z: 5.00 @ http://localhost:3000/_next/static/chunks/0-ynv9eqilv7x.js:0
[   27604ms] [LOG] Player X: 0.00 Y: 6.00 Z: 5.00 @ http://localhost:3000/_next/static/chunks/0-ynv9eqilv7x.js:0
[   27608ms] [LOG] Player X: 0.00 Y: 6.00 Z: 5.00 @ http://localhost:3000/_next/static/chunks/0-ynv9eqilv7x.js:0
[   27611ms] [LOG] Player X: 0.00 Y: 6.00 Z: 5.00 @ http://localhost:3000/_next/static/chunks/0-ynv9eqilv7x.js:0
[   27614ms] [LOG] Player X: 0.00 Y: 6.00 Z: 5.00 @ http://localhost:3000/_next/static/chunks/0-ynv9eqilv7x.js:0
[   27618ms] [LOG] Player X: 0.00 Y: 6.00 Z: 5.00 @ http://localhost:3000/_next/static/chunks/0-ynv9eqilv7x.js:0
[   27621ms] [LOG] Player X: 0.00 Y: 6.00 Z: 5.00 @ http://localhost:3000/_next/static/chunks/0-ynv9eqilv7x.js:0
[   27624ms] [LOG] Player X: 0.00 Y: 6.00 Z: 5.00 @ http://localhost:3000/_next/static/chunks/0-ynv9eqilv7x.js:0
[   27628ms] [LOG] Player X: 0.00 Y: 6.00 Z: 5.00 @ http://localhost:3000/_next/static/chunks/0-ynv9eqilv7x.js:0
[   27631ms] [LOG] Player X: 0.00 Y: 6.00 Z: 5.00 @ http://localhost:3000/_next/static/chunks/0-ynv9eqilv7x.js:0
[   27634ms] [LOG] Player X: 0.00 Y: 6.00 Z: 5.00 @ http://localhost:3000/_next/static/chunks/0-ynv9eqilv7x.js:0
[   27638ms] [LOG] Player X: 0.00 Y: 6.00 Z: 5.00 @ http://localhost:3000/_next/static/chunks/0-ynv9eqilv7x.js:0
[   27641ms] [LOG] Player X: 0.00 Y: 6.00 Z: 5.00 @ http://localhost:3000/_next/static/chunks/0-ynv9eqilv7x.js:0
[   27644ms] [LOG] Player X: 0.00 Y: 6.00 Z: 5.00 @ http://localhost:3000/_next/static/chunks/0-ynv9eqilv7x.js:0
[   27648ms] [LOG] Player X: 0.00 Y: 6.00 Z: 5.00 @ http://localhost:3000/_next/static/chunks/0-ynv9eqilv7x.js:0
[   27651ms] [LOG] Player X: 0.00 Y: 6.00 Z: 5.00 @ http://localhost:3000/_next/static/chunks/0-ynv9eqilv7x.js:0
[   27654ms] [LOG] Player X: 0.00 Y: 6.00 Z: 5.00 @ http://localhost:3000/_next/static/chunks/0-ynv9eqilv7x.js:0
[   27658ms] [LOG] Player X: 0.00 Y: 6.00 Z: 5.00 @ http://localhost:3000/_next/static/chunks/0-ynv9eqilv7x.js:0
[   27661ms] [LOG] Player X: 0.00 Y: 6.00 Z: 5.00 @ http://localhost:3000/_next/static/chunks/0-ynv9eqilv7x.js:0
[   27664ms] [LOG] Player X: 0.00 Y: 6.00 Z: 5.00 @ http://localhost:3000/_next/static/chunks/0-ynv9eqilv7x.js:0
[   27668ms] [LOG] Player X: 0.00 Y: 6.00 Z: 5.00 @ http://localhost:3000/_next/static/chunks/0-ynv9eqilv7x.js:0
[   27671ms] [LOG] Player X: 0.00 Y: 6.00 Z: 5.00 @ http://localhost:3000/_next/static/chunks/0-ynv9eqilv7x.js:0
[   27674ms] [LOG] Player X: 0.00 Y: 6.00 Z: 5.00 @ http://localhost:3000/_next/static/chunks/0-ynv9eqilv7x.js:0
[   27678ms] [LOG] Player X: 0.00 Y: 6.00 Z: 5.00 @ http://localhost:3000/_next/static/chunks/0-ynv9eqilv7x.js:0
[   27681ms] [LOG] Player X: 0.00 Y: 6.00 Z: 5.00 @ http://localhost:3000/_next/static/chunks/0-ynv9eqilv7x.js:0
[   27684ms] [LOG] Player X: 0.00 Y: 6.00 Z: 5.00 @ http://localhost:3000/_next/static/chunks/0-ynv9eqilv7x.js:0
[   27688ms] [LOG] Player X: 0.00 Y: 6.00 Z: 5.00 @ http://localhost:3000/_next/static/chunks/0-ynv9eqilv7x.js:0
[   27691ms] [LOG] Player X: 0.00 Y: 6.00 Z: 5.00 @ http://localhost:3000/_next/static/chunks/0-ynv9eqilv7x.js:0
[   27694ms] [LOG] Player X: 0.00 Y: 6.00 Z: 5.00 @ http://localhost:3000/_next/static/chunks/0-ynv9eqilv7x.js:0
[   27698ms] [LOG] Player X: 0.00 Y: 6.00 Z: 5.00 @ http://localhost:3000/_next/static/chunks/0-ynv9eqilv7x.js:0
[   27701ms] [LOG] Player X: 0.00 Y: 6.00 Z: 5.00 @ http://localhost:3000/_next/static/chunks/0-ynv9eqilv7x.js:0
[   27704ms] [LOG] Player X: 0.00 Y: 6.00 Z: 5.00 @ http://localhost:3000/_next/static/chunks/0-ynv9eqilv7x.js:0
[   27708ms] [LOG] Player X: 0.00 Y: 6.00 Z: 5.00 @ http://localhost:3000/_next/static/chunks/0-ynv9eqilv7x.js:0
[   27711ms] [LOG] Player X: 0.00 Y: 6.00 Z: 5.00 @ http://localhost:3000/_next/static/chunks/0-ynv9eqilv7x.js:0
[   27714ms] [LOG] Player X: 0.00 Y: 6.00 Z: 5.00 @ http://localhost:3000/_next/static/chunks/0-ynv9eqilv7x.js:0
[   27718ms] [LOG] Player X: 0.00 Y: 6.00 Z: 5.00 @ http://localhost:3000/_next/static/chunks/0-ynv9eqilv7x.js:0
[   27721ms] [LOG] Player X: 0.00 Y: 6.00 Z: 5.00 @ http://localhost:3000/_next/static/chunks/0-ynv9eqilv7x.js:0
[   27724ms] [LOG] Player X: 0.00 Y: 6.00 Z: 5.00 @ http://localhost:3000/_next/static/chunks/0-ynv9eqilv7x.js:0
[   27728ms] [LOG] Player X: 0.00 Y: 6.00 Z: 5.00 @ http://localhost:3000/_next/static/chunks/0-ynv9eqilv7x.js:0
[   27731ms] [LOG] Player X: 0.00 Y: 6.00 Z: 5.00 @ http://localhost:3000/_next/static/chunks/0-ynv9eqilv7x.js:0
[   27734ms] [LOG] Player X: 0.00 Y: 6.00 Z: 5.00 @ http://localhost:3000/_next/static/chunks/0-ynv9eqilv7x.js:0
[   27738ms] [LOG] Player X: 0.00 Y: 6.00 Z: 5.00 @ http://localhost:3000/_next/static/chunks/0-ynv9eqilv7x.js:0
[   27741ms] [LOG] Player X: 0.00 Y: 6.00 Z: 5.00 @ http://localhost:3000/_next/static/chunks/0-ynv9eqilv7x.js:0
[   27744ms] [LOG] Player X: 0.00 Y: 6.00 Z: 5.00 @ http://localhost:3000/_next/static/chunks/0-ynv9eqilv7x.js:0
[   27748ms] [LOG] Player X: 0.00 Y: 6.00 Z: 5.00 @ http://localhost:3000/_next/static/chunks/0-ynv9eqilv7x.js:0
[   27751ms] [LOG] Player X: 0.00 Y: 6.00 Z: 5.00 @ http://localhost:3000/_next/static/chunks/0-ynv9eqilv7x.js:0
[   27754ms] [LOG] Player X: 0.00 Y: 6.00 Z: 5.00 @ http://localhost:3000/_next/static/chunks/0-ynv9eqilv7x.js:0
[   27758ms] [LOG] Player X: 0.00 Y: 6.00 Z: 5.00 @ http://localhost:3000/_next/static/chunks/0-ynv9eqilv7x.js:0
[   27761ms] [LOG] Player X: 0.00 Y: 6.00 Z: 5.00 @ http://localhost:3000/_next/static/chunks/0-ynv9eqilv7x.js:0
[   27764ms] [LOG] Player X: 0.00 Y: 6.00 Z: 5.00 @ http://localhost:3000/_next/static/chunks/0-ynv9eqilv7x.js:0
[   27768ms] [LOG] Player X: 0.00 Y: 6.00 Z: 5.00 @ http://localhost:3000/_next/static/chunks/0-ynv9eqilv7x.js:0
[   27771ms] [LOG] Player X: 0.00 Y: 6.00 Z: 5.00 @ http://localhost:3000/_next/static/chunks/0-ynv9eqilv7x.js:0
[   27774ms] [LOG] Player X: 0.00 Y: 6.00 Z: 5.00 @ http://localhost:3000/_next/static/chunks/0-ynv9eqilv7x.js:0
[   27778ms] [LOG] Player X: 0.00 Y: 6.00 Z: 5.00 @ http://localhost:3000/_next/static/chunks/0-ynv9eqilv7x.js:0
[   27781ms] [LOG] Player X: 0.00 Y: 6.00 Z: 5.00 @ http://localhost:3000/_next/static/chunks/0-ynv9eqilv7x.js:0
[   27784ms] [LOG] Player X: 0.00 Y: 6.00 Z: 5.00 @ http://localhost:3000/_next/static/chunks/0-ynv9eqilv7x.js:0
[   27788ms] [LOG] Player X: 0.00 Y: 6.00 Z: 5.00 @ http://localhost:3000/_next/static/chunks/0-ynv9eqilv7x.js:0
[   27791ms] [LOG] Player X: 0.00 Y: 6.00 Z: 5.00 @ http://localhost:3000/_next/static/chunks/0-ynv9eqilv7x.js:0
[   27794ms] [LOG] Player X: 0.00 Y: 6.00 Z: 5.00 @ http://localhost:3000/_next/static/chunks/0-ynv9eqilv7x.js:0
[   27798ms] [LOG] Player X: 0.00 Y: 6.00 Z: 5.00 @ http://localhost:3000/_next/static/chunks/0-ynv9eqilv7x.js:0
[   27801ms] [LOG] Player X: 0.00 Y: 6.00 Z: 5.00 @ http://localhost:3000/_next/static/chunks/0-ynv9eqilv7x.js:0
[   27804ms] [LOG] Player X: 0.00 Y: 6.00 Z: 5.00 @ http://localhost:3000/_next/static/chunks/0-ynv9eqilv7x.js:0
[   27808ms] [LOG] Player X: 0.00 Y: 6.00 Z: 5.00 @ http://localhost:3000/_next/static/chunks/0-ynv9eqilv7x.js:0
[   27811ms] [LOG] Player X: 0.00 Y: 6.00 Z: 5.00 @ http://localhost:3000/_next/static/chunks/0-ynv9eqilv7x.js:0
[   27814ms] [LOG] Player X: 0.00 Y: 6.00 Z: 5.00 @ http://localhost:3000/_next/static/chunks/0-ynv9eqilv7x.js:0
[   27818ms] [LOG] Player X: 0.00 Y: 6.00 Z: 5.00 @ http://localhost:3000/_next/static/chunks/0-ynv9eqilv7x.js:0
[   27821ms] [LOG] Player X: 0.00 Y: 6.00 Z: 5.00 @ http://localhost:3000/_next/static/chunks/0-ynv9eqilv7x.js:0
[   27824ms] [LOG] Player X: 0.00 Y: 6.00 Z: 5.00 @ http://localhost:3000/_next/static/chunks/0-ynv9eqilv7x.js:0
[   27828ms] [LOG] Player X: 0.00 Y: 6.00 Z: 5.00 @ http://localhost:3000/_next/static/chunks/0-ynv9eqilv7x.js:0
[   27831ms] [LOG] Player X: 0.00 Y: 6.00 Z: 5.00 @ http://localhost:3000/_next/static/chunks/0-ynv9eqilv7x.js:0
[   27834ms] [LOG] Player X: 0.00 Y: 6.00 Z: 5.00 @ http://localhost:3000/_next/static/chunks/0-ynv9eqilv7x.js:0
[   27838ms] [LOG] Player X: 0.00 Y: 6.00 Z: 5.00 @ http://localhost:3000/_next/static/chunks/0-ynv9eqilv7x.js:0
[   27841ms] [LOG] Player X: 0.00 Y: 6.00 Z: 5.00 @ http://localhost:3000/_next/static/chunks/0-ynv9eqilv7x.js:0
[   27844ms] [LOG] Player X: 0.00 Y: 6.00 Z: 5.00 @ http://localhost:3000/_next/static/chunks/0-ynv9eqilv7x.js:0
[   27848ms] [LOG] Player X: 0.00 Y: 6.00 Z: 5.00 @ http://localhost:3000/_next/static/chunks/0-ynv9eqilv7x.js:0
[   27851ms] [LOG] Player X: 0.00 Y: 6.00 Z: 5.00 @ http://localhost:3000/_next/static/chunks/0-ynv9eqilv7x.js:0
[   27854ms] [LOG] Player X: 0.00 Y: 6.00 Z: 5.00 @ http://localhost:3000/_next/static/chunks/0-ynv9eqilv7x.js:0
[   27858ms] [LOG] Player X: 0.00 Y: 6.00 Z: 5.00 @ http://localhost:3000/_next/static/chunks/0-ynv9eqilv7x.js:0
[   27861ms] [LOG] Player X: 0.00 Y: 6.00 Z: 5.00 @ http://localhost:3000/_next/static/chunks/0-ynv9eqilv7x.js:0
[   27864ms] [LOG] Player X: 0.00 Y: 6.00 Z: 5.00 @ http://localhost:3000/_next/static/chunks/0-ynv9eqilv7x.js:0
[   27868ms] [LOG] Player X: 0.00 Y: 6.00 Z: 5.00 @ http://localhost:3000/_next/static/chunks/0-ynv9eqilv7x.js:0
[   27871ms] [LOG] Player X: 0.00 Y: 6.00 Z: 5.00 @ http://localhost:3000/_next/static/chunks/0-ynv9eqilv7x.js:0
[   27874ms] [LOG] Player X: 0.00 Y: 6.00 Z: 5.00 @ http://localhost:3000/_next/static/chunks/0-ynv9eqilv7x.js:0
[   27878ms] [LOG] Player X: 0.00 Y: 6.00 Z: 5.00 @ http://localhost:3000/_next/static/chunks/0-ynv9eqilv7x.js:0
[   27881ms] [LOG] Player X: 0.00 Y: 6.00 Z: 5.00 @ http://localhost:3000/_next/static/chunks/0-ynv9eqilv7x.js:0
[   27884ms] [LOG] Player X: 0.00 Y: 6.00 Z: 5.00 @ http://localhost:3000/_next/static/chunks/0-ynv9eqilv7x.js:0
[   27888ms] [LOG] Player X: 0.00 Y: 6.00 Z: 5.00 @ http://localhost:3000/_next/static/chunks/0-ynv9eqilv7x.js:0
[   27891ms] [LOG] Player X: 0.00 Y: 6.00 Z: 5.00 @ http://localhost:3000/_next/static/chunks/0-ynv9eqilv7x.js:0
[   27894ms] [LOG] Player X: 0.00 Y: 6.00 Z: 5.00 @ http://localhost:3000/_next/static/chunks/0-ynv9eqilv7x.js:0
[   27898ms] [LOG] Player X: 0.00 Y: 6.00 Z: 5.00 @ http://localhost:3000/_next/static/chunks/0-ynv9eqilv7x.js:0
[   27901ms] [LOG] Player X: 0.00 Y: 6.00 Z: 5.00 @ http://localhost:3000/_next/static/chunks/0-ynv9eqilv7x.js:0
[   27904ms] [LOG] Player X: 0.00 Y: 6.00 Z: 5.00 @ http://localhost:3000/_next/static/chunks/0-ynv9eqilv7x.js:0
[   27908ms] [LOG] Player X: 0.00 Y: 6.00 Z: 5.00 @ http://localhost:3000/_next/static/chunks/0-ynv9eqilv7x.js:0
[   27911ms] [LOG] Player X: 0.00 Y: 6.00 Z: 5.00 @ http://localhost:3000/_next/static/chunks/0-ynv9eqilv7x.js:0
[   27914ms] [LOG] Player X: 0.00 Y: 6.00 Z: 5.00 @ http://localhost:3000/_next/static/chunks/0-ynv9eqilv7x.js:0
[   27918ms] [LOG] Player X: 0.00 Y: 6.00 Z: 5.00 @ http://localhost:3000/_next/static/chunks/0-ynv9eqilv7x.js:0
[   27921ms] [LOG] Player X: 0.00 Y: 6.00 Z: 5.00 @ http://localhost:3000/_next/static/chunks/0-ynv9eqilv7x.js:0
[   27924ms] [LOG] Player X: 0.00 Y: 6.00 Z: 5.00 @ http://localhost:3000/_next/static/chunks/0-ynv9eqilv7x.js:0
[   27928ms] [LOG] Player X: 0.00 Y: 6.00 Z: 5.00 @ http://localhost:3000/_next/static/chunks/0-ynv9eqilv7x.js:0
[   27931ms] [LOG] Player X: 0.00 Y: 6.00 Z: 5.00 @ http://localhost:3000/_next/static/chunks/0-ynv9eqilv7x.js:0
[   27934ms] [LOG] Player X: 0.00 Y: 6.00 Z: 5.00 @ http://localhost:3000/_next/static/chunks/0-ynv9eqilv7x.js:0
[   27938ms] [LOG] Player X: 0.00 Y: 6.00 Z: 5.00 @ http://localhost:3000/_next/static/chunks/0-ynv9eqilv7x.js:0
[   27941ms] [LOG] Player X: 0.00 Y: 6.00 Z: 5.00 @ http://localhost:3000/_next/static/chunks/0-ynv9eqilv7x.js:0
[   27944ms] [LOG] Player X: 0.00 Y: 6.00 Z: 5.00 @ http://localhost:3000/_next/static/chunks/0-ynv9eqilv7x.js:0
[   27948ms] [LOG] Player X: 0.00 Y: 6.00 Z: 5.00 @ http://localhost:3000/_next/static/chunks/0-ynv9eqilv7x.js:0
[   27951ms] [LOG] Player X: 0.00 Y: 6.00 Z: 5.00 @ http://localhost:3000/_next/static/chunks/0-ynv9eqilv7x.js:0
[   27954ms] [LOG] Player X: 0.00 Y: 6.00 Z: 5.00 @ http://localhost:3000/_next/static/chunks/0-ynv9eqilv7x.js:0
[   27958ms] [LOG] Player X: 0.00 Y: 6.00 Z: 5.00 @ http://localhost:3000/_next/static/chunks/0-ynv9eqilv7x.js:0
[   27961ms] [LOG] Player X: 0.00 Y: 6.00 Z: 5.00 @ http://localhost:3000/_next/static/chunks/0-ynv9eqilv7x.js:0
[   27964ms] [LOG] Player X: 0.00 Y: 6.00 Z: 5.00 @ http://localhost:3000/_next/static/chunks/0-ynv9eqilv7x.js:0
[   27968ms] [LOG] Player X: 0.00 Y: 6.00 Z: 5.00 @ http://localhost:3000/_next/static/chunks/0-ynv9eqilv7x.js:0
[   27971ms] [LOG] Player X: 0.00 Y: 6.00 Z: 5.00 @ http://localhost:3000/_next/static/chunks/0-ynv9eqilv7x.js:0
[   27974ms] [LOG] Player X: 0.00 Y: 6.00 Z: 5.00 @ http://localhost:3000/_next/static/chunks/0-ynv9eqilv7x.js:0
[   27978ms] [LOG] Player X: 0.00 Y: 6.00 Z: 5.00 @ http://localhost:3000/_next/static/chunks/0-ynv9eqilv7x.js:0
[   27981ms] [LOG] Player X: 0.00 Y: 6.00 Z: 5.00 @ http://localhost:3000/_next/static/chunks/0-ynv9eqilv7x.js:0
[   27984ms] [LOG] Player X: 0.00 Y: 6.00 Z: 5.00 @ http://localhost:3000/_next/static/chunks/0-ynv9eqilv7x.js:0
[   27988ms] [LOG] Player X: 0.00 Y: 6.00 Z: 5.00 @ http://localhost:3000/_next/static/chunks/0-ynv9eqilv7x.js:0
[   27991ms] [LOG] Player X: 0.00 Y: 6.00 Z: 5.00 @ http://localhost:3000/_next/static/chunks/0-ynv9eqilv7x.js:0
[   27994ms] [LOG] Player X: 0.00 Y: 6.00 Z: 5.00 @ http://localhost:3000/_next/static/chunks/0-ynv9eqilv7x.js:0
[   27998ms] [LOG] Player X: 0.00 Y: 6.00 Z: 5.00 @ http://localhost:3000/_next/static/chunks/0-ynv9eqilv7x.js:0
[   28001ms] [LOG] Player X: 0.00 Y: 6.00 Z: 5.00 @ http://localhost:3000/_next/static/chunks/0-ynv9eqilv7x.js:0
[   28004ms] [LOG] Player X: 0.00 Y: 6.00 Z: 5.00 @ http://localhost:3000/_next/static/chunks/0-ynv9eqilv7x.js:0
[   28008ms] [LOG] Player X: 0.00 Y: 6.00 Z: 5.00 @ http://localhost:3000/_next/static/chunks/0-ynv9eqilv7x.js:0
[   28011ms] [LOG] Player X: 0.00 Y: 6.00 Z: 5.00 @ http://localhost:3000/_next/static/chunks/0-ynv9eqilv7x.js:0
[   28014ms] [LOG] Player X: 0.00 Y: 6.00 Z: 5.00 @ http://localhost:3000/_next/static/chunks/0-ynv9eqilv7x.js:0
[   28018ms] [LOG] Player X: 0.00 Y: 6.00 Z: 5.00 @ http://localhost:3000/_next/static/chunks/0-ynv9eqilv7x.js:0
[   28021ms] [LOG] Player X: 0.00 Y: 6.00 Z: 5.00 @ http://localhost:3000/_next/static/chunks/0-ynv9eqilv7x.js:0
[   28024ms] [LOG] Player X: 0.00 Y: 6.00 Z: 5.00 @ http://localhost:3000/_next/static/chunks/0-ynv9eqilv7x.js:0
[   28028ms] [LOG] Player X: 0.00 Y: 6.00 Z: 5.00 @ http://localhost:3000/_next/static/chunks/0-ynv9eqilv7x.js:0
[   28031ms] [LOG] Player X: 0.00 Y: 6.00 Z: 5.00 @ http://localhost:3000/_next/static/chunks/0-ynv9eqilv7x.js:0
[   28034ms] [LOG] Player X: 0.00 Y: 6.00 Z: 5.00 @ http://localhost:3000/_next/static/chunks/0-ynv9eqilv7x.js:0
[   28038ms] [LOG] Player X: 0.00 Y: 6.00 Z: 5.00 @ http://localhost:3000/_next/static/chunks/0-ynv9eqilv7x.js:0
[   28041ms] [LOG] Player X: 0.00 Y: 6.00 Z: 5.00 @ http://localhost:3000/_next/static/chunks/0-ynv9eqilv7x.js:0
[   28044ms] [LOG] Player X: 0.00 Y: 6.00 Z: 5.00 @ http://localhost:3000/_next/static/chunks/0-ynv9eqilv7x.js:0
[   28048ms] [LOG] Player X: 0.00 Y: 6.00 Z: 5.00 @ http://localhost:3000/_next/static/chunks/0-ynv9eqilv7x.js:0
[   28051ms] [LOG] Player X: 0.00 Y: 6.00 Z: 5.00 @ http://localhost:3000/_next/static/chunks/0-ynv9eqilv7x.js:0
[   28054ms] [LOG] Player X: 0.00 Y: 6.00 Z: 5.00 @ http://localhost:3000/_next/static/chunks/0-ynv9eqilv7x.js:0
[   28058ms] [LOG] Player X: 0.00 Y: 6.00 Z: 5.00 @ http://localhost:3000/_next/static/chunks/0-ynv9eqilv7x.js:0
[   28061ms] [LOG] Player X: 0.00 Y: 6.00 Z: 5.00 @ http://localhost:3000/_next/static/chunks/0-ynv9eqilv7x.js:0
[   28064ms] [LOG] Player X: 0.00 Y: 6.00 Z: 5.00 @ http://localhost:3000/_next/static/chunks/0-ynv9eqilv7x.js:0
[   28068ms] [LOG] Player X: 0.00 Y: 6.00 Z: 5.00 @ http://localhost:3000/_next/static/chunks/0-ynv9eqilv7x.js:0
[   28071ms] [LOG] Player X: 0.00 Y: 6.00 Z: 5.00 @ http://localhost:3000/_next/static/chunks/0-ynv9eqilv7x.js:0
[   28074ms] [LOG] Player X: 0.00 Y: 6.00 Z: 5.00 @ http://localhost:3000/_next/static/chunks/0-ynv9eqilv7x.js:0
[   28078ms] [LOG] Player X: 0.00 Y: 6.00 Z: 5.00 @ http://localhost:3000/_next/static/chunks/0-ynv9eqilv7x.js:0
[   28081ms] [LOG] Player X: 0.00 Y: 6.00 Z: 5.00 @ http://localhost:3000/_next/static/chunks/0-ynv9eqilv7x.js:0
[   28084ms] [LOG] Player X: 0.00 Y: 6.00 Z: 5.00 @ http://localhost:3000/_next/static/chunks/0-ynv9eqilv7x.js:0
[   28088ms] [LOG] Player X: 0.00 Y: 6.00 Z: 5.00 @ http://localhost:3000/_next/static/chunks/0-ynv9eqilv7x.js:0
[   28091ms] [LOG] Player X: 0.00 Y: 6.00 Z: 5.00 @ http://localhost:3000/_next/static/chunks/0-ynv9eqilv7x.js:0
[   28094ms] [LOG] Player X: 0.00 Y: 6.00 Z: 5.00 @ http://localhost:3000/_next/static/chunks/0-ynv9eqilv7x.js:0
[   28098ms] [LOG] Player X: 0.00 Y: 6.00 Z: 5.00 @ http://localhost:3000/_next/static/chunks/0-ynv9eqilv7x.js:0
[   28101ms] [LOG] Player X: 0.00 Y: 6.00 Z: 5.00 @ http://localhost:3000/_next/static/chunks/0-ynv9eqilv7x.js:0
[   28104ms] [LOG] Player X: 0.00 Y: 6.00 Z: 5.00 @ http://localhost:3000/_next/static/chunks/0-ynv9eqilv7x.js:0
[   28108ms] [LOG] Player X: 0.00 Y: 6.00 Z: 5.00 @ http://localhost:3000/_next/static/chunks/0-ynv9eqilv7x.js:0
[   28111ms] [LOG] Player X: 0.00 Y: 6.00 Z: 5.00 @ http://localhost:3000/_next/static/chunks/0-ynv9eqilv7x.js:0
[   28114ms] [LOG] Player X: 0.00 Y: 6.00 Z: 5.00 @ http://localhost:3000/_next/static/chunks/0-ynv9eqilv7x.js:0
[   28118ms] [LOG] Player X: 0.00 Y: 6.00 Z: 5.00 @ http://localhost:3000/_next/static/chunks/0-ynv9eqilv7x.js:0
[   28121ms] [LOG] Player X: 0.00 Y: 6.00 Z: 5.00 @ http://localhost:3000/_next/static/chunks/0-ynv9eqilv7x.js:0
[   28124ms] [LOG] Player X: 0.00 Y: 6.00 Z: 5.00 @ http://localhost:3000/_next/static/chunks/0-ynv9eqilv7x.js:0
[   28128ms] [LOG] Player X: 0.00 Y: 6.00 Z: 5.00 @ http://localhost:3000/_next/static/chunks/0-ynv9eqilv7x.js:0
[   28131ms] [LOG] Player X: 0.00 Y: 6.00 Z: 5.00 @ http://localhost:3000/_next/static/chunks/0-ynv9eqilv7x.js:0
[   28134ms] [LOG] Player X: 0.00 Y: 6.00 Z: 5.00 @ http://localhost:3000/_next/static/chunks/0-ynv9eqilv7x.js:0
[   28138ms] [LOG] Player X: 0.00 Y: 6.00 Z: 5.00 @ http://localhost:3000/_next/static/chunks/0-ynv9eqilv7x.js:0
[   28141ms] [LOG] Player X: 0.00 Y: 6.00 Z: 5.00 @ http://localhost:3000/_next/static/chunks/0-ynv9eqilv7x.js:0
[   28144ms] [LOG] Player X: 0.00 Y: 6.00 Z: 5.00 @ http://localhost:3000/_next/static/chunks/0-ynv9eqilv7x.js:0
[   28148ms] [LOG] Player X: 0.00 Y: 6.00 Z: 5.00 @ http://localhost:3000/_next/static/chunks/0-ynv9eqilv7x.js:0
[   28151ms] [LOG] Player X: 0.00 Y: 6.00 Z: 5.00 @ http://localhost:3000/_next/static/chunks/0-ynv9eqilv7x.js:0
[   28154ms] [LOG] Player X: 0.00 Y: 6.00 Z: 5.00 @ http://localhost:3000/_next/static/chunks/0-ynv9eqilv7x.js:0
[   28158ms] [LOG] Player X: 0.00 Y: 6.00 Z: 5.00 @ http://localhost:3000/_next/static/chunks/0-ynv9eqilv7x.js:0
[   28161ms] [LOG] Player X: 0.00 Y: 6.00 Z: 5.00 @ http://localhost:3000/_next/static/chunks/0-ynv9eqilv7x.js:0
[   28164ms] [LOG] Player X: 0.00 Y: 6.00 Z: 5.00 @ http://localhost:3000/_next/static/chunks/0-ynv9eqilv7x.js:0
[   28168ms] [LOG] Player X: 0.00 Y: 6.00 Z: 5.00 @ http://localhost:3000/_next/static/chunks/0-ynv9eqilv7x.js:0
[   28171ms] [LOG] Player X: 0.00 Y: 6.00 Z: 5.00 @ http://localhost:3000/_next/static/chunks/0-ynv9eqilv7x.js:0
[   28174ms] [LOG] Player X: 0.00 Y: 6.00 Z: 5.00 @ http://localhost:3000/_next/static/chunks/0-ynv9eqilv7x.js:0
[   28178ms] [LOG] Player X: 0.00 Y: 6.00 Z: 5.00 @ http://localhost:3000/_next/static/chunks/0-ynv9eqilv7x.js:0
[   28181ms] [LOG] Player X: 0.00 Y: 6.00 Z: 5.00 @ http://localhost:3000/_next/static/chunks/0-ynv9eqilv7x.js:0
[   28184ms] [LOG] Player X: 0.00 Y: 6.00 Z: 5.00 @ http://localhost:3000/_next/static/chunks/0-ynv9eqilv7x.js:0
[   28188ms] [LOG] Player X: 0.00 Y: 6.00 Z: 5.00 @ http://localhost:3000/_next/static/chunks/0-ynv9eqilv7x.js:0
[   28191ms] [LOG] Player X: 0.00 Y: 6.00 Z: 5.00 @ http://localhost:3000/_next/static/chunks/0-ynv9eqilv7x.js:0
[   28194ms] [LOG] Player X: 0.00 Y: 6.00 Z: 5.00 @ http://localhost:3000/_next/static/chunks/0-ynv9eqilv7x.js:0
[   28198ms] [LOG] Player X: 0.00 Y: 6.00 Z: 5.00 @ http://localhost:3000/_next/static/chunks/0-ynv9eqilv7x.js:0
[   28201ms] [LOG] Player X: 0.00 Y: 6.00 Z: 5.00 @ http://localhost:3000/_next/static/chunks/0-ynv9eqilv7x.js:0
[   28204ms] [LOG] Player X: 0.00 Y: 6.00 Z: 5.00 @ http://localhost:3000/_next/static/chunks/0-ynv9eqilv7x.js:0
[   28208ms] [LOG] Player X: 0.00 Y: 6.00 Z: 5.00 @ http://localhost:3000/_next/static/chunks/0-ynv9eqilv7x.js:0
[   28211ms] [LOG] Player X: 0.00 Y: 6.00 Z: 5.00 @ http://localhost:3000/_next/static/chunks/0-ynv9eqilv7x.js:0
[   28214ms] [LOG] Player X: 0.00 Y: 6.00 Z: 5.00 @ http://localhost:3000/_next/static/chunks/0-ynv9eqilv7x.js:0
[   28218ms] [LOG] Player X: 0.00 Y: 6.00 Z: 5.00 @ http://localhost:3000/_next/static/chunks/0-ynv9eqilv7x.js:0
[   28221ms] [LOG] Player X: 0.00 Y: 6.00 Z: 5.00 @ http://localhost:3000/_next/static/chunks/0-ynv9eqilv7x.js:0
[   28224ms] [LOG] Player X: 0.00 Y: 6.00 Z: 5.00 @ http://localhost:3000/_next/static/chunks/0-ynv9eqilv7x.js:0
[   28228ms] [LOG] Player X: 0.00 Y: 6.00 Z: 5.00 @ http://localhost:3000/_next/static/chunks/0-ynv9eqilv7x.js:0
[   28231ms] [LOG] Player X: 0.00 Y: 6.00 Z: 5.00 @ http://localhost:3000/_next/static/chunks/0-ynv9eqilv7x.js:0
[   28234ms] [LOG] Player X: 0.00 Y: 6.00 Z: 5.00 @ http://localhost:3000/_next/static/chunks/0-ynv9eqilv7x.js:0
[   28238ms] [LOG] Player X: 0.00 Y: 6.00 Z: 5.00 @ http://localhost:3000/_next/static/chunks/0-ynv9eqilv7x.js:0
[   28241ms] [LOG] Player X: 0.00 Y: 6.00 Z: 5.00 @ http://localhost:3000/_next/static/chunks/0-ynv9eqilv7x.js:0
[   28244ms] [LOG] Player X: 0.00 Y: 6.00 Z: 5.00 @ http://localhost:3000/_next/static/chunks/0-ynv9eqilv7x.js:0
[   28248ms] [LOG] Player X: 0.00 Y: 6.00 Z: 5.00 @ http://localhost:3000/_next/static/chunks/0-ynv9eqilv7x.js:0
[   28251ms] [LOG] Player X: 0.00 Y: 6.00 Z: 5.00 @ http://localhost:3000/_next/static/chunks/0-ynv9eqilv7x.js:0
[   28254ms] [LOG] Player X: 0.00 Y: 6.00 Z: 5.00 @ http://localhost:3000/_next/static/chunks/0-ynv9eqilv7x.js:0
[   28258ms] [LOG] Player X: 0.00 Y: 6.00 Z: 5.00 @ http://localhost:3000/_next/static/chunks/0-ynv9eqilv7x.js:0
[   28261ms] [LOG] Player X: 0.00 Y: 6.00 Z: 5.00 @ http://localhost:3000/_next/static/chunks/0-ynv9eqilv7x.js:0
[   28264ms] [LOG] Player X: 0.00 Y: 6.00 Z: 5.00 @ http://localhost:3000/_next/static/chunks/0-ynv9eqilv7x.js:0
[   28268ms] [LOG] Player X: 0.00 Y: 6.00 Z: 5.00 @ http://localhost:3000/_next/static/chunks/0-ynv9eqilv7x.js:0
[   28271ms] [LOG] Player X: 0.00 Y: 6.00 Z: 5.00 @ http://localhost:3000/_next/static/chunks/0-ynv9eqilv7x.js:0
[   28274ms] [LOG] Player X: 0.00 Y: 6.00 Z: 5.00 @ http://localhost:3000/_next/static/chunks/0-ynv9eqilv7x.js:0
[   28278ms] [LOG] Player X: 0.00 Y: 6.00 Z: 5.00 @ http://localhost:3000/_next/static/chunks/0-ynv9eqilv7x.js:0
[   28281ms] [LOG] Player X: 0.00 Y: 6.00 Z: 5.00 @ http://localhost:3000/_next/static/chunks/0-ynv9eqilv7x.js:0
[   28284ms] [LOG] Player X: 0.00 Y: 6.00 Z: 5.00 @ http://localhost:3000/_next/static/chunks/0-ynv9eqilv7x.js:0
[   28288ms] [LOG] Player X: 0.00 Y: 6.00 Z: 5.00 @ http://localhost:3000/_next/static/chunks/0-ynv9eqilv7x.js:0
[   28291ms] [LOG] Player X: 0.00 Y: 6.00 Z: 5.00 @ http://localhost:3000/_next/static/chunks/0-ynv9eqilv7x.js:0
[   28294ms] [LOG] Player X: 0.00 Y: 6.00 Z: 5.00 @ http://localhost:3000/_next/static/chunks/0-ynv9eqilv7x.js:0
[   28298ms] [LOG] Player X: 0.00 Y: 6.00 Z: 5.00 @ http://localhost:3000/_next/static/chunks/0-ynv9eqilv7x.js:0
[   28301ms] [LOG] Player X: 0.00 Y: 6.00 Z: 5.00 @ http://localhost:3000/_next/static/chunks/0-ynv9eqilv7x.js:0
[   28304ms] [LOG] Player X: 0.00 Y: 6.00 Z: 5.00 @ http://localhost:3000/_next/static/chunks/0-ynv9eqilv7x.js:0
[   28308ms] [LOG] Player X: 0.00 Y: 6.00 Z: 5.00 @ http://localhost:3000/_next/static/chunks/0-ynv9eqilv7x.js:0
[   28311ms] [LOG] Player X: 0.00 Y: 6.00 Z: 5.00 @ http://localhost:3000/_next/static/chunks/0-ynv9eqilv7x.js:0
[   28314ms] [LOG] Player X: 0.00 Y: 6.00 Z: 5.00 @ http://localhost:3000/_next/static/chunks/0-ynv9eqilv7x.js:0
[   28318ms] [LOG] Player X: 0.00 Y: 6.00 Z: 5.00 @ http://localhost:3000/_next/static/chunks/0-ynv9eqilv7x.js:0
[   28321ms] [LOG] Player X: 0.00 Y: 6.00 Z: 5.00 @ http://localhost:3000/_next/static/chunks/0-ynv9eqilv7x.js:0
[   28324ms] [LOG] Player X: 0.00 Y: 6.00 Z: 5.00 @ http://localhost:3000/_next/static/chunks/0-ynv9eqilv7x.js:0
[   28328ms] [LOG] Player X: 0.00 Y: 6.00 Z: 5.00 @ http://localhost:3000/_next/static/chunks/0-ynv9eqilv7x.js:0
[   28331ms] [LOG] Player X: 0.00 Y: 6.00 Z: 5.00 @ http://localhost:3000/_next/static/chunks/0-ynv9eqilv7x.js:0
[   28334ms] [LOG] Player X: 0.00 Y: 6.00 Z: 5.00 @ http://localhost:3000/_next/static/chunks/0-ynv9eqilv7x.js:0
[   28338ms] [LOG] Player X: 0.00 Y: 6.00 Z: 5.00 @ http://localhost:3000/_next/static/chunks/0-ynv9eqilv7x.js:0
[   28341ms] [LOG] Player X: 0.00 Y: 6.00 Z: 5.00 @ http://localhost:3000/_next/static/chunks/0-ynv9eqilv7x.js:0
[   28344ms] [LOG] Player X: 0.00 Y: 6.00 Z: 5.00 @ http://localhost:3000/_next/static/chunks/0-ynv9eqilv7x.js:0
[   28348ms] [LOG] Player X: 0.00 Y: 6.00 Z: 5.00 @ http://localhost:3000/_next/static/chunks/0-ynv9eqilv7x.js:0
[   28351ms] [LOG] Player X: 0.00 Y: 6.00 Z: 5.00 @ http://localhost:3000/_next/static/chunks/0-ynv9eqilv7x.js:0
[   28354ms] [LOG] Player X: 0.00 Y: 6.00 Z: 5.00 @ http://localhost:3000/_next/static/chunks/0-ynv9eqilv7x.js:0
[   28358ms] [LOG] Player X: 0.00 Y: 6.00 Z: 5.00 @ http://localhost:3000/_next/static/chunks/0-ynv9eqilv7x.js:0
[   28361ms] [LOG] Player X: 0.00 Y: 6.00 Z: 5.00 @ http://localhost:3000/_next/static/chunks/0-ynv9eqilv7x.js:0
[   28364ms] [LOG] Player X: 0.00 Y: 6.00 Z: 5.00 @ http://localhost:3000/_next/static/chunks/0-ynv9eqilv7x.js:0
[   28368ms] [LOG] Player X: 0.00 Y: 6.00 Z: 5.00 @ http://localhost:3000/_next/static/chunks/0-ynv9eqilv7x.js:0
[   28371ms] [LOG] Player X: 0.00 Y: 6.00 Z: 5.00 @ http://localhost:3000/_next/static/chunks/0-ynv9eqilv7x.js:0
[   28374ms] [LOG] Player X: 0.00 Y: 6.00 Z: 5.00 @ http://localhost:3000/_next/static/chunks/0-ynv9eqilv7x.js:0
[   28378ms] [LOG] Player X: 0.00 Y: 6.00 Z: 5.00 @ http://localhost:3000/_next/static/chunks/0-ynv9eqilv7x.js:0
[   28381ms] [LOG] Player X: 0.00 Y: 6.00 Z: 5.00 @ http://localhost:3000/_next/static/chunks/0-ynv9eqilv7x.js:0
[   28384ms] [LOG] Player X: 0.00 Y: 6.00 Z: 5.00 @ http://localhost:3000/_next/static/chunks/0-ynv9eqilv7x.js:0
[   28388ms] [LOG] Player X: 0.00 Y: 6.00 Z: 5.00 @ http://localhost:3000/_next/static/chunks/0-ynv9eqilv7x.js:0
[   28391ms] [LOG] Player X: 0.00 Y: 6.00 Z: 5.00 @ http://localhost:3000/_next/static/chunks/0-ynv9eqilv7x.js:0
[   28394ms] [LOG] Player X: 0.00 Y: 6.00 Z: 5.00 @ http://localhost:3000/_next/static/chunks/0-ynv9eqilv7x.js:0
[   28398ms] [LOG] Player X: 0.00 Y: 6.00 Z: 5.00 @ http://localhost:3000/_next/static/chunks/0-ynv9eqilv7x.js:0
[   28401ms] [LOG] Player X: 0.00 Y: 6.00 Z: 5.00 @ http://localhost:3000/_next/static/chunks/0-ynv9eqilv7x.js:0
[   28404ms] [LOG] Player X: 0.00 Y: 6.00 Z: 5.00 @ http://localhost:3000/_next/static/chunks/0-ynv9eqilv7x.js:0
[   28408ms] [LOG] Player X: 0.00 Y: 6.00 Z: 5.00 @ http://localhost:3000/_next/static/chunks/0-ynv9eqilv7x.js:0
[   28411ms] [LOG] Player X: 0.00 Y: 6.00 Z: 5.00 @ http://localhost:3000/_next/static/chunks/0-ynv9eqilv7x.js:0
[   28414ms] [LOG] Player X: 0.00 Y: 6.00 Z: 5.00 @ http://localhost:3000/_next/static/chunks/0-ynv9eqilv7x.js:0
[   28418ms] [LOG] Player X: 0.00 Y: 6.00 Z: 5.00 @ http://localhost:3000/_next/static/chunks/0-ynv9eqilv7x.js:0
[   28421ms] [LOG] Player X: 0.00 Y: 6.00 Z: 5.00 @ http://localhost:3000/_next/static/chunks/0-ynv9eqilv7x.js:0
[   28424ms] [LOG] Player X: 0.00 Y: 6.00 Z: 5.00 @ http://localhost:3000/_next/static/chunks/0-ynv9eqilv7x.js:0
[   28428ms] [LOG] Player X: 0.00 Y: 6.00 Z: 5.00 @ http://localhost:3000/_next/static/chunks/0-ynv9eqilv7x.js:0
[   28431ms] [LOG] Player X: 0.00 Y: 6.00 Z: 5.00 @ http://localhost:3000/_next/static/chunks/0-ynv9eqilv7x.js:0
[   28434ms] [LOG] Player X: 0.00 Y: 6.00 Z: 5.00 @ http://localhost:3000/_next/static/chunks/0-ynv9eqilv7x.js:0
[   28438ms] [LOG] Player X: 0.00 Y: 6.00 Z: 5.00 @ http://localhost:3000/_next/static/chunks/0-ynv9eqilv7x.js:0
[   28441ms] [LOG] Player X: 0.00 Y: 6.00 Z: 5.00 @ http://localhost:3000/_next/static/chunks/0-ynv9eqilv7x.js:0
[   28444ms] [LOG] Player X: 0.00 Y: 6.00 Z: 5.00 @ http://localhost:3000/_next/static/chunks/0-ynv9eqilv7x.js:0
[   28448ms] [LOG] Player X: 0.00 Y: 6.00 Z: 5.00 @ http://localhost:3000/_next/static/chunks/0-ynv9eqilv7x.js:0
[   28451ms] [LOG] Player X: 0.00 Y: 6.00 Z: 5.00 @ http://localhost:3000/_next/static/chunks/0-ynv9eqilv7x.js:0
[   28454ms] [LOG] Player X: 0.00 Y: 6.00 Z: 5.00 @ http://localhost:3000/_next/static/chunks/0-ynv9eqilv7x.js:0
[   28458ms] [LOG] Player X: 0.00 Y: 6.00 Z: 5.00 @ http://localhost:3000/_next/static/chunks/0-ynv9eqilv7x.js:0
[   28461ms] [LOG] Player X: 0.00 Y: 6.00 Z: 5.00 @ http://localhost:3000/_next/static/chunks/0-ynv9eqilv7x.js:0
[   28464ms] [LOG] Player X: 0.00 Y: 6.00 Z: 5.00 @ http://localhost:3000/_next/static/chunks/0-ynv9eqilv7x.js:0
[   28468ms] [LOG] Player X: 0.00 Y: 6.00 Z: 5.00 @ http://localhost:3000/_next/static/chunks/0-ynv9eqilv7x.js:0
[   28471ms] [LOG] Player X: 0.00 Y: 6.00 Z: 5.00 @ http://localhost:3000/_next/static/chunks/0-ynv9eqilv7x.js:0
[   28474ms] [LOG] Player X: 0.00 Y: 6.00 Z: 5.00 @ http://localhost:3000/_next/static/chunks/0-ynv9eqilv7x.js:0
[   28478ms] [LOG] Player X: 0.00 Y: 6.00 Z: 5.00 @ http://localhost:3000/_next/static/chunks/0-ynv9eqilv7x.js:0
[   28481ms] [LOG] Player X: 0.00 Y: 6.00 Z: 5.00 @ http://localhost:3000/_next/static/chunks/0-ynv9eqilv7x.js:0
[   28484ms] [LOG] Player X: 0.00 Y: 6.00 Z: 5.00 @ http://localhost:3000/_next/static/chunks/0-ynv9eqilv7x.js:0
[   28488ms] [LOG] Player X: 0.00 Y: 6.00 Z: 5.00 @ http://localhost:3000/_next/static/chunks/0-ynv9eqilv7x.js:0
[   28491ms] [LOG] Player X: 0.00 Y: 6.00 Z: 5.00 @ http://localhost:3000/_next/static/chunks/0-ynv9eqilv7x.js:0
[   28494ms] [LOG] Player X: 0.00 Y: 6.00 Z: 5.00 @ http://localhost:3000/_next/static/chunks/0-ynv9eqilv7x.js:0
[   28498ms] [LOG] Player X: 0.00 Y: 6.00 Z: 5.00 @ http://localhost:3000/_next/static/chunks/0-ynv9eqilv7x.js:0
[   28501ms] [LOG] Player X: 0.00 Y: 6.00 Z: 5.00 @ http://localhost:3000/_next/static/chunks/0-ynv9eqilv7x.js:0
[   28504ms] [LOG] Player X: 0.00 Y: 6.00 Z: 5.00 @ http://localhost:3000/_next/static/chunks/0-ynv9eqilv7x.js:0
[   28508ms] [LOG] Player X: 0.00 Y: 6.00 Z: 5.00 @ http://localhost:3000/_next/static/chunks/0-ynv9eqilv7x.js:0
[   28511ms] [LOG] Player X: 0.00 Y: 6.00 Z: 5.00 @ http://localhost:3000/_next/static/chunks/0-ynv9eqilv7x.js:0
[   28514ms] [LOG] Player X: 0.00 Y: 6.00 Z: 5.00 @ http://localhost:3000/_next/static/chunks/0-ynv9eqilv7x.js:0
[   28518ms] [LOG] Player X: 0.00 Y: 6.00 Z: 5.00 @ http://localhost:3000/_next/static/chunks/0-ynv9eqilv7x.js:0
[   28521ms] [LOG] Player X: 0.00 Y: 6.00 Z: 5.00 @ http://localhost:3000/_next/static/chunks/0-ynv9eqilv7x.js:0
[   28524ms] [LOG] Player X: 0.00 Y: 6.00 Z: 5.00 @ http://localhost:3000/_next/static/chunks/0-ynv9eqilv7x.js:0
[   28528ms] [LOG] Player X: 0.00 Y: 6.00 Z: 5.00 @ http://localhost:3000/_next/static/chunks/0-ynv9eqilv7x.js:0
[   28531ms] [LOG] Player X: 0.00 Y: 6.00 Z: 5.00 @ http://localhost:3000/_next/static/chunks/0-ynv9eqilv7x.js:0
[   28534ms] [LOG] Player X: 0.00 Y: 6.00 Z: 5.00 @ http://localhost:3000/_next/static/chunks/0-ynv9eqilv7x.js:0
[   28538ms] [LOG] Player X: 0.00 Y: 6.00 Z: 5.00 @ http://localhost:3000/_next/static/chunks/0-ynv9eqilv7x.js:0
[   28541ms] [LOG] Player X: 0.00 Y: 6.00 Z: 5.00 @ http://localhost:3000/_next/static/chunks/0-ynv9eqilv7x.js:0
[   28544ms] [LOG] Player X: 0.00 Y: 6.00 Z: 5.00 @ http://localhost:3000/_next/static/chunks/0-ynv9eqilv7x.js:0
[   28548ms] [LOG] Player X: 0.00 Y: 6.00 Z: 5.00 @ http://localhost:3000/_next/static/chunks/0-ynv9eqilv7x.js:0
[   28551ms] [LOG] Player X: 0.00 Y: 6.00 Z: 5.00 @ http://localhost:3000/_next/static/chunks/0-ynv9eqilv7x.js:0
[   28554ms] [LOG] Player X: 0.00 Y: 6.00 Z: 5.00 @ http://localhost:3000/_next/static/chunks/0-ynv9eqilv7x.js:0
[   28558ms] [LOG] Player X: 0.00 Y: 6.00 Z: 5.00 @ http://localhost:3000/_next/static/chunks/0-ynv9eqilv7x.js:0
[   28561ms] [LOG] Player X: 0.00 Y: 6.00 Z: 5.00 @ http://localhost:3000/_next/static/chunks/0-ynv9eqilv7x.js:0
[   28564ms] [LOG] Player X: 0.00 Y: 6.00 Z: 5.00 @ http://localhost:3000/_next/static/chunks/0-ynv9eqilv7x.js:0
[   28568ms] [LOG] Player X: 0.00 Y: 6.00 Z: 5.00 @ http://localhost:3000/_next/static/chunks/0-ynv9eqilv7x.js:0
[   28571ms] [LOG] Player X: 0.00 Y: 6.00 Z: 5.00 @ http://localhost:3000/_next/static/chunks/0-ynv9eqilv7x.js:0
[   28574ms] [LOG] Player X: 0.00 Y: 6.00 Z: 5.00 @ http://localhost:3000/_next/static/chunks/0-ynv9eqilv7x.js:0
[   28578ms] [LOG] Player X: 0.00 Y: 6.00 Z: 5.00 @ http://localhost:3000/_next/static/chunks/0-ynv9eqilv7x.js:0
[   28581ms] [LOG] Player X: 0.00 Y: 6.00 Z: 5.00 @ http://localhost:3000/_next/static/chunks/0-ynv9eqilv7x.js:0
[   28584ms] [LOG] Player X: 0.00 Y: 6.00 Z: 5.00 @ http://localhost:3000/_next/static/chunks/0-ynv9eqilv7x.js:0
[   28588ms] [LOG] Player X: 0.00 Y: 6.00 Z: 5.00 @ http://localhost:3000/_next/static/chunks/0-ynv9eqilv7x.js:0
[   28591ms] [LOG] Player X: 0.00 Y: 6.00 Z: 5.00 @ http://localhost:3000/_next/static/chunks/0-ynv9eqilv7x.js:0
[   28594ms] [LOG] Player X: 0.00 Y: 6.00 Z: 5.00 @ http://localhost:3000/_next/static/chunks/0-ynv9eqilv7x.js:0
[   28598ms] [LOG] Player X: 0.00 Y: 6.00 Z: 5.00 @ http://localhost:3000/_next/static/chunks/0-ynv9eqilv7x.js:0
[   28601ms] [LOG] Player X: 0.00 Y: 6.00 Z: 5.00 @ http://localhost:3000/_next/static/chunks/0-ynv9eqilv7x.js:0
[   28604ms] [LOG] Player X: 0.00 Y: 6.00 Z: 5.00 @ http://localhost:3000/_next/static/chunks/0-ynv9eqilv7x.js:0
[   28608ms] [LOG] Player X: 0.00 Y: 6.00 Z: 5.00 @ http://localhost:3000/_next/static/chunks/0-ynv9eqilv7x.js:0
[   28611ms] [LOG] Player X: 0.00 Y: 6.00 Z: 5.00 @ http://localhost:3000/_next/static/chunks/0-ynv9eqilv7x.js:0
[   28614ms] [LOG] Player X: 0.00 Y: 6.00 Z: 5.00 @ http://localhost:3000/_next/static/chunks/0-ynv9eqilv7x.js:0
[   28618ms] [LOG] Player X: 0.00 Y: 6.00 Z: 5.00 @ http://localhost:3000/_next/static/chunks/0-ynv9eqilv7x.js:0
[   28621ms] [LOG] Player X: 0.00 Y: 6.00 Z: 5.00 @ http://localhost:3000/_next/static/chunks/0-ynv9eqilv7x.js:0
[   28624ms] [LOG] Player X: 0.00 Y: 6.00 Z: 5.00 @ http://localhost:3000/_next/static/chunks/0-ynv9eqilv7x.js:0
[   28628ms] [LOG] Player X: 0.00 Y: 6.00 Z: 5.00 @ http://localhost:3000/_next/static/chunks/0-ynv9eqilv7x.js:0
[   28631ms] [LOG] Player X: 0.00 Y: 6.00 Z: 5.00 @ http://localhost:3000/_next/static/chunks/0-ynv9eqilv7x.js:0
[   28634ms] [LOG] Player X: 0.00 Y: 6.00 Z: 5.00 @ http://localhost:3000/_next/static/chunks/0-ynv9eqilv7x.js:0
[   28638ms] [LOG] Player X: 0.00 Y: 6.00 Z: 5.00 @ http://localhost:3000/_next/static/chunks/0-ynv9eqilv7x.js:0
[   28641ms] [LOG] Player X: 0.00 Y: 6.00 Z: 5.00 @ http://localhost:3000/_next/static/chunks/0-ynv9eqilv7x.js:0
[   28644ms] [LOG] Player X: 0.00 Y: 6.00 Z: 5.00 @ http://localhost:3000/_next/static/chunks/0-ynv9eqilv7x.js:0
[   28648ms] [LOG] Player X: 0.00 Y: 6.00 Z: 5.00 @ http://localhost:3000/_next/static/chunks/0-ynv9eqilv7x.js:0
[   28651ms] [LOG] Player X: 0.00 Y: 6.00 Z: 5.00 @ http://localhost:3000/_next/static/chunks/0-ynv9eqilv7x.js:0
[   28654ms] [LOG] Player X: 0.00 Y: 6.00 Z: 5.00 @ http://localhost:3000/_next/static/chunks/0-ynv9eqilv7x.js:0
[   28658ms] [LOG] Player X: 0.00 Y: 6.00 Z: 5.00 @ http://localhost:3000/_next/static/chunks/0-ynv9eqilv7x.js:0
[   28661ms] [LOG] Player X: 0.00 Y: 6.00 Z: 5.00 @ http://localhost:3000/_next/static/chunks/0-ynv9eqilv7x.js:0
[   28664ms] [LOG] Player X: 0.00 Y: 6.00 Z: 5.00 @ http://localhost:3000/_next/static/chunks/0-ynv9eqilv7x.js:0
[   28668ms] [LOG] Player X: 0.00 Y: 6.00 Z: 5.00 @ http://localhost:3000/_next/static/chunks/0-ynv9eqilv7x.js:0
[   28671ms] [LOG] Player X: 0.00 Y: 6.00 Z: 5.00 @ http://localhost:3000/_next/static/chunks/0-ynv9eqilv7x.js:0
[   28674ms] [LOG] Player X: 0.00 Y: 6.00 Z: 5.00 @ http://localhost:3000/_next/static/chunks/0-ynv9eqilv7x.js:0
[   28678ms] [LOG] Player X: 0.00 Y: 6.00 Z: 5.00 @ http://localhost:3000/_next/static/chunks/0-ynv9eqilv7x.js:0
[   28681ms] [LOG] Player X: 0.00 Y: 6.00 Z: 5.00 @ http://localhost:3000/_next/static/chunks/0-ynv9eqilv7x.js:0
[   28684ms] [LOG] Player X: 0.00 Y: 6.00 Z: 5.00 @ http://localhost:3000/_next/static/chunks/0-ynv9eqilv7x.js:0
[   28688ms] [LOG] Player X: 0.00 Y: 6.00 Z: 5.00 @ http://localhost:3000/_next/static/chunks/0-ynv9eqilv7x.js:0
[   28691ms] [LOG] Player X: 0.00 Y: 6.00 Z: 5.00 @ http://localhost:3000/_next/static/chunks/0-ynv9eqilv7x.js:0
[   28694ms] [LOG] Player X: 0.00 Y: 6.00 Z: 5.00 @ http://localhost:3000/_next/static/chunks/0-ynv9eqilv7x.js:0
[   28698ms] [LOG] Player X: 0.00 Y: 6.00 Z: 5.00 @ http://localhost:3000/_next/static/chunks/0-ynv9eqilv7x.js:0
[   28701ms] [LOG] Player X: 0.00 Y: 6.00 Z: 5.00 @ http://localhost:3000/_next/static/chunks/0-ynv9eqilv7x.js:0
[   28704ms] [LOG] Player X: 0.00 Y: 6.00 Z: 5.00 @ http://localhost:3000/_next/static/chunks/0-ynv9eqilv7x.js:0
[   28708ms] [LOG] Player X: 0.00 Y: 6.00 Z: 5.00 @ http://localhost:3000/_next/static/chunks/0-ynv9eqilv7x.js:0
[   28711ms] [LOG] Player X: 0.00 Y: 6.00 Z: 5.00 @ http://localhost:3000/_next/static/chunks/0-ynv9eqilv7x.js:0
[   28714ms] [LOG] Player X: 0.00 Y: 6.00 Z: 5.00 @ http://localhost:3000/_next/static/chunks/0-ynv9eqilv7x.js:0
[   28718ms] [LOG] Player X: 0.00 Y: 6.00 Z: 5.00 @ http://localhost:3000/_next/static/chunks/0-ynv9eqilv7x.js:0
[   28721ms] [LOG] Player X: 0.00 Y: 6.00 Z: 5.00 @ http://localhost:3000/_next/static/chunks/0-ynv9eqilv7x.js:0
[   28724ms] [LOG] Player X: 0.00 Y: 6.00 Z: 5.00 @ http://localhost:3000/_next/static/chunks/0-ynv9eqilv7x.js:0
[   28728ms] [LOG] Player X: 0.00 Y: 6.00 Z: 5.00 @ http://localhost:3000/_next/static/chunks/0-ynv9eqilv7x.js:0
[   28731ms] [LOG] Player X: 0.00 Y: 6.00 Z: 5.00 @ http://localhost:3000/_next/static/chunks/0-ynv9eqilv7x.js:0
[   28734ms] [LOG] Player X: 0.00 Y: 6.00 Z: 5.00 @ http://localhost:3000/_next/static/chunks/0-ynv9eqilv7x.js:0
[   28738ms] [LOG] Player X: 0.00 Y: 6.00 Z: 5.00 @ http://localhost:3000/_next/static/chunks/0-ynv9eqilv7x.js:0
[   28741ms] [LOG] Player X: 0.00 Y: 6.00 Z: 5.00 @ http://localhost:3000/_next/static/chunks/0-ynv9eqilv7x.js:0
[   28744ms] [LOG] Player X: 0.00 Y: 6.00 Z: 5.00 @ http://localhost:3000/_next/static/chunks/0-ynv9eqilv7x.js:0
[   28748ms] [LOG] Player X: 0.00 Y: 6.00 Z: 5.00 @ http://localhost:3000/_next/static/chunks/0-ynv9eqilv7x.js:0
[   28751ms] [LOG] Player X: 0.00 Y: 6.00 Z: 5.00 @ http://localhost:3000/_next/static/chunks/0-ynv9eqilv7x.js:0
[   28754ms] [LOG] Player X: 0.00 Y: 6.00 Z: 5.00 @ http://localhost:3000/_next/static/chunks/0-ynv9eqilv7x.js:0
[   28758ms] [LOG] Player X: 0.00 Y: 6.00 Z: 5.00 @ http://localhost:3000/_next/static/chunks/0-ynv9eqilv7x.js:0
[   28761ms] [LOG] Player X: 0.00 Y: 6.00 Z: 5.00 @ http://localhost:3000/_next/static/chunks/0-ynv9eqilv7x.js:0
[   28764ms] [LOG] Player X: 0.00 Y: 6.00 Z: 5.00 @ http://localhost:3000/_next/static/chunks/0-ynv9eqilv7x.js:0
[   28768ms] [LOG] Player X: 0.00 Y: 6.00 Z: 5.00 @ http://localhost:3000/_next/static/chunks/0-ynv9eqilv7x.js:0
[   28771ms] [LOG] Player X: 0.00 Y: 6.00 Z: 5.00 @ http://localhost:3000/_next/static/chunks/0-ynv9eqilv7x.js:0
[   28774ms] [LOG] Player X: 0.00 Y: 6.00 Z: 5.00 @ http://localhost:3000/_next/static/chunks/0-ynv9eqilv7x.js:0
[   28778ms] [LOG] Player X: 0.00 Y: 6.00 Z: 5.00 @ http://localhost:3000/_next/static/chunks/0-ynv9eqilv7x.js:0
[   28781ms] [LOG] Player X: 0.00 Y: 6.00 Z: 5.00 @ http://localhost:3000/_next/static/chunks/0-ynv9eqilv7x.js:0
[   28784ms] [LOG] Player X: 0.00 Y: 6.00 Z: 5.00 @ http://localhost:3000/_next/static/chunks/0-ynv9eqilv7x.js:0
[   28788ms] [LOG] Player X: 0.00 Y: 6.00 Z: 5.00 @ http://localhost:3000/_next/static/chunks/0-ynv9eqilv7x.js:0
[   28791ms] [LOG] Player X: 0.00 Y: 6.00 Z: 5.00 @ http://localhost:3000/_next/static/chunks/0-ynv9eqilv7x.js:0
[   28795ms] [LOG] Player X: 0.00 Y: 6.00 Z: 5.00 @ http://localhost:3000/_next/static/chunks/0-ynv9eqilv7x.js:0
[   28798ms] [LOG] Player X: 0.00 Y: 6.00 Z: 5.00 @ http://localhost:3000/_next/static/chunks/0-ynv9eqilv7x.js:0
[   28801ms] [LOG] Player X: 0.00 Y: 6.00 Z: 5.00 @ http://localhost:3000/_next/static/chunks/0-ynv9eqilv7x.js:0
[   28804ms] [LOG] Player X: 0.00 Y: 6.00 Z: 5.00 @ http://localhost:3000/_next/static/chunks/0-ynv9eqilv7x.js:0
[   28808ms] [LOG] Player X: 0.00 Y: 6.00 Z: 5.00 @ http://localhost:3000/_next/static/chunks/0-ynv9eqilv7x.js:0
[   28812ms] [LOG] Player X: 0.00 Y: 6.00 Z: 5.00 @ http://localhost:3000/_next/static/chunks/0-ynv9eqilv7x.js:0
[   28814ms] [LOG] Player X: 0.00 Y: 6.00 Z: 5.00 @ http://localhost:3000/_next/static/chunks/0-ynv9eqilv7x.js:0
[   28818ms] [LOG] Player X: 0.00 Y: 6.00 Z: 5.00 @ http://localhost:3000/_next/static/chunks/0-ynv9eqilv7x.js:0
[   28821ms] [LOG] Player X: 0.00 Y: 6.00 Z: 5.00 @ http://localhost:3000/_next/static/chunks/0-ynv9eqilv7x.js:0
[   28824ms] [LOG] Player X: 0.00 Y: 6.00 Z: 5.00 @ http://localhost:3000/_next/static/chunks/0-ynv9eqilv7x.js:0
[   28828ms] [LOG] Player X: 0.00 Y: 6.00 Z: 5.00 @ http://localhost:3000/_next/static/chunks/0-ynv9eqilv7x.js:0
[   28831ms] [LOG] Player X: 0.00 Y: 6.00 Z: 5.00 @ http://localhost:3000/_next/static/chunks/0-ynv9eqilv7x.js:0
[   28834ms] [LOG] Player X: 0.00 Y: 6.00 Z: 5.00 @ http://localhost:3000/_next/static/chunks/0-ynv9eqilv7x.js:0
[   28838ms] [LOG] Player X: 0.00 Y: 6.00 Z: 5.00 @ http://localhost:3000/_next/static/chunks/0-ynv9eqilv7x.js:0
[   28841ms] [LOG] Player X: 0.00 Y: 6.00 Z: 5.00 @ http://localhost:3000/_next/static/chunks/0-ynv9eqilv7x.js:0
[   28844ms] [LOG] Player X: 0.00 Y: 6.00 Z: 5.00 @ http://localhost:3000/_next/static/chunks/0-ynv9eqilv7x.js:0
[   28848ms] [LOG] Player X: 0.00 Y: 6.00 Z: 5.00 @ http://localhost:3000/_next/static/chunks/0-ynv9eqilv7x.js:0
[   28851ms] [LOG] Player X: 0.00 Y: 6.00 Z: 5.00 @ http://localhost:3000/_next/static/chunks/0-ynv9eqilv7x.js:0
[   28854ms] [LOG] Player X: 0.00 Y: 6.00 Z: 5.00 @ http://localhost:3000/_next/static/chunks/0-ynv9eqilv7x.js:0
[   28858ms] [LOG] Player X: 0.00 Y: 6.00 Z: 5.00 @ http://localhost:3000/_next/static/chunks/0-ynv9eqilv7x.js:0
[   28861ms] [LOG] Player X: 0.00 Y: 6.00 Z: 5.00 @ http://localhost:3000/_next/static/chunks/0-ynv9eqilv7x.js:0
[   28864ms] [LOG] Player X: 0.00 Y: 6.00 Z: 5.00 @ http://localhost:3000/_next/static/chunks/0-ynv9eqilv7x.js:0
[   28868ms] [LOG] Player X: 0.00 Y: 6.00 Z: 5.00 @ http://localhost:3000/_next/static/chunks/0-ynv9eqilv7x.js:0
[   28871ms] [LOG] Player X: 0.00 Y: 6.00 Z: 5.00 @ http://localhost:3000/_next/static/chunks/0-ynv9eqilv7x.js:0
[   28874ms] [LOG] Player X: 0.00 Y: 6.00 Z: 5.00 @ http://localhost:3000/_next/static/chunks/0-ynv9eqilv7x.js:0
[   28878ms] [LOG] Player X: 0.00 Y: 6.00 Z: 5.00 @ http://localhost:3000/_next/static/chunks/0-ynv9eqilv7x.js:0
[   28881ms] [LOG] Player X: 0.00 Y: 6.00 Z: 5.00 @ http://localhost:3000/_next/static/chunks/0-ynv9eqilv7x.js:0
[   28884ms] [LOG] Player X: 0.00 Y: 6.00 Z: 5.00 @ http://localhost:3000/_next/static/chunks/0-ynv9eqilv7x.js:0
[   28888ms] [LOG] Player X: 0.00 Y: 6.00 Z: 5.00 @ http://localhost:3000/_next/static/chunks/0-ynv9eqilv7x.js:0
[   28891ms] [LOG] Player X: 0.00 Y: 6.00 Z: 5.00 @ http://localhost:3000/_next/static/chunks/0-ynv9eqilv7x.js:0
[   28894ms] [LOG] Player X: 0.00 Y: 6.00 Z: 5.00 @ http://localhost:3000/_next/static/chunks/0-ynv9eqilv7x.js:0
[   28898ms] [LOG] Player X: 0.00 Y: 6.00 Z: 5.00 @ http://localhost:3000/_next/static/chunks/0-ynv9eqilv7x.js:0
[   28901ms] [LOG] Player X: 0.00 Y: 6.00 Z: 5.00 @ http://localhost:3000/_next/static/chunks/0-ynv9eqilv7x.js:0
[   28904ms] [LOG] Player X: 0.00 Y: 6.00 Z: 5.00 @ http://localhost:3000/_next/static/chunks/0-ynv9eqilv7x.js:0
[   28908ms] [LOG] Player X: 0.00 Y: 6.00 Z: 5.00 @ http://localhost:3000/_next/static/chunks/0-ynv9eqilv7x.js:0
[   28911ms] [LOG] Player X: 0.00 Y: 6.00 Z: 5.00 @ http://localhost:3000/_next/static/chunks/0-ynv9eqilv7x.js:0
[   28914ms] [LOG] Player X: 0.00 Y: 6.00 Z: 5.00 @ http://localhost:3000/_next/static/chunks/0-ynv9eqilv7x.js:0
[   28918ms] [LOG] Player X: 0.00 Y: 6.00 Z: 5.00 @ http://localhost:3000/_next/static/chunks/0-ynv9eqilv7x.js:0
[   28921ms] [LOG] Player X: 0.00 Y: 6.00 Z: 5.00 @ http://localhost:3000/_next/static/chunks/0-ynv9eqilv7x.js:0
[   28924ms] [LOG] Player X: 0.00 Y: 6.00 Z: 5.00 @ http://localhost:3000/_next/static/chunks/0-ynv9eqilv7x.js:0
[   28928ms] [LOG] Player X: 0.00 Y: 6.00 Z: 5.00 @ http://localhost:3000/_next/static/chunks/0-ynv9eqilv7x.js:0
[   28931ms] [LOG] Player X: 0.00 Y: 6.00 Z: 5.00 @ http://localhost:3000/_next/static/chunks/0-ynv9eqilv7x.js:0
[   28934ms] [LOG] Player X: 0.00 Y: 6.00 Z: 5.00 @ http://localhost:3000/_next/static/chunks/0-ynv9eqilv7x.js:0
[   28938ms] [LOG] Player X: 0.00 Y: 6.00 Z: 5.00 @ http://localhost:3000/_next/static/chunks/0-ynv9eqilv7x.js:0
[   28941ms] [LOG] Player X: 0.00 Y: 6.00 Z: 5.00 @ http://localhost:3000/_next/static/chunks/0-ynv9eqilv7x.js:0
[   28944ms] [LOG] Player X: 0.00 Y: 6.00 Z: 5.00 @ http://localhost:3000/_next/static/chunks/0-ynv9eqilv7x.js:0
[   28948ms] [LOG] Player X: 0.00 Y: 6.00 Z: 5.00 @ http://localhost:3000/_next/static/chunks/0-ynv9eqilv7x.js:0
[   28951ms] [LOG] Player X: 0.00 Y: 6.00 Z: 5.00 @ http://localhost:3000/_next/static/chunks/0-ynv9eqilv7x.js:0
[   28954ms] [LOG] Player X: 0.00 Y: 6.00 Z: 5.00 @ http://localhost:3000/_next/static/chunks/0-ynv9eqilv7x.js:0
[   28958ms] [LOG] Player X: 0.00 Y: 6.00 Z: 5.00 @ http://localhost:3000/_next/static/chunks/0-ynv9eqilv7x.js:0
[   28961ms] [LOG] Player X: 0.00 Y: 6.00 Z: 5.00 @ http://localhost:3000/_next/static/chunks/0-ynv9eqilv7x.js:0
[   28964ms] [LOG] Player X: 0.00 Y: 6.00 Z: 5.00 @ http://localhost:3000/_next/static/chunks/0-ynv9eqilv7x.js:0
[   28968ms] [LOG] Player X: 0.00 Y: 6.00 Z: 5.00 @ http://localhost:3000/_next/static/chunks/0-ynv9eqilv7x.js:0
[   28971ms] [LOG] Player X: 0.00 Y: 6.00 Z: 5.00 @ http://localhost:3000/_next/static/chunks/0-ynv9eqilv7x.js:0
[   28974ms] [LOG] Player X: 0.00 Y: 6.00 Z: 5.00 @ http://localhost:3000/_next/static/chunks/0-ynv9eqilv7x.js:0
[   28978ms] [LOG] Player X: 0.00 Y: 6.00 Z: 5.00 @ http://localhost:3000/_next/static/chunks/0-ynv9eqilv7x.js:0
[   28981ms] [LOG] Player X: 0.00 Y: 6.00 Z: 5.00 @ http://localhost:3000/_next/static/chunks/0-ynv9eqilv7x.js:0
[   28984ms] [LOG] Player X: 0.00 Y: 6.00 Z: 5.00 @ http://localhost:3000/_next/static/chunks/0-ynv9eqilv7x.js:0
[   28988ms] [LOG] Player X: 0.00 Y: 6.00 Z: 5.00 @ http://localhost:3000/_next/static/chunks/0-ynv9eqilv7x.js:0
[   28991ms] [LOG] Player X: 0.00 Y: 6.00 Z: 5.00 @ http://localhost:3000/_next/static/chunks/0-ynv9eqilv7x.js:0
[   28994ms] [LOG] Player X: 0.00 Y: 6.00 Z: 5.00 @ http://localhost:3000/_next/static/chunks/0-ynv9eqilv7x.js:0
[   28998ms] [LOG] Player X: 0.00 Y: 6.00 Z: 5.00 @ http://localhost:3000/_next/static/chunks/0-ynv9eqilv7x.js:0
[   29001ms] [LOG] Player X: 0.00 Y: 6.00 Z: 5.00 @ http://localhost:3000/_next/static/chunks/0-ynv9eqilv7x.js:0
[   29004ms] [LOG] Player X: 0.00 Y: 6.00 Z: 5.00 @ http://localhost:3000/_next/static/chunks/0-ynv9eqilv7x.js:0
[   29008ms] [LOG] Player X: 0.00 Y: 6.00 Z: 5.00 @ http://localhost:3000/_next/static/chunks/0-ynv9eqilv7x.js:0
[   29011ms] [LOG] Player X: 0.00 Y: 6.00 Z: 5.00 @ http://localhost:3000/_next/static/chunks/0-ynv9eqilv7x.js:0
[   29014ms] [LOG] Player X: 0.00 Y: 6.00 Z: 5.00 @ http://localhost:3000/_next/static/chunks/0-ynv9eqilv7x.js:0
[   29018ms] [LOG] Player X: 0.00 Y: 6.00 Z: 5.00 @ http://localhost:3000/_next/static/chunks/0-ynv9eqilv7x.js:0
[   29021ms] [LOG] Player X: 0.00 Y: 6.00 Z: 5.00 @ http://localhost:3000/_next/static/chunks/0-ynv9eqilv7x.js:0
[   29024ms] [LOG] Player X: 0.00 Y: 6.00 Z: 5.00 @ http://localhost:3000/_next/static/chunks/0-ynv9eqilv7x.js:0
[   29028ms] [LOG] Player X: 0.00 Y: 6.00 Z: 5.00 @ http://localhost:3000/_next/static/chunks/0-ynv9eqilv7x.js:0
[   29031ms] [LOG] Player X: 0.00 Y: 6.00 Z: 5.00 @ http://localhost:3000/_next/static/chunks/0-ynv9eqilv7x.js:0
[   29034ms] [LOG] Player X: 0.00 Y: 6.00 Z: 5.00 @ http://localhost:3000/_next/static/chunks/0-ynv9eqilv7x.js:0
[   29038ms] [LOG] Player X: 0.00 Y: 6.00 Z: 5.00 @ http://localhost:3000/_next/static/chunks/0-ynv9eqilv7x.js:0
[   29041ms] [LOG] Player X: 0.00 Y: 6.00 Z: 5.00 @ http://localhost:3000/_next/static/chunks/0-ynv9eqilv7x.js:0
[   29044ms] [LOG] Player X: 0.00 Y: 6.00 Z: 5.00 @ http://localhost:3000/_next/static/chunks/0-ynv9eqilv7x.js:0
[   29048ms] [LOG] Player X: 0.00 Y: 6.00 Z: 5.00 @ http://localhost:3000/_next/static/chunks/0-ynv9eqilv7x.js:0
[   29051ms] [LOG] Player X: 0.00 Y: 6.00 Z: 5.00 @ http://localhost:3000/_next/static/chunks/0-ynv9eqilv7x.js:0
[   29054ms] [LOG] Player X: 0.00 Y: 6.00 Z: 5.00 @ http://localhost:3000/_next/static/chunks/0-ynv9eqilv7x.js:0
[   29058ms] [LOG] Player X: 0.00 Y: 6.00 Z: 5.00 @ http://localhost:3000/_next/static/chunks/0-ynv9eqilv7x.js:0
[   29061ms] [LOG] Player X: 0.00 Y: 6.00 Z: 5.00 @ http://localhost:3000/_next/static/chunks/0-ynv9eqilv7x.js:0
[   29064ms] [LOG] Player X: 0.00 Y: 6.00 Z: 5.00 @ http://localhost:3000/_next/static/chunks/0-ynv9eqilv7x.js:0
[   29068ms] [LOG] Player X: 0.00 Y: 6.00 Z: 5.00 @ http://localhost:3000/_next/static/chunks/0-ynv9eqilv7x.js:0
[   29071ms] [LOG] Player X: 0.00 Y: 6.00 Z: 5.00 @ http://localhost:3000/_next/static/chunks/0-ynv9eqilv7x.js:0
[   29074ms] [LOG] Player X: 0.00 Y: 6.00 Z: 5.00 @ http://localhost:3000/_next/static/chunks/0-ynv9eqilv7x.js:0
[   29078ms] [LOG] Player X: 0.00 Y: 6.00 Z: 5.00 @ http://localhost:3000/_next/static/chunks/0-ynv9eqilv7x.js:0
[   29081ms] [LOG] Player X: 0.00 Y: 6.00 Z: 5.00 @ http://localhost:3000/_next/static/chunks/0-ynv9eqilv7x.js:0
[   29084ms] [LOG] Player X: 0.00 Y: 6.00 Z: 5.00 @ http://localhost:3000/_next/static/chunks/0-ynv9eqilv7x.js:0
[   29088ms] [LOG] Player X: 0.00 Y: 6.00 Z: 5.00 @ http://localhost:3000/_next/static/chunks/0-ynv9eqilv7x.js:0
[   29091ms] [LOG] Player X: 0.00 Y: 6.00 Z: 5.00 @ http://localhost:3000/_next/static/chunks/0-ynv9eqilv7x.js:0
[   29094ms] [LOG] Player X: 0.00 Y: 6.00 Z: 5.00 @ http://localhost:3000/_next/static/chunks/0-ynv9eqilv7x.js:0
[   29098ms] [LOG] Player X: 0.00 Y: 6.00 Z: 5.00 @ http://localhost:3000/_next/static/chunks/0-ynv9eqilv7x.js:0
[   29101ms] [LOG] Player X: 0.00 Y: 6.00 Z: 5.00 @ http://localhost:3000/_next/static/chunks/0-ynv9eqilv7x.js:0
[   29104ms] [LOG] Player X: 0.00 Y: 6.00 Z: 5.00 @ http://localhost:3000/_next/static/chunks/0-ynv9eqilv7x.js:0
[   29108ms] [LOG] Player X: 0.00 Y: 6.00 Z: 5.00 @ http://localhost:3000/_next/static/chunks/0-ynv9eqilv7x.js:0
[   29111ms] [LOG] Player X: 0.00 Y: 6.00 Z: 5.00 @ http://localhost:3000/_next/static/chunks/0-ynv9eqilv7x.js:0
[   29114ms] [LOG] Player X: 0.00 Y: 6.00 Z: 5.00 @ http://localhost:3000/_next/static/chunks/0-ynv9eqilv7x.js:0
[   29118ms] [LOG] Player X: 0.00 Y: 6.00 Z: 5.00 @ http://localhost:3000/_next/static/chunks/0-ynv9eqilv7x.js:0
[   29121ms] [LOG] Player X: 0.00 Y: 6.00 Z: 5.00 @ http://localhost:3000/_next/static/chunks/0-ynv9eqilv7x.js:0
[   29124ms] [LOG] Player X: 0.00 Y: 6.00 Z: 5.00 @ http://localhost:3000/_next/static/chunks/0-ynv9eqilv7x.js:0
[   29128ms] [LOG] Player X: 0.00 Y: 6.00 Z: 5.00 @ http://localhost:3000/_next/static/chunks/0-ynv9eqilv7x.js:0
[   29131ms] [LOG] Player X: 0.00 Y: 6.00 Z: 5.00 @ http://localhost:3000/_next/static/chunks/0-ynv9eqilv7x.js:0
[   29134ms] [LOG] Player X: 0.00 Y: 6.00 Z: 5.00 @ http://localhost:3000/_next/static/chunks/0-ynv9eqilv7x.js:0
[   29138ms] [LOG] Player X: 0.00 Y: 6.00 Z: 5.00 @ http://localhost:3000/_next/static/chunks/0-ynv9eqilv7x.js:0
[   29141ms] [LOG] Player X: 0.00 Y: 6.00 Z: 5.00 @ http://localhost:3000/_next/static/chunks/0-ynv9eqilv7x.js:0
[   29144ms] [LOG] Player X: 0.00 Y: 6.00 Z: 5.00 @ http://localhost:3000/_next/static/chunks/0-ynv9eqilv7x.js:0
[   29148ms] [LOG] Player X: 0.00 Y: 6.00 Z: 5.00 @ http://localhost:3000/_next/static/chunks/0-ynv9eqilv7x.js:0
[   29151ms] [LOG] Player X: 0.00 Y: 6.00 Z: 5.00 @ http://localhost:3000/_next/static/chunks/0-ynv9eqilv7x.js:0
[   29154ms] [LOG] Player X: 0.00 Y: 6.00 Z: 5.00 @ http://localhost:3000/_next/static/chunks/0-ynv9eqilv7x.js:0
[   29158ms] [LOG] Player X: 0.00 Y: 6.00 Z: 5.00 @ http://localhost:3000/_next/static/chunks/0-ynv9eqilv7x.js:0
[   29161ms] [LOG] Player X: 0.00 Y: 6.00 Z: 5.00 @ http://localhost:3000/_next/static/chunks/0-ynv9eqilv7x.js:0
[   29164ms] [LOG] Player X: 0.00 Y: 6.00 Z: 5.00 @ http://localhost:3000/_next/static/chunks/0-ynv9eqilv7x.js:0
[   29168ms] [LOG] Player X: 0.00 Y: 6.00 Z: 5.00 @ http://localhost:3000/_next/static/chunks/0-ynv9eqilv7x.js:0
[   29171ms] [LOG] Player X: 0.00 Y: 6.00 Z: 5.00 @ http://localhost:3000/_next/static/chunks/0-ynv9eqilv7x.js:0
[   29174ms] [LOG] Player X: 0.00 Y: 6.00 Z: 5.00 @ http://localhost:3000/_next/static/chunks/0-ynv9eqilv7x.js:0
[   29178ms] [LOG] Player X: 0.00 Y: 6.00 Z: 5.00 @ http://localhost:3000/_next/static/chunks/0-ynv9eqilv7x.js:0
[   29181ms] [LOG] Player X: 0.00 Y: 6.00 Z: 5.00 @ http://localhost:3000/_next/static/chunks/0-ynv9eqilv7x.js:0
[   29184ms] [LOG] Player X: 0.00 Y: 6.00 Z: 5.00 @ http://localhost:3000/_next/static/chunks/0-ynv9eqilv7x.js:0
[   29188ms] [LOG] Player X: 0.00 Y: 6.00 Z: 5.00 @ http://localhost:3000/_next/static/chunks/0-ynv9eqilv7x.js:0
[   29191ms] [LOG] Player X: 0.00 Y: 6.00 Z: 5.00 @ http://localhost:3000/_next/static/chunks/0-ynv9eqilv7x.js:0
[   29194ms] [LOG] Player X: 0.00 Y: 6.00 Z: 5.00 @ http://localhost:3000/_next/static/chunks/0-ynv9eqilv7x.js:0
[   29198ms] [LOG] Player X: 0.00 Y: 6.00 Z: 5.00 @ http://localhost:3000/_next/static/chunks/0-ynv9eqilv7x.js:0
[   29201ms] [LOG] Player X: 0.00 Y: 6.00 Z: 5.00 @ http://localhost:3000/_next/static/chunks/0-ynv9eqilv7x.js:0
[   29204ms] [LOG] Player X: 0.00 Y: 6.00 Z: 5.00 @ http://localhost:3000/_next/static/chunks/0-ynv9eqilv7x.js:0
[   29208ms] [LOG] Player X: 0.00 Y: 6.00 Z: 5.00 @ http://localhost:3000/_next/static/chunks/0-ynv9eqilv7x.js:0
[   29211ms] [LOG] Player X: 0.00 Y: 6.00 Z: 5.00 @ http://localhost:3000/_next/static/chunks/0-ynv9eqilv7x.js:0
[   29214ms] [LOG] Player X: 0.00 Y: 6.00 Z: 5.00 @ http://localhost:3000/_next/static/chunks/0-ynv9eqilv7x.js:0
[   29218ms] [LOG] Player X: 0.00 Y: 6.00 Z: 5.00 @ http://localhost:3000/_next/static/chunks/0-ynv9eqilv7x.js:0
[   29221ms] [LOG] Player X: 0.00 Y: 6.00 Z: 5.00 @ http://localhost:3000/_next/static/chunks/0-ynv9eqilv7x.js:0
[   29224ms] [LOG] Player X: 0.00 Y: 6.00 Z: 5.00 @ http://localhost:3000/_next/static/chunks/0-ynv9eqilv7x.js:0
[   29228ms] [LOG] Player X: 0.00 Y: 6.00 Z: 5.00 @ http://localhost:3000/_next/static/chunks/0-ynv9eqilv7x.js:0
[   29231ms] [LOG] Player X: 0.00 Y: 6.00 Z: 5.00 @ http://localhost:3000/_next/static/chunks/0-ynv9eqilv7x.js:0
[   29234ms] [LOG] Player X: 0.00 Y: 6.00 Z: 5.00 @ http://localhost:3000/_next/static/chunks/0-ynv9eqilv7x.js:0
[   29238ms] [LOG] Player X: 0.00 Y: 6.00 Z: 5.00 @ http://localhost:3000/_next/static/chunks/0-ynv9eqilv7x.js:0
[   29241ms] [LOG] Player X: 0.00 Y: 6.00 Z: 5.00 @ http://localhost:3000/_next/static/chunks/0-ynv9eqilv7x.js:0
[   29244ms] [LOG] Player X: 0.00 Y: 6.00 Z: 5.00 @ http://localhost:3000/_next/static/chunks/0-ynv9eqilv7x.js:0
[   29248ms] [LOG] Player X: 0.00 Y: 6.00 Z: 5.00 @ http://localhost:3000/_next/static/chunks/0-ynv9eqilv7x.js:0
[   29251ms] [LOG] Player X: 0.00 Y: 6.00 Z: 5.00 @ http://localhost:3000/_next/static/chunks/0-ynv9eqilv7x.js:0
[   29254ms] [LOG] Player X: 0.00 Y: 6.00 Z: 5.00 @ http://localhost:3000/_next/static/chunks/0-ynv9eqilv7x.js:0
[   29258ms] [LOG] Player X: 0.00 Y: 6.00 Z: 5.00 @ http://localhost:3000/_next/static/chunks/0-ynv9eqilv7x.js:0
[   29261ms] [LOG] Player X: 0.00 Y: 6.00 Z: 5.00 @ http://localhost:3000/_next/static/chunks/0-ynv9eqilv7x.js:0
[   29264ms] [LOG] Player X: 0.00 Y: 6.00 Z: 5.00 @ http://localhost:3000/_next/static/chunks/0-ynv9eqilv7x.js:0
[   29268ms] [LOG] Player X: 0.00 Y: 6.00 Z: 5.00 @ http://localhost:3000/_next/static/chunks/0-ynv9eqilv7x.js:0
[   29271ms] [LOG] Player X: 0.00 Y: 6.00 Z: 5.00 @ http://localhost:3000/_next/static/chunks/0-ynv9eqilv7x.js:0
[   29274ms] [LOG] Player X: 0.00 Y: 6.00 Z: 5.00 @ http://localhost:3000/_next/static/chunks/0-ynv9eqilv7x.js:0
[   29278ms] [LOG] Player X: 0.00 Y: 6.00 Z: 5.00 @ http://localhost:3000/_next/static/chunks/0-ynv9eqilv7x.js:0
[   29281ms] [LOG] Player X: 0.00 Y: 6.00 Z: 5.00 @ http://localhost:3000/_next/static/chunks/0-ynv9eqilv7x.js:0
[   29284ms] [LOG] Player X: 0.00 Y: 6.00 Z: 5.00 @ http://localhost:3000/_next/static/chunks/0-ynv9eqilv7x.js:0
[   29288ms] [LOG] Player X: 0.00 Y: 6.00 Z: 5.00 @ http://localhost:3000/_next/static/chunks/0-ynv9eqilv7x.js:0
[   29291ms] [LOG] Player X: 0.00 Y: 6.00 Z: 5.00 @ http://localhost:3000/_next/static/chunks/0-ynv9eqilv7x.js:0
[   29294ms] [LOG] Player X: 0.00 Y: 6.00 Z: 5.00 @ http://localhost:3000/_next/static/chunks/0-ynv9eqilv7x.js:0
[   29298ms] [LOG] Player X: 0.00 Y: 6.00 Z: 5.00 @ http://localhost:3000/_next/static/chunks/0-ynv9eqilv7x.js:0
[   29301ms] [LOG] Player X: 0.00 Y: 6.00 Z: 5.00 @ http://localhost:3000/_next/static/chunks/0-ynv9eqilv7x.js:0
[   29304ms] [LOG] Player X: 0.00 Y: 6.00 Z: 5.00 @ http://localhost:3000/_next/static/chunks/0-ynv9eqilv7x.js:0
[   29308ms] [LOG] Player X: 0.00 Y: 6.00 Z: 5.00 @ http://localhost:3000/_next/static/chunks/0-ynv9eqilv7x.js:0
[   29311ms] [LOG] Player X: 0.00 Y: 6.00 Z: 5.00 @ http://localhost:3000/_next/static/chunks/0-ynv9eqilv7x.js:0
[   29314ms] [LOG] Player X: 0.00 Y: 6.00 Z: 5.00 @ http://localhost:3000/_next/static/chunks/0-ynv9eqilv7x.js:0
[   29318ms] [LOG] Player X: 0.00 Y: 6.00 Z: 5.00 @ http://localhost:3000/_next/static/chunks/0-ynv9eqilv7x.js:0
[   29321ms] [LOG] Player X: 0.00 Y: 6.00 Z: 5.00 @ http://localhost:3000/_next/static/chunks/0-ynv9eqilv7x.js:0
[   29324ms] [LOG] Player X: 0.00 Y: 6.00 Z: 5.00 @ http://localhost:3000/_next/static/chunks/0-ynv9eqilv7x.js:0
[   29328ms] [LOG] Player X: 0.00 Y: 6.00 Z: 5.00 @ http://localhost:3000/_next/static/chunks/0-ynv9eqilv7x.js:0
[   29331ms] [LOG] Player X: 0.00 Y: 6.00 Z: 5.00 @ http://localhost:3000/_next/static/chunks/0-ynv9eqilv7x.js:0
[   29334ms] [LOG] Player X: 0.00 Y: 6.00 Z: 5.00 @ http://localhost:3000/_next/static/chunks/0-ynv9eqilv7x.js:0
[   29338ms] [LOG] Player X: 0.00 Y: 6.00 Z: 5.00 @ http://localhost:3000/_next/static/chunks/0-ynv9eqilv7x.js:0
[   29341ms] [LOG] Player X: 0.00 Y: 6.00 Z: 5.00 @ http://localhost:3000/_next/static/chunks/0-ynv9eqilv7x.js:0
[   29344ms] [LOG] Player X: 0.00 Y: 6.00 Z: 5.00 @ http://localhost:3000/_next/static/chunks/0-ynv9eqilv7x.js:0
[   29348ms] [LOG] Player X: 0.00 Y: 6.00 Z: 5.00 @ http://localhost:3000/_next/static/chunks/0-ynv9eqilv7x.js:0
[   29351ms] [LOG] Player X: 0.00 Y: 6.00 Z: 5.00 @ http://localhost:3000/_next/static/chunks/0-ynv9eqilv7x.js:0
[   29354ms] [LOG] Player X: 0.00 Y: 6.00 Z: 5.00 @ http://localhost:3000/_next/static/chunks/0-ynv9eqilv7x.js:0
[   29358ms] [LOG] Player X: 0.00 Y: 6.00 Z: 5.00 @ http://localhost:3000/_next/static/chunks/0-ynv9eqilv7x.js:0
[   29361ms] [LOG] Player X: 0.00 Y: 6.00 Z: 5.00 @ http://localhost:3000/_next/static/chunks/0-ynv9eqilv7x.js:0
[   29364ms] [LOG] Player X: 0.00 Y: 6.00 Z: 5.00 @ http://localhost:3000/_next/static/chunks/0-ynv9eqilv7x.js:0
[   29368ms] [LOG] Player X: 0.00 Y: 6.00 Z: 5.00 @ http://localhost:3000/_next/static/chunks/0-ynv9eqilv7x.js:0
[   29371ms] [LOG] Player X: 0.00 Y: 6.00 Z: 5.00 @ http://localhost:3000/_next/static/chunks/0-ynv9eqilv7x.js:0
[   29374ms] [LOG] Player X: 0.00 Y: 6.00 Z: 5.00 @ http://localhost:3000/_next/static/chunks/0-ynv9eqilv7x.js:0
[   29378ms] [LOG] Player X: 0.00 Y: 6.00 Z: 5.00 @ http://localhost:3000/_next/static/chunks/0-ynv9eqilv7x.js:0
[   29381ms] [LOG] Player X: 0.00 Y: 6.00 Z: 5.00 @ http://localhost:3000/_next/static/chunks/0-ynv9eqilv7x.js:0
[   29384ms] [LOG] Player X: 0.00 Y: 6.00 Z: 5.00 @ http://localhost:3000/_next/static/chunks/0-ynv9eqilv7x.js:0
[   29388ms] [LOG] Player X: 0.00 Y: 6.00 Z: 5.00 @ http://localhost:3000/_next/static/chunks/0-ynv9eqilv7x.js:0
[   29391ms] [LOG] Player X: 0.00 Y: 6.00 Z: 5.00 @ http://localhost:3000/_next/static/chunks/0-ynv9eqilv7x.js:0
[   29394ms] [LOG] Player X: 0.00 Y: 6.00 Z: 5.00 @ http://localhost:3000/_next/static/chunks/0-ynv9eqilv7x.js:0
[   29398ms] [LOG] Player X: 0.00 Y: 6.00 Z: 5.00 @ http://localhost:3000/_next/static/chunks/0-ynv9eqilv7x.js:0
[   29401ms] [LOG] Player X: 0.00 Y: 6.00 Z: 5.00 @ http://localhost:3000/_next/static/chunks/0-ynv9eqilv7x.js:0
[   29404ms] [LOG] Player X: 0.00 Y: 6.00 Z: 5.00 @ http://localhost:3000/_next/static/chunks/0-ynv9eqilv7x.js:0
[   29408ms] [LOG] Player X: 0.00 Y: 6.00 Z: 5.00 @ http://localhost:3000/_next/static/chunks/0-ynv9eqilv7x.js:0
[   29411ms] [LOG] Player X: 0.00 Y: 6.00 Z: 5.00 @ http://localhost:3000/_next/static/chunks/0-ynv9eqilv7x.js:0
[   29414ms] [LOG] Player X: 0.00 Y: 6.00 Z: 5.00 @ http://localhost:3000/_next/static/chunks/0-ynv9eqilv7x.js:0
[   29418ms] [LOG] Player X: 0.00 Y: 6.00 Z: 5.00 @ http://localhost:3000/_next/static/chunks/0-ynv9eqilv7x.js:0
[   29421ms] [LOG] Player X: 0.00 Y: 6.00 Z: 5.00 @ http://localhost:3000/_next/static/chunks/0-ynv9eqilv7x.js:0
[   29424ms] [LOG] Player X: 0.00 Y: 6.00 Z: 5.00 @ http://localhost:3000/_next/static/chunks/0-ynv9eqilv7x.js:0
[   29428ms] [LOG] Player X: 0.00 Y: 6.00 Z: 5.00 @ http://localhost:3000/_next/static/chunks/0-ynv9eqilv7x.js:0
[   29431ms] [LOG] Player X: 0.00 Y: 6.00 Z: 5.00 @ http://localhost:3000/_next/static/chunks/0-ynv9eqilv7x.js:0
[   29434ms] [LOG] Player X: 0.00 Y: 6.00 Z: 5.00 @ http://localhost:3000/_next/static/chunks/0-ynv9eqilv7x.js:0
[   29438ms] [LOG] Player X: 0.00 Y: 6.00 Z: 5.00 @ http://localhost:3000/_next/static/chunks/0-ynv9eqilv7x.js:0
[   29441ms] [LOG] Player X: 0.00 Y: 6.00 Z: 5.00 @ http://localhost:3000/_next/static/chunks/0-ynv9eqilv7x.js:0
[   29444ms] [LOG] Player X: 0.00 Y: 6.00 Z: 5.00 @ http://localhost:3000/_next/static/chunks/0-ynv9eqilv7x.js:0
[   29448ms] [LOG] Player X: 0.00 Y: 6.00 Z: 5.00 @ http://localhost:3000/_next/static/chunks/0-ynv9eqilv7x.js:0
[   29451ms] [LOG] Player X: 0.00 Y: 6.00 Z: 5.00 @ http://localhost:3000/_next/static/chunks/0-ynv9eqilv7x.js:0
[   29454ms] [LOG] Player X: 0.00 Y: 6.00 Z: 5.00 @ http://localhost:3000/_next/static/chunks/0-ynv9eqilv7x.js:0
[   29458ms] [LOG] Player X: 0.00 Y: 6.00 Z: 5.00 @ http://localhost:3000/_next/static/chunks/0-ynv9eqilv7x.js:0
[   29461ms] [LOG] Player X: 0.00 Y: 6.00 Z: 5.00 @ http://localhost:3000/_next/static/chunks/0-ynv9eqilv7x.js:0
[   29464ms] [LOG] Player X: 0.00 Y: 6.00 Z: 5.00 @ http://localhost:3000/_next/static/chunks/0-ynv9eqilv7x.js:0
[   29468ms] [LOG] Player X: 0.00 Y: 6.00 Z: 5.00 @ http://localhost:3000/_next/static/chunks/0-ynv9eqilv7x.js:0
[   29471ms] [LOG] Player X: 0.00 Y: 6.00 Z: 5.00 @ http://localhost:3000/_next/static/chunks/0-ynv9eqilv7x.js:0
[   29474ms] [LOG] Player X: 0.00 Y: 6.00 Z: 5.00 @ http://localhost:3000/_next/static/chunks/0-ynv9eqilv7x.js:0
[   29478ms] [LOG] Player X: 0.00 Y: 6.00 Z: 5.00 @ http://localhost:3000/_next/static/chunks/0-ynv9eqilv7x.js:0
[   29481ms] [LOG] Player X: 0.00 Y: 6.00 Z: 5.00 @ http://localhost:3000/_next/static/chunks/0-ynv9eqilv7x.js:0
[   29484ms] [LOG] Player X: 0.00 Y: 6.00 Z: 5.00 @ http://localhost:3000/_next/static/chunks/0-ynv9eqilv7x.js:0
[   29488ms] [LOG] Player X: 0.00 Y: 6.00 Z: 5.00 @ http://localhost:3000/_next/static/chunks/0-ynv9eqilv7x.js:0
[   29491ms] [LOG] Player X: 0.00 Y: 6.00 Z: 5.00 @ http://localhost:3000/_next/static/chunks/0-ynv9eqilv7x.js:0
[   29494ms] [LOG] Player X: 0.00 Y: 6.00 Z: 5.00 @ http://localhost:3000/_next/static/chunks/0-ynv9eqilv7x.js:0
[   29498ms] [LOG] Player X: 0.00 Y: 6.00 Z: 5.00 @ http://localhost:3000/_next/static/chunks/0-ynv9eqilv7x.js:0
[   29501ms] [LOG] Player X: 0.00 Y: 6.00 Z: 5.00 @ http://localhost:3000/_next/static/chunks/0-ynv9eqilv7x.js:0
[   29504ms] [LOG] Player X: 0.00 Y: 6.00 Z: 5.00 @ http://localhost:3000/_next/static/chunks/0-ynv9eqilv7x.js:0
[   29508ms] [LOG] Player X: 0.00 Y: 6.00 Z: 5.00 @ http://localhost:3000/_next/static/chunks/0-ynv9eqilv7x.js:0
[   29511ms] [LOG] Player X: 0.00 Y: 6.00 Z: 5.00 @ http://localhost:3000/_next/static/chunks/0-ynv9eqilv7x.js:0
[   29514ms] [LOG] Player X: 0.00 Y: 6.00 Z: 5.00 @ http://localhost:3000/_next/static/chunks/0-ynv9eqilv7x.js:0
[   29518ms] [LOG] Player X: 0.00 Y: 6.00 Z: 5.00 @ http://localhost:3000/_next/static/chunks/0-ynv9eqilv7x.js:0
[   29521ms] [LOG] Player X: 0.00 Y: 6.00 Z: 5.00 @ http://localhost:3000/_next/static/chunks/0-ynv9eqilv7x.js:0
[   29524ms] [LOG] Player X: 0.00 Y: 6.00 Z: 5.00 @ http://localhost:3000/_next/static/chunks/0-ynv9eqilv7x.js:0
[   29528ms] [LOG] Player X: 0.00 Y: 6.00 Z: 5.00 @ http://localhost:3000/_next/static/chunks/0-ynv9eqilv7x.js:0
[   29531ms] [LOG] Player X: 0.00 Y: 6.00 Z: 5.00 @ http://localhost:3000/_next/static/chunks/0-ynv9eqilv7x.js:0
[   29534ms] [LOG] Player X: 0.00 Y: 6.00 Z: 5.00 @ http://localhost:3000/_next/static/chunks/0-ynv9eqilv7x.js:0
[   29538ms] [LOG] Player X: 0.00 Y: 6.00 Z: 5.00 @ http://localhost:3000/_next/static/chunks/0-ynv9eqilv7x.js:0
[   29541ms] [LOG] Player X: 0.00 Y: 6.00 Z: 5.00 @ http://localhost:3000/_next/static/chunks/0-ynv9eqilv7x.js:0
[   29544ms] [LOG] Player X: 0.00 Y: 6.00 Z: 5.00 @ http://localhost:3000/_next/static/chunks/0-ynv9eqilv7x.js:0
[   29548ms] [LOG] Player X: 0.00 Y: 6.00 Z: 5.00 @ http://localhost:3000/_next/static/chunks/0-ynv9eqilv7x.js:0
[   29551ms] [LOG] Player X: 0.00 Y: 6.00 Z: 5.00 @ http://localhost:3000/_next/static/chunks/0-ynv9eqilv7x.js:0
[   29554ms] [LOG] Player X: 0.00 Y: 6.00 Z: 5.00 @ http://localhost:3000/_next/static/chunks/0-ynv9eqilv7x.js:0
[   29558ms] [LOG] Player X: 0.00 Y: 6.00 Z: 5.00 @ http://localhost:3000/_next/static/chunks/0-ynv9eqilv7x.js:0
[   29561ms] [LOG] Player X: 0.00 Y: 6.00 Z: 5.00 @ http://localhost:3000/_next/static/chunks/0-ynv9eqilv7x.js:0
[   29564ms] [LOG] Player X: 0.00 Y: 6.00 Z: 5.00 @ http://localhost:3000/_next/static/chunks/0-ynv9eqilv7x.js:0
[   29568ms] [LOG] Player X: 0.00 Y: 6.00 Z: 5.00 @ http://localhost:3000/_next/static/chunks/0-ynv9eqilv7x.js:0
[   29571ms] [LOG] Player X: 0.00 Y: 6.00 Z: 5.00 @ http://localhost:3000/_next/static/chunks/0-ynv9eqilv7x.js:0
[   29574ms] [LOG] Player X: 0.00 Y: 6.00 Z: 5.00 @ http://localhost:3000/_next/static/chunks/0-ynv9eqilv7x.js:0
[   29578ms] [LOG] Player X: 0.00 Y: 6.00 Z: 5.00 @ http://localhost:3000/_next/static/chunks/0-ynv9eqilv7x.js:0
[   29581ms] [LOG] Player X: 0.00 Y: 6.00 Z: 5.00 @ http://localhost:3000/_next/static/chunks/0-ynv9eqilv7x.js:0
[   29584ms] [LOG] Player X: 0.00 Y: 6.00 Z: 5.00 @ http://localhost:3000/_next/static/chunks/0-ynv9eqilv7x.js:0
[   29588ms] [LOG] Player X: 0.00 Y: 6.00 Z: 5.00 @ http://localhost:3000/_next/static/chunks/0-ynv9eqilv7x.js:0
[   29591ms] [LOG] Player X: 0.00 Y: 6.00 Z: 5.00 @ http://localhost:3000/_next/static/chunks/0-ynv9eqilv7x.js:0
[   29594ms] [LOG] Player X: 0.00 Y: 6.00 Z: 5.00 @ http://localhost:3000/_next/static/chunks/0-ynv9eqilv7x.js:0
[   29598ms] [LOG] Player X: 0.00 Y: 6.00 Z: 5.00 @ http://localhost:3000/_next/static/chunks/0-ynv9eqilv7x.js:0
[   29601ms] [LOG] Player X: 0.00 Y: 6.00 Z: 5.00 @ http://localhost:3000/_next/static/chunks/0-ynv9eqilv7x.js:0
[   29604ms] [LOG] Player X: 0.00 Y: 6.00 Z: 5.00 @ http://localhost:3000/_next/static/chunks/0-ynv9eqilv7x.js:0
[   29608ms] [LOG] Player X: 0.00 Y: 6.00 Z: 5.00 @ http://localhost:3000/_next/static/chunks/0-ynv9eqilv7x.js:0
[   29611ms] [LOG] Player X: 0.00 Y: 6.00 Z: 5.00 @ http://localhost:3000/_next/static/chunks/0-ynv9eqilv7x.js:0
[   29614ms] [LOG] Player X: 0.00 Y: 6.00 Z: 5.00 @ http://localhost:3000/_next/static/chunks/0-ynv9eqilv7x.js:0
[   29618ms] [LOG] Player X: 0.00 Y: 6.00 Z: 5.00 @ http://localhost:3000/_next/static/chunks/0-ynv9eqilv7x.js:0
[   29621ms] [LOG] Player X: 0.00 Y: 6.00 Z: 5.00 @ http://localhost:3000/_next/static/chunks/0-ynv9eqilv7x.js:0
[   29624ms] [LOG] Player X: 0.00 Y: 6.00 Z: 5.00 @ http://localhost:3000/_next/static/chunks/0-ynv9eqilv7x.js:0
[   29628ms] [LOG] Player X: 0.00 Y: 6.00 Z: 5.00 @ http://localhost:3000/_next/static/chunks/0-ynv9eqilv7x.js:0
[   29631ms] [LOG] Player X: 0.00 Y: 6.00 Z: 5.00 @ http://localhost:3000/_next/static/chunks/0-ynv9eqilv7x.js:0
[   29634ms] [LOG] Player X: 0.00 Y: 6.00 Z: 5.00 @ http://localhost:3000/_next/static/chunks/0-ynv9eqilv7x.js:0
[   29638ms] [LOG] Player X: 0.00 Y: 6.00 Z: 5.00 @ http://localhost:3000/_next/static/chunks/0-ynv9eqilv7x.js:0
[   29641ms] [LOG] Player X: 0.00 Y: 6.00 Z: 5.00 @ http://localhost:3000/_next/static/chunks/0-ynv9eqilv7x.js:0
[   29644ms] [LOG] Player X: 0.00 Y: 6.00 Z: 5.00 @ http://localhost:3000/_next/static/chunks/0-ynv9eqilv7x.js:0
[   29648ms] [LOG] Player X: 0.00 Y: 6.00 Z: 5.00 @ http://localhost:3000/_next/static/chunks/0-ynv9eqilv7x.js:0
[   29651ms] [LOG] Player X: 0.00 Y: 6.00 Z: 5.00 @ http://localhost:3000/_next/static/chunks/0-ynv9eqilv7x.js:0
[   29654ms] [LOG] Player X: 0.00 Y: 6.00 Z: 5.00 @ http://localhost:3000/_next/static/chunks/0-ynv9eqilv7x.js:0
[   29658ms] [LOG] Player X: 0.00 Y: 6.00 Z: 5.00 @ http://localhost:3000/_next/static/chunks/0-ynv9eqilv7x.js:0
[   29661ms] [LOG] Player X: 0.00 Y: 6.00 Z: 5.00 @ http://localhost:3000/_next/static/chunks/0-ynv9eqilv7x.js:0
[   29664ms] [LOG] Player X: 0.00 Y: 6.00 Z: 5.00 @ http://localhost:3000/_next/static/chunks/0-ynv9eqilv7x.js:0
[   29668ms] [LOG] Player X: 0.00 Y: 6.00 Z: 5.00 @ http://localhost:3000/_next/static/chunks/0-ynv9eqilv7x.js:0
[   29671ms] [LOG] Player X: 0.00 Y: 6.00 Z: 5.00 @ http://localhost:3000/_next/static/chunks/0-ynv9eqilv7x.js:0
[   29674ms] [LOG] Player X: 0.00 Y: 6.00 Z: 5.00 @ http://localhost:3000/_next/static/chunks/0-ynv9eqilv7x.js:0
[   29678ms] [LOG] Player X: 0.00 Y: 6.00 Z: 5.00 @ http://localhost:3000/_next/static/chunks/0-ynv9eqilv7x.js:0
[   29681ms] [LOG] Player X: 0.00 Y: 6.00 Z: 5.00 @ http://localhost:3000/_next/static/chunks/0-ynv9eqilv7x.js:0
[   29684ms] [LOG] Player X: 0.00 Y: 6.00 Z: 5.00 @ http://localhost:3000/_next/static/chunks/0-ynv9eqilv7x.js:0
[   29688ms] [LOG] Player X: 0.00 Y: 6.00 Z: 5.00 @ http://localhost:3000/_next/static/chunks/0-ynv9eqilv7x.js:0
[   29691ms] [LOG] Player X: 0.00 Y: 6.00 Z: 5.00 @ http://localhost:3000/_next/static/chunks/0-ynv9eqilv7x.js:0
[   29694ms] [LOG] Player X: 0.00 Y: 6.00 Z: 5.00 @ http://localhost:3000/_next/static/chunks/0-ynv9eqilv7x.js:0
[   29698ms] [LOG] Player X: 0.00 Y: 6.00 Z: 5.00 @ http://localhost:3000/_next/static/chunks/0-ynv9eqilv7x.js:0
[   29701ms] [LOG] Player X: 0.00 Y: 6.00 Z: 5.00 @ http://localhost:3000/_next/static/chunks/0-ynv9eqilv7x.js:0
[   29704ms] [LOG] Player X: 0.00 Y: 6.00 Z: 5.00 @ http://localhost:3000/_next/static/chunks/0-ynv9eqilv7x.js:0
[   29708ms] [LOG] Player X: 0.00 Y: 6.00 Z: 5.00 @ http://localhost:3000/_next/static/chunks/0-ynv9eqilv7x.js:0
[   29711ms] [LOG] Player X: 0.00 Y: 6.00 Z: 5.00 @ http://localhost:3000/_next/static/chunks/0-ynv9eqilv7x.js:0
[   29714ms] [LOG] Player X: 0.00 Y: 6.00 Z: 5.00 @ http://localhost:3000/_next/static/chunks/0-ynv9eqilv7x.js:0
[   29718ms] [LOG] Player X: 0.00 Y: 6.00 Z: 5.00 @ http://localhost:3000/_next/static/chunks/0-ynv9eqilv7x.js:0
[   29721ms] [LOG] Player X: 0.00 Y: 6.00 Z: 5.00 @ http://localhost:3000/_next/static/chunks/0-ynv9eqilv7x.js:0
[   29724ms] [LOG] Player X: 0.00 Y: 6.00 Z: 5.00 @ http://localhost:3000/_next/static/chunks/0-ynv9eqilv7x.js:0
[   29728ms] [LOG] Player X: 0.00 Y: 6.00 Z: 5.00 @ http://localhost:3000/_next/static/chunks/0-ynv9eqilv7x.js:0
[   29731ms] [LOG] Player X: 0.00 Y: 6.00 Z: 5.00 @ http://localhost:3000/_next/static/chunks/0-ynv9eqilv7x.js:0
[   29734ms] [LOG] Player X: 0.00 Y: 6.00 Z: 5.00 @ http://localhost:3000/_next/static/chunks/0-ynv9eqilv7x.js:0
[   29738ms] [LOG] Player X: 0.00 Y: 6.00 Z: 5.00 @ http://localhost:3000/_next/static/chunks/0-ynv9eqilv7x.js:0
[   29741ms] [LOG] Player X: 0.00 Y: 6.00 Z: 5.00 @ http://localhost:3000/_next/static/chunks/0-ynv9eqilv7x.js:0
[   29744ms] [LOG] Player X: 0.00 Y: 6.00 Z: 5.00 @ http://localhost:3000/_next/static/chunks/0-ynv9eqilv7x.js:0
[   29748ms] [LOG] Player X: 0.00 Y: 6.00 Z: 5.00 @ http://localhost:3000/_next/static/chunks/0-ynv9eqilv7x.js:0
[   29751ms] [LOG] Player X: 0.00 Y: 6.00 Z: 5.00 @ http://localhost:3000/_next/static/chunks/0-ynv9eqilv7x.js:0
[   29754ms] [LOG] Player X: 0.00 Y: 6.00 Z: 5.00 @ http://localhost:3000/_next/static/chunks/0-ynv9eqilv7x.js:0
[   29758ms] [LOG] Player X: 0.00 Y: 6.00 Z: 5.00 @ http://localhost:3000/_next/static/chunks/0-ynv9eqilv7x.js:0
[   29761ms] [LOG] Player X: 0.00 Y: 6.00 Z: 5.00 @ http://localhost:3000/_next/static/chunks/0-ynv9eqilv7x.js:0
[   29764ms] [LOG] Player X: 0.00 Y: 6.00 Z: 5.00 @ http://localhost:3000/_next/static/chunks/0-ynv9eqilv7x.js:0
[   29768ms] [LOG] Player X: 0.00 Y: 6.00 Z: 5.00 @ http://localhost:3000/_next/static/chunks/0-ynv9eqilv7x.js:0
[   29771ms] [LOG] Player X: 0.00 Y: 6.00 Z: 5.00 @ http://localhost:3000/_next/static/chunks/0-ynv9eqilv7x.js:0
[   29774ms] [LOG] Player X: 0.00 Y: 6.00 Z: 5.00 @ http://localhost:3000/_next/static/chunks/0-ynv9eqilv7x.js:0
[   29778ms] [LOG] Player X: 0.00 Y: 6.00 Z: 5.00 @ http://localhost:3000/_next/static/chunks/0-ynv9eqilv7x.js:0
[   29781ms] [LOG] Player X: 0.00 Y: 6.00 Z: 5.00 @ http://localhost:3000/_next/static/chunks/0-ynv9eqilv7x.js:0
[   29784ms] [LOG] Player X: 0.00 Y: 6.00 Z: 5.00 @ http://localhost:3000/_next/static/chunks/0-ynv9eqilv7x.js:0
[   29788ms] [LOG] Player X: 0.00 Y: 6.00 Z: 5.00 @ http://localhost:3000/_next/static/chunks/0-ynv9eqilv7x.js:0
[   29791ms] [LOG] Player X: 0.00 Y: 6.00 Z: 5.00 @ http://localhost:3000/_next/static/chunks/0-ynv9eqilv7x.js:0
[   29794ms] [LOG] Player X: 0.00 Y: 6.00 Z: 5.00 @ http://localhost:3000/_next/static/chunks/0-ynv9eqilv7x.js:0
[   29798ms] [LOG] Player X: 0.00 Y: 6.00 Z: 5.00 @ http://localhost:3000/_next/static/chunks/0-ynv9eqilv7x.js:0
[   29801ms] [LOG] Player X: 0.00 Y: 6.00 Z: 5.00 @ http://localhost:3000/_next/static/chunks/0-ynv9eqilv7x.js:0
[   29804ms] [LOG] Player X: 0.00 Y: 6.00 Z: 5.00 @ http://localhost:3000/_next/static/chunks/0-ynv9eqilv7x.js:0
[   29808ms] [LOG] Player X: 0.00 Y: 6.00 Z: 5.00 @ http://localhost:3000/_next/static/chunks/0-ynv9eqilv7x.js:0
[   29811ms] [LOG] Player X: 0.00 Y: 6.00 Z: 5.00 @ http://localhost:3000/_next/static/chunks/0-ynv9eqilv7x.js:0
[   29814ms] [LOG] Player X: 0.00 Y: 6.00 Z: 5.00 @ http://localhost:3000/_next/static/chunks/0-ynv9eqilv7x.js:0
[   29818ms] [LOG] Player X: 0.00 Y: 6.00 Z: 5.00 @ http://localhost:3000/_next/static/chunks/0-ynv9eqilv7x.js:0
[   29821ms] [LOG] Player X: 0.00 Y: 6.00 Z: 5.00 @ http://localhost:3000/_next/static/chunks/0-ynv9eqilv7x.js:0
[   29824ms] [LOG] Player X: 0.00 Y: 6.00 Z: 5.00 @ http://localhost:3000/_next/static/chunks/0-ynv9eqilv7x.js:0
[   29828ms] [LOG] Player X: 0.00 Y: 6.00 Z: 5.00 @ http://localhost:3000/_next/static/chunks/0-ynv9eqilv7x.js:0
[   29831ms] [LOG] Player X: 0.00 Y: 6.00 Z: 5.00 @ http://localhost:3000/_next/static/chunks/0-ynv9eqilv7x.js:0
[   29834ms] [LOG] Player X: 0.00 Y: 6.00 Z: 5.00 @ http://localhost:3000/_next/static/chunks/0-ynv9eqilv7x.js:0
[   29838ms] [LOG] Player X: 0.00 Y: 6.00 Z: 5.00 @ http://localhost:3000/_next/static/chunks/0-ynv9eqilv7x.js:0
[   29841ms] [LOG] Player X: 0.00 Y: 6.00 Z: 5.00 @ http://localhost:3000/_next/static/chunks/0-ynv9eqilv7x.js:0
[   29844ms] [LOG] Player X: 0.00 Y: 6.00 Z: 5.00 @ http://localhost:3000/_next/static/chunks/0-ynv9eqilv7x.js:0
[   29848ms] [LOG] Player X: 0.00 Y: 6.00 Z: 5.00 @ http://localhost:3000/_next/static/chunks/0-ynv9eqilv7x.js:0
[   29851ms] [LOG] Player X: 0.00 Y: 6.00 Z: 5.00 @ http://localhost:3000/_next/static/chunks/0-ynv9eqilv7x.js:0
[   29854ms] [LOG] Player X: 0.00 Y: 6.00 Z: 5.00 @ http://localhost:3000/_next/static/chunks/0-ynv9eqilv7x.js:0
[   29858ms] [LOG] Player X: 0.00 Y: 6.00 Z: 5.00 @ http://localhost:3000/_next/static/chunks/0-ynv9eqilv7x.js:0
[   29861ms] [LOG] Player X: 0.00 Y: 6.00 Z: 5.00 @ http://localhost:3000/_next/static/chunks/0-ynv9eqilv7x.js:0
[   29864ms] [LOG] Player X: 0.00 Y: 6.00 Z: 5.00 @ http://localhost:3000/_next/static/chunks/0-ynv9eqilv7x.js:0
[   29868ms] [LOG] Player X: 0.00 Y: 6.00 Z: 5.00 @ http://localhost:3000/_next/static/chunks/0-ynv9eqilv7x.js:0
[   29871ms] [LOG] Player X: 0.00 Y: 6.00 Z: 5.00 @ http://localhost:3000/_next/static/chunks/0-ynv9eqilv7x.js:0
[   29874ms] [LOG] Player X: 0.00 Y: 6.00 Z: 5.00 @ http://localhost:3000/_next/static/chunks/0-ynv9eqilv7x.js:0
[   29878ms] [LOG] Player X: 0.00 Y: 6.00 Z: 5.00 @ http://localhost:3000/_next/static/chunks/0-ynv9eqilv7x.js:0
[   29881ms] [LOG] Player X: 0.00 Y: 6.00 Z: 5.00 @ http://localhost:3000/_next/static/chunks/0-ynv9eqilv7x.js:0
[   29884ms] [LOG] Player X: 0.00 Y: 6.00 Z: 5.00 @ http://localhost:3000/_next/static/chunks/0-ynv9eqilv7x.js:0
[   29888ms] [LOG] Player X: 0.00 Y: 6.00 Z: 5.00 @ http://localhost:3000/_next/static/chunks/0-ynv9eqilv7x.js:0
[   29891ms] [LOG] Player X: 0.00 Y: 6.00 Z: 5.00 @ http://localhost:3000/_next/static/chunks/0-ynv9eqilv7x.js:0
[   29894ms] [LOG] Player X: 0.00 Y: 6.00 Z: 5.00 @ http://localhost:3000/_next/static/chunks/0-ynv9eqilv7x.js:0
[   29898ms] [LOG] Player X: 0.00 Y: 6.00 Z: 5.00 @ http://localhost:3000/_next/static/chunks/0-ynv9eqilv7x.js:0
[   29901ms] [LOG] Player X: 0.00 Y: 6.00 Z: 5.00 @ http://localhost:3000/_next/static/chunks/0-ynv9eqilv7x.js:0
[   29904ms] [LOG] Player X: 0.00 Y: 6.00 Z: 5.00 @ http://localhost:3000/_next/static/chunks/0-ynv9eqilv7x.js:0
[   29908ms] [LOG] Player X: 0.00 Y: 6.00 Z: 5.00 @ http://localhost:3000/_next/static/chunks/0-ynv9eqilv7x.js:0
[   29911ms] [LOG] Player X: 0.00 Y: 6.00 Z: 5.00 @ http://localhost:3000/_next/static/chunks/0-ynv9eqilv7x.js:0
[   29914ms] [LOG] Player X: 0.00 Y: 6.00 Z: 5.00 @ http://localhost:3000/_next/static/chunks/0-ynv9eqilv7x.js:0
[   29918ms] [LOG] Player X: 0.00 Y: 6.00 Z: 5.00 @ http://localhost:3000/_next/static/chunks/0-ynv9eqilv7x.js:0
[   29921ms] [LOG] Player X: 0.00 Y: 6.00 Z: 5.00 @ http://localhost:3000/_next/static/chunks/0-ynv9eqilv7x.js:0
[   29924ms] [LOG] Player X: 0.00 Y: 6.00 Z: 5.00 @ http://localhost:3000/_next/static/chunks/0-ynv9eqilv7x.js:0
[   29928ms] [LOG] Player X: 0.00 Y: 6.00 Z: 5.00 @ http://localhost:3000/_next/static/chunks/0-ynv9eqilv7x.js:0
[   29931ms] [LOG] Player X: 0.00 Y: 6.00 Z: 5.00 @ http://localhost:3000/_next/static/chunks/0-ynv9eqilv7x.js:0
[   29934ms] [LOG] Player X: 0.00 Y: 6.00 Z: 5.00 @ http://localhost:3000/_next/static/chunks/0-ynv9eqilv7x.js:0
[   29938ms] [LOG] Player X: 0.00 Y: 6.00 Z: 5.00 @ http://localhost:3000/_next/static/chunks/0-ynv9eqilv7x.js:0
[   29941ms] [LOG] Player X: 0.00 Y: 6.00 Z: 5.00 @ http://localhost:3000/_next/static/chunks/0-ynv9eqilv7x.js:0
[   29944ms] [LOG] Player X: 0.00 Y: 6.00 Z: 5.00 @ http://localhost:3000/_next/static/chunks/0-ynv9eqilv7x.js:0
[   29948ms] [LOG] Player X: 0.00 Y: 6.00 Z: 5.00 @ http://localhost:3000/_next/static/chunks/0-ynv9eqilv7x.js:0
[   29951ms] [LOG] Player X: 0.00 Y: 6.00 Z: 5.00 @ http://localhost:3000/_next/static/chunks/0-ynv9eqilv7x.js:0
[   29954ms] [LOG] Player X: 0.00 Y: 6.00 Z: 5.00 @ http://localhost:3000/_next/static/chunks/0-ynv9eqilv7x.js:0
[   29958ms] [LOG] Player X: 0.00 Y: 6.00 Z: 5.00 @ http://localhost:3000/_next/static/chunks/0-ynv9eqilv7x.js:0
[   29961ms] [LOG] Player X: 0.00 Y: 6.00 Z: 5.00 @ http://localhost:3000/_next/static/chunks/0-ynv9eqilv7x.js:0
[   29964ms] [LOG] Player X: 0.00 Y: 6.00 Z: 5.00 @ http://localhost:3000/_next/static/chunks/0-ynv9eqilv7x.js:0
[   29968ms] [LOG] Player X: 0.00 Y: 6.00 Z: 5.00 @ http://localhost:3000/_next/static/chunks/0-ynv9eqilv7x.js:0
[   29971ms] [LOG] Player X: 0.00 Y: 6.00 Z: 5.00 @ http://localhost:3000/_next/static/chunks/0-ynv9eqilv7x.js:0
[   29974ms] [LOG] Player X: 0.00 Y: 6.00 Z: 5.00 @ http://localhost:3000/_next/static/chunks/0-ynv9eqilv7x.js:0
[   29978ms] [LOG] Player X: 0.00 Y: 6.00 Z: 5.00 @ http://localhost:3000/_next/static/chunks/0-ynv9eqilv7x.js:0
[   29981ms] [LOG] Player X: 0.00 Y: 6.00 Z: 5.00 @ http://localhost:3000/_next/static/chunks/0-ynv9eqilv7x.js:0
[   29984ms] [LOG] Player X: 0.00 Y: 6.00 Z: 5.00 @ http://localhost:3000/_next/static/chunks/0-ynv9eqilv7x.js:0
[   29988ms] [LOG] Player X: 0.00 Y: 6.00 Z: 5.00 @ http://localhost:3000/_next/static/chunks/0-ynv9eqilv7x.js:0
[   29991ms] [LOG] Player X: 0.00 Y: 6.00 Z: 5.00 @ http://localhost:3000/_next/static/chunks/0-ynv9eqilv7x.js:0
[   29994ms] [LOG] Player X: 0.00 Y: 6.00 Z: 5.00 @ http://localhost:3000/_next/static/chunks/0-ynv9eqilv7x.js:0
[   29998ms] [LOG] Player X: 0.00 Y: 6.00 Z: 5.00 @ http://localhost:3000/_next/static/chunks/0-ynv9eqilv7x.js:0
[   30001ms] [LOG] Player X: 0.00 Y: 6.00 Z: 5.00 @ http://localhost:3000/_next/static/chunks/0-ynv9eqilv7x.js:0
[   30004ms] [LOG] Player X: 0.00 Y: 6.00 Z: 5.00 @ http://localhost:3000/_next/static/chunks/0-ynv9eqilv7x.js:0
[   30008ms] [LOG] Player X: 0.00 Y: 6.00 Z: 5.00 @ http://localhost:3000/_next/static/chunks/0-ynv9eqilv7x.js:0
[   30011ms] [LOG] Player X: 0.00 Y: 6.00 Z: 5.00 @ http://localhost:3000/_next/static/chunks/0-ynv9eqilv7x.js:0
[   30014ms] [LOG] Player X: 0.00 Y: 6.00 Z: 5.00 @ http://localhost:3000/_next/static/chunks/0-ynv9eqilv7x.js:0
[   30018ms] [LOG] Player X: 0.00 Y: 6.00 Z: 5.00 @ http://localhost:3000/_next/static/chunks/0-ynv9eqilv7x.js:0
[   30021ms] [LOG] Player X: 0.00 Y: 6.00 Z: 5.00 @ http://localhost:3000/_next/static/chunks/0-ynv9eqilv7x.js:0
[   30024ms] [LOG] Player X: 0.00 Y: 6.00 Z: 5.00 @ http://localhost:3000/_next/static/chunks/0-ynv9eqilv7x.js:0
[   30028ms] [LOG] Player X: 0.00 Y: 6.00 Z: 5.00 @ http://localhost:3000/_next/static/chunks/0-ynv9eqilv7x.js:0
[   30031ms] [LOG] Player X: 0.00 Y: 6.00 Z: 5.00 @ http://localhost:3000/_next/static/chunks/0-ynv9eqilv7x.js:0
[   30034ms] [LOG] Player X: 0.00 Y: 6.00 Z: 5.00 @ http://localhost:3000/_next/static/chunks/0-ynv9eqilv7x.js:0
[   30038ms] [LOG] Player X: 0.00 Y: 6.00 Z: 5.00 @ http://localhost:3000/_next/static/chunks/0-ynv9eqilv7x.js:0
[   30041ms] [LOG] Player X: 0.00 Y: 6.00 Z: 5.00 @ http://localhost:3000/_next/static/chunks/0-ynv9eqilv7x.js:0
[   30044ms] [LOG] Player X: 0.00 Y: 6.00 Z: 5.00 @ http://localhost:3000/_next/static/chunks/0-ynv9eqilv7x.js:0
[   30048ms] [LOG] Player X: 0.00 Y: 6.00 Z: 5.00 @ http://localhost:3000/_next/static/chunks/0-ynv9eqilv7x.js:0
[   30051ms] [LOG] Player X: 0.00 Y: 6.00 Z: 5.00 @ http://localhost:3000/_next/static/chunks/0-ynv9eqilv7x.js:0
[   30054ms] [LOG] Player X: 0.00 Y: 6.00 Z: 5.00 @ http://localhost:3000/_next/static/chunks/0-ynv9eqilv7x.js:0
[   30058ms] [LOG] Player X: 0.00 Y: 6.00 Z: 5.00 @ http://localhost:3000/_next/static/chunks/0-ynv9eqilv7x.js:0
[   30061ms] [LOG] Player X: 0.00 Y: 6.00 Z: 5.00 @ http://localhost:3000/_next/static/chunks/0-ynv9eqilv7x.js:0
[   30064ms] [LOG] Player X: 0.00 Y: 6.00 Z: 5.00 @ http://localhost:3000/_next/static/chunks/0-ynv9eqilv7x.js:0
[   30068ms] [LOG] Player X: 0.00 Y: 6.00 Z: 5.00 @ http://localhost:3000/_next/static/chunks/0-ynv9eqilv7x.js:0
[   30071ms] [LOG] Player X: 0.00 Y: 6.00 Z: 5.00 @ http://localhost:3000/_next/static/chunks/0-ynv9eqilv7x.js:0
[   30074ms] [LOG] Player X: 0.00 Y: 6.00 Z: 5.00 @ http://localhost:3000/_next/static/chunks/0-ynv9eqilv7x.js:0
[   30078ms] [LOG] Player X: 0.00 Y: 6.00 Z: 5.00 @ http://localhost:3000/_next/static/chunks/0-ynv9eqilv7x.js:0
[   30081ms] [LOG] Player X: 0.00 Y: 6.00 Z: 5.00 @ http://localhost:3000/_next/static/chunks/0-ynv9eqilv7x.js:0
[   30084ms] [LOG] Player X: 0.00 Y: 6.00 Z: 5.00 @ http://localhost:3000/_next/static/chunks/0-ynv9eqilv7x.js:0
[   30088ms] [LOG] Player X: 0.00 Y: 6.00 Z: 5.00 @ http://localhost:3000/_next/static/chunks/0-ynv9eqilv7x.js:0
[   30091ms] [LOG] Player X: 0.00 Y: 6.00 Z: 5.00 @ http://localhost:3000/_next/static/chunks/0-ynv9eqilv7x.js:0
[   30094ms] [LOG] Player X: 0.00 Y: 6.00 Z: 5.00 @ http://localhost:3000/_next/static/chunks/0-ynv9eqilv7x.js:0
[   30098ms] [LOG] Player X: 0.00 Y: 6.00 Z: 5.00 @ http://localhost:3000/_next/static/chunks/0-ynv9eqilv7x.js:0
[   30101ms] [LOG] Player X: 0.00 Y: 6.00 Z: 5.00 @ http://localhost:3000/_next/static/chunks/0-ynv9eqilv7x.js:0
[   30104ms] [LOG] Player X: 0.00 Y: 6.00 Z: 5.00 @ http://localhost:3000/_next/static/chunks/0-ynv9eqilv7x.js:0
[   30108ms] [LOG] Player X: 0.00 Y: 6.00 Z: 5.00 @ http://localhost:3000/_next/static/chunks/0-ynv9eqilv7x.js:0
[   30111ms] [LOG] Player X: 0.00 Y: 6.00 Z: 5.00 @ http://localhost:3000/_next/static/chunks/0-ynv9eqilv7x.js:0
[   30114ms] [LOG] Player X: 0.00 Y: 6.00 Z: 5.00 @ http://localhost:3000/_next/static/chunks/0-ynv9eqilv7x.js:0
[   30118ms] [LOG] Player X: 0.00 Y: 6.00 Z: 5.00 @ http://localhost:3000/_next/static/chunks/0-ynv9eqilv7x.js:0
[   30121ms] [LOG] Player X: 0.00 Y: 6.00 Z: 5.00 @ http://localhost:3000/_next/static/chunks/0-ynv9eqilv7x.js:0
[   30124ms] [LOG] Player X: 0.00 Y: 6.00 Z: 5.00 @ http://localhost:3000/_next/static/chunks/0-ynv9eqilv7x.js:0
[   30127ms] [LOG] Player X: 0.00 Y: 6.00 Z: 5.00 @ http://localhost:3000/_next/static/chunks/0-ynv9eqilv7x.js:0
[   30131ms] [LOG] Player X: 0.00 Y: 6.00 Z: 5.00 @ http://localhost:3000/_next/static/chunks/0-ynv9eqilv7x.js:0
[   30134ms] [LOG] Player X: 0.00 Y: 6.00 Z: 5.00 @ http://localhost:3000/_next/static/chunks/0-ynv9eqilv7x.js:0
[   30138ms] [LOG] Player X: 0.00 Y: 6.00 Z: 5.00 @ http://localhost:3000/_next/static/chunks/0-ynv9eqilv7x.js:0
[   30141ms] [LOG] Player X: 0.00 Y: 6.00 Z: 5.00 @ http://localhost:3000/_next/static/chunks/0-ynv9eqilv7x.js:0
[   30144ms] [LOG] Player X: 0.00 Y: 6.00 Z: 5.00 @ http://localhost:3000/_next/static/chunks/0-ynv9eqilv7x.js:0
[   30148ms] [LOG] Player X: 0.00 Y: 6.00 Z: 5.00 @ http://localhost:3000/_next/static/chunks/0-ynv9eqilv7x.js:0
[   30151ms] [LOG] Player X: 0.00 Y: 6.00 Z: 5.00 @ http://localhost:3000/_next/static/chunks/0-ynv9eqilv7x.js:0
[   30154ms] [LOG] Player X: 0.00 Y: 6.00 Z: 5.00 @ http://localhost:3000/_next/static/chunks/0-ynv9eqilv7x.js:0
[   30158ms] [LOG] Player X: 0.00 Y: 6.00 Z: 5.00 @ http://localhost:3000/_next/static/chunks/0-ynv9eqilv7x.js:0
[   30161ms] [LOG] Player X: 0.00 Y: 6.00 Z: 5.00 @ http://localhost:3000/_next/static/chunks/0-ynv9eqilv7x.js:0
[   30164ms] [LOG] Player X: 0.00 Y: 6.00 Z: 5.00 @ http://localhost:3000/_next/static/chunks/0-ynv9eqilv7x.js:0
[   30168ms] [LOG] Player X: 0.00 Y: 6.00 Z: 5.00 @ http://localhost:3000/_next/static/chunks/0-ynv9eqilv7x.js:0
[   30171ms] [LOG] Player X: 0.00 Y: 6.00 Z: 5.00 @ http://localhost:3000/_next/static/chunks/0-ynv9eqilv7x.js:0
[   30174ms] [LOG] Player X: 0.00 Y: 6.00 Z: 5.00 @ http://localhost:3000/_next/static/chunks/0-ynv9eqilv7x.js:0
[   30178ms] [LOG] Player X: 0.00 Y: 6.00 Z: 5.00 @ http://localhost:3000/_next/static/chunks/0-ynv9eqilv7x.js:0
[   30181ms] [LOG] Player X: 0.00 Y: 6.00 Z: 5.00 @ http://localhost:3000/_next/static/chunks/0-ynv9eqilv7x.js:0
[   30184ms] [LOG] Player X: 0.00 Y: 6.00 Z: 5.00 @ http://localhost:3000/_next/static/chunks/0-ynv9eqilv7x.js:0
[   30188ms] [LOG] Player X: 0.00 Y: 6.00 Z: 5.00 @ http://localhost:3000/_next/static/chunks/0-ynv9eqilv7x.js:0
[   30191ms] [LOG] Player X: 0.00 Y: 6.00 Z: 5.00 @ http://localhost:3000/_next/static/chunks/0-ynv9eqilv7x.js:0
[   30194ms] [LOG] Player X: 0.00 Y: 6.00 Z: 5.00 @ http://localhost:3000/_next/static/chunks/0-ynv9eqilv7x.js:0
[   30198ms] [LOG] Player X: 0.00 Y: 6.00 Z: 5.00 @ http://localhost:3000/_next/static/chunks/0-ynv9eqilv7x.js:0
[   30201ms] [LOG] Player X: 0.00 Y: 6.00 Z: 5.00 @ http://localhost:3000/_next/static/chunks/0-ynv9eqilv7x.js:0
[   30204ms] [LOG] Player X: 0.00 Y: 6.00 Z: 5.00 @ http://localhost:3000/_next/static/chunks/0-ynv9eqilv7x.js:0
[   30208ms] [LOG] Player X: 0.00 Y: 6.00 Z: 5.00 @ http://localhost:3000/_next/static/chunks/0-ynv9eqilv7x.js:0
[   30211ms] [LOG] Player X: 0.00 Y: 6.00 Z: 5.00 @ http://localhost:3000/_next/static/chunks/0-ynv9eqilv7x.js:0
[   30214ms] [LOG] Player X: 0.00 Y: 6.00 Z: 5.00 @ http://localhost:3000/_next/static/chunks/0-ynv9eqilv7x.js:0
[   30218ms] [LOG] Player X: 0.00 Y: 6.00 Z: 5.00 @ http://localhost:3000/_next/static/chunks/0-ynv9eqilv7x.js:0
[   30221ms] [LOG] Player X: 0.00 Y: 6.00 Z: 5.00 @ http://localhost:3000/_next/static/chunks/0-ynv9eqilv7x.js:0
[   30224ms] [LOG] Player X: 0.00 Y: 6.00 Z: 5.00 @ http://localhost:3000/_next/static/chunks/0-ynv9eqilv7x.js:0
[   30228ms] [LOG] Player X: 0.00 Y: 6.00 Z: 5.00 @ http://localhost:3000/_next/static/chunks/0-ynv9eqilv7x.js:0
[   30231ms] [LOG] Player X: 0.00 Y: 6.00 Z: 5.00 @ http://localhost:3000/_next/static/chunks/0-ynv9eqilv7x.js:0
[   30234ms] [LOG] Player X: 0.00 Y: 6.00 Z: 5.00 @ http://localhost:3000/_next/static/chunks/0-ynv9eqilv7x.js:0
[   30238ms] [LOG] Player X: 0.00 Y: 6.00 Z: 5.00 @ http://localhost:3000/_next/static/chunks/0-ynv9eqilv7x.js:0
[   30241ms] [LOG] Player X: 0.00 Y: 6.00 Z: 5.00 @ http://localhost:3000/_next/static/chunks/0-ynv9eqilv7x.js:0
[   30244ms] [LOG] Player X: 0.00 Y: 6.00 Z: 5.00 @ http://localhost:3000/_next/static/chunks/0-ynv9eqilv7x.js:0
[   30248ms] [LOG] Player X: 0.00 Y: 6.00 Z: 5.00 @ http://localhost:3000/_next/static/chunks/0-ynv9eqilv7x.js:0
[   30251ms] [LOG] Player X: 0.00 Y: 6.00 Z: 5.00 @ http://localhost:3000/_next/static/chunks/0-ynv9eqilv7x.js:0
[   30254ms] [LOG] Player X: 0.00 Y: 6.00 Z: 5.00 @ http://localhost:3000/_next/static/chunks/0-ynv9eqilv7x.js:0
[   30258ms] [LOG] Player X: 0.00 Y: 6.00 Z: 5.00 @ http://localhost:3000/_next/static/chunks/0-ynv9eqilv7x.js:0
[   30261ms] [LOG] Player X: 0.00 Y: 6.00 Z: 5.00 @ http://localhost:3000/_next/static/chunks/0-ynv9eqilv7x.js:0
[   30264ms] [LOG] Player X: 0.00 Y: 6.00 Z: 5.00 @ http://localhost:3000/_next/static/chunks/0-ynv9eqilv7x.js:0
[   30268ms] [LOG] Player X: 0.00 Y: 6.00 Z: 5.00 @ http://localhost:3000/_next/static/chunks/0-ynv9eqilv7x.js:0
[   30271ms] [LOG] Player X: 0.00 Y: 6.00 Z: 5.00 @ http://localhost:3000/_next/static/chunks/0-ynv9eqilv7x.js:0
[   30274ms] [LOG] Player X: 0.00 Y: 6.00 Z: 5.00 @ http://localhost:3000/_next/static/chunks/0-ynv9eqilv7x.js:0
[   30278ms] [LOG] Player X: 0.00 Y: 6.00 Z: 5.00 @ http://localhost:3000/_next/static/chunks/0-ynv9eqilv7x.js:0
[   30281ms] [LOG] Player X: 0.00 Y: 6.00 Z: 5.00 @ http://localhost:3000/_next/static/chunks/0-ynv9eqilv7x.js:0
[   30284ms] [LOG] Player X: 0.00 Y: 6.00 Z: 5.00 @ http://localhost:3000/_next/static/chunks/0-ynv9eqilv7x.js:0
[   30288ms] [LOG] Player X: 0.00 Y: 6.00 Z: 5.00 @ http://localhost:3000/_next/static/chunks/0-ynv9eqilv7x.js:0
[   30291ms] [LOG] Player X: 0.00 Y: 6.00 Z: 5.00 @ http://localhost:3000/_next/static/chunks/0-ynv9eqilv7x.js:0
[   30294ms] [LOG] Player X: 0.00 Y: 6.00 Z: 5.00 @ http://localhost:3000/_next/static/chunks/0-ynv9eqilv7x.js:0
[   30298ms] [LOG] Player X: 0.00 Y: 6.00 Z: 5.00 @ http://localhost:3000/_next/static/chunks/0-ynv9eqilv7x.js:0
[   30301ms] [LOG] Player X: 0.00 Y: 6.00 Z: 5.00 @ http://localhost:3000/_next/static/chunks/0-ynv9eqilv7x.js:0
[   30304ms] [LOG] Player X: 0.00 Y: 6.00 Z: 5.00 @ http://localhost:3000/_next/static/chunks/0-ynv9eqilv7x.js:0
[   30308ms] [LOG] Player X: 0.00 Y: 6.00 Z: 5.00 @ http://localhost:3000/_next/static/chunks/0-ynv9eqilv7x.js:0
[   30311ms] [LOG] Player X: 0.00 Y: 6.00 Z: 5.00 @ http://localhost:3000/_next/static/chunks/0-ynv9eqilv7x.js:0
[   30314ms] [LOG] Player X: 0.00 Y: 6.00 Z: 5.00 @ http://localhost:3000/_next/static/chunks/0-ynv9eqilv7x.js:0
[   30318ms] [LOG] Player X: 0.00 Y: 6.00 Z: 5.00 @ http://localhost:3000/_next/static/chunks/0-ynv9eqilv7x.js:0
[   30321ms] [LOG] Player X: 0.00 Y: 6.00 Z: 5.00 @ http://localhost:3000/_next/static/chunks/0-ynv9eqilv7x.js:0
[   30324ms] [LOG] Player X: 0.00 Y: 6.00 Z: 5.00 @ http://localhost:3000/_next/static/chunks/0-ynv9eqilv7x.js:0
[   30328ms] [LOG] Player X: 0.00 Y: 6.00 Z: 5.00 @ http://localhost:3000/_next/static/chunks/0-ynv9eqilv7x.js:0
[   30331ms] [LOG] Player X: 0.00 Y: 6.00 Z: 5.00 @ http://localhost:3000/_next/static/chunks/0-ynv9eqilv7x.js:0
[   30334ms] [LOG] Player X: 0.00 Y: 6.00 Z: 5.00 @ http://localhost:3000/_next/static/chunks/0-ynv9eqilv7x.js:0
[   30338ms] [LOG] Player X: 0.00 Y: 6.00 Z: 5.00 @ http://localhost:3000/_next/static/chunks/0-ynv9eqilv7x.js:0
[   30341ms] [LOG] Player X: 0.00 Y: 6.00 Z: 5.00 @ http://localhost:3000/_next/static/chunks/0-ynv9eqilv7x.js:0
[   30344ms] [LOG] Player X: 0.00 Y: 6.00 Z: 5.00 @ http://localhost:3000/_next/static/chunks/0-ynv9eqilv7x.js:0
[   30347ms] [LOG] Player X: 0.00 Y: 6.00 Z: 5.00 @ http://localhost:3000/_next/static/chunks/0-ynv9eqilv7x.js:0
[   30351ms] [LOG] Player X: 0.00 Y: 6.00 Z: 5.00 @ http://localhost:3000/_next/static/chunks/0-ynv9eqilv7x.js:0
[   30354ms] [LOG] Player X: 0.00 Y: 6.00 Z: 5.00 @ http://localhost:3000/_next/static/chunks/0-ynv9eqilv7x.js:0
[   30358ms] [LOG] Player X: 0.00 Y: 6.00 Z: 5.00 @ http://localhost:3000/_next/static/chunks/0-ynv9eqilv7x.js:0
[   30361ms] [LOG] Player X: 0.00 Y: 6.00 Z: 5.00 @ http://localhost:3000/_next/static/chunks/0-ynv9eqilv7x.js:0
[   30364ms] [LOG] Player X: 0.00 Y: 6.00 Z: 5.00 @ http://localhost:3000/_next/static/chunks/0-ynv9eqilv7x.js:0
[   30368ms] [LOG] Player X: 0.00 Y: 6.00 Z: 5.00 @ http://localhost:3000/_next/static/chunks/0-ynv9eqilv7x.js:0
[   30371ms] [LOG] Player X: 0.00 Y: 6.00 Z: 5.00 @ http://localhost:3000/_next/static/chunks/0-ynv9eqilv7x.js:0
[   30374ms] [LOG] Player X: 0.00 Y: 6.00 Z: 5.00 @ http://localhost:3000/_next/static/chunks/0-ynv9eqilv7x.js:0
[   30378ms] [LOG] Player X: 0.00 Y: 6.00 Z: 5.00 @ http://localhost:3000/_next/static/chunks/0-ynv9eqilv7x.js:0
[   30381ms] [LOG] Player X: 0.00 Y: 6.00 Z: 5.00 @ http://localhost:3000/_next/static/chunks/0-ynv9eqilv7x.js:0
[   30384ms] [LOG] Player X: 0.00 Y: 6.00 Z: 5.00 @ http://localhost:3000/_next/static/chunks/0-ynv9eqilv7x.js:0
[   30388ms] [LOG] Player X: 0.00 Y: 6.00 Z: 5.00 @ http://localhost:3000/_next/static/chunks/0-ynv9eqilv7x.js:0
[   30391ms] [LOG] Player X: 0.00 Y: 6.00 Z: 5.00 @ http://localhost:3000/_next/static/chunks/0-ynv9eqilv7x.js:0
[   30394ms] [LOG] Player X: 0.00 Y: 6.00 Z: 5.00 @ http://localhost:3000/_next/static/chunks/0-ynv9eqilv7x.js:0
[   30398ms] [LOG] Player X: 0.00 Y: 6.00 Z: 5.00 @ http://localhost:3000/_next/static/chunks/0-ynv9eqilv7x.js:0
[   30401ms] [LOG] Player X: 0.00 Y: 6.00 Z: 5.00 @ http://localhost:3000/_next/static/chunks/0-ynv9eqilv7x.js:0
[   30404ms] [LOG] Player X: 0.00 Y: 6.00 Z: 5.00 @ http://localhost:3000/_next/static/chunks/0-ynv9eqilv7x.js:0
[   30408ms] [LOG] Player X: 0.00 Y: 6.00 Z: 5.00 @ http://localhost:3000/_next/static/chunks/0-ynv9eqilv7x.js:0
[   30411ms] [LOG] Player X: 0.00 Y: 6.00 Z: 5.00 @ http://localhost:3000/_next/static/chunks/0-ynv9eqilv7x.js:0
[   30414ms] [LOG] Player X: 0.00 Y: 6.00 Z: 5.00 @ http://localhost:3000/_next/static/chunks/0-ynv9eqilv7x.js:0
[   30418ms] [LOG] Player X: 0.00 Y: 6.00 Z: 5.00 @ http://localhost:3000/_next/static/chunks/0-ynv9eqilv7x.js:0
[   30421ms] [LOG] Player X: 0.00 Y: 6.00 Z: 5.00 @ http://localhost:3000/_next/static/chunks/0-ynv9eqilv7x.js:0
[   30424ms] [LOG] Player X: 0.00 Y: 6.00 Z: 5.00 @ http://localhost:3000/_next/static/chunks/0-ynv9eqilv7x.js:0
[   30428ms] [LOG] Player X: 0.00 Y: 6.00 Z: 5.00 @ http://localhost:3000/_next/static/chunks/0-ynv9eqilv7x.js:0
[   30431ms] [LOG] Player X: 0.00 Y: 6.00 Z: 5.00 @ http://localhost:3000/_next/static/chunks/0-ynv9eqilv7x.js:0
[   30434ms] [LOG] Player X: 0.00 Y: 6.00 Z: 5.00 @ http://localhost:3000/_next/static/chunks/0-ynv9eqilv7x.js:0
[   30438ms] [LOG] Player X: 0.00 Y: 6.00 Z: 5.00 @ http://localhost:3000/_next/static/chunks/0-ynv9eqilv7x.js:0
[   30441ms] [LOG] Player X: 0.00 Y: 6.00 Z: 5.00 @ http://localhost:3000/_next/static/chunks/0-ynv9eqilv7x.js:0
[   30444ms] [LOG] Player X: 0.00 Y: 6.00 Z: 5.00 @ http://localhost:3000/_next/static/chunks/0-ynv9eqilv7x.js:0
[   30448ms] [LOG] Player X: 0.00 Y: 6.00 Z: 5.00 @ http://localhost:3000/_next/static/chunks/0-ynv9eqilv7x.js:0
[   30451ms] [LOG] Player X: 0.00 Y: 6.00 Z: 5.00 @ http://localhost:3000/_next/static/chunks/0-ynv9eqilv7x.js:0
[   30454ms] [LOG] Player X: 0.00 Y: 6.00 Z: 5.00 @ http://localhost:3000/_next/static/chunks/0-ynv9eqilv7x.js:0
[   30458ms] [LOG] Player X: 0.00 Y: 6.00 Z: 5.00 @ http://localhost:3000/_next/static/chunks/0-ynv9eqilv7x.js:0
[   30461ms] [LOG] Player X: 0.00 Y: 6.00 Z: 5.00 @ http://localhost:3000/_next/static/chunks/0-ynv9eqilv7x.js:0
[   30464ms] [LOG] Player X: 0.00 Y: 6.00 Z: 5.00 @ http://localhost:3000/_next/static/chunks/0-ynv9eqilv7x.js:0
[   30468ms] [LOG] Player X: 0.00 Y: 6.00 Z: 5.00 @ http://localhost:3000/_next/static/chunks/0-ynv9eqilv7x.js:0
[   30471ms] [LOG] Player X: 0.00 Y: 6.00 Z: 5.00 @ http://localhost:3000/_next/static/chunks/0-ynv9eqilv7x.js:0
[   30474ms] [LOG] Player X: 0.00 Y: 6.00 Z: 5.00 @ http://localhost:3000/_next/static/chunks/0-ynv9eqilv7x.js:0
[   30478ms] [LOG] Player X: 0.00 Y: 6.00 Z: 5.00 @ http://localhost:3000/_next/static/chunks/0-ynv9eqilv7x.js:0
[   30481ms] [LOG] Player X: 0.00 Y: 6.00 Z: 5.00 @ http://localhost:3000/_next/static/chunks/0-ynv9eqilv7x.js:0
[   30484ms] [LOG] Player X: 0.00 Y: 6.00 Z: 5.00 @ http://localhost:3000/_next/static/chunks/0-ynv9eqilv7x.js:0
[   30488ms] [LOG] Player X: 0.00 Y: 6.00 Z: 5.00 @ http://localhost:3000/_next/static/chunks/0-ynv9eqilv7x.js:0
[   30491ms] [LOG] Player X: 0.00 Y: 6.00 Z: 5.00 @ http://localhost:3000/_next/static/chunks/0-ynv9eqilv7x.js:0
[   30494ms] [LOG] Player X: 0.00 Y: 6.00 Z: 5.00 @ http://localhost:3000/_next/static/chunks/0-ynv9eqilv7x.js:0
[   30498ms] [LOG] Player X: 0.00 Y: 6.00 Z: 5.00 @ http://localhost:3000/_next/static/chunks/0-ynv9eqilv7x.js:0
[   30501ms] [LOG] Player X: 0.00 Y: 6.00 Z: 5.00 @ http://localhost:3000/_next/static/chunks/0-ynv9eqilv7x.js:0
[   30504ms] [LOG] Player X: 0.00 Y: 6.00 Z: 5.00 @ http://localhost:3000/_next/static/chunks/0-ynv9eqilv7x.js:0
[   30508ms] [LOG] Player X: 0.00 Y: 6.00 Z: 5.00 @ http://localhost:3000/_next/static/chunks/0-ynv9eqilv7x.js:0
[   30511ms] [LOG] Player X: 0.00 Y: 6.00 Z: 5.00 @ http://localhost:3000/_next/static/chunks/0-ynv9eqilv7x.js:0
[   30514ms] [LOG] Player X: 0.00 Y: 6.00 Z: 5.00 @ http://localhost:3000/_next/static/chunks/0-ynv9eqilv7x.js:0
[   30518ms] [LOG] Player X: 0.00 Y: 6.00 Z: 5.00 @ http://localhost:3000/_next/static/chunks/0-ynv9eqilv7x.js:0
[   30521ms] [LOG] Player X: 0.00 Y: 6.00 Z: 5.00 @ http://localhost:3000/_next/static/chunks/0-ynv9eqilv7x.js:0
[   30524ms] [LOG] Player X: 0.00 Y: 6.00 Z: 5.00 @ http://localhost:3000/_next/static/chunks/0-ynv9eqilv7x.js:0
[   30528ms] [LOG] Player X: 0.00 Y: 6.00 Z: 5.00 @ http://localhost:3000/_next/static/chunks/0-ynv9eqilv7x.js:0
[   30531ms] [LOG] Player X: 0.00 Y: 6.00 Z: 5.00 @ http://localhost:3000/_next/static/chunks/0-ynv9eqilv7x.js:0
[   30534ms] [LOG] Player X: 0.00 Y: 6.00 Z: 5.00 @ http://localhost:3000/_next/static/chunks/0-ynv9eqilv7x.js:0
[   30538ms] [LOG] Player X: 0.00 Y: 6.00 Z: 5.00 @ http://localhost:3000/_next/static/chunks/0-ynv9eqilv7x.js:0
[   30541ms] [LOG] Player X: 0.00 Y: 6.00 Z: 5.00 @ http://localhost:3000/_next/static/chunks/0-ynv9eqilv7x.js:0
[   30544ms] [LOG] Player X: 0.00 Y: 6.00 Z: 5.00 @ http://localhost:3000/_next/static/chunks/0-ynv9eqilv7x.js:0
[   30547ms] [LOG] Player X: 0.00 Y: 6.00 Z: 5.00 @ http://localhost:3000/_next/static/chunks/0-ynv9eqilv7x.js:0
[   30551ms] [LOG] Player X: 0.00 Y: 6.00 Z: 5.00 @ http://localhost:3000/_next/static/chunks/0-ynv9eqilv7x.js:0
[   30556ms] [LOG] Player X: 0.00 Y: 6.00 Z: 5.00 @ http://localhost:3000/_next/static/chunks/0-ynv9eqilv7x.js:0
[   30558ms] [LOG] Player X: 0.00 Y: 6.00 Z: 5.00 @ http://localhost:3000/_next/static/chunks/0-ynv9eqilv7x.js:0
[   30561ms] [LOG] Player X: 0.00 Y: 6.00 Z: 5.00 @ http://localhost:3000/_next/static/chunks/0-ynv9eqilv7x.js:0
[   30564ms] [LOG] Player X: 0.00 Y: 6.00 Z: 5.00 @ http://localhost:3000/_next/static/chunks/0-ynv9eqilv7x.js:0
[   30568ms] [LOG] Player X: 0.00 Y: 6.00 Z: 5.00 @ http://localhost:3000/_next/static/chunks/0-ynv9eqilv7x.js:0
[   30571ms] [LOG] Player X: 0.00 Y: 6.00 Z: 5.00 @ http://localhost:3000/_next/static/chunks/0-ynv9eqilv7x.js:0
[   30574ms] [LOG] Player X: 0.00 Y: 6.00 Z: 5.00 @ http://localhost:3000/_next/static/chunks/0-ynv9eqilv7x.js:0
[   30577ms] [LOG] Player X: 0.00 Y: 6.00 Z: 5.00 @ http://localhost:3000/_next/static/chunks/0-ynv9eqilv7x.js:0
[   30581ms] [LOG] Player X: 0.00 Y: 6.00 Z: 5.00 @ http://localhost:3000/_next/static/chunks/0-ynv9eqilv7x.js:0
[   30584ms] [LOG] Player X: 0.00 Y: 6.00 Z: 5.00 @ http://localhost:3000/_next/static/chunks/0-ynv9eqilv7x.js:0
[   30588ms] [LOG] Player X: 0.00 Y: 6.00 Z: 5.00 @ http://localhost:3000/_next/static/chunks/0-ynv9eqilv7x.js:0
[   30591ms] [LOG] Player X: 0.00 Y: 6.00 Z: 5.00 @ http://localhost:3000/_next/static/chunks/0-ynv9eqilv7x.js:0
[   30594ms] [LOG] Player X: 0.00 Y: 6.00 Z: 5.00 @ http://localhost:3000/_next/static/chunks/0-ynv9eqilv7x.js:0
[   30598ms] [LOG] Player X: 0.00 Y: 6.00 Z: 5.00 @ http://localhost:3000/_next/static/chunks/0-ynv9eqilv7x.js:0
[   30601ms] [LOG] Player X: 0.00 Y: 6.00 Z: 5.00 @ http://localhost:3000/_next/static/chunks/0-ynv9eqilv7x.js:0
[   30604ms] [LOG] Player X: 0.00 Y: 6.00 Z: 5.00 @ http://localhost:3000/_next/static/chunks/0-ynv9eqilv7x.js:0
[   30608ms] [LOG] Player X: 0.00 Y: 6.00 Z: 5.00 @ http://localhost:3000/_next/static/chunks/0-ynv9eqilv7x.js:0
[   30611ms] [LOG] Player X: 0.00 Y: 6.00 Z: 5.00 @ http://localhost:3000/_next/static/chunks/0-ynv9eqilv7x.js:0
[   30614ms] [LOG] Player X: 0.00 Y: 6.00 Z: 5.00 @ http://localhost:3000/_next/static/chunks/0-ynv9eqilv7x.js:0
[   30618ms] [LOG] Player X: 0.00 Y: 6.00 Z: 5.00 @ http://localhost:3000/_next/static/chunks/0-ynv9eqilv7x.js:0
[   30621ms] [LOG] Player X: 0.00 Y: 6.00 Z: 5.00 @ http://localhost:3000/_next/static/chunks/0-ynv9eqilv7x.js:0
[   30624ms] [LOG] Player X: 0.00 Y: 6.00 Z: 5.00 @ http://localhost:3000/_next/static/chunks/0-ynv9eqilv7x.js:0
[   30628ms] [LOG] Player X: 0.00 Y: 6.00 Z: 5.00 @ http://localhost:3000/_next/static/chunks/0-ynv9eqilv7x.js:0
[   30631ms] [LOG] Player X: 0.00 Y: 6.00 Z: 5.00 @ http://localhost:3000/_next/static/chunks/0-ynv9eqilv7x.js:0
[   30634ms] [LOG] Player X: 0.00 Y: 6.00 Z: 5.00 @ http://localhost:3000/_next/static/chunks/0-ynv9eqilv7x.js:0
[   30638ms] [LOG] Player X: 0.00 Y: 6.00 Z: 5.00 @ http://localhost:3000/_next/static/chunks/0-ynv9eqilv7x.js:0
[   30641ms] [LOG] Player X: 0.00 Y: 6.00 Z: 5.00 @ http://localhost:3000/_next/static/chunks/0-ynv9eqilv7x.js:0
[   30644ms] [LOG] Player X: 0.00 Y: 6.00 Z: 5.00 @ http://localhost:3000/_next/static/chunks/0-ynv9eqilv7x.js:0
[   30648ms] [LOG] Player X: 0.00 Y: 6.00 Z: 5.00 @ http://localhost:3000/_next/static/chunks/0-ynv9eqilv7x.js:0
[   30651ms] [LOG] Player X: 0.00 Y: 6.00 Z: 5.00 @ http://localhost:3000/_next/static/chunks/0-ynv9eqilv7x.js:0
[   30654ms] [LOG] Player X: 0.00 Y: 6.00 Z: 5.00 @ http://localhost:3000/_next/static/chunks/0-ynv9eqilv7x.js:0
[   30658ms] [LOG] Player X: 0.00 Y: 6.00 Z: 5.00 @ http://localhost:3000/_next/static/chunks/0-ynv9eqilv7x.js:0
[   30661ms] [LOG] Player X: 0.00 Y: 6.00 Z: 5.00 @ http://localhost:3000/_next/static/chunks/0-ynv9eqilv7x.js:0
[   30664ms] [LOG] Player X: 0.00 Y: 6.00 Z: 5.00 @ http://localhost:3000/_next/static/chunks/0-ynv9eqilv7x.js:0
[   30668ms] [LOG] Player X: 0.00 Y: 6.00 Z: 5.00 @ http://localhost:3000/_next/static/chunks/0-ynv9eqilv7x.js:0
[   30671ms] [LOG] Player X: 0.00 Y: 6.00 Z: 5.00 @ http://localhost:3000/_next/static/chunks/0-ynv9eqilv7x.js:0
[   30674ms] [LOG] Player X: 0.00 Y: 6.00 Z: 5.00 @ http://localhost:3000/_next/static/chunks/0-ynv9eqilv7x.js:0
[   30678ms] [LOG] Player X: 0.00 Y: 6.00 Z: 5.00 @ http://localhost:3000/_next/static/chunks/0-ynv9eqilv7x.js:0
[   30681ms] [LOG] Player X: 0.00 Y: 6.00 Z: 5.00 @ http://localhost:3000/_next/static/chunks/0-ynv9eqilv7x.js:0
[   30684ms] [LOG] Player X: 0.00 Y: 6.00 Z: 5.00 @ http://localhost:3000/_next/static/chunks/0-ynv9eqilv7x.js:0
[   30688ms] [LOG] Player X: 0.00 Y: 6.00 Z: 5.00 @ http://localhost:3000/_next/static/chunks/0-ynv9eqilv7x.js:0
[   30691ms] [LOG] Player X: 0.00 Y: 6.00 Z: 5.00 @ http://localhost:3000/_next/static/chunks/0-ynv9eqilv7x.js:0
[   30694ms] [LOG] Player X: 0.00 Y: 6.00 Z: 5.00 @ http://localhost:3000/_next/static/chunks/0-ynv9eqilv7x.js:0
[   30698ms] [LOG] Player X: 0.00 Y: 6.00 Z: 5.00 @ http://localhost:3000/_next/static/chunks/0-ynv9eqilv7x.js:0
[   30701ms] [LOG] Player X: 0.00 Y: 6.00 Z: 5.00 @ http://localhost:3000/_next/static/chunks/0-ynv9eqilv7x.js:0
[   30704ms] [LOG] Player X: 0.00 Y: 6.00 Z: 5.00 @ http://localhost:3000/_next/static/chunks/0-ynv9eqilv7x.js:0
[   30708ms] [LOG] Player X: 0.00 Y: 6.00 Z: 5.00 @ http://localhost:3000/_next/static/chunks/0-ynv9eqilv7x.js:0
[   30711ms] [LOG] Player X: 0.00 Y: 6.00 Z: 5.00 @ http://localhost:3000/_next/static/chunks/0-ynv9eqilv7x.js:0
[   30714ms] [LOG] Player X: 0.00 Y: 6.00 Z: 5.00 @ http://localhost:3000/_next/static/chunks/0-ynv9eqilv7x.js:0
[   30718ms] [LOG] Player X: 0.00 Y: 6.00 Z: 5.00 @ http://localhost:3000/_next/static/chunks/0-ynv9eqilv7x.js:0
[   30721ms] [LOG] Player X: 0.00 Y: 6.00 Z: 5.00 @ http://localhost:3000/_next/static/chunks/0-ynv9eqilv7x.js:0
[   30724ms] [LOG] Player X: 0.00 Y: 6.00 Z: 5.00 @ http://localhost:3000/_next/static/chunks/0-ynv9eqilv7x.js:0
[   30728ms] [LOG] Player X: 0.00 Y: 6.00 Z: 5.00 @ http://localhost:3000/_next/static/chunks/0-ynv9eqilv7x.js:0
[   30731ms] [LOG] Player X: 0.00 Y: 6.00 Z: 5.00 @ http://localhost:3000/_next/static/chunks/0-ynv9eqilv7x.js:0
[   30734ms] [LOG] Player X: 0.00 Y: 6.00 Z: 5.00 @ http://localhost:3000/_next/static/chunks/0-ynv9eqilv7x.js:0
[   30738ms] [LOG] Player X: 0.00 Y: 6.00 Z: 5.00 @ http://localhost:3000/_next/static/chunks/0-ynv9eqilv7x.js:0
[   30741ms] [LOG] Player X: 0.00 Y: 6.00 Z: 5.00 @ http://localhost:3000/_next/static/chunks/0-ynv9eqilv7x.js:0
[   30744ms] [LOG] Player X: 0.00 Y: 6.00 Z: 5.00 @ http://localhost:3000/_next/static/chunks/0-ynv9eqilv7x.js:0
[   30748ms] [LOG] Player X: 0.00 Y: 6.00 Z: 5.00 @ http://localhost:3000/_next/static/chunks/0-ynv9eqilv7x.js:0
[   30751ms] [LOG] Player X: 0.00 Y: 6.00 Z: 5.00 @ http://localhost:3000/_next/static/chunks/0-ynv9eqilv7x.js:0
[   30754ms] [LOG] Player X: 0.00 Y: 6.00 Z: 5.00 @ http://localhost:3000/_next/static/chunks/0-ynv9eqilv7x.js:0
[   30758ms] [LOG] Player X: 0.00 Y: 6.00 Z: 5.00 @ http://localhost:3000/_next/static/chunks/0-ynv9eqilv7x.js:0
[   30761ms] [LOG] Player X: 0.00 Y: 6.00 Z: 5.00 @ http://localhost:3000/_next/static/chunks/0-ynv9eqilv7x.js:0
[   30764ms] [LOG] Player X: 0.00 Y: 6.00 Z: 5.00 @ http://localhost:3000/_next/static/chunks/0-ynv9eqilv7x.js:0
[   30768ms] [LOG] Player X: 0.00 Y: 6.00 Z: 5.00 @ http://localhost:3000/_next/static/chunks/0-ynv9eqilv7x.js:0
[   30771ms] [LOG] Player X: 0.00 Y: 6.00 Z: 5.00 @ http://localhost:3000/_next/static/chunks/0-ynv9eqilv7x.js:0
[   30774ms] [LOG] Player X: 0.00 Y: 6.00 Z: 5.00 @ http://localhost:3000/_next/static/chunks/0-ynv9eqilv7x.js:0
[   30778ms] [LOG] Player X: 0.00 Y: 6.00 Z: 5.00 @ http://localhost:3000/_next/static/chunks/0-ynv9eqilv7x.js:0
[   30781ms] [LOG] Player X: 0.00 Y: 6.00 Z: 5.00 @ http://localhost:3000/_next/static/chunks/0-ynv9eqilv7x.js:0
[   30784ms] [LOG] Player X: 0.00 Y: 6.00 Z: 5.00 @ http://localhost:3000/_next/static/chunks/0-ynv9eqilv7x.js:0
[   30788ms] [LOG] Player X: 0.00 Y: 6.00 Z: 5.00 @ http://localhost:3000/_next/static/chunks/0-ynv9eqilv7x.js:0
[   30791ms] [LOG] Player X: 0.00 Y: 6.00 Z: 5.00 @ http://localhost:3000/_next/static/chunks/0-ynv9eqilv7x.js:0
[   30794ms] [LOG] Player X: 0.00 Y: 6.00 Z: 5.00 @ http://localhost:3000/_next/static/chunks/0-ynv9eqilv7x.js:0
[   30798ms] [LOG] Player X: 0.00 Y: 6.00 Z: 5.00 @ http://localhost:3000/_next/static/chunks/0-ynv9eqilv7x.js:0
[   30801ms] [LOG] Player X: 0.00 Y: 6.00 Z: 5.00 @ http://localhost:3000/_next/static/chunks/0-ynv9eqilv7x.js:0
[   30804ms] [LOG] Player X: 0.00 Y: 6.00 Z: 5.00 @ http://localhost:3000/_next/static/chunks/0-ynv9eqilv7x.js:0
[   30808ms] [LOG] Player X: 0.00 Y: 6.00 Z: 5.00 @ http://localhost:3000/_next/static/chunks/0-ynv9eqilv7x.js:0
[   30811ms] [LOG] Player X: 0.00 Y: 6.00 Z: 5.00 @ http://localhost:3000/_next/static/chunks/0-ynv9eqilv7x.js:0
[   30814ms] [LOG] Player X: 0.00 Y: 6.00 Z: 5.00 @ http://localhost:3000/_next/static/chunks/0-ynv9eqilv7x.js:0
[   30817ms] [LOG] Player X: 0.00 Y: 6.00 Z: 5.00 @ http://localhost:3000/_next/static/chunks/0-ynv9eqilv7x.js:0
[   30821ms] [LOG] Player X: 0.00 Y: 6.00 Z: 5.00 @ http://localhost:3000/_next/static/chunks/0-ynv9eqilv7x.js:0
[   30824ms] [LOG] Player X: 0.00 Y: 6.00 Z: 5.00 @ http://localhost:3000/_next/static/chunks/0-ynv9eqilv7x.js:0
[   30827ms] [LOG] Player X: 0.00 Y: 6.00 Z: 5.00 @ http://localhost:3000/_next/static/chunks/0-ynv9eqilv7x.js:0
[   30831ms] [LOG] Player X: 0.00 Y: 6.00 Z: 5.00 @ http://localhost:3000/_next/static/chunks/0-ynv9eqilv7x.js:0
[   30834ms] [LOG] Player X: 0.00 Y: 6.00 Z: 5.00 @ http://localhost:3000/_next/static/chunks/0-ynv9eqilv7x.js:0
[   30838ms] [LOG] Player X: 0.00 Y: 6.00 Z: 5.00 @ http://localhost:3000/_next/static/chunks/0-ynv9eqilv7x.js:0
[   30841ms] [LOG] Player X: 0.00 Y: 6.00 Z: 5.00 @ http://localhost:3000/_next/static/chunks/0-ynv9eqilv7x.js:0
[   30844ms] [LOG] Player X: 0.00 Y: 6.00 Z: 5.00 @ http://localhost:3000/_next/static/chunks/0-ynv9eqilv7x.js:0
[   30848ms] [LOG] Player X: 0.00 Y: 6.00 Z: 5.00 @ http://localhost:3000/_next/static/chunks/0-ynv9eqilv7x.js:0
[   30851ms] [LOG] Player X: 0.00 Y: 6.00 Z: 5.00 @ http://localhost:3000/_next/static/chunks/0-ynv9eqilv7x.js:0
[   30854ms] [LOG] Player X: 0.00 Y: 6.00 Z: 5.00 @ http://localhost:3000/_next/static/chunks/0-ynv9eqilv7x.js:0
[   30858ms] [LOG] Player X: 0.00 Y: 6.00 Z: 5.00 @ http://localhost:3000/_next/static/chunks/0-ynv9eqilv7x.js:0
[   30861ms] [LOG] Player X: 0.00 Y: 6.00 Z: 5.00 @ http://localhost:3000/_next/static/chunks/0-ynv9eqilv7x.js:0
[   30864ms] [LOG] Player X: 0.00 Y: 6.00 Z: 5.00 @ http://localhost:3000/_next/static/chunks/0-ynv9eqilv7x.js:0
[   30868ms] [LOG] Player X: 0.00 Y: 6.00 Z: 5.00 @ http://localhost:3000/_next/static/chunks/0-ynv9eqilv7x.js:0
[   30871ms] [LOG] Player X: 0.00 Y: 6.00 Z: 5.00 @ http://localhost:3000/_next/static/chunks/0-ynv9eqilv7x.js:0
[   30874ms] [LOG] Player X: 0.00 Y: 6.00 Z: 5.00 @ http://localhost:3000/_next/static/chunks/0-ynv9eqilv7x.js:0
[   30878ms] [LOG] Player X: 0.00 Y: 6.00 Z: 5.00 @ http://localhost:3000/_next/static/chunks/0-ynv9eqilv7x.js:0
[   30881ms] [LOG] Player X: 0.00 Y: 6.00 Z: 5.00 @ http://localhost:3000/_next/static/chunks/0-ynv9eqilv7x.js:0
[   30884ms] [LOG] Player X: 0.00 Y: 6.00 Z: 5.00 @ http://localhost:3000/_next/static/chunks/0-ynv9eqilv7x.js:0
[   30888ms] [LOG] Player X: 0.00 Y: 6.00 Z: 5.00 @ http://localhost:3000/_next/static/chunks/0-ynv9eqilv7x.js:0
[   30891ms] [LOG] Player X: 0.00 Y: 6.00 Z: 5.00 @ http://localhost:3000/_next/static/chunks/0-ynv9eqilv7x.js:0
[   30894ms] [LOG] Player X: 0.00 Y: 6.00 Z: 5.00 @ http://localhost:3000/_next/static/chunks/0-ynv9eqilv7x.js:0
[   30898ms] [LOG] Player X: 0.00 Y: 6.00 Z: 5.00 @ http://localhost:3000/_next/static/chunks/0-ynv9eqilv7x.js:0
[   30901ms] [LOG] Player X: 0.00 Y: 6.00 Z: 5.00 @ http://localhost:3000/_next/static/chunks/0-ynv9eqilv7x.js:0
[   30904ms] [LOG] Player X: 0.00 Y: 6.00 Z: 5.00 @ http://localhost:3000/_next/static/chunks/0-ynv9eqilv7x.js:0
[   30908ms] [LOG] Player X: 0.00 Y: 6.00 Z: 5.00 @ http://localhost:3000/_next/static/chunks/0-ynv9eqilv7x.js:0
[   30911ms] [LOG] Player X: 0.00 Y: 6.00 Z: 5.00 @ http://localhost:3000/_next/static/chunks/0-ynv9eqilv7x.js:0
[   30914ms] [LOG] Player X: 0.00 Y: 6.00 Z: 5.00 @ http://localhost:3000/_next/static/chunks/0-ynv9eqilv7x.js:0
[   30918ms] [LOG] Player X: 0.00 Y: 6.00 Z: 5.00 @ http://localhost:3000/_next/static/chunks/0-ynv9eqilv7x.js:0
[   30921ms] [LOG] Player X: 0.00 Y: 6.00 Z: 5.00 @ http://localhost:3000/_next/static/chunks/0-ynv9eqilv7x.js:0
[   30924ms] [LOG] Player X: 0.00 Y: 6.00 Z: 5.00 @ http://localhost:3000/_next/static/chunks/0-ynv9eqilv7x.js:0
[   30928ms] [LOG] Player X: 0.00 Y: 6.00 Z: 5.00 @ http://localhost:3000/_next/static/chunks/0-ynv9eqilv7x.js:0
[   30931ms] [LOG] Player X: 0.00 Y: 6.00 Z: 5.00 @ http://localhost:3000/_next/static/chunks/0-ynv9eqilv7x.js:0
[   30934ms] [LOG] Player X: 0.00 Y: 6.00 Z: 5.00 @ http://localhost:3000/_next/static/chunks/0-ynv9eqilv7x.js:0
[   30938ms] [LOG] Player X: 0.00 Y: 6.00 Z: 5.00 @ http://localhost:3000/_next/static/chunks/0-ynv9eqilv7x.js:0
[   30941ms] [LOG] Player X: 0.00 Y: 6.00 Z: 5.00 @ http://localhost:3000/_next/static/chunks/0-ynv9eqilv7x.js:0
[   30944ms] [LOG] Player X: 0.00 Y: 6.00 Z: 5.00 @ http://localhost:3000/_next/static/chunks/0-ynv9eqilv7x.js:0
[   30948ms] [LOG] Player X: 0.00 Y: 6.00 Z: 5.00 @ http://localhost:3000/_next/static/chunks/0-ynv9eqilv7x.js:0
[   30951ms] [LOG] Player X: 0.00 Y: 6.00 Z: 5.00 @ http://localhost:3000/_next/static/chunks/0-ynv9eqilv7x.js:0
[   30954ms] [LOG] Player X: 0.00 Y: 6.00 Z: 5.00 @ http://localhost:3000/_next/static/chunks/0-ynv9eqilv7x.js:0
[   30958ms] [LOG] Player X: 0.00 Y: 6.00 Z: 5.00 @ http://localhost:3000/_next/static/chunks/0-ynv9eqilv7x.js:0
[   30961ms] [LOG] Player X: 0.00 Y: 6.00 Z: 5.00 @ http://localhost:3000/_next/static/chunks/0-ynv9eqilv7x.js:0
[   30964ms] [LOG] Player X: 0.00 Y: 6.00 Z: 5.00 @ http://localhost:3000/_next/static/chunks/0-ynv9eqilv7x.js:0
[   30968ms] [LOG] Player X: 0.00 Y: 6.00 Z: 5.00 @ http://localhost:3000/_next/static/chunks/0-ynv9eqilv7x.js:0
[   30971ms] [LOG] Player X: 0.00 Y: 6.00 Z: 5.00 @ http://localhost:3000/_next/static/chunks/0-ynv9eqilv7x.js:0
[   30974ms] [LOG] Player X: 0.00 Y: 6.00 Z: 5.00 @ http://localhost:3000/_next/static/chunks/0-ynv9eqilv7x.js:0
[   30978ms] [LOG] Player X: 0.00 Y: 6.00 Z: 5.00 @ http://localhost:3000/_next/static/chunks/0-ynv9eqilv7x.js:0
[   30981ms] [LOG] Player X: 0.00 Y: 6.00 Z: 5.00 @ http://localhost:3000/_next/static/chunks/0-ynv9eqilv7x.js:0
[   30984ms] [LOG] Player X: 0.00 Y: 6.00 Z: 5.00 @ http://localhost:3000/_next/static/chunks/0-ynv9eqilv7x.js:0
[   30988ms] [LOG] Player X: 0.00 Y: 6.00 Z: 5.00 @ http://localhost:3000/_next/static/chunks/0-ynv9eqilv7x.js:0
[   30991ms] [LOG] Player X: 0.00 Y: 6.00 Z: 5.00 @ http://localhost:3000/_next/static/chunks/0-ynv9eqilv7x.js:0
[   30994ms] [LOG] Player X: 0.00 Y: 6.00 Z: 5.00 @ http://localhost:3000/_next/static/chunks/0-ynv9eqilv7x.js:0
[   30998ms] [LOG] Player X: 0.00 Y: 6.00 Z: 5.00 @ http://localhost:3000/_next/static/chunks/0-ynv9eqilv7x.js:0
[   31001ms] [LOG] Player X: 0.00 Y: 6.00 Z: 5.00 @ http://localhost:3000/_next/static/chunks/0-ynv9eqilv7x.js:0
[   31004ms] [LOG] Player X: 0.00 Y: 6.00 Z: 5.00 @ http://localhost:3000/_next/static/chunks/0-ynv9eqilv7x.js:0
[   31008ms] [LOG] Player X: 0.00 Y: 6.00 Z: 5.00 @ http://localhost:3000/_next/static/chunks/0-ynv9eqilv7x.js:0
[   31011ms] [LOG] Player X: 0.00 Y: 6.00 Z: 5.00 @ http://localhost:3000/_next/static/chunks/0-ynv9eqilv7x.js:0
[   31014ms] [LOG] Player X: 0.00 Y: 6.00 Z: 5.00 @ http://localhost:3000/_next/static/chunks/0-ynv9eqilv7x.js:0
[   31018ms] [LOG] Player X: 0.00 Y: 6.00 Z: 5.00 @ http://localhost:3000/_next/static/chunks/0-ynv9eqilv7x.js:0
[   31021ms] [LOG] Player X: 0.00 Y: 6.00 Z: 5.00 @ http://localhost:3000/_next/static/chunks/0-ynv9eqilv7x.js:0
[   31024ms] [LOG] Player X: 0.00 Y: 6.00 Z: 5.00 @ http://localhost:3000/_next/static/chunks/0-ynv9eqilv7x.js:0
[   31027ms] [LOG] Player X: 0.00 Y: 6.00 Z: 5.00 @ http://localhost:3000/_next/static/chunks/0-ynv9eqilv7x.js:0
[   31031ms] [LOG] Player X: 0.00 Y: 6.00 Z: 5.00 @ http://localhost:3000/_next/static/chunks/0-ynv9eqilv7x.js:0
[   31034ms] [LOG] Player X: 0.00 Y: 6.00 Z: 5.00 @ http://localhost:3000/_next/static/chunks/0-ynv9eqilv7x.js:0
[   31038ms] [LOG] Player X: 0.00 Y: 6.00 Z: 5.00 @ http://localhost:3000/_next/static/chunks/0-ynv9eqilv7x.js:0
[   31041ms] [LOG] Player X: 0.00 Y: 6.00 Z: 5.00 @ http://localhost:3000/_next/static/chunks/0-ynv9eqilv7x.js:0
[   31044ms] [LOG] Player X: 0.00 Y: 6.00 Z: 5.00 @ http://localhost:3000/_next/static/chunks/0-ynv9eqilv7x.js:0
[   31048ms] [LOG] Player X: 0.00 Y: 6.00 Z: 5.00 @ http://localhost:3000/_next/static/chunks/0-ynv9eqilv7x.js:0
[   31051ms] [LOG] Player X: 0.00 Y: 6.00 Z: 5.00 @ http://localhost:3000/_next/static/chunks/0-ynv9eqilv7x.js:0
[   31054ms] [LOG] Player X: 0.00 Y: 6.00 Z: 5.00 @ http://localhost:3000/_next/static/chunks/0-ynv9eqilv7x.js:0
[   31058ms] [LOG] Player X: 0.00 Y: 6.00 Z: 5.00 @ http://localhost:3000/_next/static/chunks/0-ynv9eqilv7x.js:0
[   31061ms] [LOG] Player X: 0.00 Y: 6.00 Z: 5.00 @ http://localhost:3000/_next/static/chunks/0-ynv9eqilv7x.js:0
[   31064ms] [LOG] Player X: 0.00 Y: 6.00 Z: 5.00 @ http://localhost:3000/_next/static/chunks/0-ynv9eqilv7x.js:0
[   31068ms] [LOG] Player X: 0.00 Y: 6.00 Z: 5.00 @ http://localhost:3000/_next/static/chunks/0-ynv9eqilv7x.js:0
[   31071ms] [LOG] Player X: 0.00 Y: 6.00 Z: 5.00 @ http://localhost:3000/_next/static/chunks/0-ynv9eqilv7x.js:0
[   31074ms] [LOG] Player X: 0.00 Y: 6.00 Z: 5.00 @ http://localhost:3000/_next/static/chunks/0-ynv9eqilv7x.js:0
[   31078ms] [LOG] Player X: 0.00 Y: 6.00 Z: 5.00 @ http://localhost:3000/_next/static/chunks/0-ynv9eqilv7x.js:0
[   31081ms] [LOG] Player X: 0.00 Y: 6.00 Z: 5.00 @ http://localhost:3000/_next/static/chunks/0-ynv9eqilv7x.js:0
[   31084ms] [LOG] Player X: 0.00 Y: 6.00 Z: 5.00 @ http://localhost:3000/_next/static/chunks/0-ynv9eqilv7x.js:0
[   31088ms] [LOG] Player X: 0.00 Y: 6.00 Z: 5.00 @ http://localhost:3000/_next/static/chunks/0-ynv9eqilv7x.js:0
[   31091ms] [LOG] Player X: 0.00 Y: 6.00 Z: 5.00 @ http://localhost:3000/_next/static/chunks/0-ynv9eqilv7x.js:0
[   31094ms] [LOG] Player X: 0.00 Y: 6.00 Z: 5.00 @ http://localhost:3000/_next/static/chunks/0-ynv9eqilv7x.js:0
[   31098ms] [LOG] Player X: 0.00 Y: 6.00 Z: 5.00 @ http://localhost:3000/_next/static/chunks/0-ynv9eqilv7x.js:0
[   31101ms] [LOG] Player X: 0.00 Y: 6.00 Z: 5.00 @ http://localhost:3000/_next/static/chunks/0-ynv9eqilv7x.js:0
[   31104ms] [LOG] Player X: 0.00 Y: 6.00 Z: 5.00 @ http://localhost:3000/_next/static/chunks/0-ynv9eqilv7x.js:0
[   31108ms] [LOG] Player X: 0.00 Y: 6.00 Z: 5.00 @ http://localhost:3000/_next/static/chunks/0-ynv9eqilv7x.js:0
[   31111ms] [LOG] Player X: 0.00 Y: 6.00 Z: 5.00 @ http://localhost:3000/_next/static/chunks/0-ynv9eqilv7x.js:0
[   31114ms] [LOG] Player X: 0.00 Y: 6.00 Z: 5.00 @ http://localhost:3000/_next/static/chunks/0-ynv9eqilv7x.js:0
[   31117ms] [LOG] Player X: 0.00 Y: 6.00 Z: 5.00 @ http://localhost:3000/_next/static/chunks/0-ynv9eqilv7x.js:0
[   31121ms] [LOG] Player X: 0.00 Y: 6.00 Z: 5.00 @ http://localhost:3000/_next/static/chunks/0-ynv9eqilv7x.js:0
[   31124ms] [LOG] Player X: 0.00 Y: 6.00 Z: 5.00 @ http://localhost:3000/_next/static/chunks/0-ynv9eqilv7x.js:0
[   31127ms] [LOG] Player X: 0.00 Y: 6.00 Z: 5.00 @ http://localhost:3000/_next/static/chunks/0-ynv9eqilv7x.js:0
[   31131ms] [LOG] Player X: 0.00 Y: 6.00 Z: 5.00 @ http://localhost:3000/_next/static/chunks/0-ynv9eqilv7x.js:0
[   31134ms] [LOG] Player X: 0.00 Y: 6.00 Z: 5.00 @ http://localhost:3000/_next/static/chunks/0-ynv9eqilv7x.js:0
[   31138ms] [LOG] Player X: 0.00 Y: 6.00 Z: 5.00 @ http://localhost:3000/_next/static/chunks/0-ynv9eqilv7x.js:0
[   31141ms] [LOG] Player X: 0.00 Y: 6.00 Z: 5.00 @ http://localhost:3000/_next/static/chunks/0-ynv9eqilv7x.js:0
[   31144ms] [LOG] Player X: 0.00 Y: 6.00 Z: 5.00 @ http://localhost:3000/_next/static/chunks/0-ynv9eqilv7x.js:0
[   31148ms] [LOG] Player X: 0.00 Y: 6.00 Z: 5.00 @ http://localhost:3000/_next/static/chunks/0-ynv9eqilv7x.js:0
[   31151ms] [LOG] Player X: 0.00 Y: 6.00 Z: 5.00 @ http://localhost:3000/_next/static/chunks/0-ynv9eqilv7x.js:0
[   31154ms] [LOG] Player X: 0.00 Y: 6.00 Z: 5.00 @ http://localhost:3000/_next/static/chunks/0-ynv9eqilv7x.js:0
[   31158ms] [LOG] Player X: 0.00 Y: 6.00 Z: 5.00 @ http://localhost:3000/_next/static/chunks/0-ynv9eqilv7x.js:0
[   31161ms] [LOG] Player X: 0.00 Y: 6.00 Z: 5.00 @ http://localhost:3000/_next/static/chunks/0-ynv9eqilv7x.js:0
[   31164ms] [LOG] Player X: 0.00 Y: 6.00 Z: 5.00 @ http://localhost:3000/_next/static/chunks/0-ynv9eqilv7x.js:0
[   31168ms] [LOG] Player X: 0.00 Y: 6.00 Z: 5.00 @ http://localhost:3000/_next/static/chunks/0-ynv9eqilv7x.js:0
[   31171ms] [LOG] Player X: 0.00 Y: 6.00 Z: 5.00 @ http://localhost:3000/_next/static/chunks/0-ynv9eqilv7x.js:0
[   31174ms] [LOG] Player X: 0.00 Y: 6.00 Z: 5.00 @ http://localhost:3000/_next/static/chunks/0-ynv9eqilv7x.js:0
[   31178ms] [LOG] Player X: 0.00 Y: 6.00 Z: 5.00 @ http://localhost:3000/_next/static/chunks/0-ynv9eqilv7x.js:0
[   31181ms] [LOG] Player X: 0.00 Y: 6.00 Z: 5.00 @ http://localhost:3000/_next/static/chunks/0-ynv9eqilv7x.js:0
[   31184ms] [LOG] Player X: 0.00 Y: 6.00 Z: 5.00 @ http://localhost:3000/_next/static/chunks/0-ynv9eqilv7x.js:0
[   31188ms] [LOG] Player X: 0.00 Y: 6.00 Z: 5.00 @ http://localhost:3000/_next/static/chunks/0-ynv9eqilv7x.js:0
[   31191ms] [LOG] Player X: 0.00 Y: 6.00 Z: 5.00 @ http://localhost:3000/_next/static/chunks/0-ynv9eqilv7x.js:0
[   31194ms] [LOG] Player X: 0.00 Y: 6.00 Z: 5.00 @ http://localhost:3000/_next/static/chunks/0-ynv9eqilv7x.js:0
[   31198ms] [LOG] Player X: 0.00 Y: 6.00 Z: 5.00 @ http://localhost:3000/_next/static/chunks/0-ynv9eqilv7x.js:0
[   31201ms] [LOG] Player X: 0.00 Y: 6.00 Z: 5.00 @ http://localhost:3000/_next/static/chunks/0-ynv9eqilv7x.js:0
[   31204ms] [LOG] Player X: 0.00 Y: 6.00 Z: 5.00 @ http://localhost:3000/_next/static/chunks/0-ynv9eqilv7x.js:0
[   31208ms] [LOG] Player X: 0.00 Y: 6.00 Z: 5.00 @ http://localhost:3000/_next/static/chunks/0-ynv9eqilv7x.js:0
[   31211ms] [LOG] Player X: 0.00 Y: 6.00 Z: 5.00 @ http://localhost:3000/_next/static/chunks/0-ynv9eqilv7x.js:0
[   31214ms] [LOG] Player X: 0.00 Y: 6.00 Z: 5.00 @ http://localhost:3000/_next/static/chunks/0-ynv9eqilv7x.js:0
[   31218ms] [LOG] Player X: 0.00 Y: 6.00 Z: 5.00 @ http://localhost:3000/_next/static/chunks/0-ynv9eqilv7x.js:0
[   31221ms] [LOG] Player X: 0.00 Y: 6.00 Z: 5.00 @ http://localhost:3000/_next/static/chunks/0-ynv9eqilv7x.js:0
[   31224ms] [LOG] Player X: 0.00 Y: 6.00 Z: 5.00 @ http://localhost:3000/_next/static/chunks/0-ynv9eqilv7x.js:0
[   31228ms] [LOG] Player X: 0.00 Y: 6.00 Z: 5.00 @ http://localhost:3000/_next/static/chunks/0-ynv9eqilv7x.js:0
[   31231ms] [LOG] Player X: 0.00 Y: 6.00 Z: 5.00 @ http://localhost:3000/_next/static/chunks/0-ynv9eqilv7x.js:0
[   31234ms] [LOG] Player X: 0.00 Y: 6.00 Z: 5.00 @ http://localhost:3000/_next/static/chunks/0-ynv9eqilv7x.js:0
[   31238ms] [LOG] Player X: 0.00 Y: 6.00 Z: 5.00 @ http://localhost:3000/_next/static/chunks/0-ynv9eqilv7x.js:0
[   31241ms] [LOG] Player X: 0.00 Y: 6.00 Z: 5.00 @ http://localhost:3000/_next/static/chunks/0-ynv9eqilv7x.js:0
[   31244ms] [LOG] Player X: 0.00 Y: 6.00 Z: 5.00 @ http://localhost:3000/_next/static/chunks/0-ynv9eqilv7x.js:0
[   31248ms] [LOG] Player X: 0.00 Y: 6.00 Z: 5.00 @ http://localhost:3000/_next/static/chunks/0-ynv9eqilv7x.js:0
[   31251ms] [LOG] Player X: 0.00 Y: 6.00 Z: 5.00 @ http://localhost:3000/_next/static/chunks/0-ynv9eqilv7x.js:0
[   31254ms] [LOG] Player X: 0.00 Y: 6.00 Z: 5.00 @ http://localhost:3000/_next/static/chunks/0-ynv9eqilv7x.js:0
[   31258ms] [LOG] Player X: 0.00 Y: 6.00 Z: 5.00 @ http://localhost:3000/_next/static/chunks/0-ynv9eqilv7x.js:0
[   31261ms] [LOG] Player X: 0.00 Y: 6.00 Z: 5.00 @ http://localhost:3000/_next/static/chunks/0-ynv9eqilv7x.js:0
[   31264ms] [LOG] Player X: 0.00 Y: 6.00 Z: 5.00 @ http://localhost:3000/_next/static/chunks/0-ynv9eqilv7x.js:0
[   31268ms] [LOG] Player X: 0.00 Y: 6.00 Z: 5.00 @ http://localhost:3000/_next/static/chunks/0-ynv9eqilv7x.js:0
[   31271ms] [LOG] Player X: 0.00 Y: 6.00 Z: 5.00 @ http://localhost:3000/_next/static/chunks/0-ynv9eqilv7x.js:0
[   31274ms] [LOG] Player X: 0.00 Y: 6.00 Z: 5.00 @ http://localhost:3000/_next/static/chunks/0-ynv9eqilv7x.js:0
[   31278ms] [LOG] Player X: 0.00 Y: 6.00 Z: 5.00 @ http://localhost:3000/_next/static/chunks/0-ynv9eqilv7x.js:0
[   31281ms] [LOG] Player X: 0.00 Y: 6.00 Z: 5.00 @ http://localhost:3000/_next/static/chunks/0-ynv9eqilv7x.js:0
[   31284ms] [LOG] Player X: 0.00 Y: 6.00 Z: 5.00 @ http://localhost:3000/_next/static/chunks/0-ynv9eqilv7x.js:0
[   31288ms] [LOG] Player X: 0.00 Y: 6.00 Z: 5.00 @ http://localhost:3000/_next/static/chunks/0-ynv9eqilv7x.js:0
[   31291ms] [LOG] Player X: 0.00 Y: 6.00 Z: 5.00 @ http://localhost:3000/_next/static/chunks/0-ynv9eqilv7x.js:0
[   31294ms] [LOG] Player X: 0.00 Y: 6.00 Z: 5.00 @ http://localhost:3000/_next/static/chunks/0-ynv9eqilv7x.js:0
[   31298ms] [LOG] Player X: 0.00 Y: 6.00 Z: 5.00 @ http://localhost:3000/_next/static/chunks/0-ynv9eqilv7x.js:0
[   31301ms] [LOG] Player X: 0.00 Y: 6.00 Z: 5.00 @ http://localhost:3000/_next/static/chunks/0-ynv9eqilv7x.js:0
[   31304ms] [LOG] Player X: 0.00 Y: 6.00 Z: 5.00 @ http://localhost:3000/_next/static/chunks/0-ynv9eqilv7x.js:0
[   31308ms] [LOG] Player X: 0.00 Y: 6.00 Z: 5.00 @ http://localhost:3000/_next/static/chunks/0-ynv9eqilv7x.js:0
[   31311ms] [LOG] Player X: 0.00 Y: 6.00 Z: 5.00 @ http://localhost:3000/_next/static/chunks/0-ynv9eqilv7x.js:0
[   31314ms] [LOG] Player X: 0.00 Y: 6.00 Z: 5.00 @ http://localhost:3000/_next/static/chunks/0-ynv9eqilv7x.js:0
[   31318ms] [LOG] Player X: 0.00 Y: 6.00 Z: 5.00 @ http://localhost:3000/_next/static/chunks/0-ynv9eqilv7x.js:0
[   31321ms] [LOG] Player X: 0.00 Y: 6.00 Z: 5.00 @ http://localhost:3000/_next/static/chunks/0-ynv9eqilv7x.js:0
[   31324ms] [LOG] Player X: 0.00 Y: 6.00 Z: 5.00 @ http://localhost:3000/_next/static/chunks/0-ynv9eqilv7x.js:0
[   31328ms] [LOG] Player X: 0.00 Y: 6.00 Z: 5.00 @ http://localhost:3000/_next/static/chunks/0-ynv9eqilv7x.js:0
[   31331ms] [LOG] Player X: 0.00 Y: 6.00 Z: 5.00 @ http://localhost:3000/_next/static/chunks/0-ynv9eqilv7x.js:0
[   31334ms] [LOG] Player X: 0.00 Y: 6.00 Z: 5.00 @ http://localhost:3000/_next/static/chunks/0-ynv9eqilv7x.js:0
[   31338ms] [LOG] Player X: 0.00 Y: 6.00 Z: 5.00 @ http://localhost:3000/_next/static/chunks/0-ynv9eqilv7x.js:0
[   31341ms] [LOG] Player X: 0.00 Y: 6.00 Z: 5.00 @ http://localhost:3000/_next/static/chunks/0-ynv9eqilv7x.js:0
[   31344ms] [LOG] Player X: 0.00 Y: 6.00 Z: 5.00 @ http://localhost:3000/_next/static/chunks/0-ynv9eqilv7x.js:0
[   31348ms] [LOG] Player X: 0.00 Y: 6.00 Z: 5.00 @ http://localhost:3000/_next/static/chunks/0-ynv9eqilv7x.js:0
[   31351ms] [LOG] Player X: 0.00 Y: 6.00 Z: 5.00 @ http://localhost:3000/_next/static/chunks/0-ynv9eqilv7x.js:0
[   31354ms] [LOG] Player X: 0.00 Y: 6.00 Z: 5.00 @ http://localhost:3000/_next/static/chunks/0-ynv9eqilv7x.js:0
[   31358ms] [LOG] Player X: 0.00 Y: 6.00 Z: 5.00 @ http://localhost:3000/_next/static/chunks/0-ynv9eqilv7x.js:0
[   31361ms] [LOG] Player X: 0.00 Y: 6.00 Z: 5.00 @ http://localhost:3000/_next/static/chunks/0-ynv9eqilv7x.js:0
[   31364ms] [LOG] Player X: 0.00 Y: 6.00 Z: 5.00 @ http://localhost:3000/_next/static/chunks/0-ynv9eqilv7x.js:0
[   31368ms] [LOG] Player X: 0.00 Y: 6.00 Z: 5.00 @ http://localhost:3000/_next/static/chunks/0-ynv9eqilv7x.js:0
[   31371ms] [LOG] Player X: 0.00 Y: 6.00 Z: 5.00 @ http://localhost:3000/_next/static/chunks/0-ynv9eqilv7x.js:0
[   31374ms] [LOG] Player X: 0.00 Y: 6.00 Z: 5.00 @ http://localhost:3000/_next/static/chunks/0-ynv9eqilv7x.js:0
[   31378ms] [LOG] Player X: 0.00 Y: 6.00 Z: 5.00 @ http://localhost:3000/_next/static/chunks/0-ynv9eqilv7x.js:0
[   31381ms] [LOG] Player X: 0.00 Y: 6.00 Z: 5.00 @ http://localhost:3000/_next/static/chunks/0-ynv9eqilv7x.js:0
[   31384ms] [LOG] Player X: 0.00 Y: 6.00 Z: 5.00 @ http://localhost:3000/_next/static/chunks/0-ynv9eqilv7x.js:0
[   31388ms] [LOG] Player X: 0.00 Y: 6.00 Z: 5.00 @ http://localhost:3000/_next/static/chunks/0-ynv9eqilv7x.js:0
[   31391ms] [LOG] Player X: 0.00 Y: 6.00 Z: 5.00 @ http://localhost:3000/_next/static/chunks/0-ynv9eqilv7x.js:0
[   31394ms] [LOG] Player X: 0.00 Y: 6.00 Z: 5.00 @ http://localhost:3000/_next/static/chunks/0-ynv9eqilv7x.js:0
[   31398ms] [LOG] Player X: 0.00 Y: 6.00 Z: 5.00 @ http://localhost:3000/_next/static/chunks/0-ynv9eqilv7x.js:0
[   31401ms] [LOG] Player X: 0.00 Y: 6.00 Z: 5.00 @ http://localhost:3000/_next/static/chunks/0-ynv9eqilv7x.js:0
[   31404ms] [LOG] Player X: 0.00 Y: 6.00 Z: 5.00 @ http://localhost:3000/_next/static/chunks/0-ynv9eqilv7x.js:0
[   31408ms] [LOG] Player X: 0.00 Y: 6.00 Z: 5.00 @ http://localhost:3000/_next/static/chunks/0-ynv9eqilv7x.js:0
[   31411ms] [LOG] Player X: 0.00 Y: 6.00 Z: 5.00 @ http://localhost:3000/_next/static/chunks/0-ynv9eqilv7x.js:0
[   31414ms] [LOG] Player X: 0.00 Y: 6.00 Z: 5.00 @ http://localhost:3000/_next/static/chunks/0-ynv9eqilv7x.js:0
[   31418ms] [LOG] Player X: 0.00 Y: 6.00 Z: 5.00 @ http://localhost:3000/_next/static/chunks/0-ynv9eqilv7x.js:0
[   31421ms] [LOG] Player X: 0.00 Y: 6.00 Z: 5.00 @ http://localhost:3000/_next/static/chunks/0-ynv9eqilv7x.js:0
[   31424ms] [LOG] Player X: 0.00 Y: 6.00 Z: 5.00 @ http://localhost:3000/_next/static/chunks/0-ynv9eqilv7x.js:0
[   31428ms] [LOG] Player X: 0.00 Y: 6.00 Z: 5.00 @ http://localhost:3000/_next/static/chunks/0-ynv9eqilv7x.js:0
[   31431ms] [LOG] Player X: 0.00 Y: 6.00 Z: 5.00 @ http://localhost:3000/_next/static/chunks/0-ynv9eqilv7x.js:0
[   31434ms] [LOG] Player X: 0.00 Y: 6.00 Z: 5.00 @ http://localhost:3000/_next/static/chunks/0-ynv9eqilv7x.js:0
[   31438ms] [LOG] Player X: 0.00 Y: 6.00 Z: 5.00 @ http://localhost:3000/_next/static/chunks/0-ynv9eqilv7x.js:0
[   31441ms] [LOG] Player X: 0.00 Y: 6.00 Z: 5.00 @ http://localhost:3000/_next/static/chunks/0-ynv9eqilv7x.js:0
[   31444ms] [LOG] Player X: 0.00 Y: 6.00 Z: 5.00 @ http://localhost:3000/_next/static/chunks/0-ynv9eqilv7x.js:0
[   31448ms] [LOG] Player X: 0.00 Y: 6.00 Z: 5.00 @ http://localhost:3000/_next/static/chunks/0-ynv9eqilv7x.js:0
[   31451ms] [LOG] Player X: 0.00 Y: 6.00 Z: 5.00 @ http://localhost:3000/_next/static/chunks/0-ynv9eqilv7x.js:0
[   31454ms] [LOG] Player X: 0.00 Y: 6.00 Z: 5.00 @ http://localhost:3000/_next/static/chunks/0-ynv9eqilv7x.js:0
[   31458ms] [LOG] Player X: 0.00 Y: 6.00 Z: 5.00 @ http://localhost:3000/_next/static/chunks/0-ynv9eqilv7x.js:0
[   31461ms] [LOG] Player X: 0.00 Y: 6.00 Z: 5.00 @ http://localhost:3000/_next/static/chunks/0-ynv9eqilv7x.js:0
[   31464ms] [LOG] Player X: 0.00 Y: 6.00 Z: 5.00 @ http://localhost:3000/_next/static/chunks/0-ynv9eqilv7x.js:0
[   31468ms] [LOG] Player X: 0.00 Y: 6.00 Z: 5.00 @ http://localhost:3000/_next/static/chunks/0-ynv9eqilv7x.js:0
[   31471ms] [LOG] Player X: 0.00 Y: 6.00 Z: 5.00 @ http://localhost:3000/_next/static/chunks/0-ynv9eqilv7x.js:0
[   31474ms] [LOG] Player X: 0.00 Y: 6.00 Z: 5.00 @ http://localhost:3000/_next/static/chunks/0-ynv9eqilv7x.js:0
[   31478ms] [LOG] Player X: 0.00 Y: 6.00 Z: 5.00 @ http://localhost:3000/_next/static/chunks/0-ynv9eqilv7x.js:0
[   31481ms] [LOG] Player X: 0.00 Y: 6.00 Z: 5.00 @ http://localhost:3000/_next/static/chunks/0-ynv9eqilv7x.js:0
[   31484ms] [LOG] Player X: 0.00 Y: 6.00 Z: 5.00 @ http://localhost:3000/_next/static/chunks/0-ynv9eqilv7x.js:0
[   31488ms] [LOG] Player X: 0.00 Y: 6.00 Z: 5.00 @ http://localhost:3000/_next/static/chunks/0-ynv9eqilv7x.js:0
[   31491ms] [LOG] Player X: 0.00 Y: 6.00 Z: 5.00 @ http://localhost:3000/_next/static/chunks/0-ynv9eqilv7x.js:0
[   31494ms] [LOG] Player X: 0.00 Y: 6.00 Z: 5.00 @ http://localhost:3000/_next/static/chunks/0-ynv9eqilv7x.js:0
[   31498ms] [LOG] Player X: 0.00 Y: 6.00 Z: 5.00 @ http://localhost:3000/_next/static/chunks/0-ynv9eqilv7x.js:0
[   31501ms] [LOG] Player X: 0.00 Y: 6.00 Z: 5.00 @ http://localhost:3000/_next/static/chunks/0-ynv9eqilv7x.js:0
[   31504ms] [LOG] Player X: 0.00 Y: 6.00 Z: 5.00 @ http://localhost:3000/_next/static/chunks/0-ynv9eqilv7x.js:0
[   31508ms] [LOG] Player X: 0.00 Y: 6.00 Z: 5.00 @ http://localhost:3000/_next/static/chunks/0-ynv9eqilv7x.js:0
[   31511ms] [LOG] Player X: 0.00 Y: 6.00 Z: 5.00 @ http://localhost:3000/_next/static/chunks/0-ynv9eqilv7x.js:0
[   31514ms] [LOG] Player X: 0.00 Y: 6.00 Z: 5.00 @ http://localhost:3000/_next/static/chunks/0-ynv9eqilv7x.js:0
[   31518ms] [LOG] Player X: 0.00 Y: 6.00 Z: 5.00 @ http://localhost:3000/_next/static/chunks/0-ynv9eqilv7x.js:0
[   31521ms] [LOG] Player X: 0.00 Y: 6.00 Z: 5.00 @ http://localhost:3000/_next/static/chunks/0-ynv9eqilv7x.js:0
[   31524ms] [LOG] Player X: 0.00 Y: 6.00 Z: 5.00 @ http://localhost:3000/_next/static/chunks/0-ynv9eqilv7x.js:0
[   31528ms] [LOG] Player X: 0.00 Y: 6.00 Z: 5.00 @ http://localhost:3000/_next/static/chunks/0-ynv9eqilv7x.js:0
[   31531ms] [LOG] Player X: 0.00 Y: 6.00 Z: 5.00 @ http://localhost:3000/_next/static/chunks/0-ynv9eqilv7x.js:0
[   31534ms] [LOG] Player X: 0.00 Y: 6.00 Z: 5.00 @ http://localhost:3000/_next/static/chunks/0-ynv9eqilv7x.js:0
[   31538ms] [LOG] Player X: 0.00 Y: 6.00 Z: 5.00 @ http://localhost:3000/_next/static/chunks/0-ynv9eqilv7x.js:0
[   31541ms] [LOG] Player X: 0.00 Y: 6.00 Z: 5.00 @ http://localhost:3000/_next/static/chunks/0-ynv9eqilv7x.js:0
[   31544ms] [LOG] Player X: 0.00 Y: 6.00 Z: 5.00 @ http://localhost:3000/_next/static/chunks/0-ynv9eqilv7x.js:0
[   31548ms] [LOG] Player X: 0.00 Y: 6.00 Z: 5.00 @ http://localhost:3000/_next/static/chunks/0-ynv9eqilv7x.js:0
[   31551ms] [LOG] Player X: 0.00 Y: 6.00 Z: 5.00 @ http://localhost:3000/_next/static/chunks/0-ynv9eqilv7x.js:0
[   31554ms] [LOG] Player X: 0.00 Y: 6.00 Z: 5.00 @ http://localhost:3000/_next/static/chunks/0-ynv9eqilv7x.js:0
[   31558ms] [LOG] Player X: 0.00 Y: 6.00 Z: 5.00 @ http://localhost:3000/_next/static/chunks/0-ynv9eqilv7x.js:0
[   31561ms] [LOG] Player X: 0.00 Y: 6.00 Z: 5.00 @ http://localhost:3000/_next/static/chunks/0-ynv9eqilv7x.js:0
[   31564ms] [LOG] Player X: 0.00 Y: 6.00 Z: 5.00 @ http://localhost:3000/_next/static/chunks/0-ynv9eqilv7x.js:0
[   31568ms] [LOG] Player X: 0.00 Y: 6.00 Z: 5.00 @ http://localhost:3000/_next/static/chunks/0-ynv9eqilv7x.js:0
[   31571ms] [LOG] Player X: 0.00 Y: 6.00 Z: 5.00 @ http://localhost:3000/_next/static/chunks/0-ynv9eqilv7x.js:0
[   31574ms] [LOG] Player X: 0.00 Y: 6.00 Z: 5.00 @ http://localhost:3000/_next/static/chunks/0-ynv9eqilv7x.js:0
[   31578ms] [LOG] Player X: 0.00 Y: 6.00 Z: 5.00 @ http://localhost:3000/_next/static/chunks/0-ynv9eqilv7x.js:0
[   31581ms] [LOG] Player X: 0.00 Y: 6.00 Z: 5.00 @ http://localhost:3000/_next/static/chunks/0-ynv9eqilv7x.js:0
[   31584ms] [LOG] Player X: 0.00 Y: 6.00 Z: 5.00 @ http://localhost:3000/_next/static/chunks/0-ynv9eqilv7x.js:0
[   31588ms] [LOG] Player X: 0.00 Y: 6.00 Z: 5.00 @ http://localhost:3000/_next/static/chunks/0-ynv9eqilv7x.js:0
[   31591ms] [LOG] Player X: 0.00 Y: 6.00 Z: 5.00 @ http://localhost:3000/_next/static/chunks/0-ynv9eqilv7x.js:0
[   31594ms] [LOG] Player X: 0.00 Y: 6.00 Z: 5.00 @ http://localhost:3000/_next/static/chunks/0-ynv9eqilv7x.js:0
[   31598ms] [LOG] Player X: 0.00 Y: 6.00 Z: 5.00 @ http://localhost:3000/_next/static/chunks/0-ynv9eqilv7x.js:0
[   31601ms] [LOG] Player X: 0.00 Y: 6.00 Z: 5.00 @ http://localhost:3000/_next/static/chunks/0-ynv9eqilv7x.js:0
[   31604ms] [LOG] Player X: 0.00 Y: 6.00 Z: 5.00 @ http://localhost:3000/_next/static/chunks/0-ynv9eqilv7x.js:0
[   31608ms] [LOG] Player X: 0.00 Y: 6.00 Z: 5.00 @ http://localhost:3000/_next/static/chunks/0-ynv9eqilv7x.js:0
[   31611ms] [LOG] Player X: 0.00 Y: 6.00 Z: 5.00 @ http://localhost:3000/_next/static/chunks/0-ynv9eqilv7x.js:0
[   31614ms] [LOG] Player X: 0.00 Y: 6.00 Z: 5.00 @ http://localhost:3000/_next/static/chunks/0-ynv9eqilv7x.js:0
[   31618ms] [LOG] Player X: 0.00 Y: 6.00 Z: 5.00 @ http://localhost:3000/_next/static/chunks/0-ynv9eqilv7x.js:0
[   31621ms] [LOG] Player X: 0.00 Y: 6.00 Z: 5.00 @ http://localhost:3000/_next/static/chunks/0-ynv9eqilv7x.js:0
[   31624ms] [LOG] Player X: 0.00 Y: 6.00 Z: 5.00 @ http://localhost:3000/_next/static/chunks/0-ynv9eqilv7x.js:0
[   31627ms] [LOG] Player X: 0.00 Y: 6.00 Z: 5.00 @ http://localhost:3000/_next/static/chunks/0-ynv9eqilv7x.js:0
[   31631ms] [LOG] Player X: 0.00 Y: 6.00 Z: 5.00 @ http://localhost:3000/_next/static/chunks/0-ynv9eqilv7x.js:0
[   31634ms] [LOG] Player X: 0.00 Y: 6.00 Z: 5.00 @ http://localhost:3000/_next/static/chunks/0-ynv9eqilv7x.js:0
[   31638ms] [LOG] Player X: 0.00 Y: 6.00 Z: 5.00 @ http://localhost:3000/_next/static/chunks/0-ynv9eqilv7x.js:0
[   31641ms] [LOG] Player X: 0.00 Y: 6.00 Z: 5.00 @ http://localhost:3000/_next/static/chunks/0-ynv9eqilv7x.js:0
[   31644ms] [LOG] Player X: 0.00 Y: 6.00 Z: 5.00 @ http://localhost:3000/_next/static/chunks/0-ynv9eqilv7x.js:0
[   31648ms] [LOG] Player X: 0.00 Y: 6.00 Z: 5.00 @ http://localhost:3000/_next/static/chunks/0-ynv9eqilv7x.js:0
[   31651ms] [LOG] Player X: 0.00 Y: 6.00 Z: 5.00 @ http://localhost:3000/_next/static/chunks/0-ynv9eqilv7x.js:0
[   31654ms] [LOG] Player X: 0.00 Y: 6.00 Z: 5.00 @ http://localhost:3000/_next/static/chunks/0-ynv9eqilv7x.js:0
[   31658ms] [LOG] Player X: 0.00 Y: 6.00 Z: 5.00 @ http://localhost:3000/_next/static/chunks/0-ynv9eqilv7x.js:0
[   31661ms] [LOG] Player X: 0.00 Y: 6.00 Z: 5.00 @ http://localhost:3000/_next/static/chunks/0-ynv9eqilv7x.js:0
[   31664ms] [LOG] Player X: 0.00 Y: 6.00 Z: 5.00 @ http://localhost:3000/_next/static/chunks/0-ynv9eqilv7x.js:0
[   31668ms] [LOG] Player X: 0.00 Y: 6.00 Z: 5.00 @ http://localhost:3000/_next/static/chunks/0-ynv9eqilv7x.js:0
[   31671ms] [LOG] Player X: 0.00 Y: 6.00 Z: 5.00 @ http://localhost:3000/_next/static/chunks/0-ynv9eqilv7x.js:0
[   31674ms] [LOG] Player X: 0.00 Y: 6.00 Z: 5.00 @ http://localhost:3000/_next/static/chunks/0-ynv9eqilv7x.js:0
[   31678ms] [LOG] Player X: 0.00 Y: 6.00 Z: 5.00 @ http://localhost:3000/_next/static/chunks/0-ynv9eqilv7x.js:0
[   31681ms] [LOG] Player X: 0.00 Y: 6.00 Z: 5.00 @ http://localhost:3000/_next/static/chunks/0-ynv9eqilv7x.js:0
[   31684ms] [LOG] Player X: 0.00 Y: 6.00 Z: 5.00 @ http://localhost:3000/_next/static/chunks/0-ynv9eqilv7x.js:0
[   31688ms] [LOG] Player X: 0.00 Y: 6.00 Z: 5.00 @ http://localhost:3000/_next/static/chunks/0-ynv9eqilv7x.js:0
[   31691ms] [LOG] Player X: 0.00 Y: 6.00 Z: 5.00 @ http://localhost:3000/_next/static/chunks/0-ynv9eqilv7x.js:0
[   31694ms] [LOG] Player X: 0.00 Y: 6.00 Z: 5.00 @ http://localhost:3000/_next/static/chunks/0-ynv9eqilv7x.js:0
[   31697ms] [LOG] Player X: 0.00 Y: 6.00 Z: 5.00 @ http://localhost:3000/_next/static/chunks/0-ynv9eqilv7x.js:0
[   31701ms] [LOG] Player X: 0.00 Y: 6.00 Z: 5.00 @ http://localhost:3000/_next/static/chunks/0-ynv9eqilv7x.js:0
[   31704ms] [LOG] Player X: 0.00 Y: 6.00 Z: 5.00 @ http://localhost:3000/_next/static/chunks/0-ynv9eqilv7x.js:0
[   31708ms] [LOG] Player X: 0.00 Y: 6.00 Z: 5.00 @ http://localhost:3000/_next/static/chunks/0-ynv9eqilv7x.js:0
[   31711ms] [LOG] Player X: 0.00 Y: 6.00 Z: 5.00 @ http://localhost:3000/_next/static/chunks/0-ynv9eqilv7x.js:0
[   31714ms] [LOG] Player X: 0.00 Y: 6.00 Z: 5.00 @ http://localhost:3000/_next/static/chunks/0-ynv9eqilv7x.js:0
[   31718ms] [LOG] Player X: 0.00 Y: 6.00 Z: 5.00 @ http://localhost:3000/_next/static/chunks/0-ynv9eqilv7x.js:0
[   31721ms] [LOG] Player X: 0.00 Y: 6.00 Z: 5.00 @ http://localhost:3000/_next/static/chunks/0-ynv9eqilv7x.js:0
[   31724ms] [LOG] Player X: 0.00 Y: 6.00 Z: 5.00 @ http://localhost:3000/_next/static/chunks/0-ynv9eqilv7x.js:0
[   31728ms] [LOG] Player X: 0.00 Y: 6.00 Z: 5.00 @ http://localhost:3000/_next/static/chunks/0-ynv9eqilv7x.js:0
[   31731ms] [LOG] Player X: 0.00 Y: 6.00 Z: 5.00 @ http://localhost:3000/_next/static/chunks/0-ynv9eqilv7x.js:0
[   31734ms] [LOG] Player X: 0.00 Y: 6.00 Z: 5.00 @ http://localhost:3000/_next/static/chunks/0-ynv9eqilv7x.js:0
[   31738ms] [LOG] Player X: 0.00 Y: 6.00 Z: 5.00 @ http://localhost:3000/_next/static/chunks/0-ynv9eqilv7x.js:0
[   31741ms] [LOG] Player X: 0.00 Y: 6.00 Z: 5.00 @ http://localhost:3000/_next/static/chunks/0-ynv9eqilv7x.js:0
[   31744ms] [LOG] Player X: 0.00 Y: 6.00 Z: 5.00 @ http://localhost:3000/_next/static/chunks/0-ynv9eqilv7x.js:0
[   31748ms] [LOG] Player X: 0.00 Y: 6.00 Z: 5.00 @ http://localhost:3000/_next/static/chunks/0-ynv9eqilv7x.js:0
[   31751ms] [LOG] Player X: 0.00 Y: 6.00 Z: 5.00 @ http://localhost:3000/_next/static/chunks/0-ynv9eqilv7x.js:0
[   31754ms] [LOG] Player X: 0.00 Y: 6.00 Z: 5.00 @ http://localhost:3000/_next/static/chunks/0-ynv9eqilv7x.js:0
[   31758ms] [LOG] Player X: 0.00 Y: 6.00 Z: 5.00 @ http://localhost:3000/_next/static/chunks/0-ynv9eqilv7x.js:0
[   31761ms] [LOG] Player X: 0.00 Y: 6.00 Z: 5.00 @ http://localhost:3000/_next/static/chunks/0-ynv9eqilv7x.js:0
[   31764ms] [LOG] Player X: 0.00 Y: 6.00 Z: 5.00 @ http://localhost:3000/_next/static/chunks/0-ynv9eqilv7x.js:0
[   31768ms] [LOG] Player X: 0.00 Y: 6.00 Z: 5.00 @ http://localhost:3000/_next/static/chunks/0-ynv9eqilv7x.js:0
[   31771ms] [LOG] Player X: 0.00 Y: 6.00 Z: 5.00 @ http://localhost:3000/_next/static/chunks/0-ynv9eqilv7x.js:0
[   31774ms] [LOG] Player X: 0.00 Y: 6.00 Z: 5.00 @ http://localhost:3000/_next/static/chunks/0-ynv9eqilv7x.js:0
[   31778ms] [LOG] Player X: 0.00 Y: 6.00 Z: 5.00 @ http://localhost:3000/_next/static/chunks/0-ynv9eqilv7x.js:0
[   31781ms] [LOG] Player X: 0.00 Y: 6.00 Z: 5.00 @ http://localhost:3000/_next/static/chunks/0-ynv9eqilv7x.js:0
[   31784ms] [LOG] Player X: 0.00 Y: 6.00 Z: 5.00 @ http://localhost:3000/_next/static/chunks/0-ynv9eqilv7x.js:0
[   31788ms] [LOG] Player X: 0.00 Y: 6.00 Z: 5.00 @ http://localhost:3000/_next/static/chunks/0-ynv9eqilv7x.js:0
[   31791ms] [LOG] Player X: 0.00 Y: 6.00 Z: 5.00 @ http://localhost:3000/_next/static/chunks/0-ynv9eqilv7x.js:0
[   31794ms] [LOG] Player X: 0.00 Y: 6.00 Z: 5.00 @ http://localhost:3000/_next/static/chunks/0-ynv9eqilv7x.js:0
[   31798ms] [LOG] Player X: 0.00 Y: 6.00 Z: 5.00 @ http://localhost:3000/_next/static/chunks/0-ynv9eqilv7x.js:0
[   31801ms] [LOG] Player X: 0.00 Y: 6.00 Z: 5.00 @ http://localhost:3000/_next/static/chunks/0-ynv9eqilv7x.js:0
[   31804ms] [LOG] Player X: 0.00 Y: 6.00 Z: 5.00 @ http://localhost:3000/_next/static/chunks/0-ynv9eqilv7x.js:0
[   31808ms] [LOG] Player X: 0.00 Y: 6.00 Z: 5.00 @ http://localhost:3000/_next/static/chunks/0-ynv9eqilv7x.js:0
[   31811ms] [LOG] Player X: 0.00 Y: 6.00 Z: 5.00 @ http://localhost:3000/_next/static/chunks/0-ynv9eqilv7x.js:0
[   31814ms] [LOG] Player X: 0.00 Y: 6.00 Z: 5.00 @ http://localhost:3000/_next/static/chunks/0-ynv9eqilv7x.js:0
[   31818ms] [LOG] Player X: 0.00 Y: 6.00 Z: 5.00 @ http://localhost:3000/_next/static/chunks/0-ynv9eqilv7x.js:0
[   31821ms] [LOG] Player X: 0.00 Y: 6.00 Z: 5.00 @ http://localhost:3000/_next/static/chunks/0-ynv9eqilv7x.js:0
[   31824ms] [LOG] Player X: 0.00 Y: 6.00 Z: 5.00 @ http://localhost:3000/_next/static/chunks/0-ynv9eqilv7x.js:0
[   31828ms] [LOG] Player X: 0.00 Y: 6.00 Z: 5.00 @ http://localhost:3000/_next/static/chunks/0-ynv9eqilv7x.js:0
[   31831ms] [LOG] Player X: 0.00 Y: 6.00 Z: 5.00 @ http://localhost:3000/_next/static/chunks/0-ynv9eqilv7x.js:0
[   31834ms] [LOG] Player X: 0.00 Y: 6.00 Z: 5.00 @ http://localhost:3000/_next/static/chunks/0-ynv9eqilv7x.js:0
[   31838ms] [LOG] Player X: 0.00 Y: 6.00 Z: 5.00 @ http://localhost:3000/_next/static/chunks/0-ynv9eqilv7x.js:0
[   31841ms] [LOG] Player X: 0.00 Y: 6.00 Z: 5.00 @ http://localhost:3000/_next/static/chunks/0-ynv9eqilv7x.js:0
[   31844ms] [LOG] Player X: 0.00 Y: 6.00 Z: 5.00 @ http://localhost:3000/_next/static/chunks/0-ynv9eqilv7x.js:0
[   31848ms] [LOG] Player X: 0.00 Y: 6.00 Z: 5.00 @ http://localhost:3000/_next/static/chunks/0-ynv9eqilv7x.js:0
[   31851ms] [LOG] Player X: 0.00 Y: 6.00 Z: 5.00 @ http://localhost:3000/_next/static/chunks/0-ynv9eqilv7x.js:0
[   31854ms] [LOG] Player X: 0.00 Y: 6.00 Z: 5.00 @ http://localhost:3000/_next/static/chunks/0-ynv9eqilv7x.js:0
[   31858ms] [LOG] Player X: 0.00 Y: 6.00 Z: 5.00 @ http://localhost:3000/_next/static/chunks/0-ynv9eqilv7x.js:0
[   31861ms] [LOG] Player X: 0.00 Y: 6.00 Z: 5.00 @ http://localhost:3000/_next/static/chunks/0-ynv9eqilv7x.js:0
[   31864ms] [LOG] Player X: 0.00 Y: 6.00 Z: 5.00 @ http://localhost:3000/_next/static/chunks/0-ynv9eqilv7x.js:0
[   31868ms] [LOG] Player X: 0.00 Y: 6.00 Z: 5.00 @ http://localhost:3000/_next/static/chunks/0-ynv9eqilv7x.js:0
[   31871ms] [LOG] Player X: 0.00 Y: 6.00 Z: 5.00 @ http://localhost:3000/_next/static/chunks/0-ynv9eqilv7x.js:0
[   31874ms] [LOG] Player X: 0.00 Y: 6.00 Z: 5.00 @ http://localhost:3000/_next/static/chunks/0-ynv9eqilv7x.js:0
[   31877ms] [LOG] Player X: 0.00 Y: 6.00 Z: 5.00 @ http://localhost:3000/_next/static/chunks/0-ynv9eqilv7x.js:0
[   31881ms] [LOG] Player X: 0.00 Y: 6.00 Z: 5.00 @ http://localhost:3000/_next/static/chunks/0-ynv9eqilv7x.js:0
[   31884ms] [LOG] Player X: 0.00 Y: 6.00 Z: 5.00 @ http://localhost:3000/_next/static/chunks/0-ynv9eqilv7x.js:0
[   31888ms] [LOG] Player X: 0.00 Y: 6.00 Z: 5.00 @ http://localhost:3000/_next/static/chunks/0-ynv9eqilv7x.js:0
[   31891ms] [LOG] Player X: 0.00 Y: 6.00 Z: 5.00 @ http://localhost:3000/_next/static/chunks/0-ynv9eqilv7x.js:0
[   31894ms] [LOG] Player X: 0.00 Y: 6.00 Z: 5.00 @ http://localhost:3000/_next/static/chunks/0-ynv9eqilv7x.js:0
[   31898ms] [LOG] Player X: 0.00 Y: 6.00 Z: 5.00 @ http://localhost:3000/_next/static/chunks/0-ynv9eqilv7x.js:0
[   31901ms] [LOG] Player X: 0.00 Y: 6.00 Z: 5.00 @ http://localhost:3000/_next/static/chunks/0-ynv9eqilv7x.js:0
[   31904ms] [LOG] Player X: 0.00 Y: 6.00 Z: 5.00 @ http://localhost:3000/_next/static/chunks/0-ynv9eqilv7x.js:0
[   31908ms] [LOG] Player X: 0.00 Y: 6.00 Z: 5.00 @ http://localhost:3000/_next/static/chunks/0-ynv9eqilv7x.js:0
[   31911ms] [LOG] Player X: 0.00 Y: 6.00 Z: 5.00 @ http://localhost:3000/_next/static/chunks/0-ynv9eqilv7x.js:0
[   31914ms] [LOG] Player X: 0.00 Y: 6.00 Z: 5.00 @ http://localhost:3000/_next/static/chunks/0-ynv9eqilv7x.js:0
[   31918ms] [LOG] Player X: 0.00 Y: 6.00 Z: 5.00 @ http://localhost:3000/_next/static/chunks/0-ynv9eqilv7x.js:0
[   31921ms] [LOG] Player X: 0.00 Y: 6.00 Z: 5.00 @ http://localhost:3000/_next/static/chunks/0-ynv9eqilv7x.js:0
[   31924ms] [LOG] Player X: 0.00 Y: 6.00 Z: 5.00 @ http://localhost:3000/_next/static/chunks/0-ynv9eqilv7x.js:0
[   31928ms] [LOG] Player X: 0.00 Y: 6.00 Z: 5.00 @ http://localhost:3000/_next/static/chunks/0-ynv9eqilv7x.js:0
[   31931ms] [LOG] Player X: 0.00 Y: 6.00 Z: 5.00 @ http://localhost:3000/_next/static/chunks/0-ynv9eqilv7x.js:0
[   31934ms] [LOG] Player X: 0.00 Y: 6.00 Z: 5.00 @ http://localhost:3000/_next/static/chunks/0-ynv9eqilv7x.js:0
[   31938ms] [LOG] Player X: 0.00 Y: 6.00 Z: 5.00 @ http://localhost:3000/_next/static/chunks/0-ynv9eqilv7x.js:0
[   31941ms] [LOG] Player X: 0.00 Y: 6.00 Z: 5.00 @ http://localhost:3000/_next/static/chunks/0-ynv9eqilv7x.js:0
[   31944ms] [LOG] Player X: 0.00 Y: 6.00 Z: 5.00 @ http://localhost:3000/_next/static/chunks/0-ynv9eqilv7x.js:0
[   31948ms] [LOG] Player X: 0.00 Y: 6.00 Z: 5.00 @ http://localhost:3000/_next/static/chunks/0-ynv9eqilv7x.js:0
[   31951ms] [LOG] Player X: 0.00 Y: 6.00 Z: 5.00 @ http://localhost:3000/_next/static/chunks/0-ynv9eqilv7x.js:0
[   31954ms] [LOG] Player X: 0.00 Y: 6.00 Z: 5.00 @ http://localhost:3000/_next/static/chunks/0-ynv9eqilv7x.js:0
[   31958ms] [LOG] Player X: 0.00 Y: 6.00 Z: 5.00 @ http://localhost:3000/_next/static/chunks/0-ynv9eqilv7x.js:0
[   31961ms] [LOG] Player X: 0.00 Y: 6.00 Z: 5.00 @ http://localhost:3000/_next/static/chunks/0-ynv9eqilv7x.js:0
[   31964ms] [LOG] Player X: 0.00 Y: 6.00 Z: 5.00 @ http://localhost:3000/_next/static/chunks/0-ynv9eqilv7x.js:0
[   31968ms] [LOG] Player X: 0.00 Y: 6.00 Z: 5.00 @ http://localhost:3000/_next/static/chunks/0-ynv9eqilv7x.js:0
[   31971ms] [LOG] Player X: 0.00 Y: 6.00 Z: 5.00 @ http://localhost:3000/_next/static/chunks/0-ynv9eqilv7x.js:0
[   31974ms] [LOG] Player X: 0.00 Y: 6.00 Z: 5.00 @ http://localhost:3000/_next/static/chunks/0-ynv9eqilv7x.js:0
[   31978ms] [LOG] Player X: 0.00 Y: 6.00 Z: 5.00 @ http://localhost:3000/_next/static/chunks/0-ynv9eqilv7x.js:0
[   31981ms] [LOG] Player X: 0.00 Y: 6.00 Z: 5.00 @ http://localhost:3000/_next/static/chunks/0-ynv9eqilv7x.js:0
[   31984ms] [LOG] Player X: 0.00 Y: 6.00 Z: 5.00 @ http://localhost:3000/_next/static/chunks/0-ynv9eqilv7x.js:0
[   31988ms] [LOG] Player X: 0.00 Y: 6.00 Z: 5.00 @ http://localhost:3000/_next/static/chunks/0-ynv9eqilv7x.js:0
[   31991ms] [LOG] Player X: 0.00 Y: 6.00 Z: 5.00 @ http://localhost:3000/_next/static/chunks/0-ynv9eqilv7x.js:0
[   31994ms] [LOG] Player X: 0.00 Y: 6.00 Z: 5.00 @ http://localhost:3000/_next/static/chunks/0-ynv9eqilv7x.js:0
[   31998ms] [LOG] Player X: 0.00 Y: 6.00 Z: 5.00 @ http://localhost:3000/_next/static/chunks/0-ynv9eqilv7x.js:0
[   32001ms] [LOG] Player X: 0.00 Y: 6.00 Z: 5.00 @ http://localhost:3000/_next/static/chunks/0-ynv9eqilv7x.js:0
[   32004ms] [LOG] Player X: 0.00 Y: 6.00 Z: 5.00 @ http://localhost:3000/_next/static/chunks/0-ynv9eqilv7x.js:0
[   32008ms] [LOG] Player X: 0.00 Y: 6.00 Z: 5.00 @ http://localhost:3000/_next/static/chunks/0-ynv9eqilv7x.js:0
[   32011ms] [LOG] Player X: 0.00 Y: 6.00 Z: 5.00 @ http://localhost:3000/_next/static/chunks/0-ynv9eqilv7x.js:0
[   32014ms] [LOG] Player X: 0.00 Y: 6.00 Z: 5.00 @ http://localhost:3000/_next/static/chunks/0-ynv9eqilv7x.js:0
[   32018ms] [LOG] Player X: 0.00 Y: 6.00 Z: 5.00 @ http://localhost:3000/_next/static/chunks/0-ynv9eqilv7x.js:0
[   32021ms] [LOG] Player X: 0.00 Y: 6.00 Z: 5.00 @ http://localhost:3000/_next/static/chunks/0-ynv9eqilv7x.js:0
[   32024ms] [LOG] Player X: 0.00 Y: 6.00 Z: 5.00 @ http://localhost:3000/_next/static/chunks/0-ynv9eqilv7x.js:0
[   32028ms] [LOG] Player X: 0.00 Y: 6.00 Z: 5.00 @ http://localhost:3000/_next/static/chunks/0-ynv9eqilv7x.js:0
[   32031ms] [LOG] Player X: 0.00 Y: 6.00 Z: 5.00 @ http://localhost:3000/_next/static/chunks/0-ynv9eqilv7x.js:0
[   32034ms] [LOG] Player X: 0.00 Y: 6.00 Z: 5.00 @ http://localhost:3000/_next/static/chunks/0-ynv9eqilv7x.js:0
[   32038ms] [LOG] Player X: 0.00 Y: 6.00 Z: 5.00 @ http://localhost:3000/_next/static/chunks/0-ynv9eqilv7x.js:0
[   32041ms] [LOG] Player X: 0.00 Y: 6.00 Z: 5.00 @ http://localhost:3000/_next/static/chunks/0-ynv9eqilv7x.js:0
[   32044ms] [LOG] Player X: 0.00 Y: 6.00 Z: 5.00 @ http://localhost:3000/_next/static/chunks/0-ynv9eqilv7x.js:0
[   32048ms] [LOG] Player X: 0.00 Y: 6.00 Z: 5.00 @ http://localhost:3000/_next/static/chunks/0-ynv9eqilv7x.js:0
[   32051ms] [LOG] Player X: 0.00 Y: 6.00 Z: 5.00 @ http://localhost:3000/_next/static/chunks/0-ynv9eqilv7x.js:0
[   32054ms] [LOG] Player X: 0.00 Y: 6.00 Z: 5.00 @ http://localhost:3000/_next/static/chunks/0-ynv9eqilv7x.js:0
[   32058ms] [LOG] Player X: 0.00 Y: 6.00 Z: 5.00 @ http://localhost:3000/_next/static/chunks/0-ynv9eqilv7x.js:0
[   32061ms] [LOG] Player X: 0.00 Y: 6.00 Z: 5.00 @ http://localhost:3000/_next/static/chunks/0-ynv9eqilv7x.js:0
[   32064ms] [LOG] Player X: 0.00 Y: 6.00 Z: 5.00 @ http://localhost:3000/_next/static/chunks/0-ynv9eqilv7x.js:0
[   32068ms] [LOG] Player X: 0.00 Y: 6.00 Z: 5.00 @ http://localhost:3000/_next/static/chunks/0-ynv9eqilv7x.js:0
[   32071ms] [LOG] Player X: 0.00 Y: 6.00 Z: 5.00 @ http://localhost:3000/_next/static/chunks/0-ynv9eqilv7x.js:0
[   32074ms] [LOG] Player X: 0.00 Y: 6.00 Z: 5.00 @ http://localhost:3000/_next/static/chunks/0-ynv9eqilv7x.js:0
[   32078ms] [LOG] Player X: 0.00 Y: 6.00 Z: 5.00 @ http://localhost:3000/_next/static/chunks/0-ynv9eqilv7x.js:0
[   32081ms] [LOG] Player X: 0.00 Y: 6.00 Z: 5.00 @ http://localhost:3000/_next/static/chunks/0-ynv9eqilv7x.js:0
[   32084ms] [LOG] Player X: 0.00 Y: 6.00 Z: 5.00 @ http://localhost:3000/_next/static/chunks/0-ynv9eqilv7x.js:0
[   32088ms] [LOG] Player X: 0.00 Y: 6.00 Z: 5.00 @ http://localhost:3000/_next/static/chunks/0-ynv9eqilv7x.js:0
[   32091ms] [LOG] Player X: 0.00 Y: 6.00 Z: 5.00 @ http://localhost:3000/_next/static/chunks/0-ynv9eqilv7x.js:0
[   32094ms] [LOG] Player X: 0.00 Y: 6.00 Z: 5.00 @ http://localhost:3000/_next/static/chunks/0-ynv9eqilv7x.js:0
[   32098ms] [LOG] Player X: 0.00 Y: 6.00 Z: 5.00 @ http://localhost:3000/_next/static/chunks/0-ynv9eqilv7x.js:0
[   32101ms] [LOG] Player X: 0.00 Y: 6.00 Z: 5.00 @ http://localhost:3000/_next/static/chunks/0-ynv9eqilv7x.js:0
[   32104ms] [LOG] Player X: 0.00 Y: 6.00 Z: 5.00 @ http://localhost:3000/_next/static/chunks/0-ynv9eqilv7x.js:0
[   32108ms] [LOG] Player X: 0.00 Y: 6.00 Z: 5.00 @ http://localhost:3000/_next/static/chunks/0-ynv9eqilv7x.js:0
[   32111ms] [LOG] Player X: 0.00 Y: 6.00 Z: 5.00 @ http://localhost:3000/_next/static/chunks/0-ynv9eqilv7x.js:0
[   32114ms] [LOG] Player X: 0.00 Y: 6.00 Z: 5.00 @ http://localhost:3000/_next/static/chunks/0-ynv9eqilv7x.js:0
[   32118ms] [LOG] Player X: 0.00 Y: 6.00 Z: 5.00 @ http://localhost:3000/_next/static/chunks/0-ynv9eqilv7x.js:0
[   32121ms] [LOG] Player X: 0.00 Y: 6.00 Z: 5.00 @ http://localhost:3000/_next/static/chunks/0-ynv9eqilv7x.js:0
[   32124ms] [LOG] Player X: 0.00 Y: 6.00 Z: 5.00 @ http://localhost:3000/_next/static/chunks/0-ynv9eqilv7x.js:0
[   32128ms] [LOG] Player X: 0.00 Y: 6.00 Z: 5.00 @ http://localhost:3000/_next/static/chunks/0-ynv9eqilv7x.js:0
[   32131ms] [LOG] Player X: 0.00 Y: 6.00 Z: 5.00 @ http://localhost:3000/_next/static/chunks/0-ynv9eqilv7x.js:0
[   32134ms] [LOG] Player X: 0.00 Y: 6.00 Z: 5.00 @ http://localhost:3000/_next/static/chunks/0-ynv9eqilv7x.js:0
[   32138ms] [LOG] Player X: 0.00 Y: 6.00 Z: 5.00 @ http://localhost:3000/_next/static/chunks/0-ynv9eqilv7x.js:0
[   32141ms] [LOG] Player X: 0.00 Y: 6.00 Z: 5.00 @ http://localhost:3000/_next/static/chunks/0-ynv9eqilv7x.js:0
[   32144ms] [LOG] Player X: 0.00 Y: 6.00 Z: 5.00 @ http://localhost:3000/_next/static/chunks/0-ynv9eqilv7x.js:0
[   32148ms] [LOG] Player X: 0.00 Y: 6.00 Z: 5.00 @ http://localhost:3000/_next/static/chunks/0-ynv9eqilv7x.js:0
[   32151ms] [LOG] Player X: 0.00 Y: 6.00 Z: 5.00 @ http://localhost:3000/_next/static/chunks/0-ynv9eqilv7x.js:0
[   32154ms] [LOG] Player X: 0.00 Y: 6.00 Z: 5.00 @ http://localhost:3000/_next/static/chunks/0-ynv9eqilv7x.js:0
[   32157ms] [LOG] Player X: 0.00 Y: 6.00 Z: 5.00 @ http://localhost:3000/_next/static/chunks/0-ynv9eqilv7x.js:0
[   32161ms] [LOG] Player X: 0.00 Y: 6.00 Z: 5.00 @ http://localhost:3000/_next/static/chunks/0-ynv9eqilv7x.js:0
[   32164ms] [LOG] Player X: 0.00 Y: 6.00 Z: 5.00 @ http://localhost:3000/_next/static/chunks/0-ynv9eqilv7x.js:0
[   32167ms] [LOG] Player X: 0.00 Y: 6.00 Z: 5.00 @ http://localhost:3000/_next/static/chunks/0-ynv9eqilv7x.js:0
[   32171ms] [LOG] Player X: 0.00 Y: 6.00 Z: 5.00 @ http://localhost:3000/_next/static/chunks/0-ynv9eqilv7x.js:0
[   32174ms] [LOG] Player X: 0.00 Y: 6.00 Z: 5.00 @ http://localhost:3000/_next/static/chunks/0-ynv9eqilv7x.js:0
[   32177ms] [LOG] Player X: 0.00 Y: 6.00 Z: 5.00 @ http://localhost:3000/_next/static/chunks/0-ynv9eqilv7x.js:0
[   32181ms] [LOG] Player X: 0.00 Y: 6.00 Z: 5.00 @ http://localhost:3000/_next/static/chunks/0-ynv9eqilv7x.js:0
[   32184ms] [LOG] Player X: 0.00 Y: 6.00 Z: 5.00 @ http://localhost:3000/_next/static/chunks/0-ynv9eqilv7x.js:0
[   32188ms] [LOG] Player X: 0.00 Y: 6.00 Z: 5.00 @ http://localhost:3000/_next/static/chunks/0-ynv9eqilv7x.js:0
[   32191ms] [LOG] Player X: 0.00 Y: 6.00 Z: 5.00 @ http://localhost:3000/_next/static/chunks/0-ynv9eqilv7x.js:0
[   32194ms] [LOG] Player X: 0.00 Y: 6.00 Z: 5.00 @ http://localhost:3000/_next/static/chunks/0-ynv9eqilv7x.js:0
[   32197ms] [LOG] Player X: 0.00 Y: 6.00 Z: 5.00 @ http://localhost:3000/_next/static/chunks/0-ynv9eqilv7x.js:0
[   32201ms] [LOG] Player X: 0.00 Y: 6.00 Z: 5.00 @ http://localhost:3000/_next/static/chunks/0-ynv9eqilv7x.js:0
[   32204ms] [LOG] Player X: 0.00 Y: 6.00 Z: 5.00 @ http://localhost:3000/_next/static/chunks/0-ynv9eqilv7x.js:0
[   32207ms] [LOG] Player X: 0.00 Y: 6.00 Z: 5.00 @ http://localhost:3000/_next/static/chunks/0-ynv9eqilv7x.js:0
[   32211ms] [LOG] Player X: 0.00 Y: 6.00 Z: 5.00 @ http://localhost:3000/_next/static/chunks/0-ynv9eqilv7x.js:0
[   32214ms] [LOG] Player X: 0.00 Y: 6.00 Z: 5.00 @ http://localhost:3000/_next/static/chunks/0-ynv9eqilv7x.js:0
[   32218ms] [LOG] Player X: 0.00 Y: 6.00 Z: 5.00 @ http://localhost:3000/_next/static/chunks/0-ynv9eqilv7x.js:0
[   32221ms] [LOG] Player X: 0.00 Y: 6.00 Z: 5.00 @ http://localhost:3000/_next/static/chunks/0-ynv9eqilv7x.js:0
[   32224ms] [LOG] Player X: 0.00 Y: 6.00 Z: 5.00 @ http://localhost:3000/_next/static/chunks/0-ynv9eqilv7x.js:0
[   32227ms] [LOG] Player X: 0.00 Y: 6.00 Z: 5.00 @ http://localhost:3000/_next/static/chunks/0-ynv9eqilv7x.js:0
[   32231ms] [LOG] Player X: 0.00 Y: 6.00 Z: 5.00 @ http://localhost:3000/_next/static/chunks/0-ynv9eqilv7x.js:0
[   32234ms] [LOG] Player X: 0.00 Y: 6.00 Z: 5.00 @ http://localhost:3000/_next/static/chunks/0-ynv9eqilv7x.js:0
[   32237ms] [LOG] Player X: 0.00 Y: 6.00 Z: 5.00 @ http://localhost:3000/_next/static/chunks/0-ynv9eqilv7x.js:0
[   32241ms] [LOG] Player X: 0.00 Y: 6.00 Z: 5.00 @ http://localhost:3000/_next/static/chunks/0-ynv9eqilv7x.js:0
[   32244ms] [LOG] Player X: 0.00 Y: 6.00 Z: 5.00 @ http://localhost:3000/_next/static/chunks/0-ynv9eqilv7x.js:0
[   32248ms] [LOG] Player X: 0.00 Y: 6.00 Z: 5.00 @ http://localhost:3000/_next/static/chunks/0-ynv9eqilv7x.js:0
[   32251ms] [LOG] Player X: 0.00 Y: 6.00 Z: 5.00 @ http://localhost:3000/_next/static/chunks/0-ynv9eqilv7x.js:0
[   32254ms] [LOG] Player X: 0.00 Y: 6.00 Z: 5.00 @ http://localhost:3000/_next/static/chunks/0-ynv9eqilv7x.js:0
[   32258ms] [LOG] Player X: 0.00 Y: 6.00 Z: 5.00 @ http://localhost:3000/_next/static/chunks/0-ynv9eqilv7x.js:0
[   32261ms] [LOG] Player X: 0.00 Y: 6.00 Z: 5.00 @ http://localhost:3000/_next/static/chunks/0-ynv9eqilv7x.js:0
[   32264ms] [LOG] Player X: 0.00 Y: 6.00 Z: 5.00 @ http://localhost:3000/_next/static/chunks/0-ynv9eqilv7x.js:0
[   32267ms] [LOG] Player X: 0.00 Y: 6.00 Z: 5.00 @ http://localhost:3000/_next/static/chunks/0-ynv9eqilv7x.js:0
[   32271ms] [LOG] Player X: 0.00 Y: 6.00 Z: 5.00 @ http://localhost:3000/_next/static/chunks/0-ynv9eqilv7x.js:0
[   32274ms] [LOG] Player X: 0.00 Y: 6.00 Z: 5.00 @ http://localhost:3000/_next/static/chunks/0-ynv9eqilv7x.js:0
[   32278ms] [LOG] Player X: 0.00 Y: 6.00 Z: 5.00 @ http://localhost:3000/_next/static/chunks/0-ynv9eqilv7x.js:0
[   32281ms] [LOG] Player X: 0.00 Y: 6.00 Z: 5.00 @ http://localhost:3000/_next/static/chunks/0-ynv9eqilv7x.js:0
[   32284ms] [LOG] Player X: 0.00 Y: 6.00 Z: 5.00 @ http://localhost:3000/_next/static/chunks/0-ynv9eqilv7x.js:0
[   32287ms] [LOG] Player X: 0.00 Y: 6.00 Z: 5.00 @ http://localhost:3000/_next/static/chunks/0-ynv9eqilv7x.js:0
[   32291ms] [LOG] Player X: 0.00 Y: 6.00 Z: 5.00 @ http://localhost:3000/_next/static/chunks/0-ynv9eqilv7x.js:0
[   32294ms] [LOG] Player X: 0.00 Y: 6.00 Z: 5.00 @ http://localhost:3000/_next/static/chunks/0-ynv9eqilv7x.js:0
[   32297ms] [LOG] Player X: 0.00 Y: 6.00 Z: 5.00 @ http://localhost:3000/_next/static/chunks/0-ynv9eqilv7x.js:0
[   32301ms] [LOG] Player X: 0.00 Y: 6.00 Z: 5.00 @ http://localhost:3000/_next/static/chunks/0-ynv9eqilv7x.js:0
[   32304ms] [LOG] Player X: 0.00 Y: 6.00 Z: 5.00 @ http://localhost:3000/_next/static/chunks/0-ynv9eqilv7x.js:0
[   32308ms] [LOG] Player X: 0.00 Y: 6.00 Z: 5.00 @ http://localhost:3000/_next/static/chunks/0-ynv9eqilv7x.js:0
[   32311ms] [LOG] Player X: 0.00 Y: 6.00 Z: 5.00 @ http://localhost:3000/_next/static/chunks/0-ynv9eqilv7x.js:0
[   32314ms] [LOG] Player X: 0.00 Y: 6.00 Z: 5.00 @ http://localhost:3000/_next/static/chunks/0-ynv9eqilv7x.js:0
[   32317ms] [LOG] Player X: 0.00 Y: 6.00 Z: 5.00 @ http://localhost:3000/_next/static/chunks/0-ynv9eqilv7x.js:0
[   32321ms] [LOG] Player X: 0.00 Y: 6.00 Z: 5.00 @ http://localhost:3000/_next/static/chunks/0-ynv9eqilv7x.js:0
[   32324ms] [LOG] Player X: 0.00 Y: 6.00 Z: 5.00 @ http://localhost:3000/_next/static/chunks/0-ynv9eqilv7x.js:0
[   32327ms] [LOG] Player X: 0.00 Y: 6.00 Z: 5.00 @ http://localhost:3000/_next/static/chunks/0-ynv9eqilv7x.js:0
[   32331ms] [LOG] Player X: 0.00 Y: 6.00 Z: 5.00 @ http://localhost:3000/_next/static/chunks/0-ynv9eqilv7x.js:0
[   32334ms] [LOG] Player X: 0.00 Y: 6.00 Z: 5.00 @ http://localhost:3000/_next/static/chunks/0-ynv9eqilv7x.js:0
[   32337ms] [LOG] Player X: 0.00 Y: 6.00 Z: 5.00 @ http://localhost:3000/_next/static/chunks/0-ynv9eqilv7x.js:0
[   32341ms] [LOG] Player X: 0.00 Y: 6.00 Z: 5.00 @ http://localhost:3000/_next/static/chunks/0-ynv9eqilv7x.js:0
[   32344ms] [LOG] Player X: 0.00 Y: 6.00 Z: 5.00 @ http://localhost:3000/_next/static/chunks/0-ynv9eqilv7x.js:0
[   32347ms] [LOG] Player X: 0.00 Y: 6.00 Z: 5.00 @ http://localhost:3000/_next/static/chunks/0-ynv9eqilv7x.js:0
[   32351ms] [LOG] Player X: 0.00 Y: 6.00 Z: 5.00 @ http://localhost:3000/_next/static/chunks/0-ynv9eqilv7x.js:0
[   32354ms] [LOG] Player X: 0.00 Y: 6.00 Z: 5.00 @ http://localhost:3000/_next/static/chunks/0-ynv9eqilv7x.js:0
[   32358ms] [LOG] Player X: 0.00 Y: 6.00 Z: 5.00 @ http://localhost:3000/_next/static/chunks/0-ynv9eqilv7x.js:0
[   32361ms] [LOG] Player X: 0.00 Y: 6.00 Z: 5.00 @ http://localhost:3000/_next/static/chunks/0-ynv9eqilv7x.js:0
[   32364ms] [LOG] Player X: 0.00 Y: 6.00 Z: 5.00 @ http://localhost:3000/_next/static/chunks/0-ynv9eqilv7x.js:0
[   32368ms] [LOG] Player X: 0.00 Y: 6.00 Z: 5.00 @ http://localhost:3000/_next/static/chunks/0-ynv9eqilv7x.js:0
[   32371ms] [LOG] Player X: 0.00 Y: 6.00 Z: 5.00 @ http://localhost:3000/_next/static/chunks/0-ynv9eqilv7x.js:0
[   32374ms] [LOG] Player X: 0.00 Y: 6.00 Z: 5.00 @ http://localhost:3000/_next/static/chunks/0-ynv9eqilv7x.js:0
[   32378ms] [LOG] Player X: 0.00 Y: 6.00 Z: 5.00 @ http://localhost:3000/_next/static/chunks/0-ynv9eqilv7x.js:0
[   32381ms] [LOG] Player X: 0.00 Y: 6.00 Z: 5.00 @ http://localhost:3000/_next/static/chunks/0-ynv9eqilv7x.js:0
[   32384ms] [LOG] Player X: 0.00 Y: 6.00 Z: 5.00 @ http://localhost:3000/_next/static/chunks/0-ynv9eqilv7x.js:0
[   32387ms] [LOG] Player X: 0.00 Y: 6.00 Z: 5.00 @ http://localhost:3000/_next/static/chunks/0-ynv9eqilv7x.js:0
[   32391ms] [LOG] Player X: 0.00 Y: 6.00 Z: 5.00 @ http://localhost:3000/_next/static/chunks/0-ynv9eqilv7x.js:0
[   32394ms] [LOG] Player X: 0.00 Y: 6.00 Z: 5.00 @ http://localhost:3000/_next/static/chunks/0-ynv9eqilv7x.js:0
[   32398ms] [LOG] Player X: 0.00 Y: 6.00 Z: 5.00 @ http://localhost:3000/_next/static/chunks/0-ynv9eqilv7x.js:0
[   32401ms] [LOG] Player X: 0.00 Y: 6.00 Z: 5.00 @ http://localhost:3000/_next/static/chunks/0-ynv9eqilv7x.js:0
[   32404ms] [LOG] Player X: 0.00 Y: 6.00 Z: 5.00 @ http://localhost:3000/_next/static/chunks/0-ynv9eqilv7x.js:0
[   32407ms] [LOG] Player X: 0.00 Y: 6.00 Z: 5.00 @ http://localhost:3000/_next/static/chunks/0-ynv9eqilv7x.js:0
[   32411ms] [LOG] Player X: 0.00 Y: 6.00 Z: 5.00 @ http://localhost:3000/_next/static/chunks/0-ynv9eqilv7x.js:0
[   32414ms] [LOG] Player X: 0.00 Y: 6.00 Z: 5.00 @ http://localhost:3000/_next/static/chunks/0-ynv9eqilv7x.js:0
[   32418ms] [LOG] Player X: 0.00 Y: 6.00 Z: 5.00 @ http://localhost:3000/_next/static/chunks/0-ynv9eqilv7x.js:0
[   32421ms] [LOG] Player X: 0.00 Y: 6.00 Z: 5.00 @ http://localhost:3000/_next/static/chunks/0-ynv9eqilv7x.js:0
[   32424ms] [LOG] Player X: 0.00 Y: 6.00 Z: 5.00 @ http://localhost:3000/_next/static/chunks/0-ynv9eqilv7x.js:0
[   32428ms] [LOG] Player X: 0.00 Y: 6.00 Z: 5.00 @ http://localhost:3000/_next/static/chunks/0-ynv9eqilv7x.js:0
[   32431ms] [LOG] Player X: 0.00 Y: 6.00 Z: 5.00 @ http://localhost:3000/_next/static/chunks/0-ynv9eqilv7x.js:0
[   32434ms] [LOG] Player X: 0.00 Y: 6.00 Z: 5.00 @ http://localhost:3000/_next/static/chunks/0-ynv9eqilv7x.js:0
[   32438ms] [LOG] Player X: 0.00 Y: 6.00 Z: 5.00 @ http://localhost:3000/_next/static/chunks/0-ynv9eqilv7x.js:0
[   32441ms] [LOG] Player X: 0.00 Y: 6.00 Z: 5.00 @ http://localhost:3000/_next/static/chunks/0-ynv9eqilv7x.js:0
[   32444ms] [LOG] Player X: 0.00 Y: 6.00 Z: 5.00 @ http://localhost:3000/_next/static/chunks/0-ynv9eqilv7x.js:0
[   32448ms] [LOG] Player X: 0.00 Y: 6.00 Z: 5.00 @ http://localhost:3000/_next/static/chunks/0-ynv9eqilv7x.js:0
[   32451ms] [LOG] Player X: 0.00 Y: 6.00 Z: 5.00 @ http://localhost:3000/_next/static/chunks/0-ynv9eqilv7x.js:0
[   32454ms] [LOG] Player X: 0.00 Y: 6.00 Z: 5.00 @ http://localhost:3000/_next/static/chunks/0-ynv9eqilv7x.js:0
[   32458ms] [LOG] Player X: 0.00 Y: 6.00 Z: 5.00 @ http://localhost:3000/_next/static/chunks/0-ynv9eqilv7x.js:0
[   32461ms] [LOG] Player X: 0.00 Y: 6.00 Z: 5.00 @ http://localhost:3000/_next/static/chunks/0-ynv9eqilv7x.js:0
[   32464ms] [LOG] Player X: 0.00 Y: 6.00 Z: 5.00 @ http://localhost:3000/_next/static/chunks/0-ynv9eqilv7x.js:0
[   32468ms] [LOG] Player X: 0.00 Y: 6.00 Z: 5.00 @ http://localhost:3000/_next/static/chunks/0-ynv9eqilv7x.js:0
[   32471ms] [LOG] Player X: 0.00 Y: 6.00 Z: 5.00 @ http://localhost:3000/_next/static/chunks/0-ynv9eqilv7x.js:0
[   32474ms] [LOG] Player X: 0.00 Y: 6.00 Z: 5.00 @ http://localhost:3000/_next/static/chunks/0-ynv9eqilv7x.js:0
[   32477ms] [LOG] Player X: 0.00 Y: 6.00 Z: 5.00 @ http://localhost:3000/_next/static/chunks/0-ynv9eqilv7x.js:0
[   32481ms] [LOG] Player X: 0.00 Y: 6.00 Z: 5.00 @ http://localhost:3000/_next/static/chunks/0-ynv9eqilv7x.js:0
[   32484ms] [LOG] Player X: 0.00 Y: 6.00 Z: 5.00 @ http://localhost:3000/_next/static/chunks/0-ynv9eqilv7x.js:0
[   32488ms] [LOG] Player X: 0.00 Y: 6.00 Z: 5.00 @ http://localhost:3000/_next/static/chunks/0-ynv9eqilv7x.js:0
[   32491ms] [LOG] Player X: 0.00 Y: 6.00 Z: 5.00 @ http://localhost:3000/_next/static/chunks/0-ynv9eqilv7x.js:0
[   32494ms] [LOG] Player X: 0.00 Y: 6.00 Z: 5.00 @ http://localhost:3000/_next/static/chunks/0-ynv9eqilv7x.js:0
[   32497ms] [LOG] Player X: 0.00 Y: 6.00 Z: 5.00 @ http://localhost:3000/_next/static/chunks/0-ynv9eqilv7x.js:0
[   32501ms] [LOG] Player X: 0.00 Y: 6.00 Z: 5.00 @ http://localhost:3000/_next/static/chunks/0-ynv9eqilv7x.js:0
[   32504ms] [LOG] Player X: 0.00 Y: 6.00 Z: 5.00 @ http://localhost:3000/_next/static/chunks/0-ynv9eqilv7x.js:0
[   32508ms] [LOG] Player X: 0.00 Y: 6.00 Z: 5.00 @ http://localhost:3000/_next/static/chunks/0-ynv9eqilv7x.js:0
[   32511ms] [LOG] Player X: 0.00 Y: 6.00 Z: 5.00 @ http://localhost:3000/_next/static/chunks/0-ynv9eqilv7x.js:0
[   32514ms] [LOG] Player X: 0.00 Y: 6.00 Z: 5.00 @ http://localhost:3000/_next/static/chunks/0-ynv9eqilv7x.js:0
[   32518ms] [LOG] Player X: 0.00 Y: 6.00 Z: 5.00 @ http://localhost:3000/_next/static/chunks/0-ynv9eqilv7x.js:0
[   32521ms] [LOG] Player X: 0.00 Y: 6.00 Z: 5.00 @ http://localhost:3000/_next/static/chunks/0-ynv9eqilv7x.js:0
[   32524ms] [LOG] Player X: 0.00 Y: 6.00 Z: 5.00 @ http://localhost:3000/_next/static/chunks/0-ynv9eqilv7x.js:0
[   32528ms] [LOG] Player X: 0.00 Y: 6.00 Z: 5.00 @ http://localhost:3000/_next/static/chunks/0-ynv9eqilv7x.js:0
[   32531ms] [LOG] Player X: 0.00 Y: 6.00 Z: 5.00 @ http://localhost:3000/_next/static/chunks/0-ynv9eqilv7x.js:0
[   32534ms] [LOG] Player X: 0.00 Y: 6.00 Z: 5.00 @ http://localhost:3000/_next/static/chunks/0-ynv9eqilv7x.js:0
[   32537ms] [LOG] Player X: 0.00 Y: 6.00 Z: 5.00 @ http://localhost:3000/_next/static/chunks/0-ynv9eqilv7x.js:0
[   32541ms] [LOG] Player X: 0.00 Y: 6.00 Z: 5.00 @ http://localhost:3000/_next/static/chunks/0-ynv9eqilv7x.js:0
[   32544ms] [LOG] Player X: 0.00 Y: 6.00 Z: 5.00 @ http://localhost:3000/_next/static/chunks/0-ynv9eqilv7x.js:0
[   32548ms] [LOG] Player X: 0.00 Y: 6.00 Z: 5.00 @ http://localhost:3000/_next/static/chunks/0-ynv9eqilv7x.js:0
[   32551ms] [LOG] Player X: 0.00 Y: 6.00 Z: 5.00 @ http://localhost:3000/_next/static/chunks/0-ynv9eqilv7x.js:0
[   32554ms] [LOG] Player X: 0.00 Y: 6.00 Z: 5.00 @ http://localhost:3000/_next/static/chunks/0-ynv9eqilv7x.js:0
[   32558ms] [LOG] Player X: 0.00 Y: 6.00 Z: 5.00 @ http://localhost:3000/_next/static/chunks/0-ynv9eqilv7x.js:0
[   32561ms] [LOG] Player X: 0.00 Y: 6.00 Z: 5.00 @ http://localhost:3000/_next/static/chunks/0-ynv9eqilv7x.js:0
[   32564ms] [LOG] Player X: 0.00 Y: 6.00 Z: 5.00 @ http://localhost:3000/_next/static/chunks/0-ynv9eqilv7x.js:0
[   32568ms] [LOG] Player X: 0.00 Y: 6.00 Z: 5.00 @ http://localhost:3000/_next/static/chunks/0-ynv9eqilv7x.js:0
[   32571ms] [LOG] Player X: 0.00 Y: 6.00 Z: 5.00 @ http://localhost:3000/_next/static/chunks/0-ynv9eqilv7x.js:0
[   32574ms] [LOG] Player X: 0.00 Y: 6.00 Z: 5.00 @ http://localhost:3000/_next/static/chunks/0-ynv9eqilv7x.js:0
[   32577ms] [LOG] Player X: 0.00 Y: 6.00 Z: 5.00 @ http://localhost:3000/_next/static/chunks/0-ynv9eqilv7x.js:0
[   32581ms] [LOG] Player X: 0.00 Y: 6.00 Z: 5.00 @ http://localhost:3000/_next/static/chunks/0-ynv9eqilv7x.js:0
[   32584ms] [LOG] Player X: 0.00 Y: 6.00 Z: 5.00 @ http://localhost:3000/_next/static/chunks/0-ynv9eqilv7x.js:0
[   32588ms] [LOG] Player X: 0.00 Y: 6.00 Z: 5.00 @ http://localhost:3000/_next/static/chunks/0-ynv9eqilv7x.js:0
[   32591ms] [LOG] Player X: 0.00 Y: 6.00 Z: 5.00 @ http://localhost:3000/_next/static/chunks/0-ynv9eqilv7x.js:0
[   32594ms] [LOG] Player X: 0.00 Y: 6.00 Z: 5.00 @ http://localhost:3000/_next/static/chunks/0-ynv9eqilv7x.js:0
[   32598ms] [LOG] Player X: 0.00 Y: 6.00 Z: 5.00 @ http://localhost:3000/_next/static/chunks/0-ynv9eqilv7x.js:0
[   32601ms] [LOG] Player X: 0.00 Y: 6.00 Z: 5.00 @ http://localhost:3000/_next/static/chunks/0-ynv9eqilv7x.js:0
[   32604ms] [LOG] Player X: 0.00 Y: 6.00 Z: 5.00 @ http://localhost:3000/_next/static/chunks/0-ynv9eqilv7x.js:0
[   32608ms] [LOG] Player X: 0.00 Y: 6.00 Z: 5.00 @ http://localhost:3000/_next/static/chunks/0-ynv9eqilv7x.js:0
[   32611ms] [LOG] Player X: 0.00 Y: 6.00 Z: 5.00 @ http://localhost:3000/_next/static/chunks/0-ynv9eqilv7x.js:0
[   32614ms] [LOG] Player X: 0.00 Y: 6.00 Z: 5.00 @ http://localhost:3000/_next/static/chunks/0-ynv9eqilv7x.js:0
[   32618ms] [LOG] Player X: 0.00 Y: 6.00 Z: 5.00 @ http://localhost:3000/_next/static/chunks/0-ynv9eqilv7x.js:0
[   32621ms] [LOG] Player X: 0.00 Y: 6.00 Z: 5.00 @ http://localhost:3000/_next/static/chunks/0-ynv9eqilv7x.js:0
[   32624ms] [LOG] Player X: 0.00 Y: 6.00 Z: 5.00 @ http://localhost:3000/_next/static/chunks/0-ynv9eqilv7x.js:0
[   32628ms] [LOG] Player X: 0.00 Y: 6.00 Z: 5.00 @ http://localhost:3000/_next/static/chunks/0-ynv9eqilv7x.js:0
[   32631ms] [LOG] Player X: 0.00 Y: 6.00 Z: 5.00 @ http://localhost:3000/_next/static/chunks/0-ynv9eqilv7x.js:0
[   32634ms] [LOG] Player X: 0.00 Y: 6.00 Z: 5.00 @ http://localhost:3000/_next/static/chunks/0-ynv9eqilv7x.js:0
[   32638ms] [LOG] Player X: 0.00 Y: 6.00 Z: 5.00 @ http://localhost:3000/_next/static/chunks/0-ynv9eqilv7x.js:0
[   32641ms] [LOG] Player X: 0.00 Y: 6.00 Z: 5.00 @ http://localhost:3000/_next/static/chunks/0-ynv9eqilv7x.js:0
[   32644ms] [LOG] Player X: 0.00 Y: 6.00 Z: 5.00 @ http://localhost:3000/_next/static/chunks/0-ynv9eqilv7x.js:0
[   32648ms] [LOG] Player X: 0.00 Y: 6.00 Z: 5.00 @ http://localhost:3000/_next/static/chunks/0-ynv9eqilv7x.js:0
[   32651ms] [LOG] Player X: 0.00 Y: 6.00 Z: 5.00 @ http://localhost:3000/_next/static/chunks/0-ynv9eqilv7x.js:0
[   32654ms] [LOG] Player X: 0.00 Y: 6.00 Z: 5.00 @ http://localhost:3000/_next/static/chunks/0-ynv9eqilv7x.js:0
[   32658ms] [LOG] Player X: 0.00 Y: 6.00 Z: 5.00 @ http://localhost:3000/_next/static/chunks/0-ynv9eqilv7x.js:0
[   32661ms] [LOG] Player X: 0.00 Y: 6.00 Z: 5.00 @ http://localhost:3000/_next/static/chunks/0-ynv9eqilv7x.js:0
[   32664ms] [LOG] Player X: 0.00 Y: 6.00 Z: 5.00 @ http://localhost:3000/_next/static/chunks/0-ynv9eqilv7x.js:0
[   32668ms] [LOG] Player X: 0.00 Y: 6.00 Z: 5.00 @ http://localhost:3000/_next/static/chunks/0-ynv9eqilv7x.js:0
[   32671ms] [LOG] Player X: 0.00 Y: 6.00 Z: 5.00 @ http://localhost:3000/_next/static/chunks/0-ynv9eqilv7x.js:0
[   32674ms] [LOG] Player X: 0.00 Y: 6.00 Z: 5.00 @ http://localhost:3000/_next/static/chunks/0-ynv9eqilv7x.js:0
[   32678ms] [LOG] Player X: 0.00 Y: 6.00 Z: 5.00 @ http://localhost:3000/_next/static/chunks/0-ynv9eqilv7x.js:0
[   32681ms] [LOG] Player X: 0.00 Y: 6.00 Z: 5.00 @ http://localhost:3000/_next/static/chunks/0-ynv9eqilv7x.js:0
[   32684ms] [LOG] Player X: 0.00 Y: 6.00 Z: 5.00 @ http://localhost:3000/_next/static/chunks/0-ynv9eqilv7x.js:0
[   32687ms] [LOG] Player X: 0.00 Y: 6.00 Z: 5.00 @ http://localhost:3000/_next/static/chunks/0-ynv9eqilv7x.js:0
[   32691ms] [LOG] Player X: 0.00 Y: 6.00 Z: 5.00 @ http://localhost:3000/_next/static/chunks/0-ynv9eqilv7x.js:0
[   32694ms] [LOG] Player X: 0.00 Y: 6.00 Z: 5.00 @ http://localhost:3000/_next/static/chunks/0-ynv9eqilv7x.js:0
[   32698ms] [LOG] Player X: 0.00 Y: 6.00 Z: 5.00 @ http://localhost:3000/_next/static/chunks/0-ynv9eqilv7x.js:0
[   32701ms] [LOG] Player X: 0.00 Y: 6.00 Z: 5.00 @ http://localhost:3000/_next/static/chunks/0-ynv9eqilv7x.js:0
[   32704ms] [LOG] Player X: 0.00 Y: 6.00 Z: 5.00 @ http://localhost:3000/_next/static/chunks/0-ynv9eqilv7x.js:0
[   32707ms] [LOG] Player X: 0.00 Y: 6.00 Z: 5.00 @ http://localhost:3000/_next/static/chunks/0-ynv9eqilv7x.js:0
[   32711ms] [LOG] Player X: 0.00 Y: 6.00 Z: 5.00 @ http://localhost:3000/_next/static/chunks/0-ynv9eqilv7x.js:0
[   32714ms] [LOG] Player X: 0.00 Y: 6.00 Z: 5.00 @ http://localhost:3000/_next/static/chunks/0-ynv9eqilv7x.js:0
[   32718ms] [LOG] Player X: 0.00 Y: 6.00 Z: 5.00 @ http://localhost:3000/_next/static/chunks/0-ynv9eqilv7x.js:0
[   32721ms] [LOG] Player X: 0.00 Y: 6.00 Z: 5.00 @ http://localhost:3000/_next/static/chunks/0-ynv9eqilv7x.js:0
[   32724ms] [LOG] Player X: 0.00 Y: 6.00 Z: 5.00 @ http://localhost:3000/_next/static/chunks/0-ynv9eqilv7x.js:0
[   32728ms] [LOG] Player X: 0.00 Y: 6.00 Z: 5.00 @ http://localhost:3000/_next/static/chunks/0-ynv9eqilv7x.js:0
[   32731ms] [LOG] Player X: 0.00 Y: 6.00 Z: 5.00 @ http://localhost:3000/_next/static/chunks/0-ynv9eqilv7x.js:0
[   32734ms] [LOG] Player X: 0.00 Y: 6.00 Z: 5.00 @ http://localhost:3000/_next/static/chunks/0-ynv9eqilv7x.js:0
[   32738ms] [LOG] Player X: 0.00 Y: 6.00 Z: 5.00 @ http://localhost:3000/_next/static/chunks/0-ynv9eqilv7x.js:0
[   32741ms] [LOG] Player X: 0.00 Y: 6.00 Z: 5.00 @ http://localhost:3000/_next/static/chunks/0-ynv9eqilv7x.js:0
[   32744ms] [LOG] Player X: 0.00 Y: 6.00 Z: 5.00 @ http://localhost:3000/_next/static/chunks/0-ynv9eqilv7x.js:0
[   32748ms] [LOG] Player X: 0.00 Y: 6.00 Z: 5.00 @ http://localhost:3000/_next/static/chunks/0-ynv9eqilv7x.js:0
[   32751ms] [LOG] Player X: 0.00 Y: 6.00 Z: 5.00 @ http://localhost:3000/_next/static/chunks/0-ynv9eqilv7x.js:0
[   32754ms] [LOG] Player X: 0.00 Y: 6.00 Z: 5.00 @ http://localhost:3000/_next/static/chunks/0-ynv9eqilv7x.js:0
[   32758ms] [LOG] Player X: 0.00 Y: 6.00 Z: 5.00 @ http://localhost:3000/_next/static/chunks/0-ynv9eqilv7x.js:0
[   32761ms] [LOG] Player X: 0.00 Y: 6.00 Z: 5.00 @ http://localhost:3000/_next/static/chunks/0-ynv9eqilv7x.js:0
[   32764ms] [LOG] Player X: 0.00 Y: 6.00 Z: 5.00 @ http://localhost:3000/_next/static/chunks/0-ynv9eqilv7x.js:0
[   32768ms] [LOG] Player X: 0.00 Y: 6.00 Z: 5.00 @ http://localhost:3000/_next/static/chunks/0-ynv9eqilv7x.js:0
[   32771ms] [LOG] Player X: 0.00 Y: 6.00 Z: 5.00 @ http://localhost:3000/_next/static/chunks/0-ynv9eqilv7x.js:0
[   32774ms] [LOG] Player X: 0.00 Y: 6.00 Z: 5.00 @ http://localhost:3000/_next/static/chunks/0-ynv9eqilv7x.js:0
[   32778ms] [LOG] Player X: 0.00 Y: 6.00 Z: 5.00 @ http://localhost:3000/_next/static/chunks/0-ynv9eqilv7x.js:0
[   32781ms] [LOG] Player X: 0.00 Y: 6.00 Z: 5.00 @ http://localhost:3000/_next/static/chunks/0-ynv9eqilv7x.js:0
[   32784ms] [LOG] Player X: 0.00 Y: 6.00 Z: 5.00 @ http://localhost:3000/_next/static/chunks/0-ynv9eqilv7x.js:0
[   32788ms] [LOG] Player X: 0.00 Y: 6.00 Z: 5.00 @ http://localhost:3000/_next/static/chunks/0-ynv9eqilv7x.js:0
[   32791ms] [LOG] Player X: 0.00 Y: 6.00 Z: 5.00 @ http://localhost:3000/_next/static/chunks/0-ynv9eqilv7x.js:0
[   32794ms] [LOG] Player X: 0.00 Y: 6.00 Z: 5.00 @ http://localhost:3000/_next/static/chunks/0-ynv9eqilv7x.js:0
[   32798ms] [LOG] Player X: 0.00 Y: 6.00 Z: 5.00 @ http://localhost:3000/_next/static/chunks/0-ynv9eqilv7x.js:0
[   32801ms] [LOG] Player X: 0.00 Y: 6.00 Z: 5.00 @ http://localhost:3000/_next/static/chunks/0-ynv9eqilv7x.js:0
[   32804ms] [LOG] Player X: 0.00 Y: 6.00 Z: 5.00 @ http://localhost:3000/_next/static/chunks/0-ynv9eqilv7x.js:0
[   32807ms] [LOG] Player X: 0.00 Y: 6.00 Z: 5.00 @ http://localhost:3000/_next/static/chunks/0-ynv9eqilv7x.js:0
[   32811ms] [LOG] Player X: 0.00 Y: 6.00 Z: 5.00 @ http://localhost:3000/_next/static/chunks/0-ynv9eqilv7x.js:0
[   32816ms] [LOG] Player X: 0.00 Y: 6.00 Z: 5.00 @ http://localhost:3000/_next/static/chunks/0-ynv9eqilv7x.js:0
[   32818ms] [LOG] Player X: 0.00 Y: 6.00 Z: 5.00 @ http://localhost:3000/_next/static/chunks/0-ynv9eqilv7x.js:0
[   32821ms] [LOG] Player X: 0.00 Y: 6.00 Z: 5.00 @ http://localhost:3000/_next/static/chunks/0-ynv9eqilv7x.js:0
[   32824ms] [LOG] Player X: 0.00 Y: 6.00 Z: 5.00 @ http://localhost:3000/_next/static/chunks/0-ynv9eqilv7x.js:0
[   32828ms] [LOG] Player X: 0.00 Y: 6.00 Z: 5.00 @ http://localhost:3000/_next/static/chunks/0-ynv9eqilv7x.js:0
[   32831ms] [LOG] Player X: 0.00 Y: 6.00 Z: 5.00 @ http://localhost:3000/_next/static/chunks/0-ynv9eqilv7x.js:0
[   32834ms] [LOG] Player X: 0.00 Y: 6.00 Z: 5.00 @ http://localhost:3000/_next/static/chunks/0-ynv9eqilv7x.js:0
[   32838ms] [LOG] Player X: 0.00 Y: 6.00 Z: 5.00 @ http://localhost:3000/_next/static/chunks/0-ynv9eqilv7x.js:0
[   32841ms] [LOG] Player X: 0.00 Y: 6.00 Z: 5.00 @ http://localhost:3000/_next/static/chunks/0-ynv9eqilv7x.js:0
[   32844ms] [LOG] Player X: 0.00 Y: 6.00 Z: 5.00 @ http://localhost:3000/_next/static/chunks/0-ynv9eqilv7x.js:0
[   32848ms] [LOG] Player X: 0.00 Y: 6.00 Z: 5.00 @ http://localhost:3000/_next/static/chunks/0-ynv9eqilv7x.js:0
[   32851ms] [LOG] Player X: 0.00 Y: 6.00 Z: 5.00 @ http://localhost:3000/_next/static/chunks/0-ynv9eqilv7x.js:0
[   32854ms] [LOG] Player X: 0.00 Y: 6.00 Z: 5.00 @ http://localhost:3000/_next/static/chunks/0-ynv9eqilv7x.js:0
[   32858ms] [LOG] Player X: 0.00 Y: 6.00 Z: 5.00 @ http://localhost:3000/_next/static/chunks/0-ynv9eqilv7x.js:0
[   32861ms] [LOG] Player X: 0.00 Y: 6.00 Z: 5.00 @ http://localhost:3000/_next/static/chunks/0-ynv9eqilv7x.js:0
[   32864ms] [LOG] Player X: 0.00 Y: 6.00 Z: 5.00 @ http://localhost:3000/_next/static/chunks/0-ynv9eqilv7x.js:0
[   32868ms] [LOG] Player X: 0.00 Y: 6.00 Z: 5.00 @ http://localhost:3000/_next/static/chunks/0-ynv9eqilv7x.js:0
[   32871ms] [LOG] Player X: 0.00 Y: 6.00 Z: 5.00 @ http://localhost:3000/_next/static/chunks/0-ynv9eqilv7x.js:0
[   32874ms] [LOG] Player X: 0.00 Y: 6.00 Z: 5.00 @ http://localhost:3000/_next/static/chunks/0-ynv9eqilv7x.js:0
[   32878ms] [LOG] Player X: 0.00 Y: 6.00 Z: 5.00 @ http://localhost:3000/_next/static/chunks/0-ynv9eqilv7x.js:0
[   32881ms] [LOG] Player X: 0.00 Y: 6.00 Z: 5.00 @ http://localhost:3000/_next/static/chunks/0-ynv9eqilv7x.js:0
[   32884ms] [LOG] Player X: 0.00 Y: 6.00 Z: 5.00 @ http://localhost:3000/_next/static/chunks/0-ynv9eqilv7x.js:0
[   32888ms] [LOG] Player X: 0.00 Y: 6.00 Z: 5.00 @ http://localhost:3000/_next/static/chunks/0-ynv9eqilv7x.js:0
[   32891ms] [LOG] Player X: 0.00 Y: 6.00 Z: 5.00 @ http://localhost:3000/_next/static/chunks/0-ynv9eqilv7x.js:0
[   32894ms] [LOG] Player X: 0.00 Y: 6.00 Z: 5.00 @ http://localhost:3000/_next/static/chunks/0-ynv9eqilv7x.js:0
[   32898ms] [LOG] Player X: 0.00 Y: 6.00 Z: 5.00 @ http://localhost:3000/_next/static/chunks/0-ynv9eqilv7x.js:0
[   32901ms] [LOG] Player X: 0.00 Y: 6.00 Z: 5.00 @ http://localhost:3000/_next/static/chunks/0-ynv9eqilv7x.js:0
[   32904ms] [LOG] Player X: 0.00 Y: 6.00 Z: 5.00 @ http://localhost:3000/_next/static/chunks/0-ynv9eqilv7x.js:0
[   32908ms] [LOG] Player X: 0.00 Y: 6.00 Z: 5.00 @ http://localhost:3000/_next/static/chunks/0-ynv9eqilv7x.js:0
[   32911ms] [LOG] Player X: 0.00 Y: 6.00 Z: 5.00 @ http://localhost:3000/_next/static/chunks/0-ynv9eqilv7x.js:0
[   32914ms] [LOG] Player X: 0.00 Y: 6.00 Z: 5.00 @ http://localhost:3000/_next/static/chunks/0-ynv9eqilv7x.js:0
[   32918ms] [LOG] Player X: 0.00 Y: 6.00 Z: 5.00 @ http://localhost:3000/_next/static/chunks/0-ynv9eqilv7x.js:0
[   32921ms] [LOG] Player X: 0.00 Y: 6.00 Z: 5.00 @ http://localhost:3000/_next/static/chunks/0-ynv9eqilv7x.js:0
[   32924ms] [LOG] Player X: 0.00 Y: 6.00 Z: 5.00 @ http://localhost:3000/_next/static/chunks/0-ynv9eqilv7x.js:0
[   32928ms] [LOG] Player X: 0.00 Y: 6.00 Z: 5.00 @ http://localhost:3000/_next/static/chunks/0-ynv9eqilv7x.js:0
[   32931ms] [LOG] Player X: 0.00 Y: 6.00 Z: 5.00 @ http://localhost:3000/_next/static/chunks/0-ynv9eqilv7x.js:0
[   32934ms] [LOG] Player X: 0.00 Y: 6.00 Z: 5.00 @ http://localhost:3000/_next/static/chunks/0-ynv9eqilv7x.js:0
[   32938ms] [LOG] Player X: 0.00 Y: 6.00 Z: 5.00 @ http://localhost:3000/_next/static/chunks/0-ynv9eqilv7x.js:0
[   32941ms] [LOG] Player X: 0.00 Y: 6.00 Z: 5.00 @ http://localhost:3000/_next/static/chunks/0-ynv9eqilv7x.js:0
[   32944ms] [LOG] Player X: 0.00 Y: 6.00 Z: 5.00 @ http://localhost:3000/_next/static/chunks/0-ynv9eqilv7x.js:0
[   32948ms] [LOG] Player X: 0.00 Y: 6.00 Z: 5.00 @ http://localhost:3000/_next/static/chunks/0-ynv9eqilv7x.js:0
[   32951ms] [LOG] Player X: 0.00 Y: 6.00 Z: 5.00 @ http://localhost:3000/_next/static/chunks/0-ynv9eqilv7x.js:0
[   32954ms] [LOG] Player X: 0.00 Y: 6.00 Z: 5.00 @ http://localhost:3000/_next/static/chunks/0-ynv9eqilv7x.js:0
[   32958ms] [LOG] Player X: 0.00 Y: 6.00 Z: 5.00 @ http://localhost:3000/_next/static/chunks/0-ynv9eqilv7x.js:0
[   32961ms] [LOG] Player X: 0.00 Y: 6.00 Z: 5.00 @ http://localhost:3000/_next/static/chunks/0-ynv9eqilv7x.js:0
[   32964ms] [LOG] Player X: 0.00 Y: 6.00 Z: 5.00 @ http://localhost:3000/_next/static/chunks/0-ynv9eqilv7x.js:0
[   32968ms] [LOG] Player X: 0.00 Y: 6.00 Z: 5.00 @ http://localhost:3000/_next/static/chunks/0-ynv9eqilv7x.js:0
[   32971ms] [LOG] Player X: 0.00 Y: 6.00 Z: 5.00 @ http://localhost:3000/_next/static/chunks/0-ynv9eqilv7x.js:0
[   32974ms] [LOG] Player X: 0.00 Y: 6.00 Z: 5.00 @ http://localhost:3000/_next/static/chunks/0-ynv9eqilv7x.js:0
[   32978ms] [LOG] Player X: 0.00 Y: 6.00 Z: 5.00 @ http://localhost:3000/_next/static/chunks/0-ynv9eqilv7x.js:0
[   32981ms] [LOG] Player X: 0.00 Y: 6.00 Z: 5.00 @ http://localhost:3000/_next/static/chunks/0-ynv9eqilv7x.js:0
[   32984ms] [LOG] Player X: 0.00 Y: 6.00 Z: 5.00 @ http://localhost:3000/_next/static/chunks/0-ynv9eqilv7x.js:0
[   32988ms] [LOG] Player X: 0.00 Y: 6.00 Z: 5.00 @ http://localhost:3000/_next/static/chunks/0-ynv9eqilv7x.js:0
[   32991ms] [LOG] Player X: 0.00 Y: 6.00 Z: 5.00 @ http://localhost:3000/_next/static/chunks/0-ynv9eqilv7x.js:0
[   32994ms] [LOG] Player X: 0.00 Y: 6.00 Z: 5.00 @ http://localhost:3000/_next/static/chunks/0-ynv9eqilv7x.js:0
[   32998ms] [LOG] Player X: 0.00 Y: 6.00 Z: 5.00 @ http://localhost:3000/_next/static/chunks/0-ynv9eqilv7x.js:0
[   33001ms] [LOG] Player X: 0.00 Y: 6.00 Z: 5.00 @ http://localhost:3000/_next/static/chunks/0-ynv9eqilv7x.js:0
[   33004ms] [LOG] Player X: 0.00 Y: 6.00 Z: 5.00 @ http://localhost:3000/_next/static/chunks/0-ynv9eqilv7x.js:0
[   33008ms] [LOG] Player X: 0.00 Y: 6.00 Z: 5.00 @ http://localhost:3000/_next/static/chunks/0-ynv9eqilv7x.js:0
[   33011ms] [LOG] Player X: 0.00 Y: 6.00 Z: 5.00 @ http://localhost:3000/_next/static/chunks/0-ynv9eqilv7x.js:0
[   33014ms] [LOG] Player X: 0.00 Y: 6.00 Z: 5.00 @ http://localhost:3000/_next/static/chunks/0-ynv9eqilv7x.js:0
[   33018ms] [LOG] Player X: 0.00 Y: 6.00 Z: 5.00 @ http://localhost:3000/_next/static/chunks/0-ynv9eqilv7x.js:0
[   33021ms] [LOG] Player X: 0.00 Y: 6.00 Z: 5.00 @ http://localhost:3000/_next/static/chunks/0-ynv9eqilv7x.js:0
[   33024ms] [LOG] Player X: 0.00 Y: 6.00 Z: 5.00 @ http://localhost:3000/_next/static/chunks/0-ynv9eqilv7x.js:0
[   33028ms] [LOG] Player X: 0.00 Y: 6.00 Z: 5.00 @ http://localhost:3000/_next/static/chunks/0-ynv9eqilv7x.js:0
[   33031ms] [LOG] Player X: 0.00 Y: 6.00 Z: 5.00 @ http://localhost:3000/_next/static/chunks/0-ynv9eqilv7x.js:0
[   33034ms] [LOG] Player X: 0.00 Y: 6.00 Z: 5.00 @ http://localhost:3000/_next/static/chunks/0-ynv9eqilv7x.js:0
[   33038ms] [LOG] Player X: 0.00 Y: 6.00 Z: 5.00 @ http://localhost:3000/_next/static/chunks/0-ynv9eqilv7x.js:0
[   33041ms] [LOG] Player X: 0.00 Y: 6.00 Z: 5.00 @ http://localhost:3000/_next/static/chunks/0-ynv9eqilv7x.js:0
[   33044ms] [LOG] Player X: 0.00 Y: 6.00 Z: 5.00 @ http://localhost:3000/_next/static/chunks/0-ynv9eqilv7x.js:0
[   33048ms] [LOG] Player X: 0.00 Y: 6.00 Z: 5.00 @ http://localhost:3000/_next/static/chunks/0-ynv9eqilv7x.js:0
[   33051ms] [LOG] Player X: 0.00 Y: 6.00 Z: 5.00 @ http://localhost:3000/_next/static/chunks/0-ynv9eqilv7x.js:0
[   33054ms] [LOG] Player X: 0.00 Y: 6.00 Z: 5.00 @ http://localhost:3000/_next/static/chunks/0-ynv9eqilv7x.js:0
[   33058ms] [LOG] Player X: 0.00 Y: 6.00 Z: 5.00 @ http://localhost:3000/_next/static/chunks/0-ynv9eqilv7x.js:0
[   33061ms] [LOG] Player X: 0.00 Y: 6.00 Z: 5.00 @ http://localhost:3000/_next/static/chunks/0-ynv9eqilv7x.js:0
[   33064ms] [LOG] Player X: 0.00 Y: 6.00 Z: 5.00 @ http://localhost:3000/_next/static/chunks/0-ynv9eqilv7x.js:0
[   33068ms] [LOG] Player X: 0.00 Y: 6.00 Z: 5.00 @ http://localhost:3000/_next/static/chunks/0-ynv9eqilv7x.js:0
[   33071ms] [LOG] Player X: 0.00 Y: 6.00 Z: 5.00 @ http://localhost:3000/_next/static/chunks/0-ynv9eqilv7x.js:0
[   33074ms] [LOG] Player X: 0.00 Y: 6.00 Z: 5.00 @ http://localhost:3000/_next/static/chunks/0-ynv9eqilv7x.js:0
[   33077ms] [LOG] Player X: 0.00 Y: 6.00 Z: 5.00 @ http://localhost:3000/_next/static/chunks/0-ynv9eqilv7x.js:0
[   33081ms] [LOG] Player X: 0.00 Y: 6.00 Z: 5.00 @ http://localhost:3000/_next/static/chunks/0-ynv9eqilv7x.js:0
[   33084ms] [LOG] Player X: 0.00 Y: 6.00 Z: 5.00 @ http://localhost:3000/_next/static/chunks/0-ynv9eqilv7x.js:0
[   33088ms] [LOG] Player X: 0.00 Y: 6.00 Z: 5.00 @ http://localhost:3000/_next/static/chunks/0-ynv9eqilv7x.js:0
[   33091ms] [LOG] Player X: 0.00 Y: 6.00 Z: 5.00 @ http://localhost:3000/_next/static/chunks/0-ynv9eqilv7x.js:0
[   33094ms] [LOG] Player X: 0.00 Y: 6.00 Z: 5.00 @ http://localhost:3000/_next/static/chunks/0-ynv9eqilv7x.js:0
[   33098ms] [LOG] Player X: 0.00 Y: 6.00 Z: 5.00 @ http://localhost:3000/_next/static/chunks/0-ynv9eqilv7x.js:0
[   33101ms] [LOG] Player X: 0.00 Y: 6.00 Z: 5.00 @ http://localhost:3000/_next/static/chunks/0-ynv9eqilv7x.js:0
[   33104ms] [LOG] Player X: 0.00 Y: 6.00 Z: 5.00 @ http://localhost:3000/_next/static/chunks/0-ynv9eqilv7x.js:0
[   33108ms] [LOG] Player X: 0.00 Y: 6.00 Z: 5.00 @ http://localhost:3000/_next/static/chunks/0-ynv9eqilv7x.js:0
[   33111ms] [LOG] Player X: 0.00 Y: 6.00 Z: 5.00 @ http://localhost:3000/_next/static/chunks/0-ynv9eqilv7x.js:0
[   33114ms] [LOG] Player X: 0.00 Y: 6.00 Z: 5.00 @ http://localhost:3000/_next/static/chunks/0-ynv9eqilv7x.js:0
[   33118ms] [LOG] Player X: 0.00 Y: 6.00 Z: 5.00 @ http://localhost:3000/_next/static/chunks/0-ynv9eqilv7x.js:0
[   33121ms] [LOG] Player X: 0.00 Y: 6.00 Z: 5.00 @ http://localhost:3000/_next/static/chunks/0-ynv9eqilv7x.js:0
[   33124ms] [LOG] Player X: 0.00 Y: 6.00 Z: 5.00 @ http://localhost:3000/_next/static/chunks/0-ynv9eqilv7x.js:0
[   33127ms] [LOG] Player X: 0.00 Y: 6.00 Z: 5.00 @ http://localhost:3000/_next/static/chunks/0-ynv9eqilv7x.js:0
[   33131ms] [LOG] Player X: 0.00 Y: 6.00 Z: 5.00 @ http://localhost:3000/_next/static/chunks/0-ynv9eqilv7x.js:0
[   33134ms] [LOG] Player X: 0.00 Y: 6.00 Z: 5.00 @ http://localhost:3000/_next/static/chunks/0-ynv9eqilv7x.js:0
[   33137ms] [LOG] Player X: 0.00 Y: 6.00 Z: 5.00 @ http://localhost:3000/_next/static/chunks/0-ynv9eqilv7x.js:0
[   33141ms] [LOG] Player X: 0.00 Y: 6.00 Z: 5.00 @ http://localhost:3000/_next/static/chunks/0-ynv9eqilv7x.js:0
[   33144ms] [LOG] Player X: 0.00 Y: 6.00 Z: 5.00 @ http://localhost:3000/_next/static/chunks/0-ynv9eqilv7x.js:0
[   33148ms] [LOG] Player X: 0.00 Y: 6.00 Z: 5.00 @ http://localhost:3000/_next/static/chunks/0-ynv9eqilv7x.js:0
[   33151ms] [LOG] Player X: 0.00 Y: 6.00 Z: 5.00 @ http://localhost:3000/_next/static/chunks/0-ynv9eqilv7x.js:0
[   33154ms] [LOG] Player X: 0.00 Y: 6.00 Z: 5.00 @ http://localhost:3000/_next/static/chunks/0-ynv9eqilv7x.js:0
[   33157ms] [LOG] Player X: 0.00 Y: 6.00 Z: 5.00 @ http://localhost:3000/_next/static/chunks/0-ynv9eqilv7x.js:0
[   33161ms] [LOG] Player X: 0.00 Y: 6.00 Z: 5.00 @ http://localhost:3000/_next/static/chunks/0-ynv9eqilv7x.js:0
[   33164ms] [LOG] Player X: 0.00 Y: 6.00 Z: 5.00 @ http://localhost:3000/_next/static/chunks/0-ynv9eqilv7x.js:0
[   33167ms] [LOG] Player X: 0.00 Y: 6.00 Z: 5.00 @ http://localhost:3000/_next/static/chunks/0-ynv9eqilv7x.js:0
[   33171ms] [LOG] Player X: 0.00 Y: 6.00 Z: 5.00 @ http://localhost:3000/_next/static/chunks/0-ynv9eqilv7x.js:0
[   33174ms] [LOG] Player X: 0.00 Y: 6.00 Z: 5.00 @ http://localhost:3000/_next/static/chunks/0-ynv9eqilv7x.js:0
[   33177ms] [LOG] Player X: 0.00 Y: 6.00 Z: 5.00 @ http://localhost:3000/_next/static/chunks/0-ynv9eqilv7x.js:0
[   33181ms] [LOG] Player X: 0.00 Y: 6.00 Z: 5.00 @ http://localhost:3000/_next/static/chunks/0-ynv9eqilv7x.js:0
[   33184ms] [LOG] Player X: 0.00 Y: 6.00 Z: 5.00 @ http://localhost:3000/_next/static/chunks/0-ynv9eqilv7x.js:0
[   33187ms] [LOG] Player X: 0.00 Y: 6.00 Z: 5.00 @ http://localhost:3000/_next/static/chunks/0-ynv9eqilv7x.js:0
[   33191ms] [LOG] Player X: 0.00 Y: 6.00 Z: 5.00 @ http://localhost:3000/_next/static/chunks/0-ynv9eqilv7x.js:0
[   33194ms] [LOG] Player X: 0.00 Y: 6.00 Z: 5.00 @ http://localhost:3000/_next/static/chunks/0-ynv9eqilv7x.js:0
[   33198ms] [LOG] Player X: 0.00 Y: 6.00 Z: 5.00 @ http://localhost:3000/_next/static/chunks/0-ynv9eqilv7x.js:0
[   33201ms] [LOG] Player X: 0.00 Y: 6.00 Z: 5.00 @ http://localhost:3000/_next/static/chunks/0-ynv9eqilv7x.js:0
[   33204ms] [LOG] Player X: 0.00 Y: 6.00 Z: 5.00 @ http://localhost:3000/_next/static/chunks/0-ynv9eqilv7x.js:0
[   33208ms] [LOG] Player X: 0.00 Y: 6.00 Z: 5.00 @ http://localhost:3000/_next/static/chunks/0-ynv9eqilv7x.js:0
[   33211ms] [LOG] Player X: 0.00 Y: 6.00 Z: 5.00 @ http://localhost:3000/_next/static/chunks/0-ynv9eqilv7x.js:0
[   33214ms] [LOG] Player X: 0.00 Y: 6.00 Z: 5.00 @ http://localhost:3000/_next/static/chunks/0-ynv9eqilv7x.js:0
[   33217ms] [LOG] Player X: 0.00 Y: 6.00 Z: 5.00 @ http://localhost:3000/_next/static/chunks/0-ynv9eqilv7x.js:0
[   33221ms] [LOG] Player X: 0.00 Y: 6.00 Z: 5.00 @ http://localhost:3000/_next/static/chunks/0-ynv9eqilv7x.js:0
[   33224ms] [LOG] Player X: 0.00 Y: 6.00 Z: 5.00 @ http://localhost:3000/_next/static/chunks/0-ynv9eqilv7x.js:0
[   33228ms] [LOG] Player X: 0.00 Y: 6.00 Z: 5.00 @ http://localhost:3000/_next/static/chunks/0-ynv9eqilv7x.js:0
[   33231ms] [LOG] Player X: 0.00 Y: 6.00 Z: 5.00 @ http://localhost:3000/_next/static/chunks/0-ynv9eqilv7x.js:0
[   33234ms] [LOG] Player X: 0.00 Y: 6.00 Z: 5.00 @ http://localhost:3000/_next/static/chunks/0-ynv9eqilv7x.js:0
[   33238ms] [LOG] Player X: 0.00 Y: 6.00 Z: 5.00 @ http://localhost:3000/_next/static/chunks/0-ynv9eqilv7x.js:0
[   33241ms] [LOG] Player X: 0.00 Y: 6.00 Z: 5.00 @ http://localhost:3000/_next/static/chunks/0-ynv9eqilv7x.js:0
[   33244ms] [LOG] Player X: 0.00 Y: 6.00 Z: 5.00 @ http://localhost:3000/_next/static/chunks/0-ynv9eqilv7x.js:0
[   33247ms] [LOG] Player X: 0.00 Y: 6.00 Z: 5.00 @ http://localhost:3000/_next/static/chunks/0-ynv9eqilv7x.js:0
[   33251ms] [LOG] Player X: 0.00 Y: 6.00 Z: 5.00 @ http://localhost:3000/_next/static/chunks/0-ynv9eqilv7x.js:0
[   33254ms] [LOG] Player X: 0.00 Y: 6.00 Z: 5.00 @ http://localhost:3000/_next/static/chunks/0-ynv9eqilv7x.js:0
[   33258ms] [LOG] Player X: 0.00 Y: 6.00 Z: 5.00 @ http://localhost:3000/_next/static/chunks/0-ynv9eqilv7x.js:0
[   33261ms] [LOG] Player X: 0.00 Y: 6.00 Z: 5.00 @ http://localhost:3000/_next/static/chunks/0-ynv9eqilv7x.js:0
[   33264ms] [LOG] Player X: 0.00 Y: 6.00 Z: 5.00 @ http://localhost:3000/_next/static/chunks/0-ynv9eqilv7x.js:0
[   33268ms] [LOG] Player X: 0.00 Y: 6.00 Z: 5.00 @ http://localhost:3000/_next/static/chunks/0-ynv9eqilv7x.js:0
[   33271ms] [LOG] Player X: 0.00 Y: 6.00 Z: 5.00 @ http://localhost:3000/_next/static/chunks/0-ynv9eqilv7x.js:0
[   33274ms] [LOG] Player X: 0.00 Y: 6.00 Z: 5.00 @ http://localhost:3000/_next/static/chunks/0-ynv9eqilv7x.js:0
[   33277ms] [LOG] Player X: 0.00 Y: 6.00 Z: 5.00 @ http://localhost:3000/_next/static/chunks/0-ynv9eqilv7x.js:0
[   33281ms] [LOG] Player X: 0.00 Y: 6.00 Z: 5.00 @ http://localhost:3000/_next/static/chunks/0-ynv9eqilv7x.js:0
[   33284ms] [LOG] Player X: 0.00 Y: 6.00 Z: 5.00 @ http://localhost:3000/_next/static/chunks/0-ynv9eqilv7x.js:0
[   33287ms] [LOG] Player X: 0.00 Y: 6.00 Z: 5.00 @ http://localhost:3000/_next/static/chunks/0-ynv9eqilv7x.js:0
[   33291ms] [LOG] Player X: 0.00 Y: 6.00 Z: 5.00 @ http://localhost:3000/_next/static/chunks/0-ynv9eqilv7x.js:0
[   33294ms] [LOG] Player X: 0.00 Y: 6.00 Z: 5.00 @ http://localhost:3000/_next/static/chunks/0-ynv9eqilv7x.js:0
[   33298ms] [LOG] Player X: 0.00 Y: 6.00 Z: 5.00 @ http://localhost:3000/_next/static/chunks/0-ynv9eqilv7x.js:0
[   33301ms] [LOG] Player X: 0.00 Y: 6.00 Z: 5.00 @ http://localhost:3000/_next/static/chunks/0-ynv9eqilv7x.js:0
[   33304ms] [LOG] Player X: 0.00 Y: 6.00 Z: 5.00 @ http://localhost:3000/_next/static/chunks/0-ynv9eqilv7x.js:0
[   33308ms] [LOG] Player X: 0.00 Y: 6.00 Z: 5.00 @ http://localhost:3000/_next/static/chunks/0-ynv9eqilv7x.js:0
[   33311ms] [LOG] Player X: 0.00 Y: 6.00 Z: 5.00 @ http://localhost:3000/_next/static/chunks/0-ynv9eqilv7x.js:0
[   33314ms] [LOG] Player X: 0.00 Y: 6.00 Z: 5.00 @ http://localhost:3000/_next/static/chunks/0-ynv9eqilv7x.js:0
[   33317ms] [LOG] Player X: 0.00 Y: 6.00 Z: 5.00 @ http://localhost:3000/_next/static/chunks/0-ynv9eqilv7x.js:0
[   33321ms] [LOG] Player X: 0.00 Y: 6.00 Z: 5.00 @ http://localhost:3000/_next/static/chunks/0-ynv9eqilv7x.js:0
[   33324ms] [LOG] Player X: 0.00 Y: 6.00 Z: 5.00 @ http://localhost:3000/_next/static/chunks/0-ynv9eqilv7x.js:0
[   33327ms] [LOG] Player X: 0.00 Y: 6.00 Z: 5.00 @ http://localhost:3000/_next/static/chunks/0-ynv9eqilv7x.js:0
[   33331ms] [LOG] Player X: 0.00 Y: 6.00 Z: 5.00 @ http://localhost:3000/_next/static/chunks/0-ynv9eqilv7x.js:0
[   33334ms] [LOG] Player X: 0.00 Y: 6.00 Z: 5.00 @ http://localhost:3000/_next/static/chunks/0-ynv9eqilv7x.js:0
[   33337ms] [LOG] Player X: 0.00 Y: 6.00 Z: 5.00 @ http://localhost:3000/_next/static/chunks/0-ynv9eqilv7x.js:0
[   33341ms] [LOG] Player X: 0.00 Y: 6.00 Z: 5.00 @ http://localhost:3000/_next/static/chunks/0-ynv9eqilv7x.js:0
[   33344ms] [LOG] Player X: 0.00 Y: 6.00 Z: 5.00 @ http://localhost:3000/_next/static/chunks/0-ynv9eqilv7x.js:0
[   33347ms] [LOG] Player X: 0.00 Y: 6.00 Z: 5.00 @ http://localhost:3000/_next/static/chunks/0-ynv9eqilv7x.js:0
[   33351ms] [LOG] Player X: 0.00 Y: 6.00 Z: 5.00 @ http://localhost:3000/_next/static/chunks/0-ynv9eqilv7x.js:0
[   33354ms] [LOG] Player X: 0.00 Y: 6.00 Z: 5.00 @ http://localhost:3000/_next/static/chunks/0-ynv9eqilv7x.js:0
[   33357ms] [LOG] Player X: 0.00 Y: 6.00 Z: 5.00 @ http://localhost:3000/_next/static/chunks/0-ynv9eqilv7x.js:0
[   33361ms] [LOG] Player X: 0.00 Y: 6.00 Z: 5.00 @ http://localhost:3000/_next/static/chunks/0-ynv9eqilv7x.js:0
[   33364ms] [LOG] Player X: 0.00 Y: 6.00 Z: 5.00 @ http://localhost:3000/_next/static/chunks/0-ynv9eqilv7x.js:0
[   33368ms] [LOG] Player X: 0.00 Y: 6.00 Z: 5.00 @ http://localhost:3000/_next/static/chunks/0-ynv9eqilv7x.js:0
[   33371ms] [LOG] Player X: 0.00 Y: 6.00 Z: 5.00 @ http://localhost:3000/_next/static/chunks/0-ynv9eqilv7x.js:0
[   33374ms] [LOG] Player X: 0.00 Y: 6.00 Z: 5.00 @ http://localhost:3000/_next/static/chunks/0-ynv9eqilv7x.js:0
[   33377ms] [LOG] Player X: 0.00 Y: 6.00 Z: 5.00 @ http://localhost:3000/_next/static/chunks/0-ynv9eqilv7x.js:0
[   33381ms] [LOG] Player X: 0.00 Y: 6.00 Z: 5.00 @ http://localhost:3000/_next/static/chunks/0-ynv9eqilv7x.js:0
[   33384ms] [LOG] Player X: 0.00 Y: 6.00 Z: 5.00 @ http://localhost:3000/_next/static/chunks/0-ynv9eqilv7x.js:0
[   33388ms] [LOG] Player X: 0.00 Y: 6.00 Z: 5.00 @ http://localhost:3000/_next/static/chunks/0-ynv9eqilv7x.js:0
[   33391ms] [LOG] Player X: 0.00 Y: 6.00 Z: 5.00 @ http://localhost:3000/_next/static/chunks/0-ynv9eqilv7x.js:0
[   33394ms] [LOG] Player X: 0.00 Y: 6.00 Z: 5.00 @ http://localhost:3000/_next/static/chunks/0-ynv9eqilv7x.js:0
[   33398ms] [LOG] Player X: 0.00 Y: 6.00 Z: 5.00 @ http://localhost:3000/_next/static/chunks/0-ynv9eqilv7x.js:0
[   33401ms] [LOG] Player X: 0.00 Y: 6.00 Z: 5.00 @ http://localhost:3000/_next/static/chunks/0-ynv9eqilv7x.js:0
[   33404ms] [LOG] Player X: 0.00 Y: 6.00 Z: 5.00 @ http://localhost:3000/_next/static/chunks/0-ynv9eqilv7x.js:0
[   33408ms] [LOG] Player X: 0.00 Y: 6.00 Z: 5.00 @ http://localhost:3000/_next/static/chunks/0-ynv9eqilv7x.js:0
[   33411ms] [LOG] Player X: 0.00 Y: 6.00 Z: 5.00 @ http://localhost:3000/_next/static/chunks/0-ynv9eqilv7x.js:0
[   33414ms] [LOG] Player X: 0.00 Y: 6.00 Z: 5.00 @ http://localhost:3000/_next/static/chunks/0-ynv9eqilv7x.js:0
[   33418ms] [LOG] Player X: 0.00 Y: 6.00 Z: 5.00 @ http://localhost:3000/_next/static/chunks/0-ynv9eqilv7x.js:0
[   33421ms] [LOG] Player X: 0.00 Y: 6.00 Z: 5.00 @ http://localhost:3000/_next/static/chunks/0-ynv9eqilv7x.js:0
[   33424ms] [LOG] Player X: 0.00 Y: 6.00 Z: 5.00 @ http://localhost:3000/_next/static/chunks/0-ynv9eqilv7x.js:0
[   33428ms] [LOG] Player X: 0.00 Y: 6.00 Z: 5.00 @ http://localhost:3000/_next/static/chunks/0-ynv9eqilv7x.js:0
[   33431ms] [LOG] Player X: 0.00 Y: 6.00 Z: 5.00 @ http://localhost:3000/_next/static/chunks/0-ynv9eqilv7x.js:0
[   33434ms] [LOG] Player X: 0.00 Y: 6.00 Z: 5.00 @ http://localhost:3000/_next/static/chunks/0-ynv9eqilv7x.js:0
[   33438ms] [LOG] Player X: 0.00 Y: 6.00 Z: 5.00 @ http://localhost:3000/_next/static/chunks/0-ynv9eqilv7x.js:0
[   33441ms] [LOG] Player X: 0.00 Y: 6.00 Z: 5.00 @ http://localhost:3000/_next/static/chunks/0-ynv9eqilv7x.js:0
[   33444ms] [LOG] Player X: 0.00 Y: 6.00 Z: 5.00 @ http://localhost:3000/_next/static/chunks/0-ynv9eqilv7x.js:0
[   33448ms] [LOG] Player X: 0.00 Y: 6.00 Z: 5.00 @ http://localhost:3000/_next/static/chunks/0-ynv9eqilv7x.js:0
[   33451ms] [LOG] Player X: 0.00 Y: 6.00 Z: 5.00 @ http://localhost:3000/_next/static/chunks/0-ynv9eqilv7x.js:0
[   33454ms] [LOG] Player X: 0.00 Y: 6.00 Z: 5.00 @ http://localhost:3000/_next/static/chunks/0-ynv9eqilv7x.js:0
[   33458ms] [LOG] Player X: 0.00 Y: 6.00 Z: 5.00 @ http://localhost:3000/_next/static/chunks/0-ynv9eqilv7x.js:0
[   33461ms] [LOG] Player X: 0.00 Y: 6.00 Z: 5.00 @ http://localhost:3000/_next/static/chunks/0-ynv9eqilv7x.js:0
[   33464ms] [LOG] Player X: 0.00 Y: 6.00 Z: 5.00 @ http://localhost:3000/_next/static/chunks/0-ynv9eqilv7x.js:0
[   33468ms] [LOG] Player X: 0.00 Y: 6.00 Z: 5.00 @ http://localhost:3000/_next/static/chunks/0-ynv9eqilv7x.js:0
[   33471ms] [LOG] Player X: 0.00 Y: 6.00 Z: 5.00 @ http://localhost:3000/_next/static/chunks/0-ynv9eqilv7x.js:0
[   33474ms] [LOG] Player X: 0.00 Y: 6.00 Z: 5.00 @ http://localhost:3000/_next/static/chunks/0-ynv9eqilv7x.js:0
[   33478ms] [LOG] Player X: 0.00 Y: 6.00 Z: 5.00 @ http://localhost:3000/_next/static/chunks/0-ynv9eqilv7x.js:0
[   33481ms] [LOG] Player X: 0.00 Y: 6.00 Z: 5.00 @ http://localhost:3000/_next/static/chunks/0-ynv9eqilv7x.js:0
[   33484ms] [LOG] Player X: 0.00 Y: 6.00 Z: 5.00 @ http://localhost:3000/_next/static/chunks/0-ynv9eqilv7x.js:0
[   33488ms] [LOG] Player X: 0.00 Y: 6.00 Z: 5.00 @ http://localhost:3000/_next/static/chunks/0-ynv9eqilv7x.js:0
[   33491ms] [LOG] Player X: 0.00 Y: 6.00 Z: 5.00 @ http://localhost:3000/_next/static/chunks/0-ynv9eqilv7x.js:0
[   33494ms] [LOG] Player X: 0.00 Y: 6.00 Z: 5.00 @ http://localhost:3000/_next/static/chunks/0-ynv9eqilv7x.js:0
[   33498ms] [LOG] Player X: 0.00 Y: 6.00 Z: 5.00 @ http://localhost:3000/_next/static/chunks/0-ynv9eqilv7x.js:0
[   33501ms] [LOG] Player X: 0.00 Y: 6.00 Z: 5.00 @ http://localhost:3000/_next/static/chunks/0-ynv9eqilv7x.js:0
[   33504ms] [LOG] Player X: 0.00 Y: 6.00 Z: 5.00 @ http://localhost:3000/_next/static/chunks/0-ynv9eqilv7x.js:0
[   33508ms] [LOG] Player X: 0.00 Y: 6.00 Z: 5.00 @ http://localhost:3000/_next/static/chunks/0-ynv9eqilv7x.js:0
[   33511ms] [LOG] Player X: 0.00 Y: 6.00 Z: 5.00 @ http://localhost:3000/_next/static/chunks/0-ynv9eqilv7x.js:0
[   33514ms] [LOG] Player X: 0.00 Y: 6.00 Z: 5.00 @ http://localhost:3000/_next/static/chunks/0-ynv9eqilv7x.js:0
[   33518ms] [LOG] Player X: 0.00 Y: 6.00 Z: 5.00 @ http://localhost:3000/_next/static/chunks/0-ynv9eqilv7x.js:0
[   33521ms] [LOG] Player X: 0.00 Y: 6.00 Z: 5.00 @ http://localhost:3000/_next/static/chunks/0-ynv9eqilv7x.js:0
[   33524ms] [LOG] Player X: 0.00 Y: 6.00 Z: 5.00 @ http://localhost:3000/_next/static/chunks/0-ynv9eqilv7x.js:0
[   33528ms] [LOG] Player X: 0.00 Y: 6.00 Z: 5.00 @ http://localhost:3000/_next/static/chunks/0-ynv9eqilv7x.js:0
[   33531ms] [LOG] Player X: 0.00 Y: 6.00 Z: 5.00 @ http://localhost:3000/_next/static/chunks/0-ynv9eqilv7x.js:0
[   33535ms] [LOG] Player X: 0.00 Y: 6.00 Z: 5.00 @ http://localhost:3000/_next/static/chunks/0-ynv9eqilv7x.js:0
[   33538ms] [LOG] Player X: 0.00 Y: 6.00 Z: 5.00 @ http://localhost:3000/_next/static/chunks/0-ynv9eqilv7x.js:0
[   33541ms] [LOG] Player X: 0.00 Y: 6.00 Z: 5.00 @ http://localhost:3000/_next/static/chunks/0-ynv9eqilv7x.js:0
[   33544ms] [LOG] Player X: 0.00 Y: 6.00 Z: 5.00 @ http://localhost:3000/_next/static/chunks/0-ynv9eqilv7x.js:0
[   33548ms] [LOG] Player X: 0.00 Y: 6.00 Z: 5.00 @ http://localhost:3000/_next/static/chunks/0-ynv9eqilv7x.js:0
[   33551ms] [LOG] Player X: 0.00 Y: 6.00 Z: 5.00 @ http://localhost:3000/_next/static/chunks/0-ynv9eqilv7x.js:0
[   33554ms] [LOG] Player X: 0.00 Y: 6.00 Z: 5.00 @ http://localhost:3000/_next/static/chunks/0-ynv9eqilv7x.js:0
[   33558ms] [LOG] Player X: 0.00 Y: 6.00 Z: 5.00 @ http://localhost:3000/_next/static/chunks/0-ynv9eqilv7x.js:0
[   33561ms] [LOG] Player X: 0.00 Y: 6.00 Z: 5.00 @ http://localhost:3000/_next/static/chunks/0-ynv9eqilv7x.js:0
[   33564ms] [LOG] Player X: 0.00 Y: 6.00 Z: 5.00 @ http://localhost:3000/_next/static/chunks/0-ynv9eqilv7x.js:0
[   33568ms] [LOG] Player X: 0.00 Y: 6.00 Z: 5.00 @ http://localhost:3000/_next/static/chunks/0-ynv9eqilv7x.js:0
[   33571ms] [LOG] Player X: 0.00 Y: 6.00 Z: 5.00 @ http://localhost:3000/_next/static/chunks/0-ynv9eqilv7x.js:0
[   33574ms] [LOG] Player X: 0.00 Y: 6.00 Z: 5.00 @ http://localhost:3000/_next/static/chunks/0-ynv9eqilv7x.js:0
[   33578ms] [LOG] Player X: 0.00 Y: 6.00 Z: 5.00 @ http://localhost:3000/_next/static/chunks/0-ynv9eqilv7x.js:0
[   33581ms] [LOG] Player X: 0.00 Y: 6.00 Z: 5.00 @ http://localhost:3000/_next/static/chunks/0-ynv9eqilv7x.js:0
[   33584ms] [LOG] Player X: 0.00 Y: 6.00 Z: 5.00 @ http://localhost:3000/_next/static/chunks/0-ynv9eqilv7x.js:0
[   33588ms] [LOG] Player X: 0.00 Y: 6.00 Z: 5.00 @ http://localhost:3000/_next/static/chunks/0-ynv9eqilv7x.js:0
[   33591ms] [LOG] Player X: 0.00 Y: 6.00 Z: 5.00 @ http://localhost:3000/_next/static/chunks/0-ynv9eqilv7x.js:0
[   33594ms] [LOG] Player X: 0.00 Y: 6.00 Z: 5.00 @ http://localhost:3000/_next/static/chunks/0-ynv9eqilv7x.js:0
[   33598ms] [LOG] Player X: 0.00 Y: 6.00 Z: 5.00 @ http://localhost:3000/_next/static/chunks/0-ynv9eqilv7x.js:0
[   33601ms] [LOG] Player X: 0.00 Y: 6.00 Z: 5.00 @ http://localhost:3000/_next/static/chunks/0-ynv9eqilv7x.js:0
[   33604ms] [LOG] Player X: 0.00 Y: 6.00 Z: 5.00 @ http://localhost:3000/_next/static/chunks/0-ynv9eqilv7x.js:0
[   33608ms] [LOG] Player X: 0.00 Y: 6.00 Z: 5.00 @ http://localhost:3000/_next/static/chunks/0-ynv9eqilv7x.js:0
[   33611ms] [LOG] Player X: 0.00 Y: 6.00 Z: 5.00 @ http://localhost:3000/_next/static/chunks/0-ynv9eqilv7x.js:0
[   33614ms] [LOG] Player X: 0.00 Y: 6.00 Z: 5.00 @ http://localhost:3000/_next/static/chunks/0-ynv9eqilv7x.js:0
[   33617ms] [LOG] Player X: 0.00 Y: 6.00 Z: 5.00 @ http://localhost:3000/_next/static/chunks/0-ynv9eqilv7x.js:0
[   33621ms] [LOG] Player X: 0.00 Y: 6.00 Z: 5.00 @ http://localhost:3000/_next/static/chunks/0-ynv9eqilv7x.js:0
[   33624ms] [LOG] Player X: 0.00 Y: 6.00 Z: 5.00 @ http://localhost:3000/_next/static/chunks/0-ynv9eqilv7x.js:0
[   33627ms] [LOG] Player X: 0.00 Y: 6.00 Z: 5.00 @ http://localhost:3000/_next/static/chunks/0-ynv9eqilv7x.js:0
[   33631ms] [LOG] Player X: 0.00 Y: 6.00 Z: 5.00 @ http://localhost:3000/_next/static/chunks/0-ynv9eqilv7x.js:0
[   33634ms] [LOG] Player X: 0.00 Y: 6.00 Z: 5.00 @ http://localhost:3000/_next/static/chunks/0-ynv9eqilv7x.js:0
[   33637ms] [LOG] Player X: 0.00 Y: 6.00 Z: 5.00 @ http://localhost:3000/_next/static/chunks/0-ynv9eqilv7x.js:0
[   33641ms] [LOG] Player X: 0.00 Y: 6.00 Z: 5.00 @ http://localhost:3000/_next/static/chunks/0-ynv9eqilv7x.js:0
[   33644ms] [LOG] Player X: 0.00 Y: 6.00 Z: 5.00 @ http://localhost:3000/_next/static/chunks/0-ynv9eqilv7x.js:0
[   33648ms] [LOG] Player X: 0.00 Y: 6.00 Z: 5.00 @ http://localhost:3000/_next/static/chunks/0-ynv9eqilv7x.js:0
[   33651ms] [LOG] Player X: 0.00 Y: 6.00 Z: 5.00 @ http://localhost:3000/_next/static/chunks/0-ynv9eqilv7x.js:0
[   33654ms] [LOG] Player X: 0.00 Y: 6.00 Z: 5.00 @ http://localhost:3000/_next/static/chunks/0-ynv9eqilv7x.js:0
[   33658ms] [LOG] Player X: 0.00 Y: 6.00 Z: 5.00 @ http://localhost:3000/_next/static/chunks/0-ynv9eqilv7x.js:0
[   33661ms] [LOG] Player X: 0.00 Y: 6.00 Z: 5.00 @ http://localhost:3000/_next/static/chunks/0-ynv9eqilv7x.js:0
[   33664ms] [LOG] Player X: 0.00 Y: 6.00 Z: 5.00 @ http://localhost:3000/_next/static/chunks/0-ynv9eqilv7x.js:0
[   33668ms] [LOG] Player X: 0.00 Y: 6.00 Z: 5.00 @ http://localhost:3000/_next/static/chunks/0-ynv9eqilv7x.js:0
[   33671ms] [LOG] Player X: 0.00 Y: 6.00 Z: 5.00 @ http://localhost:3000/_next/static/chunks/0-ynv9eqilv7x.js:0
[   33674ms] [LOG] Player X: 0.00 Y: 6.00 Z: 5.00 @ http://localhost:3000/_next/static/chunks/0-ynv9eqilv7x.js:0
[   33678ms] [LOG] Player X: 0.00 Y: 6.00 Z: 5.00 @ http://localhost:3000/_next/static/chunks/0-ynv9eqilv7x.js:0
[   33681ms] [LOG] Player X: 0.00 Y: 6.00 Z: 5.00 @ http://localhost:3000/_next/static/chunks/0-ynv9eqilv7x.js:0
[   33684ms] [LOG] Player X: 0.00 Y: 6.00 Z: 5.00 @ http://localhost:3000/_next/static/chunks/0-ynv9eqilv7x.js:0
[   33688ms] [LOG] Player X: 0.00 Y: 6.00 Z: 5.00 @ http://localhost:3000/_next/static/chunks/0-ynv9eqilv7x.js:0
[   33691ms] [LOG] Player X: 0.00 Y: 6.00 Z: 5.00 @ http://localhost:3000/_next/static/chunks/0-ynv9eqilv7x.js:0
[   33694ms] [LOG] Player X: 0.00 Y: 6.00 Z: 5.00 @ http://localhost:3000/_next/static/chunks/0-ynv9eqilv7x.js:0
[   33698ms] [LOG] Player X: 0.00 Y: 6.00 Z: 5.00 @ http://localhost:3000/_next/static/chunks/0-ynv9eqilv7x.js:0
[   33701ms] [LOG] Player X: 0.00 Y: 6.00 Z: 5.00 @ http://localhost:3000/_next/static/chunks/0-ynv9eqilv7x.js:0
[   33704ms] [LOG] Player X: 0.00 Y: 6.00 Z: 5.00 @ http://localhost:3000/_next/static/chunks/0-ynv9eqilv7x.js:0
[   33707ms] [LOG] Player X: 0.00 Y: 6.00 Z: 5.00 @ http://localhost:3000/_next/static/chunks/0-ynv9eqilv7x.js:0
[   33711ms] [LOG] Player X: 0.00 Y: 6.00 Z: 5.00 @ http://localhost:3000/_next/static/chunks/0-ynv9eqilv7x.js:0
[   33714ms] [LOG] Player X: 0.00 Y: 6.00 Z: 5.00 @ http://localhost:3000/_next/static/chunks/0-ynv9eqilv7x.js:0
[   33717ms] [LOG] Player X: 0.00 Y: 6.00 Z: 5.00 @ http://localhost:3000/_next/static/chunks/0-ynv9eqilv7x.js:0
[   33721ms] [LOG] Player X: 0.00 Y: 6.00 Z: 5.00 @ http://localhost:3000/_next/static/chunks/0-ynv9eqilv7x.js:0
[   33724ms] [LOG] Player X: 0.00 Y: 6.00 Z: 5.00 @ http://localhost:3000/_next/static/chunks/0-ynv9eqilv7x.js:0
[   33727ms] [LOG] Player X: 0.00 Y: 6.00 Z: 5.00 @ http://localhost:3000/_next/static/chunks/0-ynv9eqilv7x.js:0
[   33731ms] [LOG] Player X: 0.00 Y: 6.00 Z: 5.00 @ http://localhost:3000/_next/static/chunks/0-ynv9eqilv7x.js:0
[   33734ms] [LOG] Player X: 0.00 Y: 6.00 Z: 5.00 @ http://localhost:3000/_next/static/chunks/0-ynv9eqilv7x.js:0
[   33738ms] [LOG] Player X: 0.00 Y: 6.00 Z: 5.00 @ http://localhost:3000/_next/static/chunks/0-ynv9eqilv7x.js:0
[   33741ms] [LOG] Player X: 0.00 Y: 6.00 Z: 5.00 @ http://localhost:3000/_next/static/chunks/0-ynv9eqilv7x.js:0
[   33744ms] [LOG] Player X: 0.00 Y: 6.00 Z: 5.00 @ http://localhost:3000/_next/static/chunks/0-ynv9eqilv7x.js:0
[   33747ms] [LOG] Player X: 0.00 Y: 6.00 Z: 5.00 @ http://localhost:3000/_next/static/chunks/0-ynv9eqilv7x.js:0
[   33751ms] [LOG] Player X: 0.00 Y: 6.00 Z: 5.00 @ http://localhost:3000/_next/static/chunks/0-ynv9eqilv7x.js:0
[   33754ms] [LOG] Player X: 0.00 Y: 6.00 Z: 5.00 @ http://localhost:3000/_next/static/chunks/0-ynv9eqilv7x.js:0
[   33758ms] [LOG] Player X: 0.00 Y: 6.00 Z: 5.00 @ http://localhost:3000/_next/static/chunks/0-ynv9eqilv7x.js:0
[   33761ms] [LOG] Player X: 0.00 Y: 6.00 Z: 5.00 @ http://localhost:3000/_next/static/chunks/0-ynv9eqilv7x.js:0
[   33764ms] [LOG] Player X: 0.00 Y: 6.00 Z: 5.00 @ http://localhost:3000/_next/static/chunks/0-ynv9eqilv7x.js:0
[   33767ms] [LOG] Player X: 0.00 Y: 6.00 Z: 5.00 @ http://localhost:3000/_next/static/chunks/0-ynv9eqilv7x.js:0
[   33771ms] [LOG] Player X: 0.00 Y: 6.00 Z: 5.00 @ http://localhost:3000/_next/static/chunks/0-ynv9eqilv7x.js:0
[   33774ms] [LOG] Player X: 0.00 Y: 6.00 Z: 5.00 @ http://localhost:3000/_next/static/chunks/0-ynv9eqilv7x.js:0
[   33777ms] [LOG] Player X: 0.00 Y: 6.00 Z: 5.00 @ http://localhost:3000/_next/static/chunks/0-ynv9eqilv7x.js:0
[   33781ms] [LOG] Player X: 0.00 Y: 6.00 Z: 5.00 @ http://localhost:3000/_next/static/chunks/0-ynv9eqilv7x.js:0
[   33784ms] [LOG] Player X: 0.00 Y: 6.00 Z: 5.00 @ http://localhost:3000/_next/static/chunks/0-ynv9eqilv7x.js:0
[   33787ms] [LOG] Player X: 0.00 Y: 6.00 Z: 5.00 @ http://localhost:3000/_next/static/chunks/0-ynv9eqilv7x.js:0
[   33791ms] [LOG] Player X: 0.00 Y: 6.00 Z: 5.00 @ http://localhost:3000/_next/static/chunks/0-ynv9eqilv7x.js:0
[   33794ms] [LOG] Player X: 0.00 Y: 6.00 Z: 5.00 @ http://localhost:3000/_next/static/chunks/0-ynv9eqilv7x.js:0
[   33797ms] [LOG] Player X: 0.00 Y: 6.00 Z: 5.00 @ http://localhost:3000/_next/static/chunks/0-ynv9eqilv7x.js:0
[   33801ms] [LOG] Player X: 0.00 Y: 6.00 Z: 5.00 @ http://localhost:3000/_next/static/chunks/0-ynv9eqilv7x.js:0
[   33804ms] [LOG] Player X: 0.00 Y: 6.00 Z: 5.00 @ http://localhost:3000/_next/static/chunks/0-ynv9eqilv7x.js:0
[   33808ms] [LOG] Player X: 0.00 Y: 6.00 Z: 5.00 @ http://localhost:3000/_next/static/chunks/0-ynv9eqilv7x.js:0
[   33811ms] [LOG] Player X: 0.00 Y: 6.00 Z: 5.00 @ http://localhost:3000/_next/static/chunks/0-ynv9eqilv7x.js:0
[   33814ms] [LOG] Player X: 0.00 Y: 6.00 Z: 5.00 @ http://localhost:3000/_next/static/chunks/0-ynv9eqilv7x.js:0
[   33818ms] [LOG] Player X: 0.00 Y: 6.00 Z: 5.00 @ http://localhost:3000/_next/static/chunks/0-ynv9eqilv7x.js:0
[   33821ms] [LOG] Player X: 0.00 Y: 6.00 Z: 5.00 @ http://localhost:3000/_next/static/chunks/0-ynv9eqilv7x.js:0
[   33824ms] [LOG] Player X: 0.00 Y: 6.00 Z: 5.00 @ http://localhost:3000/_next/static/chunks/0-ynv9eqilv7x.js:0
[   33828ms] [LOG] Player X: 0.00 Y: 6.00 Z: 5.00 @ http://localhost:3000/_next/static/chunks/0-ynv9eqilv7x.js:0
[   33831ms] [LOG] Player X: 0.00 Y: 6.00 Z: 5.00 @ http://localhost:3000/_next/static/chunks/0-ynv9eqilv7x.js:0
[   33834ms] [LOG] Player X: 0.00 Y: 6.00 Z: 5.00 @ http://localhost:3000/_next/static/chunks/0-ynv9eqilv7x.js:0
[   33838ms] [LOG] Player X: 0.00 Y: 6.00 Z: 5.00 @ http://localhost:3000/_next/static/chunks/0-ynv9eqilv7x.js:0
[   33841ms] [LOG] Player X: 0.00 Y: 6.00 Z: 5.00 @ http://localhost:3000/_next/static/chunks/0-ynv9eqilv7x.js:0
[   33844ms] [LOG] Player X: 0.00 Y: 6.00 Z: 5.00 @ http://localhost:3000/_next/static/chunks/0-ynv9eqilv7x.js:0
[   33848ms] [LOG] Player X: 0.00 Y: 6.00 Z: 5.00 @ http://localhost:3000/_next/static/chunks/0-ynv9eqilv7x.js:0
[   33851ms] [LOG] Player X: 0.00 Y: 6.00 Z: 5.00 @ http://localhost:3000/_next/static/chunks/0-ynv9eqilv7x.js:0
[   33854ms] [LOG] Player X: 0.00 Y: 6.00 Z: 5.00 @ http://localhost:3000/_next/static/chunks/0-ynv9eqilv7x.js:0
[   33858ms] [LOG] Player X: 0.00 Y: 6.00 Z: 5.00 @ http://localhost:3000/_next/static/chunks/0-ynv9eqilv7x.js:0
[   33861ms] [LOG] Player X: 0.00 Y: 6.00 Z: 5.00 @ http://localhost:3000/_next/static/chunks/0-ynv9eqilv7x.js:0
[   33864ms] [LOG] Player X: 0.00 Y: 6.00 Z: 5.00 @ http://localhost:3000/_next/static/chunks/0-ynv9eqilv7x.js:0
[   33867ms] [LOG] Player X: 0.00 Y: 6.00 Z: 5.00 @ http://localhost:3000/_next/static/chunks/0-ynv9eqilv7x.js:0
[   33871ms] [LOG] Player X: 0.00 Y: 6.00 Z: 5.00 @ http://localhost:3000/_next/static/chunks/0-ynv9eqilv7x.js:0
[   33874ms] [LOG] Player X: 0.00 Y: 6.00 Z: 5.00 @ http://localhost:3000/_next/static/chunks/0-ynv9eqilv7x.js:0
[   33877ms] [LOG] Player X: 0.00 Y: 6.00 Z: 5.00 @ http://localhost:3000/_next/static/chunks/0-ynv9eqilv7x.js:0
[   33881ms] [LOG] Player X: 0.00 Y: 6.00 Z: 5.00 @ http://localhost:3000/_next/static/chunks/0-ynv9eqilv7x.js:0
[   33884ms] [LOG] Player X: 0.00 Y: 6.00 Z: 5.00 @ http://localhost:3000/_next/static/chunks/0-ynv9eqilv7x.js:0
[   33888ms] [LOG] Player X: 0.00 Y: 6.00 Z: 5.00 @ http://localhost:3000/_next/static/chunks/0-ynv9eqilv7x.js:0
[   33891ms] [LOG] Player X: 0.00 Y: 6.00 Z: 5.00 @ http://localhost:3000/_next/static/chunks/0-ynv9eqilv7x.js:0
[   33894ms] [LOG] Player X: 0.00 Y: 6.00 Z: 5.00 @ http://localhost:3000/_next/static/chunks/0-ynv9eqilv7x.js:0
[   33898ms] [LOG] Player X: 0.00 Y: 6.00 Z: 5.00 @ http://localhost:3000/_next/static/chunks/0-ynv9eqilv7x.js:0
[   33901ms] [LOG] Player X: 0.00 Y: 6.00 Z: 5.00 @ http://localhost:3000/_next/static/chunks/0-ynv9eqilv7x.js:0
[   33904ms] [LOG] Player X: 0.00 Y: 6.00 Z: 5.00 @ http://localhost:3000/_next/static/chunks/0-ynv9eqilv7x.js:0
[   33908ms] [LOG] Player X: 0.00 Y: 6.00 Z: 5.00 @ http://localhost:3000/_next/static/chunks/0-ynv9eqilv7x.js:0
[   33911ms] [LOG] Player X: 0.00 Y: 6.00 Z: 5.00 @ http://localhost:3000/_next/static/chunks/0-ynv9eqilv7x.js:0
[   33914ms] [LOG] Player X: 0.00 Y: 6.00 Z: 5.00 @ http://localhost:3000/_next/static/chunks/0-ynv9eqilv7x.js:0
[   33918ms] [LOG] Player X: 0.00 Y: 6.00 Z: 5.00 @ http://localhost:3000/_next/static/chunks/0-ynv9eqilv7x.js:0
[   33921ms] [LOG] Player X: 0.00 Y: 6.00 Z: 5.00 @ http://localhost:3000/_next/static/chunks/0-ynv9eqilv7x.js:0
[   33924ms] [LOG] Player X: 0.00 Y: 6.00 Z: 5.00 @ http://localhost:3000/_next/static/chunks/0-ynv9eqilv7x.js:0
[   33927ms] [LOG] Player X: 0.00 Y: 6.00 Z: 5.00 @ http://localhost:3000/_next/static/chunks/0-ynv9eqilv7x.js:0
[   33931ms] [LOG] Player X: 0.00 Y: 6.00 Z: 5.00 @ http://localhost:3000/_next/static/chunks/0-ynv9eqilv7x.js:0
[   33934ms] [LOG] Player X: 0.00 Y: 6.00 Z: 5.00 @ http://localhost:3000/_next/static/chunks/0-ynv9eqilv7x.js:0
[   33938ms] [LOG] Player X: 0.00 Y: 6.00 Z: 5.00 @ http://localhost:3000/_next/static/chunks/0-ynv9eqilv7x.js:0
[   33941ms] [LOG] Player X: 0.00 Y: 6.00 Z: 5.00 @ http://localhost:3000/_next/static/chunks/0-ynv9eqilv7x.js:0
[   33944ms] [LOG] Player X: 0.00 Y: 6.00 Z: 5.00 @ http://localhost:3000/_next/static/chunks/0-ynv9eqilv7x.js:0
[   33948ms] [LOG] Player X: 0.00 Y: 6.00 Z: 5.00 @ http://localhost:3000/_next/static/chunks/0-ynv9eqilv7x.js:0
[   33951ms] [LOG] Player X: 0.00 Y: 6.00 Z: 5.00 @ http://localhost:3000/_next/static/chunks/0-ynv9eqilv7x.js:0
[   33954ms] [LOG] Player X: 0.00 Y: 6.00 Z: 5.00 @ http://localhost:3000/_next/static/chunks/0-ynv9eqilv7x.js:0
[   33958ms] [LOG] Player X: 0.00 Y: 6.00 Z: 5.00 @ http://localhost:3000/_next/static/chunks/0-ynv9eqilv7x.js:0
[   33961ms] [LOG] Player X: 0.00 Y: 6.00 Z: 5.00 @ http://localhost:3000/_next/static/chunks/0-ynv9eqilv7x.js:0
[   33964ms] [LOG] Player X: 0.00 Y: 6.00 Z: 5.00 @ http://localhost:3000/_next/static/chunks/0-ynv9eqilv7x.js:0
[   33968ms] [LOG] Player X: 0.00 Y: 6.00 Z: 5.00 @ http://localhost:3000/_next/static/chunks/0-ynv9eqilv7x.js:0
[   33971ms] [LOG] Player X: 0.00 Y: 6.00 Z: 5.00 @ http://localhost:3000/_next/static/chunks/0-ynv9eqilv7x.js:0
[   33974ms] [LOG] Player X: 0.00 Y: 6.00 Z: 5.00 @ http://localhost:3000/_next/static/chunks/0-ynv9eqilv7x.js:0
[   33977ms] [LOG] Player X: 0.00 Y: 6.00 Z: 5.00 @ http://localhost:3000/_next/static/chunks/0-ynv9eqilv7x.js:0
[   33981ms] [LOG] Player X: 0.00 Y: 6.00 Z: 5.00 @ http://localhost:3000/_next/static/chunks/0-ynv9eqilv7x.js:0
[   33984ms] [LOG] Player X: 0.00 Y: 6.00 Z: 5.00 @ http://localhost:3000/_next/static/chunks/0-ynv9eqilv7x.js:0
[   33988ms] [LOG] Player X: 0.00 Y: 6.00 Z: 5.00 @ http://localhost:3000/_next/static/chunks/0-ynv9eqilv7x.js:0
[   33991ms] [LOG] Player X: 0.00 Y: 6.00 Z: 5.00 @ http://localhost:3000/_next/static/chunks/0-ynv9eqilv7x.js:0
[   33994ms] [LOG] Player X: 0.00 Y: 6.00 Z: 5.00 @ http://localhost:3000/_next/static/chunks/0-ynv9eqilv7x.js:0
[   33997ms] [LOG] Player X: 0.00 Y: 6.00 Z: 5.00 @ http://localhost:3000/_next/static/chunks/0-ynv9eqilv7x.js:0
[   34001ms] [LOG] Player X: 0.00 Y: 6.00 Z: 5.00 @ http://localhost:3000/_next/static/chunks/0-ynv9eqilv7x.js:0
[   34004ms] [LOG] Player X: 0.00 Y: 6.00 Z: 5.00 @ http://localhost:3000/_next/static/chunks/0-ynv9eqilv7x.js:0
[   34007ms] [LOG] Player X: 0.00 Y: 6.00 Z: 5.00 @ http://localhost:3000/_next/static/chunks/0-ynv9eqilv7x.js:0
[   34011ms] [LOG] Player X: 0.00 Y: 6.00 Z: 5.00 @ http://localhost:3000/_next/static/chunks/0-ynv9eqilv7x.js:0
[   34014ms] [LOG] Player X: 0.00 Y: 6.00 Z: 5.00 @ http://localhost:3000/_next/static/chunks/0-ynv9eqilv7x.js:0
[   34018ms] [LOG] Player X: 0.00 Y: 6.00 Z: 5.00 @ http://localhost:3000/_next/static/chunks/0-ynv9eqilv7x.js:0
[   34021ms] [LOG] Player X: 0.00 Y: 6.00 Z: 5.00 @ http://localhost:3000/_next/static/chunks/0-ynv9eqilv7x.js:0
[   34024ms] [LOG] Player X: 0.00 Y: 6.00 Z: 5.00 @ http://localhost:3000/_next/static/chunks/0-ynv9eqilv7x.js:0
[   34028ms] [LOG] Player X: 0.00 Y: 6.00 Z: 5.00 @ http://localhost:3000/_next/static/chunks/0-ynv9eqilv7x.js:0
[   34031ms] [LOG] Player X: 0.00 Y: 6.00 Z: 5.00 @ http://localhost:3000/_next/static/chunks/0-ynv9eqilv7x.js:0
[   34034ms] [LOG] Player X: 0.00 Y: 6.00 Z: 5.00 @ http://localhost:3000/_next/static/chunks/0-ynv9eqilv7x.js:0
[   34038ms] [LOG] Player X: 0.00 Y: 6.00 Z: 5.00 @ http://localhost:3000/_next/static/chunks/0-ynv9eqilv7x.js:0
[   34041ms] [LOG] Player X: 0.00 Y: 6.00 Z: 5.00 @ http://localhost:3000/_next/static/chunks/0-ynv9eqilv7x.js:0
[   34044ms] [LOG] Player X: 0.00 Y: 6.00 Z: 5.00 @ http://localhost:3000/_next/static/chunks/0-ynv9eqilv7x.js:0
[   34048ms] [LOG] Player X: 0.00 Y: 6.00 Z: 5.00 @ http://localhost:3000/_next/static/chunks/0-ynv9eqilv7x.js:0
[   34051ms] [LOG] Player X: 0.00 Y: 6.00 Z: 5.00 @ http://localhost:3000/_next/static/chunks/0-ynv9eqilv7x.js:0
[   34054ms] [LOG] Player X: 0.00 Y: 6.00 Z: 5.00 @ http://localhost:3000/_next/static/chunks/0-ynv9eqilv7x.js:0
[   34058ms] [LOG] Player X: 0.00 Y: 6.00 Z: 5.00 @ http://localhost:3000/_next/static/chunks/0-ynv9eqilv7x.js:0
[   34061ms] [LOG] Player X: 0.00 Y: 6.00 Z: 5.00 @ http://localhost:3000/_next/static/chunks/0-ynv9eqilv7x.js:0
[   34064ms] [LOG] Player X: 0.00 Y: 6.00 Z: 5.00 @ http://localhost:3000/_next/static/chunks/0-ynv9eqilv7x.js:0
[   34068ms] [LOG] Player X: 0.00 Y: 6.00 Z: 5.00 @ http://localhost:3000/_next/static/chunks/0-ynv9eqilv7x.js:0
[   34071ms] [LOG] Player X: 0.00 Y: 6.00 Z: 5.00 @ http://localhost:3000/_next/static/chunks/0-ynv9eqilv7x.js:0
[   34074ms] [LOG] Player X: 0.00 Y: 6.00 Z: 5.00 @ http://localhost:3000/_next/static/chunks/0-ynv9eqilv7x.js:0
[   34078ms] [LOG] Player X: 0.00 Y: 6.00 Z: 5.00 @ http://localhost:3000/_next/static/chunks/0-ynv9eqilv7x.js:0
[   34081ms] [LOG] Player X: 0.00 Y: 6.00 Z: 5.00 @ http://localhost:3000/_next/static/chunks/0-ynv9eqilv7x.js:0
[   34084ms] [LOG] Player X: 0.00 Y: 6.00 Z: 5.00 @ http://localhost:3000/_next/static/chunks/0-ynv9eqilv7x.js:0
[   34087ms] [LOG] Player X: 0.00 Y: 6.00 Z: 5.00 @ http://localhost:3000/_next/static/chunks/0-ynv9eqilv7x.js:0
[   34091ms] [LOG] Player X: 0.00 Y: 6.00 Z: 5.00 @ http://localhost:3000/_next/static/chunks/0-ynv9eqilv7x.js:0
[   34094ms] [LOG] Player X: 0.00 Y: 6.00 Z: 5.00 @ http://localhost:3000/_next/static/chunks/0-ynv9eqilv7x.js:0
[   34098ms] [LOG] Player X: 0.00 Y: 6.00 Z: 5.00 @ http://localhost:3000/_next/static/chunks/0-ynv9eqilv7x.js:0
[   34101ms] [LOG] Player X: 0.00 Y: 6.00 Z: 5.00 @ http://localhost:3000/_next/static/chunks/0-ynv9eqilv7x.js:0
[   34104ms] [LOG] Player X: 0.00 Y: 6.00 Z: 5.00 @ http://localhost:3000/_next/static/chunks/0-ynv9eqilv7x.js:0
[   34108ms] [LOG] Player X: 0.00 Y: 6.00 Z: 5.00 @ http://localhost:3000/_next/static/chunks/0-ynv9eqilv7x.js:0
[   34111ms] [LOG] Player X: 0.00 Y: 6.00 Z: 5.00 @ http://localhost:3000/_next/static/chunks/0-ynv9eqilv7x.js:0
[   34114ms] [LOG] Player X: 0.00 Y: 6.00 Z: 5.00 @ http://localhost:3000/_next/static/chunks/0-ynv9eqilv7x.js:0
[   34118ms] [LOG] Player X: 0.00 Y: 6.00 Z: 5.00 @ http://localhost:3000/_next/static/chunks/0-ynv9eqilv7x.js:0
[   34121ms] [LOG] Player X: 0.00 Y: 6.00 Z: 5.00 @ http://localhost:3000/_next/static/chunks/0-ynv9eqilv7x.js:0
[   34124ms] [LOG] Player X: 0.00 Y: 6.00 Z: 5.00 @ http://localhost:3000/_next/static/chunks/0-ynv9eqilv7x.js:0
[   34128ms] [LOG] Player X: 0.00 Y: 6.00 Z: 5.00 @ http://localhost:3000/_next/static/chunks/0-ynv9eqilv7x.js:0
[   34131ms] [LOG] Player X: 0.00 Y: 6.00 Z: 5.00 @ http://localhost:3000/_next/static/chunks/0-ynv9eqilv7x.js:0
[   34134ms] [LOG] Player X: 0.00 Y: 6.00 Z: 5.00 @ http://localhost:3000/_next/static/chunks/0-ynv9eqilv7x.js:0
[   34138ms] [LOG] Player X: 0.00 Y: 6.00 Z: 5.00 @ http://localhost:3000/_next/static/chunks/0-ynv9eqilv7x.js:0
[   34141ms] [LOG] Player X: 0.00 Y: 6.00 Z: 5.00 @ http://localhost:3000/_next/static/chunks/0-ynv9eqilv7x.js:0
[   34144ms] [LOG] Player X: 0.00 Y: 6.00 Z: 5.00 @ http://localhost:3000/_next/static/chunks/0-ynv9eqilv7x.js:0
[   34148ms] [LOG] Player X: 0.00 Y: 6.00 Z: 5.00 @ http://localhost:3000/_next/static/chunks/0-ynv9eqilv7x.js:0
[   34151ms] [LOG] Player X: 0.00 Y: 6.00 Z: 5.00 @ http://localhost:3000/_next/static/chunks/0-ynv9eqilv7x.js:0
[   34154ms] [LOG] Player X: 0.00 Y: 6.00 Z: 5.00 @ http://localhost:3000/_next/static/chunks/0-ynv9eqilv7x.js:0
[   34158ms] [LOG] Player X: 0.00 Y: 6.00 Z: 5.00 @ http://localhost:3000/_next/static/chunks/0-ynv9eqilv7x.js:0
[   34161ms] [LOG] Player X: 0.00 Y: 6.00 Z: 5.00 @ http://localhost:3000/_next/static/chunks/0-ynv9eqilv7x.js:0
[   34164ms] [LOG] Player X: 0.00 Y: 6.00 Z: 5.00 @ http://localhost:3000/_next/static/chunks/0-ynv9eqilv7x.js:0
[   34168ms] [LOG] Player X: 0.00 Y: 6.00 Z: 5.00 @ http://localhost:3000/_next/static/chunks/0-ynv9eqilv7x.js:0
[   34171ms] [LOG] Player X: 0.00 Y: 6.00 Z: 5.00 @ http://localhost:3000/_next/static/chunks/0-ynv9eqilv7x.js:0
[   34174ms] [LOG] Player X: 0.00 Y: 6.00 Z: 5.00 @ http://localhost:3000/_next/static/chunks/0-ynv9eqilv7x.js:0
[   34178ms] [LOG] Player X: 0.00 Y: 6.00 Z: 5.00 @ http://localhost:3000/_next/static/chunks/0-ynv9eqilv7x.js:0
[   34181ms] [LOG] Player X: 0.00 Y: 6.00 Z: 5.00 @ http://localhost:3000/_next/static/chunks/0-ynv9eqilv7x.js:0
[   34184ms] [LOG] Player X: 0.00 Y: 6.00 Z: 5.00 @ http://localhost:3000/_next/static/chunks/0-ynv9eqilv7x.js:0
[   34187ms] [LOG] Player X: 0.00 Y: 6.00 Z: 5.00 @ http://localhost:3000/_next/static/chunks/0-ynv9eqilv7x.js:0
[   34191ms] [LOG] Player X: 0.00 Y: 6.00 Z: 5.00 @ http://localhost:3000/_next/static/chunks/0-ynv9eqilv7x.js:0
[   34194ms] [LOG] Player X: 0.00 Y: 6.00 Z: 5.00 @ http://localhost:3000/_next/static/chunks/0-ynv9eqilv7x.js:0
[   34198ms] [LOG] Player X: 0.00 Y: 6.00 Z: 5.00 @ http://localhost:3000/_next/static/chunks/0-ynv9eqilv7x.js:0
[   34201ms] [LOG] Player X: 0.00 Y: 6.00 Z: 5.00 @ http://localhost:3000/_next/static/chunks/0-ynv9eqilv7x.js:0
[   34204ms] [LOG] Player X: 0.00 Y: 6.00 Z: 5.00 @ http://localhost:3000/_next/static/chunks/0-ynv9eqilv7x.js:0
[   34207ms] [LOG] Player X: 0.00 Y: 6.00 Z: 5.00 @ http://localhost:3000/_next/static/chunks/0-ynv9eqilv7x.js:0
[   34211ms] [LOG] Player X: 0.00 Y: 6.00 Z: 5.00 @ http://localhost:3000/_next/static/chunks/0-ynv9eqilv7x.js:0
[   34214ms] [LOG] Player X: 0.00 Y: 6.00 Z: 5.00 @ http://localhost:3000/_next/static/chunks/0-ynv9eqilv7x.js:0
[   34217ms] [LOG] Player X: 0.00 Y: 6.00 Z: 5.00 @ http://localhost:3000/_next/static/chunks/0-ynv9eqilv7x.js:0
[   34221ms] [LOG] Player X: 0.00 Y: 6.00 Z: 5.00 @ http://localhost:3000/_next/static/chunks/0-ynv9eqilv7x.js:0
[   34224ms] [LOG] Player X: 0.00 Y: 6.00 Z: 5.00 @ http://localhost:3000/_next/static/chunks/0-ynv9eqilv7x.js:0
[   34227ms] [LOG] Player X: 0.00 Y: 6.00 Z: 5.00 @ http://localhost:3000/_next/static/chunks/0-ynv9eqilv7x.js:0
[   34231ms] [LOG] Player X: 0.00 Y: 6.00 Z: 5.00 @ http://localhost:3000/_next/static/chunks/0-ynv9eqilv7x.js:0
[   34234ms] [LOG] Player X: 0.00 Y: 6.00 Z: 5.00 @ http://localhost:3000/_next/static/chunks/0-ynv9eqilv7x.js:0
[   34237ms] [LOG] Player X: 0.00 Y: 6.00 Z: 5.00 @ http://localhost:3000/_next/static/chunks/0-ynv9eqilv7x.js:0
[   34241ms] [LOG] Player X: 0.00 Y: 6.00 Z: 5.00 @ http://localhost:3000/_next/static/chunks/0-ynv9eqilv7x.js:0
[   34244ms] [LOG] Player X: 0.00 Y: 6.00 Z: 5.00 @ http://localhost:3000/_next/static/chunks/0-ynv9eqilv7x.js:0
[   34247ms] [LOG] Player X: 0.00 Y: 6.00 Z: 5.00 @ http://localhost:3000/_next/static/chunks/0-ynv9eqilv7x.js:0
[   34251ms] [LOG] Player X: 0.00 Y: 6.00 Z: 5.00 @ http://localhost:3000/_next/static/chunks/0-ynv9eqilv7x.js:0
[   34254ms] [LOG] Player X: 0.00 Y: 6.00 Z: 5.00 @ http://localhost:3000/_next/static/chunks/0-ynv9eqilv7x.js:0
[   34258ms] [LOG] Player X: 0.00 Y: 6.00 Z: 5.00 @ http://localhost:3000/_next/static/chunks/0-ynv9eqilv7x.js:0
[   34261ms] [LOG] Player X: 0.00 Y: 6.00 Z: 5.00 @ http://localhost:3000/_next/static/chunks/0-ynv9eqilv7x.js:0
[   34264ms] [LOG] Player X: 0.00 Y: 6.00 Z: 5.00 @ http://localhost:3000/_next/static/chunks/0-ynv9eqilv7x.js:0
[   34267ms] [LOG] Player X: 0.00 Y: 6.00 Z: 5.00 @ http://localhost:3000/_next/static/chunks/0-ynv9eqilv7x.js:0
[   34271ms] [LOG] Player X: 0.00 Y: 6.00 Z: 5.00 @ http://localhost:3000/_next/static/chunks/0-ynv9eqilv7x.js:0
[   34274ms] [LOG] Player X: 0.00 Y: 6.00 Z: 5.00 @ http://localhost:3000/_next/static/chunks/0-ynv9eqilv7x.js:0
[   34277ms] [LOG] Player X: 0.00 Y: 6.00 Z: 5.00 @ http://localhost:3000/_next/static/chunks/0-ynv9eqilv7x.js:0
[   34281ms] [LOG] Player X: 0.00 Y: 6.00 Z: 5.00 @ http://localhost:3000/_next/static/chunks/0-ynv9eqilv7x.js:0
[   34284ms] [LOG] Player X: 0.00 Y: 6.00 Z: 5.00 @ http://localhost:3000/_next/static/chunks/0-ynv9eqilv7x.js:0
[   34288ms] [LOG] Player X: 0.00 Y: 6.00 Z: 5.00 @ http://localhost:3000/_next/static/chunks/0-ynv9eqilv7x.js:0
[   34291ms] [LOG] Player X: 0.00 Y: 6.00 Z: 5.00 @ http://localhost:3000/_next/static/chunks/0-ynv9eqilv7x.js:0
[   34294ms] [LOG] Player X: 0.00 Y: 6.00 Z: 5.00 @ http://localhost:3000/_next/static/chunks/0-ynv9eqilv7x.js:0
[   34297ms] [LOG] Player X: 0.00 Y: 6.00 Z: 5.00 @ http://localhost:3000/_next/static/chunks/0-ynv9eqilv7x.js:0
[   34301ms] [LOG] Player X: 0.00 Y: 6.00 Z: 5.00 @ http://localhost:3000/_next/static/chunks/0-ynv9eqilv7x.js:0
[   34304ms] [LOG] Player X: 0.00 Y: 6.00 Z: 5.00 @ http://localhost:3000/_next/static/chunks/0-ynv9eqilv7x.js:0
[   34308ms] [LOG] Player X: 0.00 Y: 6.00 Z: 5.00 @ http://localhost:3000/_next/static/chunks/0-ynv9eqilv7x.js:0
[   34311ms] [LOG] Player X: 0.00 Y: 6.00 Z: 5.00 @ http://localhost:3000/_next/static/chunks/0-ynv9eqilv7x.js:0
[   34314ms] [LOG] Player X: 0.00 Y: 6.00 Z: 5.00 @ http://localhost:3000/_next/static/chunks/0-ynv9eqilv7x.js:0
[   34317ms] [LOG] Player X: 0.00 Y: 6.00 Z: 5.00 @ http://localhost:3000/_next/static/chunks/0-ynv9eqilv7x.js:0
[   34321ms] [LOG] Player X: 0.00 Y: 6.00 Z: 5.00 @ http://localhost:3000/_next/static/chunks/0-ynv9eqilv7x.js:0
[   34324ms] [LOG] Player X: 0.00 Y: 6.00 Z: 5.00 @ http://localhost:3000/_next/static/chunks/0-ynv9eqilv7x.js:0
[   34327ms] [LOG] Player X: 0.00 Y: 6.00 Z: 5.00 @ http://localhost:3000/_next/static/chunks/0-ynv9eqilv7x.js:0
[   34331ms] [LOG] Player X: 0.00 Y: 6.00 Z: 5.00 @ http://localhost:3000/_next/static/chunks/0-ynv9eqilv7x.js:0
[   34334ms] [LOG] Player X: 0.00 Y: 6.00 Z: 5.00 @ http://localhost:3000/_next/static/chunks/0-ynv9eqilv7x.js:0
[   34337ms] [LOG] Player X: 0.00 Y: 6.00 Z: 5.00 @ http://localhost:3000/_next/static/chunks/0-ynv9eqilv7x.js:0
[   34341ms] [LOG] Player X: 0.00 Y: 6.00 Z: 5.00 @ http://localhost:3000/_next/static/chunks/0-ynv9eqilv7x.js:0
[   34344ms] [LOG] Player X: 0.00 Y: 6.00 Z: 5.00 @ http://localhost:3000/_next/static/chunks/0-ynv9eqilv7x.js:0
[   34347ms] [LOG] Player X: 0.00 Y: 6.00 Z: 5.00 @ http://localhost:3000/_next/static/chunks/0-ynv9eqilv7x.js:0
[   34351ms] [LOG] Player X: 0.00 Y: 6.00 Z: 5.00 @ http://localhost:3000/_next/static/chunks/0-ynv9eqilv7x.js:0
[   34354ms] [LOG] Player X: 0.00 Y: 6.00 Z: 5.00 @ http://localhost:3000/_next/static/chunks/0-ynv9eqilv7x.js:0
[   34357ms] [LOG] Player X: 0.00 Y: 6.00 Z: 5.00 @ http://localhost:3000/_next/static/chunks/0-ynv9eqilv7x.js:0
[   34361ms] [LOG] Player X: 0.00 Y: 6.00 Z: 5.00 @ http://localhost:3000/_next/static/chunks/0-ynv9eqilv7x.js:0
[   34364ms] [LOG] Player X: 0.00 Y: 6.00 Z: 5.00 @ http://localhost:3000/_next/static/chunks/0-ynv9eqilv7x.js:0
[   34367ms] [LOG] Player X: 0.00 Y: 6.00 Z: 5.00 @ http://localhost:3000/_next/static/chunks/0-ynv9eqilv7x.js:0
[   34371ms] [LOG] Player X: 0.00 Y: 6.00 Z: 5.00 @ http://localhost:3000/_next/static/chunks/0-ynv9eqilv7x.js:0
[   34374ms] [LOG] Player X: 0.00 Y: 6.00 Z: 5.00 @ http://localhost:3000/_next/static/chunks/0-ynv9eqilv7x.js:0
[   34377ms] [LOG] Player X: 0.00 Y: 6.00 Z: 5.00 @ http://localhost:3000/_next/static/chunks/0-ynv9eqilv7x.js:0
[   34381ms] [LOG] Player X: 0.00 Y: 6.00 Z: 5.00 @ http://localhost:3000/_next/static/chunks/0-ynv9eqilv7x.js:0
[   34384ms] [LOG] Player X: 0.00 Y: 6.00 Z: 5.00 @ http://localhost:3000/_next/static/chunks/0-ynv9eqilv7x.js:0
[   34387ms] [LOG] Player X: 0.00 Y: 6.00 Z: 5.00 @ http://localhost:3000/_next/static/chunks/0-ynv9eqilv7x.js:0
[   34391ms] [LOG] Player X: 0.00 Y: 6.00 Z: 5.00 @ http://localhost:3000/_next/static/chunks/0-ynv9eqilv7x.js:0
[   34394ms] [LOG] Player X: 0.00 Y: 6.00 Z: 5.00 @ http://localhost:3000/_next/static/chunks/0-ynv9eqilv7x.js:0
[   34397ms] [LOG] Player X: 0.00 Y: 6.00 Z: 5.00 @ http://localhost:3000/_next/static/chunks/0-ynv9eqilv7x.js:0
[   34401ms] [LOG] Player X: 0.00 Y: 6.00 Z: 5.00 @ http://localhost:3000/_next/static/chunks/0-ynv9eqilv7x.js:0
[   34404ms] [LOG] Player X: 0.00 Y: 6.00 Z: 5.00 @ http://localhost:3000/_next/static/chunks/0-ynv9eqilv7x.js:0
[   34407ms] [LOG] Player X: 0.00 Y: 6.00 Z: 5.00 @ http://localhost:3000/_next/static/chunks/0-ynv9eqilv7x.js:0
[   34411ms] [LOG] Player X: 0.00 Y: 6.00 Z: 5.00 @ http://localhost:3000/_next/static/chunks/0-ynv9eqilv7x.js:0
[   34414ms] [LOG] Player X: 0.00 Y: 6.00 Z: 5.00 @ http://localhost:3000/_next/static/chunks/0-ynv9eqilv7x.js:0
[   34417ms] [LOG] Player X: 0.00 Y: 6.00 Z: 5.00 @ http://localhost:3000/_next/static/chunks/0-ynv9eqilv7x.js:0
[   34421ms] [LOG] Player X: 0.00 Y: 6.00 Z: 5.00 @ http://localhost:3000/_next/static/chunks/0-ynv9eqilv7x.js:0
[   34424ms] [LOG] Player X: 0.00 Y: 6.00 Z: 5.00 @ http://localhost:3000/_next/static/chunks/0-ynv9eqilv7x.js:0
[   34428ms] [LOG] Player X: 0.00 Y: 6.00 Z: 5.00 @ http://localhost:3000/_next/static/chunks/0-ynv9eqilv7x.js:0
[   34431ms] [LOG] Player X: 0.00 Y: 6.00 Z: 5.00 @ http://localhost:3000/_next/static/chunks/0-ynv9eqilv7x.js:0
[   34434ms] [LOG] Player X: 0.00 Y: 6.00 Z: 5.00 @ http://localhost:3000/_next/static/chunks/0-ynv9eqilv7x.js:0
[   34437ms] [LOG] Player X: 0.00 Y: 6.00 Z: 5.00 @ http://localhost:3000/_next/static/chunks/0-ynv9eqilv7x.js:0
[   34441ms] [LOG] Player X: 0.00 Y: 6.00 Z: 5.00 @ http://localhost:3000/_next/static/chunks/0-ynv9eqilv7x.js:0
[   34444ms] [LOG] Player X: 0.00 Y: 6.00 Z: 5.00 @ http://localhost:3000/_next/static/chunks/0-ynv9eqilv7x.js:0
[   34448ms] [LOG] Player X: 0.00 Y: 6.00 Z: 5.00 @ http://localhost:3000/_next/static/chunks/0-ynv9eqilv7x.js:0
[   34451ms] [LOG] Player X: 0.00 Y: 6.00 Z: 5.00 @ http://localhost:3000/_next/static/chunks/0-ynv9eqilv7x.js:0
[   34454ms] [LOG] Player X: 0.00 Y: 6.00 Z: 5.00 @ http://localhost:3000/_next/static/chunks/0-ynv9eqilv7x.js:0
[   34457ms] [LOG] Player X: 0.00 Y: 6.00 Z: 5.00 @ http://localhost:3000/_next/static/chunks/0-ynv9eqilv7x.js:0
[   34461ms] [LOG] Player X: 0.00 Y: 6.00 Z: 5.00 @ http://localhost:3000/_next/static/chunks/0-ynv9eqilv7x.js:0
[   34464ms] [LOG] Player X: 0.00 Y: 6.00 Z: 5.00 @ http://localhost:3000/_next/static/chunks/0-ynv9eqilv7x.js:0
[   34468ms] [LOG] Player X: 0.00 Y: 6.00 Z: 5.00 @ http://localhost:3000/_next/static/chunks/0-ynv9eqilv7x.js:0
[   34471ms] [LOG] Player X: 0.00 Y: 6.00 Z: 5.00 @ http://localhost:3000/_next/static/chunks/0-ynv9eqilv7x.js:0
[   34474ms] [LOG] Player X: 0.00 Y: 6.00 Z: 5.00 @ http://localhost:3000/_next/static/chunks/0-ynv9eqilv7x.js:0
[   34477ms] [LOG] Player X: 0.00 Y: 6.00 Z: 5.00 @ http://localhost:3000/_next/static/chunks/0-ynv9eqilv7x.js:0
[   34481ms] [LOG] Player X: 0.00 Y: 6.00 Z: 5.00 @ http://localhost:3000/_next/static/chunks/0-ynv9eqilv7x.js:0
[   34484ms] [LOG] Player X: 0.00 Y: 6.00 Z: 5.00 @ http://localhost:3000/_next/static/chunks/0-ynv9eqilv7x.js:0
[   34488ms] [LOG] Player X: 0.00 Y: 6.00 Z: 5.00 @ http://localhost:3000/_next/static/chunks/0-ynv9eqilv7x.js:0
[   34491ms] [LOG] Player X: 0.00 Y: 6.00 Z: 5.00 @ http://localhost:3000/_next/static/chunks/0-ynv9eqilv7x.js:0
[   34494ms] [LOG] Player X: 0.00 Y: 6.00 Z: 5.00 @ http://localhost:3000/_next/static/chunks/0-ynv9eqilv7x.js:0
[   34497ms] [LOG] Player X: 0.00 Y: 6.00 Z: 5.00 @ http://localhost:3000/_next/static/chunks/0-ynv9eqilv7x.js:0
[   34501ms] [LOG] Player X: 0.00 Y: 6.00 Z: 5.00 @ http://localhost:3000/_next/static/chunks/0-ynv9eqilv7x.js:0
[   34504ms] [LOG] Player X: 0.00 Y: 6.00 Z: 5.00 @ http://localhost:3000/_next/static/chunks/0-ynv9eqilv7x.js:0
[   34507ms] [LOG] Player X: 0.00 Y: 6.00 Z: 5.00 @ http://localhost:3000/_next/static/chunks/0-ynv9eqilv7x.js:0
[   34511ms] [LOG] Player X: 0.00 Y: 6.00 Z: 5.00 @ http://localhost:3000/_next/static/chunks/0-ynv9eqilv7x.js:0
[   34514ms] [LOG] Player X: 0.00 Y: 6.00 Z: 5.00 @ http://localhost:3000/_next/static/chunks/0-ynv9eqilv7x.js:0
[   34518ms] [LOG] Player X: 0.00 Y: 6.00 Z: 5.00 @ http://localhost:3000/_next/static/chunks/0-ynv9eqilv7x.js:0
[   34521ms] [LOG] Player X: 0.00 Y: 6.00 Z: 5.00 @ http://localhost:3000/_next/static/chunks/0-ynv9eqilv7x.js:0
[   34524ms] [LOG] Player X: 0.00 Y: 6.00 Z: 5.00 @ http://localhost:3000/_next/static/chunks/0-ynv9eqilv7x.js:0
[   34528ms] [LOG] Player X: 0.00 Y: 6.00 Z: 5.00 @ http://localhost:3000/_next/static/chunks/0-ynv9eqilv7x.js:0
[   34531ms] [LOG] Player X: 0.00 Y: 6.00 Z: 5.00 @ http://localhost:3000/_next/static/chunks/0-ynv9eqilv7x.js:0
[   34534ms] [LOG] Player X: 0.00 Y: 6.00 Z: 5.00 @ http://localhost:3000/_next/static/chunks/0-ynv9eqilv7x.js:0
[   34538ms] [LOG] Player X: 0.00 Y: 6.00 Z: 5.00 @ http://localhost:3000/_next/static/chunks/0-ynv9eqilv7x.js:0
[   34541ms] [LOG] Player X: 0.00 Y: 6.00 Z: 5.00 @ http://localhost:3000/_next/static/chunks/0-ynv9eqilv7x.js:0
[   34544ms] [LOG] Player X: 0.00 Y: 6.00 Z: 5.00 @ http://localhost:3000/_next/static/chunks/0-ynv9eqilv7x.js:0
[   34548ms] [LOG] Player X: 0.00 Y: 6.00 Z: 5.00 @ http://localhost:3000/_next/static/chunks/0-ynv9eqilv7x.js:0
[   34551ms] [LOG] Player X: 0.00 Y: 6.00 Z: 5.00 @ http://localhost:3000/_next/static/chunks/0-ynv9eqilv7x.js:0
[   34554ms] [LOG] Player X: 0.00 Y: 6.00 Z: 5.00 @ http://localhost:3000/_next/static/chunks/0-ynv9eqilv7x.js:0
[   34558ms] [LOG] Player X: 0.00 Y: 6.00 Z: 5.00 @ http://localhost:3000/_next/static/chunks/0-ynv9eqilv7x.js:0
[   34561ms] [LOG] Player X: 0.00 Y: 6.00 Z: 5.00 @ http://localhost:3000/_next/static/chunks/0-ynv9eqilv7x.js:0
[   34564ms] [LOG] Player X: 0.00 Y: 6.00 Z: 5.00 @ http://localhost:3000/_next/static/chunks/0-ynv9eqilv7x.js:0
[   34568ms] [LOG] Player X: 0.00 Y: 6.00 Z: 5.00 @ http://localhost:3000/_next/static/chunks/0-ynv9eqilv7x.js:0
[   34571ms] [LOG] Player X: 0.00 Y: 6.00 Z: 5.00 @ http://localhost:3000/_next/static/chunks/0-ynv9eqilv7x.js:0
[   34574ms] [LOG] Player X: 0.00 Y: 6.00 Z: 5.00 @ http://localhost:3000/_next/static/chunks/0-ynv9eqilv7x.js:0
[   34578ms] [LOG] Player X: 0.00 Y: 6.00 Z: 5.00 @ http://localhost:3000/_next/static/chunks/0-ynv9eqilv7x.js:0
[   34581ms] [LOG] Player X: 0.00 Y: 6.00 Z: 5.00 @ http://localhost:3000/_next/static/chunks/0-ynv9eqilv7x.js:0
[   34584ms] [LOG] Player X: 0.00 Y: 6.00 Z: 5.00 @ http://localhost:3000/_next/static/chunks/0-ynv9eqilv7x.js:0
[   34588ms] [LOG] Player X: 0.00 Y: 6.00 Z: 5.00 @ http://localhost:3000/_next/static/chunks/0-ynv9eqilv7x.js:0
[   34591ms] [LOG] Player X: 0.00 Y: 6.00 Z: 5.00 @ http://localhost:3000/_next/static/chunks/0-ynv9eqilv7x.js:0
[   34594ms] [LOG] Player X: 0.00 Y: 6.00 Z: 5.00 @ http://localhost:3000/_next/static/chunks/0-ynv9eqilv7x.js:0
[   34597ms] [LOG] Player X: 0.00 Y: 6.00 Z: 5.00 @ http://localhost:3000/_next/static/chunks/0-ynv9eqilv7x.js:0
[   34601ms] [LOG] Player X: 0.00 Y: 6.00 Z: 5.00 @ http://localhost:3000/_next/static/chunks/0-ynv9eqilv7x.js:0
[   34604ms] [LOG] Player X: 0.00 Y: 6.00 Z: 5.00 @ http://localhost:3000/_next/static/chunks/0-ynv9eqilv7x.js:0
[   34608ms] [LOG] Player X: 0.00 Y: 6.00 Z: 5.00 @ http://localhost:3000/_next/static/chunks/0-ynv9eqilv7x.js:0
[   34611ms] [LOG] Player X: 0.00 Y: 6.00 Z: 5.00 @ http://localhost:3000/_next/static/chunks/0-ynv9eqilv7x.js:0
[   34614ms] [LOG] Player X: 0.00 Y: 6.00 Z: 5.00 @ http://localhost:3000/_next/static/chunks/0-ynv9eqilv7x.js:0
[   34618ms] [LOG] Player X: 0.00 Y: 6.00 Z: 5.00 @ http://localhost:3000/_next/static/chunks/0-ynv9eqilv7x.js:0
[   34621ms] [LOG] Player X: 0.00 Y: 6.00 Z: 5.00 @ http://localhost:3000/_next/static/chunks/0-ynv9eqilv7x.js:0
[   34624ms] [LOG] Player X: 0.00 Y: 6.00 Z: 5.00 @ http://localhost:3000/_next/static/chunks/0-ynv9eqilv7x.js:0
[   34627ms] [LOG] Player X: 0.00 Y: 6.00 Z: 5.00 @ http://localhost:3000/_next/static/chunks/0-ynv9eqilv7x.js:0
[   34631ms] [LOG] Player X: 0.00 Y: 6.00 Z: 5.00 @ http://localhost:3000/_next/static/chunks/0-ynv9eqilv7x.js:0
[   34634ms] [LOG] Player X: 0.00 Y: 6.00 Z: 5.00 @ http://localhost:3000/_next/static/chunks/0-ynv9eqilv7x.js:0
[   34637ms] [LOG] Player X: 0.00 Y: 6.00 Z: 5.00 @ http://localhost:3000/_next/static/chunks/0-ynv9eqilv7x.js:0
[   34641ms] [LOG] Player X: 0.00 Y: 6.00 Z: 5.00 @ http://localhost:3000/_next/static/chunks/0-ynv9eqilv7x.js:0
[   34644ms] [LOG] Player X: 0.00 Y: 6.00 Z: 5.00 @ http://localhost:3000/_next/static/chunks/0-ynv9eqilv7x.js:0
[   34648ms] [LOG] Player X: 0.00 Y: 6.00 Z: 5.00 @ http://localhost:3000/_next/static/chunks/0-ynv9eqilv7x.js:0
[   34651ms] [LOG] Player X: 0.00 Y: 6.00 Z: 5.00 @ http://localhost:3000/_next/static/chunks/0-ynv9eqilv7x.js:0
[   34654ms] [LOG] Player X: 0.00 Y: 6.00 Z: 5.00 @ http://localhost:3000/_next/static/chunks/0-ynv9eqilv7x.js:0
[   34657ms] [LOG] Player X: 0.00 Y: 6.00 Z: 5.00 @ http://localhost:3000/_next/static/chunks/0-ynv9eqilv7x.js:0
[   34661ms] [LOG] Player X: 0.00 Y: 6.00 Z: 5.00 @ http://localhost:3000/_next/static/chunks/0-ynv9eqilv7x.js:0
[   34664ms] [LOG] Player X: 0.00 Y: 6.00 Z: 5.00 @ http://localhost:3000/_next/static/chunks/0-ynv9eqilv7x.js:0
[   34667ms] [LOG] Player X: 0.00 Y: 6.00 Z: 5.00 @ http://localhost:3000/_next/static/chunks/0-ynv9eqilv7x.js:0
[   34671ms] [LOG] Player X: 0.00 Y: 6.00 Z: 5.00 @ http://localhost:3000/_next/static/chunks/0-ynv9eqilv7x.js:0
[   34674ms] [LOG] Player X: 0.00 Y: 6.00 Z: 5.00 @ http://localhost:3000/_next/static/chunks/0-ynv9eqilv7x.js:0
[   34678ms] [LOG] Player X: 0.00 Y: 6.00 Z: 5.00 @ http://localhost:3000/_next/static/chunks/0-ynv9eqilv7x.js:0
[   34681ms] [LOG] Player X: 0.00 Y: 6.00 Z: 5.00 @ http://localhost:3000/_next/static/chunks/0-ynv9eqilv7x.js:0
[   34684ms] [LOG] Player X: 0.00 Y: 6.00 Z: 5.00 @ http://localhost:3000/_next/static/chunks/0-ynv9eqilv7x.js:0
[   34687ms] [LOG] Player X: 0.00 Y: 6.00 Z: 5.00 @ http://localhost:3000/_next/static/chunks/0-ynv9eqilv7x.js:0
[   34691ms] [LOG] Player X: 0.00 Y: 6.00 Z: 5.00 @ http://localhost:3000/_next/static/chunks/0-ynv9eqilv7x.js:0
[   34694ms] [LOG] Player X: 0.00 Y: 6.00 Z: 5.00 @ http://localhost:3000/_next/static/chunks/0-ynv9eqilv7x.js:0
[   34697ms] [LOG] Player X: 0.00 Y: 6.00 Z: 5.00 @ http://localhost:3000/_next/static/chunks/0-ynv9eqilv7x.js:0
[   34701ms] [LOG] Player X: 0.00 Y: 6.00 Z: 5.00 @ http://localhost:3000/_next/static/chunks/0-ynv9eqilv7x.js:0
[   34704ms] [LOG] Player X: 0.00 Y: 6.00 Z: 5.00 @ http://localhost:3000/_next/static/chunks/0-ynv9eqilv7x.js:0
[   34707ms] [LOG] Player X: 0.00 Y: 6.00 Z: 5.00 @ http://localhost:3000/_next/static/chunks/0-ynv9eqilv7x.js:0
[   34711ms] [LOG] Player X: 0.00 Y: 6.00 Z: 5.00 @ http://localhost:3000/_next/static/chunks/0-ynv9eqilv7x.js:0
[   34714ms] [LOG] Player X: 0.00 Y: 6.00 Z: 5.00 @ http://localhost:3000/_next/static/chunks/0-ynv9eqilv7x.js:0
[   34717ms] [LOG] Player X: 0.00 Y: 6.00 Z: 5.00 @ http://localhost:3000/_next/static/chunks/0-ynv9eqilv7x.js:0
[   34721ms] [LOG] Player X: 0.00 Y: 6.00 Z: 5.00 @ http://localhost:3000/_next/static/chunks/0-ynv9eqilv7x.js:0
[   34724ms] [LOG] Player X: 0.00 Y: 6.00 Z: 5.00 @ http://localhost:3000/_next/static/chunks/0-ynv9eqilv7x.js:0
[   34727ms] [LOG] Player X: 0.00 Y: 6.00 Z: 5.00 @ http://localhost:3000/_next/static/chunks/0-ynv9eqilv7x.js:0
[   34731ms] [LOG] Player X: 0.00 Y: 6.00 Z: 5.00 @ http://localhost:3000/_next/static/chunks/0-ynv9eqilv7x.js:0
[   34734ms] [LOG] Player X: 0.00 Y: 6.00 Z: 5.00 @ http://localhost:3000/_next/static/chunks/0-ynv9eqilv7x.js:0
[   34738ms] [LOG] Player X: 0.00 Y: 6.00 Z: 5.00 @ http://localhost:3000/_next/static/chunks/0-ynv9eqilv7x.js:0
[   34741ms] [LOG] Player X: 0.00 Y: 6.00 Z: 5.00 @ http://localhost:3000/_next/static/chunks/0-ynv9eqilv7x.js:0
[   34744ms] [LOG] Player X: 0.00 Y: 6.00 Z: 5.00 @ http://localhost:3000/_next/static/chunks/0-ynv9eqilv7x.js:0
[   34747ms] [LOG] Player X: 0.00 Y: 6.00 Z: 5.00 @ http://localhost:3000/_next/static/chunks/0-ynv9eqilv7x.js:0
[   34751ms] [LOG] Player X: 0.00 Y: 6.00 Z: 5.00 @ http://localhost:3000/_next/static/chunks/0-ynv9eqilv7x.js:0
[   34754ms] [LOG] Player X: 0.00 Y: 6.00 Z: 5.00 @ http://localhost:3000/_next/static/chunks/0-ynv9eqilv7x.js:0
[   34758ms] [LOG] Player X: 0.00 Y: 6.00 Z: 5.00 @ http://localhost:3000/_next/static/chunks/0-ynv9eqilv7x.js:0
[   34761ms] [LOG] Player X: 0.00 Y: 6.00 Z: 5.00 @ http://localhost:3000/_next/static/chunks/0-ynv9eqilv7x.js:0
[   34764ms] [LOG] Player X: 0.00 Y: 6.00 Z: 5.00 @ http://localhost:3000/_next/static/chunks/0-ynv9eqilv7x.js:0
[   34767ms] [LOG] Player X: 0.00 Y: 6.00 Z: 5.00 @ http://localhost:3000/_next/static/chunks/0-ynv9eqilv7x.js:0
[   34771ms] [LOG] Player X: 0.00 Y: 6.00 Z: 5.00 @ http://localhost:3000/_next/static/chunks/0-ynv9eqilv7x.js:0
[   34774ms] [LOG] Player X: 0.00 Y: 6.00 Z: 5.00 @ http://localhost:3000/_next/static/chunks/0-ynv9eqilv7x.js:0
[   34777ms] [LOG] Player X: 0.00 Y: 6.00 Z: 5.00 @ http://localhost:3000/_next/static/chunks/0-ynv9eqilv7x.js:0
[   34781ms] [LOG] Player X: 0.00 Y: 6.00 Z: 5.00 @ http://localhost:3000/_next/static/chunks/0-ynv9eqilv7x.js:0
[   34784ms] [LOG] Player X: 0.00 Y: 6.00 Z: 5.00 @ http://localhost:3000/_next/static/chunks/0-ynv9eqilv7x.js:0
[   34787ms] [LOG] Player X: 0.00 Y: 6.00 Z: 5.00 @ http://localhost:3000/_next/static/chunks/0-ynv9eqilv7x.js:0
[   34791ms] [LOG] Player X: 0.00 Y: 6.00 Z: 5.00 @ http://localhost:3000/_next/static/chunks/0-ynv9eqilv7x.js:0
[   34794ms] [LOG] Player X: 0.00 Y: 6.00 Z: 5.00 @ http://localhost:3000/_next/static/chunks/0-ynv9eqilv7x.js:0
[   34798ms] [LOG] Player X: 0.00 Y: 6.00 Z: 5.00 @ http://localhost:3000/_next/static/chunks/0-ynv9eqilv7x.js:0
[   34801ms] [LOG] Player X: 0.00 Y: 6.00 Z: 5.00 @ http://localhost:3000/_next/static/chunks/0-ynv9eqilv7x.js:0
[   34804ms] [LOG] Player X: 0.00 Y: 6.00 Z: 5.00 @ http://localhost:3000/_next/static/chunks/0-ynv9eqilv7x.js:0
[   34808ms] [LOG] Player X: 0.00 Y: 6.00 Z: 5.00 @ http://localhost:3000/_next/static/chunks/0-ynv9eqilv7x.js:0
[   34811ms] [LOG] Player X: 0.00 Y: 6.00 Z: 5.00 @ http://localhost:3000/_next/static/chunks/0-ynv9eqilv7x.js:0
[   34814ms] [LOG] Player X: 0.00 Y: 6.00 Z: 5.00 @ http://localhost:3000/_next/static/chunks/0-ynv9eqilv7x.js:0
[   34818ms] [LOG] Player X: 0.00 Y: 6.00 Z: 5.00 @ http://localhost:3000/_next/static/chunks/0-ynv9eqilv7x.js:0
[   34821ms] [LOG] Player X: 0.00 Y: 6.00 Z: 5.00 @ http://localhost:3000/_next/static/chunks/0-ynv9eqilv7x.js:0
[   34824ms] [LOG] Player X: 0.00 Y: 6.00 Z: 5.00 @ http://localhost:3000/_next/static/chunks/0-ynv9eqilv7x.js:0
[   34827ms] [LOG] Player X: 0.00 Y: 6.00 Z: 5.00 @ http://localhost:3000/_next/static/chunks/0-ynv9eqilv7x.js:0
[   34831ms] [LOG] Player X: 0.00 Y: 6.00 Z: 5.00 @ http://localhost:3000/_next/static/chunks/0-ynv9eqilv7x.js:0
[   34834ms] [LOG] Player X: 0.00 Y: 6.00 Z: 5.00 @ http://localhost:3000/_next/static/chunks/0-ynv9eqilv7x.js:0
[   34837ms] [LOG] Player X: 0.00 Y: 6.00 Z: 5.00 @ http://localhost:3000/_next/static/chunks/0-ynv9eqilv7x.js:0
[   34841ms] [LOG] Player X: 0.00 Y: 6.00 Z: 5.00 @ http://localhost:3000/_next/static/chunks/0-ynv9eqilv7x.js:0
[   34844ms] [LOG] Player X: 0.00 Y: 6.00 Z: 5.00 @ http://localhost:3000/_next/static/chunks/0-ynv9eqilv7x.js:0
[   34847ms] [LOG] Player X: 0.00 Y: 6.00 Z: 5.00 @ http://localhost:3000/_next/static/chunks/0-ynv9eqilv7x.js:0
[   34851ms] [LOG] Player X: 0.00 Y: 6.00 Z: 5.00 @ http://localhost:3000/_next/static/chunks/0-ynv9eqilv7x.js:0
[   34854ms] [LOG] Player X: 0.00 Y: 6.00 Z: 5.00 @ http://localhost:3000/_next/static/chunks/0-ynv9eqilv7x.js:0
[   34857ms] [LOG] Player X: 0.00 Y: 6.00 Z: 5.00 @ http://localhost:3000/_next/static/chunks/0-ynv9eqilv7x.js:0
[   34861ms] [LOG] Player X: 0.00 Y: 6.00 Z: 5.00 @ http://localhost:3000/_next/static/chunks/0-ynv9eqilv7x.js:0
[   34864ms] [LOG] Player X: 0.00 Y: 6.00 Z: 5.00 @ http://localhost:3000/_next/static/chunks/0-ynv9eqilv7x.js:0
[   34867ms] [LOG] Player X: 0.00 Y: 6.00 Z: 5.00 @ http://localhost:3000/_next/static/chunks/0-ynv9eqilv7x.js:0
[   34871ms] [LOG] Player X: 0.00 Y: 6.00 Z: 5.00 @ http://localhost:3000/_next/static/chunks/0-ynv9eqilv7x.js:0
[   34874ms] [LOG] Player X: 0.00 Y: 6.00 Z: 5.00 @ http://localhost:3000/_next/static/chunks/0-ynv9eqilv7x.js:0
[   34878ms] [LOG] Player X: 0.00 Y: 6.00 Z: 5.00 @ http://localhost:3000/_next/static/chunks/0-ynv9eqilv7x.js:0
[   34881ms] [LOG] Player X: 0.00 Y: 6.00 Z: 5.00 @ http://localhost:3000/_next/static/chunks/0-ynv9eqilv7x.js:0
[   34884ms] [LOG] Player X: 0.00 Y: 6.00 Z: 5.00 @ http://localhost:3000/_next/static/chunks/0-ynv9eqilv7x.js:0
[   34887ms] [LOG] Player X: 0.00 Y: 6.00 Z: 5.00 @ http://localhost:3000/_next/static/chunks/0-ynv9eqilv7x.js:0
[   34891ms] [LOG] Player X: 0.00 Y: 6.00 Z: 5.00 @ http://localhost:3000/_next/static/chunks/0-ynv9eqilv7x.js:0
[   34894ms] [LOG] Player X: 0.00 Y: 6.00 Z: 5.00 @ http://localhost:3000/_next/static/chunks/0-ynv9eqilv7x.js:0
[   34897ms] [LOG] Player X: 0.00 Y: 6.00 Z: 5.00 @ http://localhost:3000/_next/static/chunks/0-ynv9eqilv7x.js:0
[   34901ms] [LOG] Player X: 0.00 Y: 6.00 Z: 5.00 @ http://localhost:3000/_next/static/chunks/0-ynv9eqilv7x.js:0
[   34904ms] [LOG] Player X: 0.00 Y: 6.00 Z: 5.00 @ http://localhost:3000/_next/static/chunks/0-ynv9eqilv7x.js:0
[   34908ms] [LOG] Player X: 0.00 Y: 6.00 Z: 5.00 @ http://localhost:3000/_next/static/chunks/0-ynv9eqilv7x.js:0
[   34911ms] [LOG] Player X: 0.00 Y: 6.00 Z: 5.00 @ http://localhost:3000/_next/static/chunks/0-ynv9eqilv7x.js:0
[   34914ms] [LOG] Player X: 0.00 Y: 6.00 Z: 5.00 @ http://localhost:3000/_next/static/chunks/0-ynv9eqilv7x.js:0
[   34917ms] [LOG] Player X: 0.00 Y: 6.00 Z: 5.00 @ http://localhost:3000/_next/static/chunks/0-ynv9eqilv7x.js:0
[   34921ms] [LOG] Player X: 0.00 Y: 6.00 Z: 5.00 @ http://localhost:3000/_next/static/chunks/0-ynv9eqilv7x.js:0
[   34924ms] [LOG] Player X: 0.00 Y: 6.00 Z: 5.00 @ http://localhost:3000/_next/static/chunks/0-ynv9eqilv7x.js:0
[   34927ms] [LOG] Player X: 0.00 Y: 6.00 Z: 5.00 @ http://localhost:3000/_next/static/chunks/0-ynv9eqilv7x.js:0
[   34931ms] [LOG] Player X: 0.00 Y: 6.00 Z: 5.00 @ http://localhost:3000/_next/static/chunks/0-ynv9eqilv7x.js:0
[   34934ms] [LOG] Player X: 0.00 Y: 6.00 Z: 5.00 @ http://localhost:3000/_next/static/chunks/0-ynv9eqilv7x.js:0
[   34937ms] [LOG] Player X: 0.00 Y: 6.00 Z: 5.00 @ http://localhost:3000/_next/static/chunks/0-ynv9eqilv7x.js:0
[   34941ms] [LOG] Player X: 0.00 Y: 6.00 Z: 5.00 @ http://localhost:3000/_next/static/chunks/0-ynv9eqilv7x.js:0
[   34944ms] [LOG] Player X: 0.00 Y: 6.00 Z: 5.00 @ http://localhost:3000/_next/static/chunks/0-ynv9eqilv7x.js:0
[   34948ms] [LOG] Player X: 0.00 Y: 6.00 Z: 5.00 @ http://localhost:3000/_next/static/chunks/0-ynv9eqilv7x.js:0
[   34951ms] [LOG] Player X: 0.00 Y: 6.00 Z: 5.00 @ http://localhost:3000/_next/static/chunks/0-ynv9eqilv7x.js:0
[   34954ms] [LOG] Player X: 0.00 Y: 6.00 Z: 5.00 @ http://localhost:3000/_next/static/chunks/0-ynv9eqilv7x.js:0
[   34958ms] [LOG] Player X: 0.00 Y: 6.00 Z: 5.00 @ http://localhost:3000/_next/static/chunks/0-ynv9eqilv7x.js:0
[   34961ms] [LOG] Player X: 0.00 Y: 6.00 Z: 5.00 @ http://localhost:3000/_next/static/chunks/0-ynv9eqilv7x.js:0
[   34964ms] [LOG] Player X: 0.00 Y: 6.00 Z: 5.00 @ http://localhost:3000/_next/static/chunks/0-ynv9eqilv7x.js:0
[   34967ms] [LOG] Player X: 0.00 Y: 6.00 Z: 5.00 @ http://localhost:3000/_next/static/chunks/0-ynv9eqilv7x.js:0
[   34971ms] [LOG] Player X: 0.00 Y: 6.00 Z: 5.00 @ http://localhost:3000/_next/static/chunks/0-ynv9eqilv7x.js:0
[   34974ms] [LOG] Player X: 0.00 Y: 6.00 Z: 5.00 @ http://localhost:3000/_next/static/chunks/0-ynv9eqilv7x.js:0
[   34977ms] [LOG] Player X: 0.00 Y: 6.00 Z: 5.00 @ http://localhost:3000/_next/static/chunks/0-ynv9eqilv7x.js:0
[   34981ms] [LOG] Player X: 0.00 Y: 6.00 Z: 5.00 @ http://localhost:3000/_next/static/chunks/0-ynv9eqilv7x.js:0
[   34984ms] [LOG] Player X: 0.00 Y: 6.00 Z: 5.00 @ http://localhost:3000/_next/static/chunks/0-ynv9eqilv7x.js:0
[   34987ms] [LOG] Player X: 0.00 Y: 6.00 Z: 5.00 @ http://localhost:3000/_next/static/chunks/0-ynv9eqilv7x.js:0
[   34991ms] [LOG] Player X: 0.00 Y: 6.00 Z: 5.00 @ http://localhost:3000/_next/static/chunks/0-ynv9eqilv7x.js:0
[   34994ms] [LOG] Player X: 0.00 Y: 6.00 Z: 5.00 @ http://localhost:3000/_next/static/chunks/0-ynv9eqilv7x.js:0
[   34997ms] [LOG] Player X: 0.00 Y: 6.00 Z: 5.00 @ http://localhost:3000/_next/static/chunks/0-ynv9eqilv7x.js:0
[   35001ms] [LOG] Player X: 0.00 Y: 6.00 Z: 5.00 @ http://localhost:3000/_next/static/chunks/0-ynv9eqilv7x.js:0
[   35004ms] [LOG] Player X: 0.00 Y: 6.00 Z: 5.00 @ http://localhost:3000/_next/static/chunks/0-ynv9eqilv7x.js:0
[   35007ms] [LOG] Player X: 0.00 Y: 6.00 Z: 5.00 @ http://localhost:3000/_next/static/chunks/0-ynv9eqilv7x.js:0
[   35011ms] [LOG] Player X: 0.00 Y: 6.00 Z: 5.00 @ http://localhost:3000/_next/static/chunks/0-ynv9eqilv7x.js:0
[   35014ms] [LOG] Player X: 0.00 Y: 6.00 Z: 5.00 @ http://localhost:3000/_next/static/chunks/0-ynv9eqilv7x.js:0
[   35018ms] [LOG] Player X: 0.00 Y: 6.00 Z: 5.00 @ http://localhost:3000/_next/static/chunks/0-ynv9eqilv7x.js:0
[   35021ms] [LOG] Player X: 0.00 Y: 6.00 Z: 5.00 @ http://localhost:3000/_next/static/chunks/0-ynv9eqilv7x.js:0
[   35024ms] [LOG] Player X: 0.00 Y: 6.00 Z: 5.00 @ http://localhost:3000/_next/static/chunks/0-ynv9eqilv7x.js:0
[   35028ms] [LOG] Player X: 0.00 Y: 6.00 Z: 5.00 @ http://localhost:3000/_next/static/chunks/0-ynv9eqilv7x.js:0
[   35031ms] [LOG] Player X: 0.00 Y: 6.00 Z: 5.00 @ http://localhost:3000/_next/static/chunks/0-ynv9eqilv7x.js:0
[   35034ms] [LOG] Player X: 0.00 Y: 6.00 Z: 5.00 @ http://localhost:3000/_next/static/chunks/0-ynv9eqilv7x.js:0
[   35038ms] [LOG] Player X: 0.00 Y: 6.00 Z: 5.00 @ http://localhost:3000/_next/static/chunks/0-ynv9eqilv7x.js:0
[   35041ms] [LOG] Player X: 0.00 Y: 6.00 Z: 5.00 @ http://localhost:3000/_next/static/chunks/0-ynv9eqilv7x.js:0
[   35044ms] [LOG] Player X: 0.00 Y: 6.00 Z: 5.00 @ http://localhost:3000/_next/static/chunks/0-ynv9eqilv7x.js:0
[   35048ms] [LOG] Player X: 0.00 Y: 6.00 Z: 5.00 @ http://localhost:3000/_next/static/chunks/0-ynv9eqilv7x.js:0
[   35051ms] [LOG] Player X: 0.00 Y: 6.00 Z: 5.00 @ http://localhost:3000/_next/static/chunks/0-ynv9eqilv7x.js:0
[   35054ms] [LOG] Player X: 0.00 Y: 6.00 Z: 5.00 @ http://localhost:3000/_next/static/chunks/0-ynv9eqilv7x.js:0
[   35058ms] [LOG] Player X: 0.00 Y: 6.00 Z: 5.00 @ http://localhost:3000/_next/static/chunks/0-ynv9eqilv7x.js:0
[   35061ms] [LOG] Player X: 0.00 Y: 6.00 Z: 5.00 @ http://localhost:3000/_next/static/chunks/0-ynv9eqilv7x.js:0
[   35064ms] [LOG] Player X: 0.00 Y: 6.00 Z: 5.00 @ http://localhost:3000/_next/static/chunks/0-ynv9eqilv7x.js:0
[   35068ms] [LOG] Player X: 0.00 Y: 6.00 Z: 5.00 @ http://localhost:3000/_next/static/chunks/0-ynv9eqilv7x.js:0
[   35071ms] [LOG] Player X: 0.00 Y: 6.00 Z: 5.00 @ http://localhost:3000/_next/static/chunks/0-ynv9eqilv7x.js:0
[   35074ms] [LOG] Player X: 0.00 Y: 6.00 Z: 5.00 @ http://localhost:3000/_next/static/chunks/0-ynv9eqilv7x.js:0
[   35078ms] [LOG] Player X: 0.00 Y: 6.00 Z: 5.00 @ http://localhost:3000/_next/static/chunks/0-ynv9eqilv7x.js:0
[   35081ms] [LOG] Player X: 0.00 Y: 6.00 Z: 5.00 @ http://localhost:3000/_next/static/chunks/0-ynv9eqilv7x.js:0
[   35084ms] [LOG] Player X: 0.00 Y: 6.00 Z: 5.00 @ http://localhost:3000/_next/static/chunks/0-ynv9eqilv7x.js:0
[   35088ms] [LOG] Player X: 0.00 Y: 6.00 Z: 5.00 @ http://localhost:3000/_next/static/chunks/0-ynv9eqilv7x.js:0
[   35091ms] [LOG] Player X: 0.00 Y: 6.00 Z: 5.00 @ http://localhost:3000/_next/static/chunks/0-ynv9eqilv7x.js:0
[   35094ms] [LOG] Player X: 0.00 Y: 6.00 Z: 5.00 @ http://localhost:3000/_next/static/chunks/0-ynv9eqilv7x.js:0
[   35098ms] [LOG] Player X: 0.00 Y: 6.00 Z: 5.00 @ http://localhost:3000/_next/static/chunks/0-ynv9eqilv7x.js:0
[   35101ms] [LOG] Player X: 0.00 Y: 6.00 Z: 5.00 @ http://localhost:3000/_next/static/chunks/0-ynv9eqilv7x.js:0
[   35104ms] [LOG] Player X: 0.00 Y: 6.00 Z: 5.00 @ http://localhost:3000/_next/static/chunks/0-ynv9eqilv7x.js:0
[   35108ms] [LOG] Player X: 0.00 Y: 6.00 Z: 5.00 @ http://localhost:3000/_next/static/chunks/0-ynv9eqilv7x.js:0
[   35111ms] [LOG] Player X: 0.00 Y: 6.00 Z: 5.00 @ http://localhost:3000/_next/static/chunks/0-ynv9eqilv7x.js:0
[   35114ms] [LOG] Player X: 0.00 Y: 6.00 Z: 5.00 @ http://localhost:3000/_next/static/chunks/0-ynv9eqilv7x.js:0
[   35118ms] [LOG] Player X: 0.00 Y: 6.00 Z: 5.00 @ http://localhost:3000/_next/static/chunks/0-ynv9eqilv7x.js:0
[   35121ms] [LOG] Player X: 0.00 Y: 6.00 Z: 5.00 @ http://localhost:3000/_next/static/chunks/0-ynv9eqilv7x.js:0
[   35124ms] [LOG] Player X: 0.00 Y: 6.00 Z: 5.00 @ http://localhost:3000/_next/static/chunks/0-ynv9eqilv7x.js:0
[   35128ms] [LOG] Player X: 0.00 Y: 6.00 Z: 5.00 @ http://localhost:3000/_next/static/chunks/0-ynv9eqilv7x.js:0
[   35131ms] [LOG] Player X: 0.00 Y: 6.00 Z: 5.00 @ http://localhost:3000/_next/static/chunks/0-ynv9eqilv7x.js:0
[   35134ms] [LOG] Player X: 0.00 Y: 6.00 Z: 5.00 @ http://localhost:3000/_next/static/chunks/0-ynv9eqilv7x.js:0
[   35138ms] [LOG] Player X: 0.00 Y: 6.00 Z: 5.00 @ http://localhost:3000/_next/static/chunks/0-ynv9eqilv7x.js:0
[   35141ms] [LOG] Player X: 0.00 Y: 6.00 Z: 5.00 @ http://localhost:3000/_next/static/chunks/0-ynv9eqilv7x.js:0
[   35144ms] [LOG] Player X: 0.00 Y: 6.00 Z: 5.00 @ http://localhost:3000/_next/static/chunks/0-ynv9eqilv7x.js:0
[   35148ms] [LOG] Player X: 0.00 Y: 6.00 Z: 5.00 @ http://localhost:3000/_next/static/chunks/0-ynv9eqilv7x.js:0
[   35151ms] [LOG] Player X: 0.00 Y: 6.00 Z: 5.00 @ http://localhost:3000/_next/static/chunks/0-ynv9eqilv7x.js:0
[   35154ms] [LOG] Player X: 0.00 Y: 6.00 Z: 5.00 @ http://localhost:3000/_next/static/chunks/0-ynv9eqilv7x.js:0
[   35158ms] [LOG] Player X: 0.00 Y: 6.00 Z: 5.00 @ http://localhost:3000/_next/static/chunks/0-ynv9eqilv7x.js:0
[   35161ms] [LOG] Player X: 0.00 Y: 6.00 Z: 5.00 @ http://localhost:3000/_next/static/chunks/0-ynv9eqilv7x.js:0
[   35164ms] [LOG] Player X: 0.00 Y: 6.00 Z: 5.00 @ http://localhost:3000/_next/static/chunks/0-ynv9eqilv7x.js:0
[   35168ms] [LOG] Player X: 0.00 Y: 6.00 Z: 5.00 @ http://localhost:3000/_next/static/chunks/0-ynv9eqilv7x.js:0
[   35171ms] [LOG] Player X: 0.00 Y: 6.00 Z: 5.00 @ http://localhost:3000/_next/static/chunks/0-ynv9eqilv7x.js:0
[   35174ms] [LOG] Player X: 0.00 Y: 6.00 Z: 5.00 @ http://localhost:3000/_next/static/chunks/0-ynv9eqilv7x.js:0
[   35178ms] [LOG] Player X: 0.00 Y: 6.00 Z: 5.00 @ http://localhost:3000/_next/static/chunks/0-ynv9eqilv7x.js:0
[   35181ms] [LOG] Player X: 0.00 Y: 6.00 Z: 5.00 @ http://localhost:3000/_next/static/chunks/0-ynv9eqilv7x.js:0
[   35184ms] [LOG] Player X: 0.00 Y: 6.00 Z: 5.00 @ http://localhost:3000/_next/static/chunks/0-ynv9eqilv7x.js:0
[   35188ms] [LOG] Player X: 0.00 Y: 6.00 Z: 5.00 @ http://localhost:3000/_next/static/chunks/0-ynv9eqilv7x.js:0
[   35191ms] [LOG] Player X: 0.00 Y: 6.00 Z: 5.00 @ http://localhost:3000/_next/static/chunks/0-ynv9eqilv7x.js:0
[   35194ms] [LOG] Player X: 0.00 Y: 6.00 Z: 5.00 @ http://localhost:3000/_next/static/chunks/0-ynv9eqilv7x.js:0
[   35198ms] [LOG] Player X: 0.00 Y: 6.00 Z: 5.00 @ http://localhost:3000/_next/static/chunks/0-ynv9eqilv7x.js:0
[   35201ms] [LOG] Player X: 0.00 Y: 6.00 Z: 5.00 @ http://localhost:3000/_next/static/chunks/0-ynv9eqilv7x.js:0
[   35204ms] [LOG] Player X: 0.00 Y: 6.00 Z: 5.00 @ http://localhost:3000/_next/static/chunks/0-ynv9eqilv7x.js:0
[   35208ms] [LOG] Player X: 0.00 Y: 6.00 Z: 5.00 @ http://localhost:3000/_next/static/chunks/0-ynv9eqilv7x.js:0
[   35211ms] [LOG] Player X: 0.00 Y: 6.00 Z: 5.00 @ http://localhost:3000/_next/static/chunks/0-ynv9eqilv7x.js:0
[   35214ms] [LOG] Player X: 0.00 Y: 6.00 Z: 5.00 @ http://localhost:3000/_next/static/chunks/0-ynv9eqilv7x.js:0
[   35218ms] [LOG] Player X: 0.00 Y: 6.00 Z: 5.00 @ http://localhost:3000/_next/static/chunks/0-ynv9eqilv7x.js:0
[   35221ms] [LOG] Player X: 0.00 Y: 6.00 Z: 5.00 @ http://localhost:3000/_next/static/chunks/0-ynv9eqilv7x.js:0
[   35224ms] [LOG] Player X: 0.00 Y: 6.00 Z: 5.00 @ http://localhost:3000/_next/static/chunks/0-ynv9eqilv7x.js:0
[   35228ms] [LOG] Player X: 0.00 Y: 6.00 Z: 5.00 @ http://localhost:3000/_next/static/chunks/0-ynv9eqilv7x.js:0
[   35231ms] [LOG] Player X: 0.00 Y: 6.00 Z: 5.00 @ http://localhost:3000/_next/static/chunks/0-ynv9eqilv7x.js:0
[   35234ms] [LOG] Player X: 0.00 Y: 6.00 Z: 5.00 @ http://localhost:3000/_next/static/chunks/0-ynv9eqilv7x.js:0
[   35238ms] [LOG] Player X: 0.00 Y: 6.00 Z: 5.00 @ http://localhost:3000/_next/static/chunks/0-ynv9eqilv7x.js:0
[   35241ms] [LOG] Player X: 0.00 Y: 6.00 Z: 5.00 @ http://localhost:3000/_next/static/chunks/0-ynv9eqilv7x.js:0
[   35244ms] [LOG] Player X: 0.00 Y: 6.00 Z: 5.00 @ http://localhost:3000/_next/static/chunks/0-ynv9eqilv7x.js:0
[   35248ms] [LOG] Player X: 0.00 Y: 6.00 Z: 5.00 @ http://localhost:3000/_next/static/chunks/0-ynv9eqilv7x.js:0
[   35251ms] [LOG] Player X: 0.00 Y: 6.00 Z: 5.00 @ http://localhost:3000/_next/static/chunks/0-ynv9eqilv7x.js:0
[   35254ms] [LOG] Player X: 0.00 Y: 6.00 Z: 5.00 @ http://localhost:3000/_next/static/chunks/0-ynv9eqilv7x.js:0
[   35258ms] [LOG] Player X: 0.00 Y: 6.00 Z: 5.00 @ http://localhost:3000/_next/static/chunks/0-ynv9eqilv7x.js:0
[   35261ms] [LOG] Player X: 0.00 Y: 6.00 Z: 5.00 @ http://localhost:3000/_next/static/chunks/0-ynv9eqilv7x.js:0
[   35264ms] [LOG] Player X: 0.00 Y: 6.00 Z: 5.00 @ http://localhost:3000/_next/static/chunks/0-ynv9eqilv7x.js:0
[   35268ms] [LOG] Player X: 0.00 Y: 6.00 Z: 5.00 @ http://localhost:3000/_next/static/chunks/0-ynv9eqilv7x.js:0
[   35271ms] [LOG] Player X: 0.00 Y: 6.00 Z: 5.00 @ http://localhost:3000/_next/static/chunks/0-ynv9eqilv7x.js:0
[   35274ms] [LOG] Player X: 0.00 Y: 6.00 Z: 5.00 @ http://localhost:3000/_next/static/chunks/0-ynv9eqilv7x.js:0
[   35278ms] [LOG] Player X: 0.00 Y: 6.00 Z: 5.00 @ http://localhost:3000/_next/static/chunks/0-ynv9eqilv7x.js:0
[   35281ms] [LOG] Player X: 0.00 Y: 6.00 Z: 5.00 @ http://localhost:3000/_next/static/chunks/0-ynv9eqilv7x.js:0
[   35284ms] [LOG] Player X: 0.00 Y: 6.00 Z: 5.00 @ http://localhost:3000/_next/static/chunks/0-ynv9eqilv7x.js:0
[   35288ms] [LOG] Player X: 0.00 Y: 6.00 Z: 5.00 @ http://localhost:3000/_next/static/chunks/0-ynv9eqilv7x.js:0
[   35291ms] [LOG] Player X: 0.00 Y: 6.00 Z: 5.00 @ http://localhost:3000/_next/static/chunks/0-ynv9eqilv7x.js:0
[   35294ms] [LOG] Player X: 0.00 Y: 6.00 Z: 5.00 @ http://localhost:3000/_next/static/chunks/0-ynv9eqilv7x.js:0
[   35298ms] [LOG] Player X: 0.00 Y: 6.00 Z: 5.00 @ http://localhost:3000/_next/static/chunks/0-ynv9eqilv7x.js:0
[   35301ms] [LOG] Player X: 0.00 Y: 6.00 Z: 5.00 @ http://localhost:3000/_next/static/chunks/0-ynv9eqilv7x.js:0
[   35304ms] [LOG] Player X: 0.00 Y: 6.00 Z: 5.00 @ http://localhost:3000/_next/static/chunks/0-ynv9eqilv7x.js:0
[   35308ms] [LOG] Player X: 0.00 Y: 6.00 Z: 5.00 @ http://localhost:3000/_next/static/chunks/0-ynv9eqilv7x.js:0
[   35311ms] [LOG] Player X: 0.00 Y: 6.00 Z: 5.00 @ http://localhost:3000/_next/static/chunks/0-ynv9eqilv7x.js:0
[   35314ms] [LOG] Player X: 0.00 Y: 6.00 Z: 5.00 @ http://localhost:3000/_next/static/chunks/0-ynv9eqilv7x.js:0
[   35317ms] [LOG] Player X: 0.00 Y: 6.00 Z: 5.00 @ http://localhost:3000/_next/static/chunks/0-ynv9eqilv7x.js:0
[   35321ms] [LOG] Player X: 0.00 Y: 6.00 Z: 5.00 @ http://localhost:3000/_next/static/chunks/0-ynv9eqilv7x.js:0
[   35324ms] [LOG] Player X: 0.00 Y: 6.00 Z: 5.00 @ http://localhost:3000/_next/static/chunks/0-ynv9eqilv7x.js:0
[   35327ms] [LOG] Player X: 0.00 Y: 6.00 Z: 5.00 @ http://localhost:3000/_next/static/chunks/0-ynv9eqilv7x.js:0
[   35331ms] [LOG] Player X: 0.00 Y: 6.00 Z: 5.00 @ http://localhost:3000/_next/static/chunks/0-ynv9eqilv7x.js:0
[   35334ms] [LOG] Player X: 0.00 Y: 6.00 Z: 5.00 @ http://localhost:3000/_next/static/chunks/0-ynv9eqilv7x.js:0
[   35337ms] [LOG] Player X: 0.00 Y: 6.00 Z: 5.00 @ http://localhost:3000/_next/static/chunks/0-ynv9eqilv7x.js:0
[   35341ms] [LOG] Player X: 0.00 Y: 6.00 Z: 5.00 @ http://localhost:3000/_next/static/chunks/0-ynv9eqilv7x.js:0
[   35344ms] [LOG] Player X: 0.00 Y: 6.00 Z: 5.00 @ http://localhost:3000/_next/static/chunks/0-ynv9eqilv7x.js:0
[   35347ms] [LOG] Player X: 0.00 Y: 6.00 Z: 5.00 @ http://localhost:3000/_next/static/chunks/0-ynv9eqilv7x.js:0
[   35351ms] [LOG] Player X: 0.00 Y: 6.00 Z: 5.00 @ http://localhost:3000/_next/static/chunks/0-ynv9eqilv7x.js:0
[   35354ms] [LOG] Player X: 0.00 Y: 6.00 Z: 5.00 @ http://localhost:3000/_next/static/chunks/0-ynv9eqilv7x.js:0
[   35357ms] [LOG] Player X: 0.00 Y: 6.00 Z: 5.00 @ http://localhost:3000/_next/static/chunks/0-ynv9eqilv7x.js:0
[   35361ms] [LOG] Player X: 0.00 Y: 6.00 Z: 5.00 @ http://localhost:3000/_next/static/chunks/0-ynv9eqilv7x.js:0
[   35364ms] [LOG] Player X: 0.00 Y: 6.00 Z: 5.00 @ http://localhost:3000/_next/static/chunks/0-ynv9eqilv7x.js:0
[   35368ms] [LOG] Player X: 0.00 Y: 6.00 Z: 5.00 @ http://localhost:3000/_next/static/chunks/0-ynv9eqilv7x.js:0
[   35371ms] [LOG] Player X: 0.00 Y: 6.00 Z: 5.00 @ http://localhost:3000/_next/static/chunks/0-ynv9eqilv7x.js:0
[   35374ms] [LOG] Player X: 0.00 Y: 6.00 Z: 5.00 @ http://localhost:3000/_next/static/chunks/0-ynv9eqilv7x.js:0
[   35377ms] [LOG] Player X: 0.00 Y: 6.00 Z: 5.00 @ http://localhost:3000/_next/static/chunks/0-ynv9eqilv7x.js:0
[   35381ms] [LOG] Player X: 0.00 Y: 6.00 Z: 5.00 @ http://localhost:3000/_next/static/chunks/0-ynv9eqilv7x.js:0
[   35384ms] [LOG] Player X: 0.00 Y: 6.00 Z: 5.00 @ http://localhost:3000/_next/static/chunks/0-ynv9eqilv7x.js:0
[   35387ms] [LOG] Player X: 0.00 Y: 6.00 Z: 5.00 @ http://localhost:3000/_next/static/chunks/0-ynv9eqilv7x.js:0
[   35391ms] [LOG] Player X: 0.00 Y: 6.00 Z: 5.00 @ http://localhost:3000/_next/static/chunks/0-ynv9eqilv7x.js:0
[   35394ms] [LOG] Player X: 0.00 Y: 6.00 Z: 5.00 @ http://localhost:3000/_next/static/chunks/0-ynv9eqilv7x.js:0
[   35397ms] [LOG] Player X: 0.00 Y: 6.00 Z: 5.00 @ http://localhost:3000/_next/static/chunks/0-ynv9eqilv7x.js:0
[   35401ms] [LOG] Player X: 0.00 Y: 6.00 Z: 5.00 @ http://localhost:3000/_next/static/chunks/0-ynv9eqilv7x.js:0
[   35404ms] [LOG] Player X: 0.00 Y: 6.00 Z: 5.00 @ http://localhost:3000/_next/static/chunks/0-ynv9eqilv7x.js:0
[   35407ms] [LOG] Player X: 0.00 Y: 6.00 Z: 5.00 @ http://localhost:3000/_next/static/chunks/0-ynv9eqilv7x.js:0
[   35411ms] [LOG] Player X: 0.00 Y: 6.00 Z: 5.00 @ http://localhost:3000/_next/static/chunks/0-ynv9eqilv7x.js:0
[   35414ms] [LOG] Player X: 0.00 Y: 6.00 Z: 5.00 @ http://localhost:3000/_next/static/chunks/0-ynv9eqilv7x.js:0
[   35417ms] [LOG] Player X: 0.00 Y: 6.00 Z: 5.00 @ http://localhost:3000/_next/static/chunks/0-ynv9eqilv7x.js:0
[   35421ms] [LOG] Player X: 0.00 Y: 6.00 Z: 5.00 @ http://localhost:3000/_next/static/chunks/0-ynv9eqilv7x.js:0
[   35424ms] [LOG] Player X: 0.00 Y: 6.00 Z: 5.00 @ http://localhost:3000/_next/static/chunks/0-ynv9eqilv7x.js:0
[   35427ms] [LOG] Player X: 0.00 Y: 6.00 Z: 5.00 @ http://localhost:3000/_next/static/chunks/0-ynv9eqilv7x.js:0
[   35431ms] [LOG] Player X: 0.00 Y: 6.00 Z: 5.00 @ http://localhost:3000/_next/static/chunks/0-ynv9eqilv7x.js:0
[   35434ms] [LOG] Player X: 0.00 Y: 6.00 Z: 5.00 @ http://localhost:3000/_next/static/chunks/0-ynv9eqilv7x.js:0
[   35437ms] [LOG] Player X: 0.00 Y: 6.00 Z: 5.00 @ http://localhost:3000/_next/static/chunks/0-ynv9eqilv7x.js:0
[   35441ms] [LOG] Player X: 0.00 Y: 6.00 Z: 5.00 @ http://localhost:3000/_next/static/chunks/0-ynv9eqilv7x.js:0
[   35444ms] [LOG] Player X: 0.00 Y: 6.00 Z: 5.00 @ http://localhost:3000/_next/static/chunks/0-ynv9eqilv7x.js:0
[   35447ms] [LOG] Player X: 0.00 Y: 6.00 Z: 5.00 @ http://localhost:3000/_next/static/chunks/0-ynv9eqilv7x.js:0
[   35451ms] [LOG] Player X: 0.00 Y: 6.00 Z: 5.00 @ http://localhost:3000/_next/static/chunks/0-ynv9eqilv7x.js:0
[   35454ms] [LOG] Player X: 0.00 Y: 6.00 Z: 5.00 @ http://localhost:3000/_next/static/chunks/0-ynv9eqilv7x.js:0
[   35457ms] [LOG] Player X: 0.00 Y: 6.00 Z: 5.00 @ http://localhost:3000/_next/static/chunks/0-ynv9eqilv7x.js:0
[   35461ms] [LOG] Player X: 0.00 Y: 6.00 Z: 5.00 @ http://localhost:3000/_next/static/chunks/0-ynv9eqilv7x.js:0
[   35464ms] [LOG] Player X: 0.00 Y: 6.00 Z: 5.00 @ http://localhost:3000/_next/static/chunks/0-ynv9eqilv7x.js:0
[   35467ms] [LOG] Player X: 0.00 Y: 6.00 Z: 5.00 @ http://localhost:3000/_next/static/chunks/0-ynv9eqilv7x.js:0
[   35471ms] [LOG] Player X: 0.00 Y: 6.00 Z: 5.00 @ http://localhost:3000/_next/static/chunks/0-ynv9eqilv7x.js:0
[   35474ms] [LOG] Player X: 0.00 Y: 6.00 Z: 5.00 @ http://localhost:3000/_next/static/chunks/0-ynv9eqilv7x.js:0
[   35477ms] [LOG] Player X: 0.00 Y: 6.00 Z: 5.00 @ http://localhost:3000/_next/static/chunks/0-ynv9eqilv7x.js:0
[   35481ms] [LOG] Player X: 0.00 Y: 6.00 Z: 5.00 @ http://localhost:3000/_next/static/chunks/0-ynv9eqilv7x.js:0
[   35484ms] [LOG] Player X: 0.00 Y: 6.00 Z: 5.00 @ http://localhost:3000/_next/static/chunks/0-ynv9eqilv7x.js:0
[   35487ms] [LOG] Player X: 0.00 Y: 6.00 Z: 5.00 @ http://localhost:3000/_next/static/chunks/0-ynv9eqilv7x.js:0
[   35491ms] [LOG] Player X: 0.00 Y: 6.00 Z: 5.00 @ http://localhost:3000/_next/static/chunks/0-ynv9eqilv7x.js:0
[   35494ms] [LOG] Player X: 0.00 Y: 6.00 Z: 5.00 @ http://localhost:3000/_next/static/chunks/0-ynv9eqilv7x.js:0
[   35497ms] [LOG] Player X: 0.00 Y: 6.00 Z: 5.00 @ http://localhost:3000/_next/static/chunks/0-ynv9eqilv7x.js:0
[   35501ms] [LOG] Player X: 0.00 Y: 6.00 Z: 5.00 @ http://localhost:3000/_next/static/chunks/0-ynv9eqilv7x.js:0
[   35504ms] [LOG] Player X: 0.00 Y: 6.00 Z: 5.00 @ http://localhost:3000/_next/static/chunks/0-ynv9eqilv7x.js:0
[   35508ms] [LOG] Player X: 0.00 Y: 6.00 Z: 5.00 @ http://localhost:3000/_next/static/chunks/0-ynv9eqilv7x.js:0
[   35511ms] [LOG] Player X: 0.00 Y: 6.00 Z: 5.00 @ http://localhost:3000/_next/static/chunks/0-ynv9eqilv7x.js:0
[   35514ms] [LOG] Player X: 0.00 Y: 6.00 Z: 5.00 @ http://localhost:3000/_next/static/chunks/0-ynv9eqilv7x.js:0
[   35518ms] [LOG] Player X: 0.00 Y: 6.00 Z: 5.00 @ http://localhost:3000/_next/static/chunks/0-ynv9eqilv7x.js:0
[   35521ms] [LOG] Player X: 0.00 Y: 6.00 Z: 5.00 @ http://localhost:3000/_next/static/chunks/0-ynv9eqilv7x.js:0
[   35524ms] [LOG] Player X: 0.00 Y: 6.00 Z: 5.00 @ http://localhost:3000/_next/static/chunks/0-ynv9eqilv7x.js:0
[   35527ms] [LOG] Player X: 0.00 Y: 6.00 Z: 5.00 @ http://localhost:3000/_next/static/chunks/0-ynv9eqilv7x.js:0
[   35531ms] [LOG] Player X: 0.00 Y: 6.00 Z: 5.00 @ http://localhost:3000/_next/static/chunks/0-ynv9eqilv7x.js:0
[   35534ms] [LOG] Player X: 0.00 Y: 6.00 Z: 5.00 @ http://localhost:3000/_next/static/chunks/0-ynv9eqilv7x.js:0
[   35537ms] [LOG] Player X: 0.00 Y: 6.00 Z: 5.00 @ http://localhost:3000/_next/static/chunks/0-ynv9eqilv7x.js:0
[   35541ms] [LOG] Player X: 0.00 Y: 6.00 Z: 5.00 @ http://localhost:3000/_next/static/chunks/0-ynv9eqilv7x.js:0
[   35544ms] [LOG] Player X: 0.00 Y: 6.00 Z: 5.00 @ http://localhost:3000/_next/static/chunks/0-ynv9eqilv7x.js:0
[   35548ms] [LOG] Player X: 0.00 Y: 6.00 Z: 5.00 @ http://localhost:3000/_next/static/chunks/0-ynv9eqilv7x.js:0
[   35551ms] [LOG] Player X: 0.00 Y: 6.00 Z: 5.00 @ http://localhost:3000/_next/static/chunks/0-ynv9eqilv7x.js:0
[   35554ms] [LOG] Player X: 0.00 Y: 6.00 Z: 5.00 @ http://localhost:3000/_next/static/chunks/0-ynv9eqilv7x.js:0
[   35558ms] [LOG] Player X: 0.00 Y: 6.00 Z: 5.00 @ http://localhost:3000/_next/static/chunks/0-ynv9eqilv7x.js:0
[   35561ms] [LOG] Player X: 0.00 Y: 6.00 Z: 5.00 @ http://localhost:3000/_next/static/chunks/0-ynv9eqilv7x.js:0
[   35564ms] [LOG] Player X: 0.00 Y: 6.00 Z: 5.00 @ http://localhost:3000/_next/static/chunks/0-ynv9eqilv7x.js:0
[   35567ms] [LOG] Player X: 0.00 Y: 6.00 Z: 5.00 @ http://localhost:3000/_next/static/chunks/0-ynv9eqilv7x.js:0
[   35571ms] [LOG] Player X: 0.00 Y: 6.00 Z: 5.00 @ http://localhost:3000/_next/static/chunks/0-ynv9eqilv7x.js:0
[   35574ms] [LOG] Player X: 0.00 Y: 6.00 Z: 5.00 @ http://localhost:3000/_next/static/chunks/0-ynv9eqilv7x.js:0
[   35577ms] [LOG] Player X: 0.00 Y: 6.00 Z: 5.00 @ http://localhost:3000/_next/static/chunks/0-ynv9eqilv7x.js:0
[   35581ms] [LOG] Player X: 0.00 Y: 6.00 Z: 5.00 @ http://localhost:3000/_next/static/chunks/0-ynv9eqilv7x.js:0
[   35584ms] [LOG] Player X: 0.00 Y: 6.00 Z: 5.00 @ http://localhost:3000/_next/static/chunks/0-ynv9eqilv7x.js:0
[   35587ms] [LOG] Player X: 0.00 Y: 6.00 Z: 5.00 @ http://localhost:3000/_next/static/chunks/0-ynv9eqilv7x.js:0
[   35591ms] [LOG] Player X: 0.00 Y: 6.00 Z: 5.00 @ http://localhost:3000/_next/static/chunks/0-ynv9eqilv7x.js:0
[   35594ms] [LOG] Player X: 0.00 Y: 6.00 Z: 5.00 @ http://localhost:3000/_next/static/chunks/0-ynv9eqilv7x.js:0
[   35597ms] [LOG] Player X: 0.00 Y: 6.00 Z: 5.00 @ http://localhost:3000/_next/static/chunks/0-ynv9eqilv7x.js:0
[   35601ms] [LOG] Player X: 0.00 Y: 6.00 Z: 5.00 @ http://localhost:3000/_next/static/chunks/0-ynv9eqilv7x.js:0
[   35604ms] [LOG] Player X: 0.00 Y: 6.00 Z: 5.00 @ http://localhost:3000/_next/static/chunks/0-ynv9eqilv7x.js:0
[   35607ms] [LOG] Player X: 0.00 Y: 6.00 Z: 5.00 @ http://localhost:3000/_next/static/chunks/0-ynv9eqilv7x.js:0
[   35611ms] [LOG] Player X: 0.00 Y: 6.00 Z: 5.00 @ http://localhost:3000/_next/static/chunks/0-ynv9eqilv7x.js:0
[   35614ms] [LOG] Player X: 0.00 Y: 6.00 Z: 5.00 @ http://localhost:3000/_next/static/chunks/0-ynv9eqilv7x.js:0
[   35618ms] [LOG] Player X: 0.00 Y: 6.00 Z: 5.00 @ http://localhost:3000/_next/static/chunks/0-ynv9eqilv7x.js:0
[   35621ms] [LOG] Player X: 0.00 Y: 6.00 Z: 5.00 @ http://localhost:3000/_next/static/chunks/0-ynv9eqilv7x.js:0
[   35624ms] [LOG] Player X: 0.00 Y: 6.00 Z: 5.00 @ http://localhost:3000/_next/static/chunks/0-ynv9eqilv7x.js:0
[   35627ms] [LOG] Player X: 0.00 Y: 6.00 Z: 5.00 @ http://localhost:3000/_next/static/chunks/0-ynv9eqilv7x.js:0
[   35631ms] [LOG] Player X: 0.00 Y: 6.00 Z: 5.00 @ http://localhost:3000/_next/static/chunks/0-ynv9eqilv7x.js:0
[   35634ms] [LOG] Player X: 0.00 Y: 6.00 Z: 5.00 @ http://localhost:3000/_next/static/chunks/0-ynv9eqilv7x.js:0
[   35638ms] [LOG] Player X: 0.00 Y: 6.00 Z: 5.00 @ http://localhost:3000/_next/static/chunks/0-ynv9eqilv7x.js:0
[   35641ms] [LOG] Player X: 0.00 Y: 6.00 Z: 5.00 @ http://localhost:3000/_next/static/chunks/0-ynv9eqilv7x.js:0
[   35644ms] [LOG] Player X: 0.00 Y: 6.00 Z: 5.00 @ http://localhost:3000/_next/static/chunks/0-ynv9eqilv7x.js:0
[   35647ms] [LOG] Player X: 0.00 Y: 6.00 Z: 5.00 @ http://localhost:3000/_next/static/chunks/0-ynv9eqilv7x.js:0
[   35651ms] [LOG] Player X: 0.00 Y: 6.00 Z: 5.00 @ http://localhost:3000/_next/static/chunks/0-ynv9eqilv7x.js:0
[   35654ms] [LOG] Player X: 0.00 Y: 6.00 Z: 5.00 @ http://localhost:3000/_next/static/chunks/0-ynv9eqilv7x.js:0
[   35657ms] [LOG] Player X: 0.00 Y: 6.00 Z: 5.00 @ http://localhost:3000/_next/static/chunks/0-ynv9eqilv7x.js:0
[   35661ms] [LOG] Player X: 0.00 Y: 6.00 Z: 5.00 @ http://localhost:3000/_next/static/chunks/0-ynv9eqilv7x.js:0
[   35664ms] [LOG] Player X: 0.00 Y: 6.00 Z: 5.00 @ http://localhost:3000/_next/static/chunks/0-ynv9eqilv7x.js:0
[   35668ms] [LOG] Player X: 0.00 Y: 6.00 Z: 5.00 @ http://localhost:3000/_next/static/chunks/0-ynv9eqilv7x.js:0
[   35671ms] [LOG] Player X: 0.00 Y: 6.00 Z: 5.00 @ http://localhost:3000/_next/static/chunks/0-ynv9eqilv7x.js:0
[   35674ms] [LOG] Player X: 0.00 Y: 6.00 Z: 5.00 @ http://localhost:3000/_next/static/chunks/0-ynv9eqilv7x.js:0
[   35677ms] [LOG] Player X: 0.00 Y: 6.00 Z: 5.00 @ http://localhost:3000/_next/static/chunks/0-ynv9eqilv7x.js:0
[   35681ms] [LOG] Player X: 0.00 Y: 6.00 Z: 5.00 @ http://localhost:3000/_next/static/chunks/0-ynv9eqilv7x.js:0
[   35684ms] [LOG] Player X: 0.00 Y: 6.00 Z: 5.00 @ http://localhost:3000/_next/static/chunks/0-ynv9eqilv7x.js:0
[   35688ms] [LOG] Player X: 0.00 Y: 6.00 Z: 5.00 @ http://localhost:3000/_next/static/chunks/0-ynv9eqilv7x.js:0
[   35691ms] [LOG] Player X: 0.00 Y: 6.00 Z: 5.00 @ http://localhost:3000/_next/static/chunks/0-ynv9eqilv7x.js:0
[   35694ms] [LOG] Player X: 0.00 Y: 6.00 Z: 5.00 @ http://localhost:3000/_next/static/chunks/0-ynv9eqilv7x.js:0
[   35698ms] [LOG] Player X: 0.00 Y: 6.00 Z: 5.00 @ http://localhost:3000/_next/static/chunks/0-ynv9eqilv7x.js:0
[   35701ms] [LOG] Player X: 0.00 Y: 6.00 Z: 5.00 @ http://localhost:3000/_next/static/chunks/0-ynv9eqilv7x.js:0
[   35704ms] [LOG] Player X: 0.00 Y: 6.00 Z: 5.00 @ http://localhost:3000/_next/static/chunks/0-ynv9eqilv7x.js:0
[   35707ms] [LOG] Player X: 0.00 Y: 6.00 Z: 5.00 @ http://localhost:3000/_next/static/chunks/0-ynv9eqilv7x.js:0
[   35711ms] [LOG] Player X: 0.00 Y: 6.00 Z: 5.00 @ http://localhost:3000/_next/static/chunks/0-ynv9eqilv7x.js:0
[   35714ms] [LOG] Player X: 0.00 Y: 6.00 Z: 5.00 @ http://localhost:3000/_next/static/chunks/0-ynv9eqilv7x.js:0
[   35717ms] [LOG] Player X: 0.00 Y: 6.00 Z: 5.00 @ http://localhost:3000/_next/static/chunks/0-ynv9eqilv7x.js:0
[   35721ms] [LOG] Player X: 0.00 Y: 6.00 Z: 5.00 @ http://localhost:3000/_next/static/chunks/0-ynv9eqilv7x.js:0
[   35724ms] [LOG] Player X: 0.00 Y: 6.00 Z: 5.00 @ http://localhost:3000/_next/static/chunks/0-ynv9eqilv7x.js:0
[   35728ms] [LOG] Player X: 0.00 Y: 6.00 Z: 5.00 @ http://localhost:3000/_next/static/chunks/0-ynv9eqilv7x.js:0
[   35731ms] [LOG] Player X: 0.00 Y: 6.00 Z: 5.00 @ http://localhost:3000/_next/static/chunks/0-ynv9eqilv7x.js:0
[   35734ms] [LOG] Player X: 0.00 Y: 6.00 Z: 5.00 @ http://localhost:3000/_next/static/chunks/0-ynv9eqilv7x.js:0
[   35738ms] [LOG] Player X: 0.00 Y: 6.00 Z: 5.00 @ http://localhost:3000/_next/static/chunks/0-ynv9eqilv7x.js:0
[   35741ms] [LOG] Player X: 0.00 Y: 6.00 Z: 5.00 @ http://localhost:3000/_next/static/chunks/0-ynv9eqilv7x.js:0
[   35744ms] [LOG] Player X: 0.00 Y: 6.00 Z: 5.00 @ http://localhost:3000/_next/static/chunks/0-ynv9eqilv7x.js:0
[   35747ms] [LOG] Player X: 0.00 Y: 6.00 Z: 5.00 @ http://localhost:3000/_next/static/chunks/0-ynv9eqilv7x.js:0
[   35751ms] [LOG] Player X: 0.00 Y: 6.00 Z: 5.00 @ http://localhost:3000/_next/static/chunks/0-ynv9eqilv7x.js:0
[   35754ms] [LOG] Player X: 0.00 Y: 6.00 Z: 5.00 @ http://localhost:3000/_next/static/chunks/0-ynv9eqilv7x.js:0
[   35758ms] [LOG] Player X: 0.00 Y: 6.00 Z: 5.00 @ http://localhost:3000/_next/static/chunks/0-ynv9eqilv7x.js:0
[   35761ms] [LOG] Player X: 0.00 Y: 6.00 Z: 5.00 @ http://localhost:3000/_next/static/chunks/0-ynv9eqilv7x.js:0
[   35764ms] [LOG] Player X: 0.00 Y: 6.00 Z: 5.00 @ http://localhost:3000/_next/static/chunks/0-ynv9eqilv7x.js:0
[   35768ms] [LOG] Player X: 0.00 Y: 6.00 Z: 5.00 @ http://localhost:3000/_next/static/chunks/0-ynv9eqilv7x.js:0
[   35771ms] [LOG] Player X: 0.00 Y: 6.00 Z: 5.00 @ http://localhost:3000/_next/static/chunks/0-ynv9eqilv7x.js:0
[   35774ms] [LOG] Player X: 0.00 Y: 6.00 Z: 5.00 @ http://localhost:3000/_next/static/chunks/0-ynv9eqilv7x.js:0
[   35778ms] [LOG] Player X: 0.00 Y: 6.00 Z: 5.00 @ http://localhost:3000/_next/static/chunks/0-ynv9eqilv7x.js:0
[   35781ms] [LOG] Player X: 0.00 Y: 6.00 Z: 5.00 @ http://localhost:3000/_next/static/chunks/0-ynv9eqilv7x.js:0
[   35784ms] [LOG] Player X: 0.00 Y: 6.00 Z: 5.00 @ http://localhost:3000/_next/static/chunks/0-ynv9eqilv7x.js:0
[   35788ms] [LOG] Player X: 0.00 Y: 6.00 Z: 5.00 @ http://localhost:3000/_next/static/chunks/0-ynv9eqilv7x.js:0
[   35791ms] [LOG] Player X: 0.00 Y: 6.00 Z: 5.00 @ http://localhost:3000/_next/static/chunks/0-ynv9eqilv7x.js:0
[   35794ms] [LOG] Player X: 0.00 Y: 6.00 Z: 5.00 @ http://localhost:3000/_next/static/chunks/0-ynv9eqilv7x.js:0
[   35798ms] [LOG] Player X: 0.00 Y: 6.00 Z: 5.00 @ http://localhost:3000/_next/static/chunks/0-ynv9eqilv7x.js:0
[   35801ms] [LOG] Player X: 0.00 Y: 6.00 Z: 5.00 @ http://localhost:3000/_next/static/chunks/0-ynv9eqilv7x.js:0
[   35806ms] [LOG] Player X: 0.00 Y: 6.00 Z: 5.00 @ http://localhost:3000/_next/static/chunks/0-ynv9eqilv7x.js:0
[   35808ms] [LOG] Player X: 0.00 Y: 6.00 Z: 5.00 @ http://localhost:3000/_next/static/chunks/0-ynv9eqilv7x.js:0
[   35811ms] [LOG] Player X: 0.00 Y: 6.00 Z: 5.00 @ http://localhost:3000/_next/static/chunks/0-ynv9eqilv7x.js:0
[   35814ms] [LOG] Player X: 0.00 Y: 6.00 Z: 5.00 @ http://localhost:3000/_next/static/chunks/0-ynv9eqilv7x.js:0
[   35818ms] [LOG] Player X: 0.00 Y: 6.00 Z: 5.00 @ http://localhost:3000/_next/static/chunks/0-ynv9eqilv7x.js:0
[   35821ms] [LOG] Player X: 0.00 Y: 6.00 Z: 5.00 @ http://localhost:3000/_next/static/chunks/0-ynv9eqilv7x.js:0
[   35824ms] [LOG] Player X: 0.00 Y: 6.00 Z: 5.00 @ http://localhost:3000/_next/static/chunks/0-ynv9eqilv7x.js:0
[   35828ms] [LOG] Player X: 0.00 Y: 6.00 Z: 5.00 @ http://localhost:3000/_next/static/chunks/0-ynv9eqilv7x.js:0
[   35831ms] [LOG] Player X: 0.00 Y: 6.00 Z: 5.00 @ http://localhost:3000/_next/static/chunks/0-ynv9eqilv7x.js:0
[   35834ms] [LOG] Player X: 0.00 Y: 6.00 Z: 5.00 @ http://localhost:3000/_next/static/chunks/0-ynv9eqilv7x.js:0
[   35838ms] [LOG] Player X: 0.00 Y: 6.00 Z: 5.00 @ http://localhost:3000/_next/static/chunks/0-ynv9eqilv7x.js:0
[   35841ms] [LOG] Player X: 0.00 Y: 6.00 Z: 5.00 @ http://localhost:3000/_next/static/chunks/0-ynv9eqilv7x.js:0
[   35844ms] [LOG] Player X: 0.00 Y: 6.00 Z: 5.00 @ http://localhost:3000/_next/static/chunks/0-ynv9eqilv7x.js:0
[   35848ms] [LOG] Player X: 0.00 Y: 6.00 Z: 5.00 @ http://localhost:3000/_next/static/chunks/0-ynv9eqilv7x.js:0
[   35851ms] [LOG] Player X: 0.00 Y: 6.00 Z: 5.00 @ http://localhost:3000/_next/static/chunks/0-ynv9eqilv7x.js:0
[   35854ms] [LOG] Player X: 0.00 Y: 6.00 Z: 5.00 @ http://localhost:3000/_next/static/chunks/0-ynv9eqilv7x.js:0
[   35858ms] [LOG] Player X: 0.00 Y: 6.00 Z: 5.00 @ http://localhost:3000/_next/static/chunks/0-ynv9eqilv7x.js:0
[   35861ms] [LOG] Player X: 0.00 Y: 6.00 Z: 5.00 @ http://localhost:3000/_next/static/chunks/0-ynv9eqilv7x.js:0
[   35864ms] [LOG] Player X: 0.00 Y: 6.00 Z: 5.00 @ http://localhost:3000/_next/static/chunks/0-ynv9eqilv7x.js:0
[   35868ms] [LOG] Player X: 0.00 Y: 6.00 Z: 5.00 @ http://localhost:3000/_next/static/chunks/0-ynv9eqilv7x.js:0
[   35871ms] [LOG] Player X: 0.00 Y: 6.00 Z: 5.00 @ http://localhost:3000/_next/static/chunks/0-ynv9eqilv7x.js:0
[   35874ms] [LOG] Player X: 0.00 Y: 6.00 Z: 5.00 @ http://localhost:3000/_next/static/chunks/0-ynv9eqilv7x.js:0
[   35878ms] [LOG] Player X: 0.00 Y: 6.00 Z: 5.00 @ http://localhost:3000/_next/static/chunks/0-ynv9eqilv7x.js:0
[   35881ms] [LOG] Player X: 0.00 Y: 6.00 Z: 5.00 @ http://localhost:3000/_next/static/chunks/0-ynv9eqilv7x.js:0
[   35884ms] [LOG] Player X: 0.00 Y: 6.00 Z: 5.00 @ http://localhost:3000/_next/static/chunks/0-ynv9eqilv7x.js:0
[   35887ms] [LOG] Player X: 0.00 Y: 6.00 Z: 5.00 @ http://localhost:3000/_next/static/chunks/0-ynv9eqilv7x.js:0
[   35891ms] [LOG] Player X: 0.00 Y: 6.00 Z: 5.00 @ http://localhost:3000/_next/static/chunks/0-ynv9eqilv7x.js:0
[   35894ms] [LOG] Player X: 0.00 Y: 6.00 Z: 5.00 @ http://localhost:3000/_next/static/chunks/0-ynv9eqilv7x.js:0
[   35898ms] [LOG] Player X: 0.00 Y: 6.00 Z: 5.00 @ http://localhost:3000/_next/static/chunks/0-ynv9eqilv7x.js:0
[   35901ms] [LOG] Player X: 0.00 Y: 6.00 Z: 5.00 @ http://localhost:3000/_next/static/chunks/0-ynv9eqilv7x.js:0
[   35904ms] [LOG] Player X: 0.00 Y: 6.00 Z: 5.00 @ http://localhost:3000/_next/static/chunks/0-ynv9eqilv7x.js:0
[   35908ms] [LOG] Player X: 0.00 Y: 6.00 Z: 5.00 @ http://localhost:3000/_next/static/chunks/0-ynv9eqilv7x.js:0
[   35911ms] [LOG] Player X: 0.00 Y: 6.00 Z: 5.00 @ http://localhost:3000/_next/static/chunks/0-ynv9eqilv7x.js:0
[   35914ms] [LOG] Player X: 0.00 Y: 6.00 Z: 5.00 @ http://localhost:3000/_next/static/chunks/0-ynv9eqilv7x.js:0
[   35918ms] [LOG] Player X: 0.00 Y: 6.00 Z: 5.00 @ http://localhost:3000/_next/static/chunks/0-ynv9eqilv7x.js:0
[   35921ms] [LOG] Player X: 0.00 Y: 6.00 Z: 5.00 @ http://localhost:3000/_next/static/chunks/0-ynv9eqilv7x.js:0
[   35924ms] [LOG] Player X: 0.00 Y: 6.00 Z: 5.00 @ http://localhost:3000/_next/static/chunks/0-ynv9eqilv7x.js:0
[   35928ms] [LOG] Player X: 0.00 Y: 6.00 Z: 5.00 @ http://localhost:3000/_next/static/chunks/0-ynv9eqilv7x.js:0
[   35931ms] [LOG] Player X: 0.00 Y: 6.00 Z: 5.00 @ http://localhost:3000/_next/static/chunks/0-ynv9eqilv7x.js:0
[   35935ms] [LOG] Player X: 0.00 Y: 6.00 Z: 5.00 @ http://localhost:3000/_next/static/chunks/0-ynv9eqilv7x.js:0
[   35940ms] [LOG] Player X: 0.00 Y: 6.00 Z: 5.00 @ http://localhost:3000/_next/static/chunks/0-ynv9eqilv7x.js:0
[   35942ms] [LOG] Player X: 0.00 Y: 6.00 Z: 5.00 @ http://localhost:3000/_next/static/chunks/0-ynv9eqilv7x.js:0
[   35944ms] [LOG] Player X: 0.00 Y: 6.00 Z: 5.00 @ http://localhost:3000/_next/static/chunks/0-ynv9eqilv7x.js:0
[   35947ms] [LOG] Player X: 0.00 Y: 6.00 Z: 5.00 @ http://localhost:3000/_next/static/chunks/0-ynv9eqilv7x.js:0
[   35951ms] [LOG] Player X: 0.00 Y: 6.00 Z: 5.00 @ http://localhost:3000/_next/static/chunks/0-ynv9eqilv7x.js:0
[   35954ms] [LOG] Player X: 0.00 Y: 6.00 Z: 5.00 @ http://localhost:3000/_next/static/chunks/0-ynv9eqilv7x.js:0
[   35958ms] [LOG] Player X: 0.00 Y: 6.00 Z: 5.00 @ http://localhost:3000/_next/static/chunks/0-ynv9eqilv7x.js:0
[   35961ms] [LOG] Player X: 0.00 Y: 6.00 Z: 5.00 @ http://localhost:3000/_next/static/chunks/0-ynv9eqilv7x.js:0
[   35964ms] [LOG] Player X: 0.00 Y: 6.00 Z: 5.00 @ http://localhost:3000/_next/static/chunks/0-ynv9eqilv7x.js:0
[   35968ms] [LOG] Player X: 0.00 Y: 6.00 Z: 5.00 @ http://localhost:3000/_next/static/chunks/0-ynv9eqilv7x.js:0
[   35971ms] [LOG] Player X: 0.00 Y: 6.00 Z: 5.00 @ http://localhost:3000/_next/static/chunks/0-ynv9eqilv7x.js:0
[   35974ms] [LOG] Player X: 0.00 Y: 6.00 Z: 5.00 @ http://localhost:3000/_next/static/chunks/0-ynv9eqilv7x.js:0
[   35978ms] [LOG] Player X: 0.00 Y: 6.00 Z: 5.00 @ http://localhost:3000/_next/static/chunks/0-ynv9eqilv7x.js:0
[   35981ms] [LOG] Player X: 0.00 Y: 6.00 Z: 5.00 @ http://localhost:3000/_next/static/chunks/0-ynv9eqilv7x.js:0
[   35984ms] [LOG] Player X: 0.00 Y: 6.00 Z: 5.00 @ http://localhost:3000/_next/static/chunks/0-ynv9eqilv7x.js:0
[   35988ms] [LOG] Player X: 0.00 Y: 6.00 Z: 5.00 @ http://localhost:3000/_next/static/chunks/0-ynv9eqilv7x.js:0
[   35991ms] [LOG] Player X: 0.00 Y: 6.00 Z: 5.00 @ http://localhost:3000/_next/static/chunks/0-ynv9eqilv7x.js:0
[   35994ms] [LOG] Player X: 0.00 Y: 6.00 Z: 5.00 @ http://localhost:3000/_next/static/chunks/0-ynv9eqilv7x.js:0
[   35998ms] [LOG] Player X: 0.00 Y: 6.00 Z: 5.00 @ http://localhost:3000/_next/static/chunks/0-ynv9eqilv7x.js:0
[   36001ms] [LOG] Player X: 0.00 Y: 6.00 Z: 5.00 @ http://localhost:3000/_next/static/chunks/0-ynv9eqilv7x.js:0
[   36004ms] [LOG] Player X: 0.00 Y: 6.00 Z: 5.00 @ http://localhost:3000/_next/static/chunks/0-ynv9eqilv7x.js:0
[   36007ms] [LOG] Player X: 0.00 Y: 6.00 Z: 5.00 @ http://localhost:3000/_next/static/chunks/0-ynv9eqilv7x.js:0
[   36011ms] [LOG] Player X: 0.00 Y: 6.00 Z: 5.00 @ http://localhost:3000/_next/static/chunks/0-ynv9eqilv7x.js:0
[   36014ms] [LOG] Player X: 0.00 Y: 6.00 Z: 5.00 @ http://localhost:3000/_next/static/chunks/0-ynv9eqilv7x.js:0
[   36017ms] [LOG] Player X: 0.00 Y: 6.00 Z: 5.00 @ http://localhost:3000/_next/static/chunks/0-ynv9eqilv7x.js:0
[   36021ms] [LOG] Player X: 0.00 Y: 6.00 Z: 5.00 @ http://localhost:3000/_next/static/chunks/0-ynv9eqilv7x.js:0
[   36024ms] [LOG] Player X: 0.00 Y: 6.00 Z: 5.00 @ http://localhost:3000/_next/static/chunks/0-ynv9eqilv7x.js:0
[   36027ms] [LOG] Player X: 0.00 Y: 6.00 Z: 5.00 @ http://localhost:3000/_next/static/chunks/0-ynv9eqilv7x.js:0
[   36031ms] [LOG] Player X: 0.00 Y: 6.00 Z: 5.00 @ http://localhost:3000/_next/static/chunks/0-ynv9eqilv7x.js:0
[   36034ms] [LOG] Player X: 0.00 Y: 6.00 Z: 5.00 @ http://localhost:3000/_next/static/chunks/0-ynv9eqilv7x.js:0
[   36038ms] [LOG] Player X: 0.00 Y: 6.00 Z: 5.00 @ http://localhost:3000/_next/static/chunks/0-ynv9eqilv7x.js:0
[   36041ms] [LOG] Player X: 0.00 Y: 6.00 Z: 5.00 @ http://localhost:3000/_next/static/chunks/0-ynv9eqilv7x.js:0
[   36044ms] [LOG] Player X: 0.00 Y: 6.00 Z: 5.00 @ http://localhost:3000/_next/static/chunks/0-ynv9eqilv7x.js:0
[   36048ms] [LOG] Player X: 0.00 Y: 6.00 Z: 5.00 @ http://localhost:3000/_next/static/chunks/0-ynv9eqilv7x.js:0
[   36051ms] [LOG] Player X: 0.00 Y: 6.00 Z: 5.00 @ http://localhost:3000/_next/static/chunks/0-ynv9eqilv7x.js:0
[   36054ms] [LOG] Player X: 0.00 Y: 6.00 Z: 5.00 @ http://localhost:3000/_next/static/chunks/0-ynv9eqilv7x.js:0
[   36057ms] [LOG] Player X: 0.00 Y: 6.00 Z: 5.00 @ http://localhost:3000/_next/static/chunks/0-ynv9eqilv7x.js:0
[   36061ms] [LOG] Player X: 0.00 Y: 6.00 Z: 5.00 @ http://localhost:3000/_next/static/chunks/0-ynv9eqilv7x.js:0
[   36064ms] [LOG] Player X: 0.00 Y: 6.00 Z: 5.00 @ http://localhost:3000/_next/static/chunks/0-ynv9eqilv7x.js:0
[   36067ms] [LOG] Player X: 0.00 Y: 6.00 Z: 5.00 @ http://localhost:3000/_next/static/chunks/0-ynv9eqilv7x.js:0
[   36071ms] [LOG] Player X: 0.00 Y: 6.00 Z: 5.00 @ http://localhost:3000/_next/static/chunks/0-ynv9eqilv7x.js:0
[   36074ms] [LOG] Player X: 0.00 Y: 6.00 Z: 5.00 @ http://localhost:3000/_next/static/chunks/0-ynv9eqilv7x.js:0
[   36077ms] [LOG] Player X: 0.00 Y: 6.00 Z: 5.00 @ http://localhost:3000/_next/static/chunks/0-ynv9eqilv7x.js:0
[   36081ms] [LOG] Player X: 0.00 Y: 6.00 Z: 5.00 @ http://localhost:3000/_next/static/chunks/0-ynv9eqilv7x.js:0
[   36084ms] [LOG] Player X: 0.00 Y: 6.00 Z: 5.00 @ http://localhost:3000/_next/static/chunks/0-ynv9eqilv7x.js:0
[   36088ms] [LOG] Player X: 0.00 Y: 6.00 Z: 5.00 @ http://localhost:3000/_next/static/chunks/0-ynv9eqilv7x.js:0
[   36091ms] [LOG] Player X: 0.00 Y: 6.00 Z: 5.00 @ http://localhost:3000/_next/static/chunks/0-ynv9eqilv7x.js:0
[   36094ms] [LOG] Player X: 0.00 Y: 6.00 Z: 5.00 @ http://localhost:3000/_next/static/chunks/0-ynv9eqilv7x.js:0
[   36097ms] [LOG] Player X: 0.00 Y: 6.00 Z: 5.00 @ http://localhost:3000/_next/static/chunks/0-ynv9eqilv7x.js:0
[   36101ms] [LOG] Player X: 0.00 Y: 6.00 Z: 5.00 @ http://localhost:3000/_next/static/chunks/0-ynv9eqilv7x.js:0
[   36104ms] [LOG] Player X: 0.00 Y: 6.00 Z: 5.00 @ http://localhost:3000/_next/static/chunks/0-ynv9eqilv7x.js:0
[   36107ms] [LOG] Player X: 0.00 Y: 6.00 Z: 5.00 @ http://localhost:3000/_next/static/chunks/0-ynv9eqilv7x.js:0
[   36111ms] [LOG] Player X: 0.00 Y: 6.00 Z: 5.00 @ http://localhost:3000/_next/static/chunks/0-ynv9eqilv7x.js:0
[   36114ms] [LOG] Player X: 0.00 Y: 6.00 Z: 5.00 @ http://localhost:3000/_next/static/chunks/0-ynv9eqilv7x.js:0
[   36118ms] [LOG] Player X: 0.00 Y: 6.00 Z: 5.00 @ http://localhost:3000/_next/static/chunks/0-ynv9eqilv7x.js:0
[   36121ms] [LOG] Player X: 0.00 Y: 6.00 Z: 5.00 @ http://localhost:3000/_next/static/chunks/0-ynv9eqilv7x.js:0
[   36124ms] [LOG] Player X: 0.00 Y: 6.00 Z: 5.00 @ http://localhost:3000/_next/static/chunks/0-ynv9eqilv7x.js:0
[   36127ms] [LOG] Player X: 0.00 Y: 6.00 Z: 5.00 @ http://localhost:3000/_next/static/chunks/0-ynv9eqilv7x.js:0
[   36131ms] [LOG] Player X: 0.00 Y: 6.00 Z: 5.00 @ http://localhost:3000/_next/static/chunks/0-ynv9eqilv7x.js:0
[   36134ms] [LOG] Player X: 0.00 Y: 6.00 Z: 5.00 @ http://localhost:3000/_next/static/chunks/0-ynv9eqilv7x.js:0
[   36137ms] [LOG] Player X: 0.00 Y: 6.00 Z: 5.00 @ http://localhost:3000/_next/static/chunks/0-ynv9eqilv7x.js:0
[   36141ms] [LOG] Player X: 0.00 Y: 6.00 Z: 5.00 @ http://localhost:3000/_next/static/chunks/0-ynv9eqilv7x.js:0
[   36144ms] [LOG] Player X: 0.00 Y: 6.00 Z: 5.00 @ http://localhost:3000/_next/static/chunks/0-ynv9eqilv7x.js:0
[   36147ms] [LOG] Player X: 0.00 Y: 6.00 Z: 5.00 @ http://localhost:3000/_next/static/chunks/0-ynv9eqilv7x.js:0
[   36151ms] [LOG] Player X: 0.00 Y: 6.00 Z: 5.00 @ http://localhost:3000/_next/static/chunks/0-ynv9eqilv7x.js:0
[   36154ms] [LOG] Player X: 0.00 Y: 6.00 Z: 5.00 @ http://localhost:3000/_next/static/chunks/0-ynv9eqilv7x.js:0
[   36157ms] [LOG] Player X: 0.00 Y: 6.00 Z: 5.00 @ http://localhost:3000/_next/static/chunks/0-ynv9eqilv7x.js:0
[   36161ms] [LOG] Player X: 0.00 Y: 6.00 Z: 5.00 @ http://localhost:3000/_next/static/chunks/0-ynv9eqilv7x.js:0
[   36164ms] [LOG] Player X: 0.00 Y: 6.00 Z: 5.00 @ http://localhost:3000/_next/static/chunks/0-ynv9eqilv7x.js:0
[   36167ms] [LOG] Player X: 0.00 Y: 6.00 Z: 5.00 @ http://localhost:3000/_next/static/chunks/0-ynv9eqilv7x.js:0
[   36171ms] [LOG] Player X: 0.00 Y: 6.00 Z: 5.00 @ http://localhost:3000/_next/static/chunks/0-ynv9eqilv7x.js:0
[   36174ms] [LOG] Player X: 0.00 Y: 6.00 Z: 5.00 @ http://localhost:3000/_next/static/chunks/0-ynv9eqilv7x.js:0
[   36178ms] [LOG] Player X: 0.00 Y: 6.00 Z: 5.00 @ http://localhost:3000/_next/static/chunks/0-ynv9eqilv7x.js:0
[   36181ms] [LOG] Player X: 0.00 Y: 6.00 Z: 5.00 @ http://localhost:3000/_next/static/chunks/0-ynv9eqilv7x.js:0
[   36184ms] [LOG] Player X: 0.00 Y: 6.00 Z: 5.00 @ http://localhost:3000/_next/static/chunks/0-ynv9eqilv7x.js:0
[   36187ms] [LOG] Player X: 0.00 Y: 6.00 Z: 5.00 @ http://localhost:3000/_next/static/chunks/0-ynv9eqilv7x.js:0
[   36191ms] [LOG] Player X: 0.00 Y: 6.00 Z: 5.00 @ http://localhost:3000/_next/static/chunks/0-ynv9eqilv7x.js:0
[   36194ms] [LOG] Player X: 0.00 Y: 6.00 Z: 5.00 @ http://localhost:3000/_next/static/chunks/0-ynv9eqilv7x.js:0
[   36197ms] [LOG] Player X: 0.00 Y: 6.00 Z: 5.00 @ http://localhost:3000/_next/static/chunks/0-ynv9eqilv7x.js:0
[   36201ms] [LOG] Player X: 0.00 Y: 6.00 Z: 5.00 @ http://localhost:3000/_next/static/chunks/0-ynv9eqilv7x.js:0
[   36204ms] [LOG] Player X: 0.00 Y: 6.00 Z: 5.00 @ http://localhost:3000/_next/static/chunks/0-ynv9eqilv7x.js:0
[   36207ms] [LOG] Player X: 0.00 Y: 6.00 Z: 5.00 @ http://localhost:3000/_next/static/chunks/0-ynv9eqilv7x.js:0
[   36211ms] [LOG] Player X: 0.00 Y: 6.00 Z: 5.00 @ http://localhost:3000/_next/static/chunks/0-ynv9eqilv7x.js:0
[   36214ms] [LOG] Player X: 0.00 Y: 6.00 Z: 5.00 @ http://localhost:3000/_next/static/chunks/0-ynv9eqilv7x.js:0
[   36217ms] [LOG] Player X: 0.00 Y: 6.00 Z: 5.00 @ http://localhost:3000/_next/static/chunks/0-ynv9eqilv7x.js:0
[   36221ms] [LOG] Player X: 0.00 Y: 6.00 Z: 5.00 @ http://localhost:3000/_next/static/chunks/0-ynv9eqilv7x.js:0
[   36224ms] [LOG] Player X: 0.00 Y: 6.00 Z: 5.00 @ http://localhost:3000/_next/static/chunks/0-ynv9eqilv7x.js:0
[   36227ms] [LOG] Player X: 0.00 Y: 6.00 Z: 5.00 @ http://localhost:3000/_next/static/chunks/0-ynv9eqilv7x.js:0
[   36231ms] [LOG] Player X: 0.00 Y: 6.00 Z: 5.00 @ http://localhost:3000/_next/static/chunks/0-ynv9eqilv7x.js:0
[   36234ms] [LOG] Player X: 0.00 Y: 6.00 Z: 5.00 @ http://localhost:3000/_next/static/chunks/0-ynv9eqilv7x.js:0
[   36237ms] [LOG] Player X: 0.00 Y: 6.00 Z: 5.00 @ http://localhost:3000/_next/static/chunks/0-ynv9eqilv7x.js:0
[   36241ms] [LOG] Player X: 0.00 Y: 6.00 Z: 5.00 @ http://localhost:3000/_next/static/chunks/0-ynv9eqilv7x.js:0
[   36244ms] [LOG] Player X: 0.00 Y: 6.00 Z: 5.00 @ http://localhost:3000/_next/static/chunks/0-ynv9eqilv7x.js:0
[   36248ms] [LOG] Player X: 0.00 Y: 6.00 Z: 5.00 @ http://localhost:3000/_next/static/chunks/0-ynv9eqilv7x.js:0
[   36251ms] [LOG] Player X: 0.00 Y: 6.00 Z: 5.00 @ http://localhost:3000/_next/static/chunks/0-ynv9eqilv7x.js:0
[   36254ms] [LOG] Player X: 0.00 Y: 6.00 Z: 5.00 @ http://localhost:3000/_next/static/chunks/0-ynv9eqilv7x.js:0
[   36257ms] [LOG] Player X: 0.00 Y: 6.00 Z: 5.00 @ http://localhost:3000/_next/static/chunks/0-ynv9eqilv7x.js:0
[   36261ms] [LOG] Player X: 0.00 Y: 6.00 Z: 5.00 @ http://localhost:3000/_next/static/chunks/0-ynv9eqilv7x.js:0
[   36264ms] [LOG] Player X: 0.00 Y: 6.00 Z: 5.00 @ http://localhost:3000/_next/static/chunks/0-ynv9eqilv7x.js:0
[   36267ms] [LOG] Player X: 0.00 Y: 6.00 Z: 5.00 @ http://localhost:3000/_next/static/chunks/0-ynv9eqilv7x.js:0
[   36271ms] [LOG] Player X: 0.00 Y: 6.00 Z: 5.00 @ http://localhost:3000/_next/static/chunks/0-ynv9eqilv7x.js:0
[   36274ms] [LOG] Player X: 0.00 Y: 6.00 Z: 5.00 @ http://localhost:3000/_next/static/chunks/0-ynv9eqilv7x.js:0
[   36277ms] [LOG] Player X: 0.00 Y: 6.00 Z: 5.00 @ http://localhost:3000/_next/static/chunks/0-ynv9eqilv7x.js:0
[   36281ms] [LOG] Player X: 0.00 Y: 6.00 Z: 5.00 @ http://localhost:3000/_next/static/chunks/0-ynv9eqilv7x.js:0
[   36284ms] [LOG] Player X: 0.00 Y: 6.00 Z: 5.00 @ http://localhost:3000/_next/static/chunks/0-ynv9eqilv7x.js:0
[   36287ms] [LOG] Player X: 0.00 Y: 6.00 Z: 5.00 @ http://localhost:3000/_next/static/chunks/0-ynv9eqilv7x.js:0
[   36291ms] [LOG] Player X: 0.00 Y: 6.00 Z: 5.00 @ http://localhost:3000/_next/static/chunks/0-ynv9eqilv7x.js:0
[   36294ms] [LOG] Player X: 0.00 Y: 6.00 Z: 5.00 @ http://localhost:3000/_next/static/chunks/0-ynv9eqilv7x.js:0
[   36297ms] [LOG] Player X: 0.00 Y: 6.00 Z: 5.00 @ http://localhost:3000/_next/static/chunks/0-ynv9eqilv7x.js:0
[   36301ms] [LOG] Player X: 0.00 Y: 6.00 Z: 5.00 @ http://localhost:3000/_next/static/chunks/0-ynv9eqilv7x.js:0
[   36304ms] [LOG] Player X: 0.00 Y: 6.00 Z: 5.00 @ http://localhost:3000/_next/static/chunks/0-ynv9eqilv7x.js:0
[   36308ms] [LOG] Player X: 0.00 Y: 6.00 Z: 5.00 @ http://localhost:3000/_next/static/chunks/0-ynv9eqilv7x.js:0
[   36311ms] [LOG] Player X: 0.00 Y: 6.00 Z: 5.00 @ http://localhost:3000/_next/static/chunks/0-ynv9eqilv7x.js:0
[   36314ms] [LOG] Player X: 0.00 Y: 6.00 Z: 5.00 @ http://localhost:3000/_next/static/chunks/0-ynv9eqilv7x.js:0
[   36317ms] [LOG] Player X: 0.00 Y: 6.00 Z: 5.00 @ http://localhost:3000/_next/static/chunks/0-ynv9eqilv7x.js:0
[   36321ms] [LOG] Player X: 0.00 Y: 6.00 Z: 5.00 @ http://localhost:3000/_next/static/chunks/0-ynv9eqilv7x.js:0
[   36324ms] [LOG] Player X: 0.00 Y: 6.00 Z: 5.00 @ http://localhost:3000/_next/static/chunks/0-ynv9eqilv7x.js:0
[   36328ms] [LOG] Player X: 0.00 Y: 6.00 Z: 5.00 @ http://localhost:3000/_next/static/chunks/0-ynv9eqilv7x.js:0
[   36331ms] [LOG] Player X: 0.00 Y: 6.00 Z: 5.00 @ http://localhost:3000/_next/static/chunks/0-ynv9eqilv7x.js:0
[   36334ms] [LOG] Player X: 0.00 Y: 6.00 Z: 5.00 @ http://localhost:3000/_next/static/chunks/0-ynv9eqilv7x.js:0
[   36337ms] [LOG] Player X: 0.00 Y: 6.00 Z: 5.00 @ http://localhost:3000/_next/static/chunks/0-ynv9eqilv7x.js:0
[   36341ms] [LOG] Player X: 0.00 Y: 6.00 Z: 5.00 @ http://localhost:3000/_next/static/chunks/0-ynv9eqilv7x.js:0
[   36344ms] [LOG] Player X: 0.00 Y: 6.00 Z: 5.00 @ http://localhost:3000/_next/static/chunks/0-ynv9eqilv7x.js:0
[   36347ms] [LOG] Player X: 0.00 Y: 6.00 Z: 5.00 @ http://localhost:3000/_next/static/chunks/0-ynv9eqilv7x.js:0
[   36351ms] [LOG] Player X: 0.00 Y: 6.00 Z: 5.00 @ http://localhost:3000/_next/static/chunks/0-ynv9eqilv7x.js:0
[   36354ms] [LOG] Player X: 0.00 Y: 6.00 Z: 5.00 @ http://localhost:3000/_next/static/chunks/0-ynv9eqilv7x.js:0
[   36358ms] [LOG] Player X: 0.00 Y: 6.00 Z: 5.00 @ http://localhost:3000/_next/static/chunks/0-ynv9eqilv7x.js:0
[   36361ms] [LOG] Player X: 0.00 Y: 6.00 Z: 5.00 @ http://localhost:3000/_next/static/chunks/0-ynv9eqilv7x.js:0
[   36364ms] [LOG] Player X: 0.00 Y: 6.00 Z: 5.00 @ http://localhost:3000/_next/static/chunks/0-ynv9eqilv7x.js:0
[   36367ms] [LOG] Player X: 0.00 Y: 6.00 Z: 5.00 @ http://localhost:3000/_next/static/chunks/0-ynv9eqilv7x.js:0
[   36371ms] [LOG] Player X: 0.00 Y: 6.00 Z: 5.00 @ http://localhost:3000/_next/static/chunks/0-ynv9eqilv7x.js:0
[   36374ms] [LOG] Player X: 0.00 Y: 6.00 Z: 5.00 @ http://localhost:3000/_next/static/chunks/0-ynv9eqilv7x.js:0
[   36377ms] [LOG] Player X: 0.00 Y: 6.00 Z: 5.00 @ http://localhost:3000/_next/static/chunks/0-ynv9eqilv7x.js:0
[   36381ms] [LOG] Player X: 0.00 Y: 6.00 Z: 5.00 @ http://localhost:3000/_next/static/chunks/0-ynv9eqilv7x.js:0
[   36384ms] [LOG] Player X: 0.00 Y: 6.00 Z: 5.00 @ http://localhost:3000/_next/static/chunks/0-ynv9eqilv7x.js:0
[   36387ms] [LOG] Player X: 0.00 Y: 6.00 Z: 5.00 @ http://localhost:3000/_next/static/chunks/0-ynv9eqilv7x.js:0
[   36391ms] [LOG] Player X: 0.00 Y: 6.00 Z: 5.00 @ http://localhost:3000/_next/static/chunks/0-ynv9eqilv7x.js:0
[   36394ms] [LOG] Player X: 0.00 Y: 6.00 Z: 5.00 @ http://localhost:3000/_next/static/chunks/0-ynv9eqilv7x.js:0
[   36397ms] [LOG] Player X: 0.00 Y: 6.00 Z: 5.00 @ http://localhost:3000/_next/static/chunks/0-ynv9eqilv7x.js:0
[   36401ms] [LOG] Player X: 0.00 Y: 6.00 Z: 5.00 @ http://localhost:3000/_next/static/chunks/0-ynv9eqilv7x.js:0
[   36404ms] [LOG] Player X: 0.00 Y: 6.00 Z: 5.00 @ http://localhost:3000/_next/static/chunks/0-ynv9eqilv7x.js:0
[   36407ms] [LOG] Player X: 0.00 Y: 6.00 Z: 5.00 @ http://localhost:3000/_next/static/chunks/0-ynv9eqilv7x.js:0
[   36411ms] [LOG] Player X: 0.00 Y: 6.00 Z: 5.00 @ http://localhost:3000/_next/static/chunks/0-ynv9eqilv7x.js:0
[   36414ms] [LOG] Player X: 0.00 Y: 6.00 Z: 5.00 @ http://localhost:3000/_next/static/chunks/0-ynv9eqilv7x.js:0
[   36417ms] [LOG] Player X: 0.00 Y: 6.00 Z: 5.00 @ http://localhost:3000/_next/static/chunks/0-ynv9eqilv7x.js:0
[   36421ms] [LOG] Player X: 0.00 Y: 6.00 Z: 5.00 @ http://localhost:3000/_next/static/chunks/0-ynv9eqilv7x.js:0
[   36424ms] [LOG] Player X: 0.00 Y: 6.00 Z: 5.00 @ http://localhost:3000/_next/static/chunks/0-ynv9eqilv7x.js:0
[   36427ms] [LOG] Player X: 0.00 Y: 6.00 Z: 5.00 @ http://localhost:3000/_next/static/chunks/0-ynv9eqilv7x.js:0
[   36431ms] [LOG] Player X: 0.00 Y: 6.00 Z: 5.00 @ http://localhost:3000/_next/static/chunks/0-ynv9eqilv7x.js:0
[   36434ms] [LOG] Player X: 0.00 Y: 6.00 Z: 5.00 @ http://localhost:3000/_next/static/chunks/0-ynv9eqilv7x.js:0
[   36437ms] [LOG] Player X: 0.00 Y: 6.00 Z: 5.00 @ http://localhost:3000/_next/static/chunks/0-ynv9eqilv7x.js:0
[   36441ms] [LOG] Player X: 0.00 Y: 6.00 Z: 5.00 @ http://localhost:3000/_next/static/chunks/0-ynv9eqilv7x.js:0
[   36444ms] [LOG] Player X: 0.00 Y: 6.00 Z: 5.00 @ http://localhost:3000/_next/static/chunks/0-ynv9eqilv7x.js:0
[   36447ms] [LOG] Player X: 0.00 Y: 6.00 Z: 5.00 @ http://localhost:3000/_next/static/chunks/0-ynv9eqilv7x.js:0
[   36451ms] [LOG] Player X: 0.00 Y: 6.00 Z: 5.00 @ http://localhost:3000/_next/static/chunks/0-ynv9eqilv7x.js:0
[   36454ms] [LOG] Player X: 0.00 Y: 6.00 Z: 5.00 @ http://localhost:3000/_next/static/chunks/0-ynv9eqilv7x.js:0
[   36458ms] [LOG] Player X: 0.00 Y: 6.00 Z: 5.00 @ http://localhost:3000/_next/static/chunks/0-ynv9eqilv7x.js:0
[   36461ms] [LOG] Player X: 0.00 Y: 6.00 Z: 5.00 @ http://localhost:3000/_next/static/chunks/0-ynv9eqilv7x.js:0
[   36464ms] [LOG] Player X: 0.00 Y: 6.00 Z: 5.00 @ http://localhost:3000/_next/static/chunks/0-ynv9eqilv7x.js:0
[   36468ms] [LOG] Player X: 0.00 Y: 6.00 Z: 5.00 @ http://localhost:3000/_next/static/chunks/0-ynv9eqilv7x.js:0
[   36471ms] [LOG] Player X: 0.00 Y: 6.00 Z: 5.00 @ http://localhost:3000/_next/static/chunks/0-ynv9eqilv7x.js:0
[   36474ms] [LOG] Player X: 0.00 Y: 6.00 Z: 5.00 @ http://localhost:3000/_next/static/chunks/0-ynv9eqilv7x.js:0
[   36478ms] [LOG] Player X: 0.00 Y: 6.00 Z: 5.00 @ http://localhost:3000/_next/static/chunks/0-ynv9eqilv7x.js:0
[   36481ms] [LOG] Player X: 0.00 Y: 6.00 Z: 5.00 @ http://localhost:3000/_next/static/chunks/0-ynv9eqilv7x.js:0
[   36484ms] [LOG] Player X: 0.00 Y: 6.00 Z: 5.00 @ http://localhost:3000/_next/static/chunks/0-ynv9eqilv7x.js:0
[   36487ms] [LOG] Player X: 0.00 Y: 6.00 Z: 5.00 @ http://localhost:3000/_next/static/chunks/0-ynv9eqilv7x.js:0
[   36491ms] [LOG] Player X: 0.00 Y: 6.00 Z: 5.00 @ http://localhost:3000/_next/static/chunks/0-ynv9eqilv7x.js:0
[   36494ms] [LOG] Player X: 0.00 Y: 6.00 Z: 5.00 @ http://localhost:3000/_next/static/chunks/0-ynv9eqilv7x.js:0
[   36497ms] [LOG] Player X: 0.00 Y: 6.00 Z: 5.00 @ http://localhost:3000/_next/static/chunks/0-ynv9eqilv7x.js:0
[   36501ms] [LOG] Player X: 0.00 Y: 6.00 Z: 5.00 @ http://localhost:3000/_next/static/chunks/0-ynv9eqilv7x.js:0
[   36504ms] [LOG] Player X: 0.00 Y: 6.00 Z: 5.00 @ http://localhost:3000/_next/static/chunks/0-ynv9eqilv7x.js:0
[   36507ms] [LOG] Player X: 0.00 Y: 6.00 Z: 5.00 @ http://localhost:3000/_next/static/chunks/0-ynv9eqilv7x.js:0
[   36511ms] [LOG] Player X: 0.00 Y: 6.00 Z: 5.00 @ http://localhost:3000/_next/static/chunks/0-ynv9eqilv7x.js:0
[   36514ms] [LOG] Player X: 0.00 Y: 6.00 Z: 5.00 @ http://localhost:3000/_next/static/chunks/0-ynv9eqilv7x.js:0
[   36517ms] [LOG] Player X: 0.00 Y: 6.00 Z: 5.00 @ http://localhost:3000/_next/static/chunks/0-ynv9eqilv7x.js:0
[   36521ms] [LOG] Player X: 0.00 Y: 6.00 Z: 5.00 @ http://localhost:3000/_next/static/chunks/0-ynv9eqilv7x.js:0
[   36524ms] [LOG] Player X: 0.00 Y: 6.00 Z: 5.00 @ http://localhost:3000/_next/static/chunks/0-ynv9eqilv7x.js:0
[   36527ms] [LOG] Player X: 0.00 Y: 6.00 Z: 5.00 @ http://localhost:3000/_next/static/chunks/0-ynv9eqilv7x.js:0
[   36531ms] [LOG] Player X: 0.00 Y: 6.00 Z: 5.00 @ http://localhost:3000/_next/static/chunks/0-ynv9eqilv7x.js:0
[   36534ms] [LOG] Player X: 0.00 Y: 6.00 Z: 5.00 @ http://localhost:3000/_next/static/chunks/0-ynv9eqilv7x.js:0
[   36538ms] [LOG] Player X: 0.00 Y: 6.00 Z: 5.00 @ http://localhost:3000/_next/static/chunks/0-ynv9eqilv7x.js:0
[   36541ms] [LOG] Player X: 0.00 Y: 6.00 Z: 5.00 @ http://localhost:3000/_next/static/chunks/0-ynv9eqilv7x.js:0
[   36544ms] [LOG] Player X: 0.00 Y: 6.00 Z: 5.00 @ http://localhost:3000/_next/static/chunks/0-ynv9eqilv7x.js:0
[   36547ms] [LOG] Player X: 0.00 Y: 6.00 Z: 5.00 @ http://localhost:3000/_next/static/chunks/0-ynv9eqilv7x.js:0
[   36551ms] [LOG] Player X: 0.00 Y: 6.00 Z: 5.00 @ http://localhost:3000/_next/static/chunks/0-ynv9eqilv7x.js:0
[   36554ms] [LOG] Player X: 0.00 Y: 6.00 Z: 5.00 @ http://localhost:3000/_next/static/chunks/0-ynv9eqilv7x.js:0
[   36558ms] [LOG] Player X: 0.00 Y: 6.00 Z: 5.00 @ http://localhost:3000/_next/static/chunks/0-ynv9eqilv7x.js:0
[   36561ms] [LOG] Player X: 0.00 Y: 6.00 Z: 5.00 @ http://localhost:3000/_next/static/chunks/0-ynv9eqilv7x.js:0
[   36564ms] [LOG] Player X: 0.00 Y: 6.00 Z: 5.00 @ http://localhost:3000/_next/static/chunks/0-ynv9eqilv7x.js:0
[   36567ms] [LOG] Player X: 0.00 Y: 6.00 Z: 5.00 @ http://localhost:3000/_next/static/chunks/0-ynv9eqilv7x.js:0
[   36571ms] [LOG] Player X: 0.00 Y: 6.00 Z: 5.00 @ http://localhost:3000/_next/static/chunks/0-ynv9eqilv7x.js:0
[   36574ms] [LOG] Player X: 0.00 Y: 6.00 Z: 5.00 @ http://localhost:3000/_next/static/chunks/0-ynv9eqilv7x.js:0
[   36578ms] [LOG] Player X: 0.00 Y: 6.00 Z: 5.00 @ http://localhost:3000/_next/static/chunks/0-ynv9eqilv7x.js:0
[   36581ms] [LOG] Player X: 0.00 Y: 6.00 Z: 5.00 @ http://localhost:3000/_next/static/chunks/0-ynv9eqilv7x.js:0
[   36584ms] [LOG] Player X: 0.00 Y: 6.00 Z: 5.00 @ http://localhost:3000/_next/static/chunks/0-ynv9eqilv7x.js:0
[   36587ms] [LOG] Player X: 0.00 Y: 6.00 Z: 5.00 @ http://localhost:3000/_next/static/chunks/0-ynv9eqilv7x.js:0
[   36591ms] [LOG] Player X: 0.00 Y: 6.00 Z: 5.00 @ http://localhost:3000/_next/static/chunks/0-ynv9eqilv7x.js:0
[   36594ms] [LOG] Player X: 0.00 Y: 6.00 Z: 5.00 @ http://localhost:3000/_next/static/chunks/0-ynv9eqilv7x.js:0
[   36597ms] [LOG] Player X: 0.00 Y: 6.00 Z: 5.00 @ http://localhost:3000/_next/static/chunks/0-ynv9eqilv7x.js:0
[   36601ms] [LOG] Player X: 0.00 Y: 6.00 Z: 5.00 @ http://localhost:3000/_next/static/chunks/0-ynv9eqilv7x.js:0
[   36604ms] [LOG] Player X: 0.00 Y: 6.00 Z: 5.00 @ http://localhost:3000/_next/static/chunks/0-ynv9eqilv7x.js:0
[   36607ms] [LOG] Player X: 0.00 Y: 6.00 Z: 5.00 @ http://localhost:3000/_next/static/chunks/0-ynv9eqilv7x.js:0
[   36611ms] [LOG] Player X: 0.00 Y: 6.00 Z: 5.00 @ http://localhost:3000/_next/static/chunks/0-ynv9eqilv7x.js:0
[   36614ms] [LOG] Player X: 0.00 Y: 6.00 Z: 5.00 @ http://localhost:3000/_next/static/chunks/0-ynv9eqilv7x.js:0
[   36618ms] [LOG] Player X: 0.00 Y: 6.00 Z: 5.00 @ http://localhost:3000/_next/static/chunks/0-ynv9eqilv7x.js:0
[   36621ms] [LOG] Player X: 0.00 Y: 6.00 Z: 5.00 @ http://localhost:3000/_next/static/chunks/0-ynv9eqilv7x.js:0
[   36624ms] [LOG] Player X: 0.00 Y: 6.00 Z: 5.00 @ http://localhost:3000/_next/static/chunks/0-ynv9eqilv7x.js:0
[   36627ms] [LOG] Player X: 0.00 Y: 6.00 Z: 5.00 @ http://localhost:3000/_next/static/chunks/0-ynv9eqilv7x.js:0
[   36631ms] [LOG] Player X: 0.00 Y: 6.00 Z: 5.00 @ http://localhost:3000/_next/static/chunks/0-ynv9eqilv7x.js:0
[   36634ms] [LOG] Player X: 0.00 Y: 6.00 Z: 5.00 @ http://localhost:3000/_next/static/chunks/0-ynv9eqilv7x.js:0
[   36637ms] [LOG] Player X: 0.00 Y: 6.00 Z: 5.00 @ http://localhost:3000/_next/static/chunks/0-ynv9eqilv7x.js:0
[   36641ms] [LOG] Player X: 0.00 Y: 6.00 Z: 5.00 @ http://localhost:3000/_next/static/chunks/0-ynv9eqilv7x.js:0
[   36644ms] [LOG] Player X: 0.00 Y: 6.00 Z: 5.00 @ http://localhost:3000/_next/static/chunks/0-ynv9eqilv7x.js:0
[   36647ms] [LOG] Player X: 0.00 Y: 6.00 Z: 5.00 @ http://localhost:3000/_next/static/chunks/0-ynv9eqilv7x.js:0
[   36651ms] [LOG] Player X: 0.00 Y: 6.00 Z: 5.00 @ http://localhost:3000/_next/static/chunks/0-ynv9eqilv7x.js:0
[   36654ms] [LOG] Player X: 0.00 Y: 6.00 Z: 5.00 @ http://localhost:3000/_next/static/chunks/0-ynv9eqilv7x.js:0
[   36658ms] [LOG] Player X: 0.00 Y: 6.00 Z: 5.00 @ http://localhost:3000/_next/static/chunks/0-ynv9eqilv7x.js:0
[   36661ms] [LOG] Player X: 0.00 Y: 6.00 Z: 5.00 @ http://localhost:3000/_next/static/chunks/0-ynv9eqilv7x.js:0
[   36664ms] [LOG] Player X: 0.00 Y: 6.00 Z: 5.00 @ http://localhost:3000/_next/static/chunks/0-ynv9eqilv7x.js:0
[   36669ms] [LOG] Player X: 0.00 Y: 6.00 Z: 5.00 @ http://localhost:3000/_next/static/chunks/0-ynv9eqilv7x.js:0
[   36671ms] [LOG] Player X: 0.00 Y: 6.00 Z: 5.00 @ http://localhost:3000/_next/static/chunks/0-ynv9eqilv7x.js:0
[   36676ms] [LOG] Player X: 0.00 Y: 6.00 Z: 5.00 @ http://localhost:3000/_next/static/chunks/0-ynv9eqilv7x.js:0
[   36677ms] [LOG] Player X: 0.00 Y: 6.00 Z: 5.00 @ http://localhost:3000/_next/static/chunks/0-ynv9eqilv7x.js:0
[   36681ms] [LOG] Player X: 0.00 Y: 6.00 Z: 5.00 @ http://localhost:3000/_next/static/chunks/0-ynv9eqilv7x.js:0
[   36684ms] [LOG] Player X: 0.00 Y: 6.00 Z: 5.00 @ http://localhost:3000/_next/static/chunks/0-ynv9eqilv7x.js:0
[   36687ms] [LOG] Player X: 0.00 Y: 6.00 Z: 5.00 @ http://localhost:3000/_next/static/chunks/0-ynv9eqilv7x.js:0
[   36691ms] [LOG] Player X: 0.00 Y: 6.00 Z: 5.00 @ http://localhost:3000/_next/static/chunks/0-ynv9eqilv7x.js:0
[   36694ms] [LOG] Player X: 0.00 Y: 6.00 Z: 5.00 @ http://localhost:3000/_next/static/chunks/0-ynv9eqilv7x.js:0
[   36697ms] [LOG] Player X: 0.00 Y: 6.00 Z: 5.00 @ http://localhost:3000/_next/static/chunks/0-ynv9eqilv7x.js:0
[   36701ms] [LOG] Player X: 0.00 Y: 6.00 Z: 5.00 @ http://localhost:3000/_next/static/chunks/0-ynv9eqilv7x.js:0
[   36704ms] [LOG] Player X: 0.00 Y: 6.00 Z: 5.00 @ http://localhost:3000/_next/static/chunks/0-ynv9eqilv7x.js:0
[   36707ms] [LOG] Player X: 0.00 Y: 6.00 Z: 5.00 @ http://localhost:3000/_next/static/chunks/0-ynv9eqilv7x.js:0
[   36711ms] [LOG] Player X: 0.00 Y: 6.00 Z: 5.00 @ http://localhost:3000/_next/static/chunks/0-ynv9eqilv7x.js:0
[   36714ms] [LOG] Player X: 0.00 Y: 6.00 Z: 5.00 @ http://localhost:3000/_next/static/chunks/0-ynv9eqilv7x.js:0
[   36717ms] [LOG] Player X: 0.00 Y: 6.00 Z: 5.00 @ http://localhost:3000/_next/static/chunks/0-ynv9eqilv7x.js:0
[   36721ms] [LOG] Player X: 0.00 Y: 6.00 Z: 5.00 @ http://localhost:3000/_next/static/chunks/0-ynv9eqilv7x.js:0
[   36724ms] [LOG] Player X: 0.00 Y: 6.00 Z: 5.00 @ http://localhost:3000/_next/static/chunks/0-ynv9eqilv7x.js:0
[   36727ms] [LOG] Player X: 0.00 Y: 6.00 Z: 5.00 @ http://localhost:3000/_next/static/chunks/0-ynv9eqilv7x.js:0
[   36731ms] [LOG] Player X: 0.00 Y: 6.00 Z: 5.00 @ http://localhost:3000/_next/static/chunks/0-ynv9eqilv7x.js:0
[   36734ms] [LOG] Player X: 0.00 Y: 6.00 Z: 5.00 @ http://localhost:3000/_next/static/chunks/0-ynv9eqilv7x.js:0
[   36738ms] [LOG] Player X: 0.00 Y: 6.00 Z: 5.00 @ http://localhost:3000/_next/static/chunks/0-ynv9eqilv7x.js:0
[   36741ms] [LOG] Player X: 0.00 Y: 6.00 Z: 5.00 @ http://localhost:3000/_next/static/chunks/0-ynv9eqilv7x.js:0
[   36744ms] [LOG] Player X: 0.00 Y: 6.00 Z: 5.00 @ http://localhost:3000/_next/static/chunks/0-ynv9eqilv7x.js:0
[   36747ms] [LOG] Player X: 0.00 Y: 6.00 Z: 5.00 @ http://localhost:3000/_next/static/chunks/0-ynv9eqilv7x.js:0
[   36751ms] [LOG] Player X: 0.00 Y: 6.00 Z: 5.00 @ http://localhost:3000/_next/static/chunks/0-ynv9eqilv7x.js:0
[   36754ms] [LOG] Player X: 0.00 Y: 6.00 Z: 5.00 @ http://localhost:3000/_next/static/chunks/0-ynv9eqilv7x.js:0
[   36757ms] [LOG] Player X: 0.00 Y: 6.00 Z: 5.00 @ http://localhost:3000/_next/static/chunks/0-ynv9eqilv7x.js:0
[   36761ms] [LOG] Player X: 0.00 Y: 6.00 Z: 5.00 @ http://localhost:3000/_next/static/chunks/0-ynv9eqilv7x.js:0
[   36764ms] [LOG] Player X: 0.00 Y: 6.00 Z: 5.00 @ http://localhost:3000/_next/static/chunks/0-ynv9eqilv7x.js:0
[   36767ms] [LOG] Player X: 0.00 Y: 6.00 Z: 5.00 @ http://localhost:3000/_next/static/chunks/0-ynv9eqilv7x.js:0
[   36771ms] [LOG] Player X: 0.00 Y: 6.00 Z: 5.00 @ http://localhost:3000/_next/static/chunks/0-ynv9eqilv7x.js:0
[   36774ms] [LOG] Player X: 0.00 Y: 6.00 Z: 5.00 @ http://localhost:3000/_next/static/chunks/0-ynv9eqilv7x.js:0
[   36777ms] [LOG] Player X: 0.00 Y: 6.00 Z: 5.00 @ http://localhost:3000/_next/static/chunks/0-ynv9eqilv7x.js:0
[   36781ms] [LOG] Player X: 0.00 Y: 6.00 Z: 5.00 @ http://localhost:3000/_next/static/chunks/0-ynv9eqilv7x.js:0
[   36784ms] [LOG] Player X: 0.00 Y: 6.00 Z: 5.00 @ http://localhost:3000/_next/static/chunks/0-ynv9eqilv7x.js:0
[   36787ms] [LOG] Player X: 0.00 Y: 6.00 Z: 5.00 @ http://localhost:3000/_next/static/chunks/0-ynv9eqilv7x.js:0
[   36791ms] [LOG] Player X: 0.00 Y: 6.00 Z: 5.00 @ http://localhost:3000/_next/static/chunks/0-ynv9eqilv7x.js:0
[   36794ms] [LOG] Player X: 0.00 Y: 6.00 Z: 5.00 @ http://localhost:3000/_next/static/chunks/0-ynv9eqilv7x.js:0
[   36797ms] [LOG] Player X: 0.00 Y: 6.00 Z: 5.00 @ http://localhost:3000/_next/static/chunks/0-ynv9eqilv7x.js:0
[   36801ms] [LOG] Player X: 0.00 Y: 6.00 Z: 5.00 @ http://localhost:3000/_next/static/chunks/0-ynv9eqilv7x.js:0
[   36804ms] [LOG] Player X: 0.00 Y: 6.00 Z: 5.00 @ http://localhost:3000/_next/static/chunks/0-ynv9eqilv7x.js:0
[   36808ms] [LOG] Player X: 0.00 Y: 6.00 Z: 5.00 @ http://localhost:3000/_next/static/chunks/0-ynv9eqilv7x.js:0
[   36811ms] [LOG] Player X: 0.00 Y: 6.00 Z: 5.00 @ http://localhost:3000/_next/static/chunks/0-ynv9eqilv7x.js:0
[   36814ms] [LOG] Player X: 0.00 Y: 6.00 Z: 5.00 @ http://localhost:3000/_next/static/chunks/0-ynv9eqilv7x.js:0
[   36817ms] [LOG] Player X: 0.00 Y: 6.00 Z: 5.00 @ http://localhost:3000/_next/static/chunks/0-ynv9eqilv7x.js:0
[   36821ms] [LOG] Player X: 0.00 Y: 6.00 Z: 5.00 @ http://localhost:3000/_next/static/chunks/0-ynv9eqilv7x.js:0
[   36825ms] [LOG] Player X: 0.00 Y: 6.00 Z: 5.00 @ http://localhost:3000/_next/static/chunks/0-ynv9eqilv7x.js:0
[   36828ms] [LOG] Player X: 0.00 Y: 6.00 Z: 5.00 @ http://localhost:3000/_next/static/chunks/0-ynv9eqilv7x.js:0
[   36831ms] [LOG] Player X: 0.00 Y: 6.00 Z: 5.00 @ http://localhost:3000/_next/static/chunks/0-ynv9eqilv7x.js:0
[   36834ms] [LOG] Player X: 0.00 Y: 6.00 Z: 5.00 @ http://localhost:3000/_next/static/chunks/0-ynv9eqilv7x.js:0
[   36837ms] [LOG] Player X: 0.00 Y: 6.00 Z: 5.00 @ http://localhost:3000/_next/static/chunks/0-ynv9eqilv7x.js:0
[   36841ms] [LOG] Player X: 0.00 Y: 6.00 Z: 5.00 @ http://localhost:3000/_next/static/chunks/0-ynv9eqilv7x.js:0
[   36844ms] [LOG] Player X: 0.00 Y: 6.00 Z: 5.00 @ http://localhost:3000/_next/static/chunks/0-ynv9eqilv7x.js:0
[   36847ms] [LOG] Player X: 0.00 Y: 6.00 Z: 5.00 @ http://localhost:3000/_next/static/chunks/0-ynv9eqilv7x.js:0
[   36851ms] [LOG] Player X: 0.00 Y: 6.00 Z: 5.00 @ http://localhost:3000/_next/static/chunks/0-ynv9eqilv7x.js:0
[   36854ms] [LOG] Player X: 0.00 Y: 6.00 Z: 5.00 @ http://localhost:3000/_next/static/chunks/0-ynv9eqilv7x.js:0
[   36857ms] [LOG] Player X: 0.00 Y: 6.00 Z: 5.00 @ http://localhost:3000/_next/static/chunks/0-ynv9eqilv7x.js:0
[   36861ms] [LOG] Player X: 0.00 Y: 6.00 Z: 5.00 @ http://localhost:3000/_next/static/chunks/0-ynv9eqilv7x.js:0
[   36864ms] [LOG] Player X: 0.00 Y: 6.00 Z: 5.00 @ http://localhost:3000/_next/static/chunks/0-ynv9eqilv7x.js:0
[   36867ms] [LOG] Player X: 0.00 Y: 6.00 Z: 5.00 @ http://localhost:3000/_next/static/chunks/0-ynv9eqilv7x.js:0
[   36871ms] [LOG] Player X: 0.00 Y: 6.00 Z: 5.00 @ http://localhost:3000/_next/static/chunks/0-ynv9eqilv7x.js:0
[   36874ms] [LOG] Player X: 0.00 Y: 6.00 Z: 5.00 @ http://localhost:3000/_next/static/chunks/0-ynv9eqilv7x.js:0
[   36877ms] [LOG] Player X: 0.00 Y: 6.00 Z: 5.00 @ http://localhost:3000/_next/static/chunks/0-ynv9eqilv7x.js:0
[   36881ms] [LOG] Player X: 0.00 Y: 6.00 Z: 5.00 @ http://localhost:3000/_next/static/chunks/0-ynv9eqilv7x.js:0
[   36884ms] [LOG] Player X: 0.00 Y: 6.00 Z: 5.00 @ http://localhost:3000/_next/static/chunks/0-ynv9eqilv7x.js:0
[   36887ms] [LOG] Player X: 0.00 Y: 6.00 Z: 5.00 @ http://localhost:3000/_next/static/chunks/0-ynv9eqilv7x.js:0
[   36891ms] [LOG] Player X: 0.00 Y: 6.00 Z: 5.00 @ http://localhost:3000/_next/static/chunks/0-ynv9eqilv7x.js:0
[   36894ms] [LOG] Player X: 0.00 Y: 6.00 Z: 5.00 @ http://localhost:3000/_next/static/chunks/0-ynv9eqilv7x.js:0
[   36898ms] [LOG] Player X: 0.00 Y: 6.00 Z: 5.00 @ http://localhost:3000/_next/static/chunks/0-ynv9eqilv7x.js:0
[   36901ms] [LOG] Player X: 0.00 Y: 6.00 Z: 5.00 @ http://localhost:3000/_next/static/chunks/0-ynv9eqilv7x.js:0
[   36904ms] [LOG] Player X: 0.00 Y: 6.00 Z: 5.00 @ http://localhost:3000/_next/static/chunks/0-ynv9eqilv7x.js:0
[   36907ms] [LOG] Player X: 0.00 Y: 6.00 Z: 5.00 @ http://localhost:3000/_next/static/chunks/0-ynv9eqilv7x.js:0
[   36911ms] [LOG] Player X: 0.00 Y: 6.00 Z: 5.00 @ http://localhost:3000/_next/static/chunks/0-ynv9eqilv7x.js:0
[   36914ms] [LOG] Player X: 0.00 Y: 6.00 Z: 5.00 @ http://localhost:3000/_next/static/chunks/0-ynv9eqilv7x.js:0
[   36917ms] [LOG] Player X: 0.00 Y: 6.00 Z: 5.00 @ http://localhost:3000/_next/static/chunks/0-ynv9eqilv7x.js:0
[   36921ms] [LOG] Player X: 0.00 Y: 6.00 Z: 5.00 @ http://localhost:3000/_next/static/chunks/0-ynv9eqilv7x.js:0
[   36924ms] [LOG] Player X: 0.00 Y: 6.00 Z: 5.00 @ http://localhost:3000/_next/static/chunks/0-ynv9eqilv7x.js:0
[   36927ms] [LOG] Player X: 0.00 Y: 6.00 Z: 5.00 @ http://localhost:3000/_next/static/chunks/0-ynv9eqilv7x.js:0
[   36931ms] [LOG] Player X: 0.00 Y: 6.00 Z: 5.00 @ http://localhost:3000/_next/static/chunks/0-ynv9eqilv7x.js:0
[   36934ms] [LOG] Player X: 0.00 Y: 6.00 Z: 5.00 @ http://localhost:3000/_next/static/chunks/0-ynv9eqilv7x.js:0
[   36938ms] [LOG] Player X: 0.00 Y: 6.00 Z: 5.00 @ http://localhost:3000/_next/static/chunks/0-ynv9eqilv7x.js:0
[   36941ms] [LOG] Player X: 0.00 Y: 6.00 Z: 5.00 @ http://localhost:3000/_next/static/chunks/0-ynv9eqilv7x.js:0
[   36944ms] [LOG] Player X: 0.00 Y: 6.00 Z: 5.00 @ http://localhost:3000/_next/static/chunks/0-ynv9eqilv7x.js:0
[   36948ms] [LOG] Player X: 0.00 Y: 6.00 Z: 5.00 @ http://localhost:3000/_next/static/chunks/0-ynv9eqilv7x.js:0
[   36951ms] [LOG] Player X: 0.00 Y: 6.00 Z: 5.00 @ http://localhost:3000/_next/static/chunks/0-ynv9eqilv7x.js:0
[   36954ms] [LOG] Player X: 0.00 Y: 6.00 Z: 5.00 @ http://localhost:3000/_next/static/chunks/0-ynv9eqilv7x.js:0
[   36958ms] [LOG] Player X: 0.00 Y: 6.00 Z: 5.00 @ http://localhost:3000/_next/static/chunks/0-ynv9eqilv7x.js:0
[   36961ms] [LOG] Player X: 0.00 Y: 6.00 Z: 5.00 @ http://localhost:3000/_next/static/chunks/0-ynv9eqilv7x.js:0
[   36964ms] [LOG] Player X: 0.00 Y: 6.00 Z: 5.00 @ http://localhost:3000/_next/static/chunks/0-ynv9eqilv7x.js:0
[   36967ms] [LOG] Player X: 0.00 Y: 6.00 Z: 5.00 @ http://localhost:3000/_next/static/chunks/0-ynv9eqilv7x.js:0
[   36971ms] [LOG] Player X: 0.00 Y: 6.00 Z: 5.00 @ http://localhost:3000/_next/static/chunks/0-ynv9eqilv7x.js:0
[   36974ms] [LOG] Player X: 0.00 Y: 6.00 Z: 5.00 @ http://localhost:3000/_next/static/chunks/0-ynv9eqilv7x.js:0
[   36977ms] [LOG] Player X: 0.00 Y: 6.00 Z: 5.00 @ http://localhost:3000/_next/static/chunks/0-ynv9eqilv7x.js:0
[   36981ms] [LOG] Player X: 0.00 Y: 6.00 Z: 5.00 @ http://localhost:3000/_next/static/chunks/0-ynv9eqilv7x.js:0
[   36984ms] [LOG] Player X: 0.00 Y: 6.00 Z: 5.00 @ http://localhost:3000/_next/static/chunks/0-ynv9eqilv7x.js:0
[   36987ms] [LOG] Player X: 0.00 Y: 6.00 Z: 5.00 @ http://localhost:3000/_next/static/chunks/0-ynv9eqilv7x.js:0
[   36991ms] [LOG] Player X: 0.00 Y: 6.00 Z: 5.00 @ http://localhost:3000/_next/static/chunks/0-ynv9eqilv7x.js:0
[   36994ms] [LOG] Player X: 0.00 Y: 6.00 Z: 5.00 @ http://localhost:3000/_next/static/chunks/0-ynv9eqilv7x.js:0
[   36997ms] [LOG] Player X: 0.00 Y: 6.00 Z: 5.00 @ http://localhost:3000/_next/static/chunks/0-ynv9eqilv7x.js:0
[   37001ms] [LOG] Player X: 0.00 Y: 6.00 Z: 5.00 @ http://localhost:3000/_next/static/chunks/0-ynv9eqilv7x.js:0
[   37004ms] [LOG] Player X: 0.00 Y: 6.00 Z: 5.00 @ http://localhost:3000/_next/static/chunks/0-ynv9eqilv7x.js:0
[   37007ms] [LOG] Player X: 0.00 Y: 6.00 Z: 5.00 @ http://localhost:3000/_next/static/chunks/0-ynv9eqilv7x.js:0
[   37011ms] [LOG] Player X: 0.00 Y: 6.00 Z: 5.00 @ http://localhost:3000/_next/static/chunks/0-ynv9eqilv7x.js:0
[   37014ms] [LOG] Player X: 0.00 Y: 6.00 Z: 5.00 @ http://localhost:3000/_next/static/chunks/0-ynv9eqilv7x.js:0
[   37017ms] [LOG] Player X: 0.00 Y: 6.00 Z: 5.00 @ http://localhost:3000/_next/static/chunks/0-ynv9eqilv7x.js:0
[   37021ms] [LOG] Player X: 0.00 Y: 6.00 Z: 5.00 @ http://localhost:3000/_next/static/chunks/0-ynv9eqilv7x.js:0
[   37024ms] [LOG] Player X: 0.00 Y: 6.00 Z: 5.00 @ http://localhost:3000/_next/static/chunks/0-ynv9eqilv7x.js:0
[   37027ms] [LOG] Player X: 0.00 Y: 6.00 Z: 5.00 @ http://localhost:3000/_next/static/chunks/0-ynv9eqilv7x.js:0
[   37031ms] [LOG] Player X: 0.00 Y: 6.00 Z: 5.00 @ http://localhost:3000/_next/static/chunks/0-ynv9eqilv7x.js:0
[   37034ms] [LOG] Player X: 0.00 Y: 6.00 Z: 5.00 @ http://localhost:3000/_next/static/chunks/0-ynv9eqilv7x.js:0
[   37037ms] [LOG] Player X: 0.00 Y: 6.00 Z: 5.00 @ http://localhost:3000/_next/static/chunks/0-ynv9eqilv7x.js:0
[   37041ms] [LOG] Player X: 0.00 Y: 6.00 Z: 5.00 @ http://localhost:3000/_next/static/chunks/0-ynv9eqilv7x.js:0
[   37044ms] [LOG] Player X: 0.00 Y: 6.00 Z: 5.00 @ http://localhost:3000/_next/static/chunks/0-ynv9eqilv7x.js:0
[   37047ms] [LOG] Player X: 0.00 Y: 6.00 Z: 5.00 @ http://localhost:3000/_next/static/chunks/0-ynv9eqilv7x.js:0
[   37051ms] [LOG] Player X: 0.00 Y: 6.00 Z: 5.00 @ http://localhost:3000/_next/static/chunks/0-ynv9eqilv7x.js:0
[   37054ms] [LOG] Player X: 0.00 Y: 6.00 Z: 5.00 @ http://localhost:3000/_next/static/chunks/0-ynv9eqilv7x.js:0
[   37057ms] [LOG] Player X: 0.00 Y: 6.00 Z: 5.00 @ http://localhost:3000/_next/static/chunks/0-ynv9eqilv7x.js:0
[   37061ms] [LOG] Player X: 0.00 Y: 6.00 Z: 5.00 @ http://localhost:3000/_next/static/chunks/0-ynv9eqilv7x.js:0
[   37064ms] [LOG] Player X: 0.00 Y: 6.00 Z: 5.00 @ http://localhost:3000/_next/static/chunks/0-ynv9eqilv7x.js:0
[   37067ms] [LOG] Player X: 0.00 Y: 6.00 Z: 5.00 @ http://localhost:3000/_next/static/chunks/0-ynv9eqilv7x.js:0
[   37071ms] [LOG] Player X: 0.00 Y: 6.00 Z: 5.00 @ http://localhost:3000/_next/static/chunks/0-ynv9eqilv7x.js:0
[   37074ms] [LOG] Player X: 0.00 Y: 6.00 Z: 5.00 @ http://localhost:3000/_next/static/chunks/0-ynv9eqilv7x.js:0
[   37077ms] [LOG] Player X: 0.00 Y: 6.00 Z: 5.00 @ http://localhost:3000/_next/static/chunks/0-ynv9eqilv7x.js:0
[   37081ms] [LOG] Player X: 0.00 Y: 6.00 Z: 5.00 @ http://localhost:3000/_next/static/chunks/0-ynv9eqilv7x.js:0
[   37084ms] [LOG] Player X: 0.00 Y: 6.00 Z: 5.00 @ http://localhost:3000/_next/static/chunks/0-ynv9eqilv7x.js:0
[   37087ms] [LOG] Player X: 0.00 Y: 6.00 Z: 5.00 @ http://localhost:3000/_next/static/chunks/0-ynv9eqilv7x.js:0
[   37091ms] [LOG] Player X: 0.00 Y: 6.00 Z: 5.00 @ http://localhost:3000/_next/static/chunks/0-ynv9eqilv7x.js:0
[   37094ms] [LOG] Player X: 0.00 Y: 6.00 Z: 5.00 @ http://localhost:3000/_next/static/chunks/0-ynv9eqilv7x.js:0
[   37097ms] [LOG] Player X: 0.00 Y: 6.00 Z: 5.00 @ http://localhost:3000/_next/static/chunks/0-ynv9eqilv7x.js:0
[   37101ms] [LOG] Player X: 0.00 Y: 6.00 Z: 5.00 @ http://localhost:3000/_next/static/chunks/0-ynv9eqilv7x.js:0
[   37104ms] [LOG] Player X: 0.00 Y: 6.00 Z: 5.00 @ http://localhost:3000/_next/static/chunks/0-ynv9eqilv7x.js:0
[   37107ms] [LOG] Player X: 0.00 Y: 6.00 Z: 5.00 @ http://localhost:3000/_next/static/chunks/0-ynv9eqilv7x.js:0
[   37111ms] [LOG] Player X: 0.00 Y: 6.00 Z: 5.00 @ http://localhost:3000/_next/static/chunks/0-ynv9eqilv7x.js:0
[   37114ms] [LOG] Player X: 0.00 Y: 6.00 Z: 5.00 @ http://localhost:3000/_next/static/chunks/0-ynv9eqilv7x.js:0
[   37118ms] [LOG] Player X: 0.00 Y: 6.00 Z: 5.00 @ http://localhost:3000/_next/static/chunks/0-ynv9eqilv7x.js:0
[   37121ms] [LOG] Player X: 0.00 Y: 6.00 Z: 5.00 @ http://localhost:3000/_next/static/chunks/0-ynv9eqilv7x.js:0
[   37124ms] [LOG] Player X: 0.00 Y: 6.00 Z: 5.00 @ http://localhost:3000/_next/static/chunks/0-ynv9eqilv7x.js:0
[   37128ms] [LOG] Player X: 0.00 Y: 6.00 Z: 5.00 @ http://localhost:3000/_next/static/chunks/0-ynv9eqilv7x.js:0
[   37131ms] [LOG] Player X: 0.00 Y: 6.00 Z: 5.00 @ http://localhost:3000/_next/static/chunks/0-ynv9eqilv7x.js:0
[   37134ms] [LOG] Player X: 0.00 Y: 6.00 Z: 5.00 @ http://localhost:3000/_next/static/chunks/0-ynv9eqilv7x.js:0
[   37138ms] [LOG] Player X: 0.00 Y: 6.00 Z: 5.00 @ http://localhost:3000/_next/static/chunks/0-ynv9eqilv7x.js:0
[   37141ms] [LOG] Player X: 0.00 Y: 6.00 Z: 5.00 @ http://localhost:3000/_next/static/chunks/0-ynv9eqilv7x.js:0
[   37144ms] [LOG] Player X: 0.00 Y: 6.00 Z: 5.00 @ http://localhost:3000/_next/static/chunks/0-ynv9eqilv7x.js:0
[   37148ms] [LOG] Player X: 0.00 Y: 6.00 Z: 5.00 @ http://localhost:3000/_next/static/chunks/0-ynv9eqilv7x.js:0
[   37151ms] [LOG] Player X: 0.00 Y: 6.00 Z: 5.00 @ http://localhost:3000/_next/static/chunks/0-ynv9eqilv7x.js:0
[   37154ms] [LOG] Player X: 0.00 Y: 6.00 Z: 5.00 @ http://localhost:3000/_next/static/chunks/0-ynv9eqilv7x.js:0
[   37158ms] [LOG] Player X: 0.00 Y: 6.00 Z: 5.00 @ http://localhost:3000/_next/static/chunks/0-ynv9eqilv7x.js:0
[   37161ms] [LOG] Player X: 0.00 Y: 6.00 Z: 5.00 @ http://localhost:3000/_next/static/chunks/0-ynv9eqilv7x.js:0
[   37164ms] [LOG] Player X: 0.00 Y: 6.00 Z: 5.00 @ http://localhost:3000/_next/static/chunks/0-ynv9eqilv7x.js:0
[   37167ms] [LOG] Player X: 0.00 Y: 6.00 Z: 5.00 @ http://localhost:3000/_next/static/chunks/0-ynv9eqilv7x.js:0
[   37171ms] [LOG] Player X: 0.00 Y: 6.00 Z: 5.00 @ http://localhost:3000/_next/static/chunks/0-ynv9eqilv7x.js:0
[   37174ms] [LOG] Player X: 0.00 Y: 6.00 Z: 5.00 @ http://localhost:3000/_next/static/chunks/0-ynv9eqilv7x.js:0
[   37177ms] [LOG] Player X: 0.00 Y: 6.00 Z: 5.00 @ http://localhost:3000/_next/static/chunks/0-ynv9eqilv7x.js:0
[   37181ms] [LOG] Player X: 0.00 Y: 6.00 Z: 5.00 @ http://localhost:3000/_next/static/chunks/0-ynv9eqilv7x.js:0
[   37184ms] [LOG] Player X: 0.00 Y: 6.00 Z: 5.00 @ http://localhost:3000/_next/static/chunks/0-ynv9eqilv7x.js:0
[   37188ms] [LOG] Player X: 0.00 Y: 6.00 Z: 5.00 @ http://localhost:3000/_next/static/chunks/0-ynv9eqilv7x.js:0
[   37191ms] [LOG] Player X: 0.00 Y: 6.00 Z: 5.00 @ http://localhost:3000/_next/static/chunks/0-ynv9eqilv7x.js:0
[   37194ms] [LOG] Player X: 0.00 Y: 6.00 Z: 5.00 @ http://localhost:3000/_next/static/chunks/0-ynv9eqilv7x.js:0
[   37198ms] [LOG] Player X: 0.00 Y: 6.00 Z: 5.00 @ http://localhost:3000/_next/static/chunks/0-ynv9eqilv7x.js:0
[   37201ms] [LOG] Player X: 0.00 Y: 6.00 Z: 5.00 @ http://localhost:3000/_next/static/chunks/0-ynv9eqilv7x.js:0
[   37204ms] [LOG] Player X: 0.00 Y: 6.00 Z: 5.00 @ http://localhost:3000/_next/static/chunks/0-ynv9eqilv7x.js:0
[   37208ms] [LOG] Player X: 0.00 Y: 6.00 Z: 5.00 @ http://localhost:3000/_next/static/chunks/0-ynv9eqilv7x.js:0
[   37211ms] [LOG] Player X: 0.00 Y: 6.00 Z: 5.00 @ http://localhost:3000/_next/static/chunks/0-ynv9eqilv7x.js:0
[   37214ms] [LOG] Player X: 0.00 Y: 6.00 Z: 5.00 @ http://localhost:3000/_next/static/chunks/0-ynv9eqilv7x.js:0
[   37218ms] [LOG] Player X: 0.00 Y: 6.00 Z: 5.00 @ http://localhost:3000/_next/static/chunks/0-ynv9eqilv7x.js:0
[   37221ms] [LOG] Player X: 0.00 Y: 6.00 Z: 5.00 @ http://localhost:3000/_next/static/chunks/0-ynv9eqilv7x.js:0
[   37224ms] [LOG] Player X: 0.00 Y: 6.00 Z: 5.00 @ http://localhost:3000/_next/static/chunks/0-ynv9eqilv7x.js:0
[   37228ms] [LOG] Player X: 0.00 Y: 6.00 Z: 5.00 @ http://localhost:3000/_next/static/chunks/0-ynv9eqilv7x.js:0
[   37231ms] [LOG] Player X: 0.00 Y: 6.00 Z: 5.00 @ http://localhost:3000/_next/static/chunks/0-ynv9eqilv7x.js:0
[   37234ms] [LOG] Player X: 0.00 Y: 6.00 Z: 5.00 @ http://localhost:3000/_next/static/chunks/0-ynv9eqilv7x.js:0
[   37238ms] [LOG] Player X: 0.00 Y: 6.00 Z: 5.00 @ http://localhost:3000/_next/static/chunks/0-ynv9eqilv7x.js:0
[   37241ms] [LOG] Player X: 0.00 Y: 6.00 Z: 5.00 @ http://localhost:3000/_next/static/chunks/0-ynv9eqilv7x.js:0
[   37244ms] [LOG] Player X: 0.00 Y: 6.00 Z: 5.00 @ http://localhost:3000/_next/static/chunks/0-ynv9eqilv7x.js:0
[   37247ms] [LOG] Player X: 0.00 Y: 6.00 Z: 5.00 @ http://localhost:3000/_next/static/chunks/0-ynv9eqilv7x.js:0
[   37251ms] [LOG] Player X: 0.00 Y: 6.00 Z: 5.00 @ http://localhost:3000/_next/static/chunks/0-ynv9eqilv7x.js:0
[   37254ms] [LOG] Player X: 0.00 Y: 6.00 Z: 5.00 @ http://localhost:3000/_next/static/chunks/0-ynv9eqilv7x.js:0
[   37257ms] [LOG] Player X: 0.00 Y: 6.00 Z: 5.00 @ http://localhost:3000/_next/static/chunks/0-ynv9eqilv7x.js:0
[   37261ms] [LOG] Player X: 0.00 Y: 6.00 Z: 5.00 @ http://localhost:3000/_next/static/chunks/0-ynv9eqilv7x.js:0
[   37264ms] [LOG] Player X: 0.00 Y: 6.00 Z: 5.00 @ http://localhost:3000/_next/static/chunks/0-ynv9eqilv7x.js:0
[   37267ms] [LOG] Player X: 0.00 Y: 6.00 Z: 5.00 @ http://localhost:3000/_next/static/chunks/0-ynv9eqilv7x.js:0
[   37271ms] [LOG] Player X: 0.00 Y: 6.00 Z: 5.00 @ http://localhost:3000/_next/static/chunks/0-ynv9eqilv7x.js:0
[   37274ms] [LOG] Player X: 0.00 Y: 6.00 Z: 5.00 @ http://localhost:3000/_next/static/chunks/0-ynv9eqilv7x.js:0
[   37277ms] [LOG] Player X: 0.00 Y: 6.00 Z: 5.00 @ http://localhost:3000/_next/static/chunks/0-ynv9eqilv7x.js:0
[   37281ms] [LOG] Player X: 0.00 Y: 6.00 Z: 5.00 @ http://localhost:3000/_next/static/chunks/0-ynv9eqilv7x.js:0
[   37284ms] [LOG] Player X: 0.00 Y: 6.00 Z: 5.00 @ http://localhost:3000/_next/static/chunks/0-ynv9eqilv7x.js:0
[   37287ms] [LOG] Player X: 0.00 Y: 6.00 Z: 5.00 @ http://localhost:3000/_next/static/chunks/0-ynv9eqilv7x.js:0
[   37291ms] [LOG] Player X: 0.00 Y: 6.00 Z: 5.00 @ http://localhost:3000/_next/static/chunks/0-ynv9eqilv7x.js:0
[   37294ms] [LOG] Player X: 0.00 Y: 6.00 Z: 5.00 @ http://localhost:3000/_next/static/chunks/0-ynv9eqilv7x.js:0
[   37297ms] [LOG] Player X: 0.00 Y: 6.00 Z: 5.00 @ http://localhost:3000/_next/static/chunks/0-ynv9eqilv7x.js:0
[   37301ms] [LOG] Player X: 0.00 Y: 6.00 Z: 5.00 @ http://localhost:3000/_next/static/chunks/0-ynv9eqilv7x.js:0
[   37304ms] [LOG] Player X: 0.00 Y: 6.00 Z: 5.00 @ http://localhost:3000/_next/static/chunks/0-ynv9eqilv7x.js:0
[   37307ms] [LOG] Player X: 0.00 Y: 6.00 Z: 5.00 @ http://localhost:3000/_next/static/chunks/0-ynv9eqilv7x.js:0
[   37311ms] [LOG] Player X: 0.00 Y: 6.00 Z: 5.00 @ http://localhost:3000/_next/static/chunks/0-ynv9eqilv7x.js:0
[   37314ms] [LOG] Player X: 0.00 Y: 6.00 Z: 5.00 @ http://localhost:3000/_next/static/chunks/0-ynv9eqilv7x.js:0
[   37318ms] [LOG] Player X: 0.00 Y: 6.00 Z: 5.00 @ http://localhost:3000/_next/static/chunks/0-ynv9eqilv7x.js:0
[   37321ms] [LOG] Player X: 0.00 Y: 6.00 Z: 5.00 @ http://localhost:3000/_next/static/chunks/0-ynv9eqilv7x.js:0
[   37324ms] [LOG] Player X: 0.00 Y: 6.00 Z: 5.00 @ http://localhost:3000/_next/static/chunks/0-ynv9eqilv7x.js:0
[   37328ms] [LOG] Player X: 0.00 Y: 6.00 Z: 5.00 @ http://localhost:3000/_next/static/chunks/0-ynv9eqilv7x.js:0
[   37331ms] [LOG] Player X: 0.00 Y: 6.00 Z: 5.00 @ http://localhost:3000/_next/static/chunks/0-ynv9eqilv7x.js:0
[   37334ms] [LOG] Player X: 0.00 Y: 6.00 Z: 5.00 @ http://localhost:3000/_next/static/chunks/0-ynv9eqilv7x.js:0
[   37337ms] [LOG] Player X: 0.00 Y: 6.00 Z: 5.00 @ http://localhost:3000/_next/static/chunks/0-ynv9eqilv7x.js:0
[   37341ms] [LOG] Player X: 0.00 Y: 6.00 Z: 5.00 @ http://localhost:3000/_next/static/chunks/0-ynv9eqilv7x.js:0
[   37344ms] [LOG] Player X: 0.00 Y: 6.00 Z: 5.00 @ http://localhost:3000/_next/static/chunks/0-ynv9eqilv7x.js:0
[   37347ms] [LOG] Player X: 0.00 Y: 6.00 Z: 5.00 @ http://localhost:3000/_next/static/chunks/0-ynv9eqilv7x.js:0
[   37351ms] [LOG] Player X: 0.00 Y: 6.00 Z: 5.00 @ http://localhost:3000/_next/static/chunks/0-ynv9eqilv7x.js:0
[   37354ms] [LOG] Player X: 0.00 Y: 6.00 Z: 5.00 @ http://localhost:3000/_next/static/chunks/0-ynv9eqilv7x.js:0
[   37357ms] [LOG] Player X: 0.00 Y: 6.00 Z: 5.00 @ http://localhost:3000/_next/static/chunks/0-ynv9eqilv7x.js:0
[   37361ms] [LOG] Player X: 0.00 Y: 6.00 Z: 5.00 @ http://localhost:3000/_next/static/chunks/0-ynv9eqilv7x.js:0
[   37364ms] [LOG] Player X: 0.00 Y: 6.00 Z: 5.00 @ http://localhost:3000/_next/static/chunks/0-ynv9eqilv7x.js:0
[   37367ms] [LOG] Player X: 0.00 Y: 6.00 Z: 5.00 @ http://localhost:3000/_next/static/chunks/0-ynv9eqilv7x.js:0
[   37371ms] [LOG] Player X: 0.00 Y: 6.00 Z: 5.00 @ http://localhost:3000/_next/static/chunks/0-ynv9eqilv7x.js:0
[   37374ms] [LOG] Player X: 0.00 Y: 6.00 Z: 5.00 @ http://localhost:3000/_next/static/chunks/0-ynv9eqilv7x.js:0
[   37377ms] [LOG] Player X: 0.00 Y: 6.00 Z: 5.00 @ http://localhost:3000/_next/static/chunks/0-ynv9eqilv7x.js:0
[   37381ms] [LOG] Player X: 0.00 Y: 6.00 Z: 5.00 @ http://localhost:3000/_next/static/chunks/0-ynv9eqilv7x.js:0
[   37384ms] [LOG] Player X: 0.00 Y: 6.00 Z: 5.00 @ http://localhost:3000/_next/static/chunks/0-ynv9eqilv7x.js:0
[   37387ms] [LOG] Player X: 0.00 Y: 6.00 Z: 5.00 @ http://localhost:3000/_next/static/chunks/0-ynv9eqilv7x.js:0
[   37391ms] [LOG] Player X: 0.00 Y: 6.00 Z: 5.00 @ http://localhost:3000/_next/static/chunks/0-ynv9eqilv7x.js:0
[   37394ms] [LOG] Player X: 0.00 Y: 6.00 Z: 5.00 @ http://localhost:3000/_next/static/chunks/0-ynv9eqilv7x.js:0
[   37397ms] [LOG] Player X: 0.00 Y: 6.00 Z: 5.00 @ http://localhost:3000/_next/static/chunks/0-ynv9eqilv7x.js:0
[   37401ms] [LOG] Player X: 0.00 Y: 6.00 Z: 5.00 @ http://localhost:3000/_next/static/chunks/0-ynv9eqilv7x.js:0
[   37404ms] [LOG] Player X: 0.00 Y: 6.00 Z: 5.00 @ http://localhost:3000/_next/static/chunks/0-ynv9eqilv7x.js:0
[   37407ms] [LOG] Player X: 0.00 Y: 6.00 Z: 5.00 @ http://localhost:3000/_next/static/chunks/0-ynv9eqilv7x.js:0
[   37411ms] [LOG] Player X: 0.00 Y: 6.00 Z: 5.00 @ http://localhost:3000/_next/static/chunks/0-ynv9eqilv7x.js:0
[   37414ms] [LOG] Player X: 0.00 Y: 6.00 Z: 5.00 @ http://localhost:3000/_next/static/chunks/0-ynv9eqilv7x.js:0
[   37417ms] [LOG] Player X: 0.00 Y: 6.00 Z: 5.00 @ http://localhost:3000/_next/static/chunks/0-ynv9eqilv7x.js:0
[   37421ms] [LOG] Player X: 0.00 Y: 6.00 Z: 5.00 @ http://localhost:3000/_next/static/chunks/0-ynv9eqilv7x.js:0
[   37424ms] [LOG] Player X: 0.00 Y: 6.00 Z: 5.00 @ http://localhost:3000/_next/static/chunks/0-ynv9eqilv7x.js:0
[   37428ms] [LOG] Player X: 0.00 Y: 6.00 Z: 5.00 @ http://localhost:3000/_next/static/chunks/0-ynv9eqilv7x.js:0
[   37431ms] [LOG] Player X: 0.00 Y: 6.00 Z: 5.00 @ http://localhost:3000/_next/static/chunks/0-ynv9eqilv7x.js:0
[   37434ms] [LOG] Player X: 0.00 Y: 6.00 Z: 5.00 @ http://localhost:3000/_next/static/chunks/0-ynv9eqilv7x.js:0
[   37438ms] [LOG] Player X: 0.00 Y: 6.00 Z: 5.00 @ http://localhost:3000/_next/static/chunks/0-ynv9eqilv7x.js:0
[   37441ms] [LOG] Player X: 0.00 Y: 6.00 Z: 5.00 @ http://localhost:3000/_next/static/chunks/0-ynv9eqilv7x.js:0
[   37444ms] [LOG] Player X: 0.00 Y: 6.00 Z: 5.00 @ http://localhost:3000/_next/static/chunks/0-ynv9eqilv7x.js:0
[   37447ms] [LOG] Player X: 0.00 Y: 6.00 Z: 5.00 @ http://localhost:3000/_next/static/chunks/0-ynv9eqilv7x.js:0
[   37451ms] [LOG] Player X: 0.00 Y: 6.00 Z: 5.00 @ http://localhost:3000/_next/static/chunks/0-ynv9eqilv7x.js:0
[   37454ms] [LOG] Player X: 0.00 Y: 6.00 Z: 5.00 @ http://localhost:3000/_next/static/chunks/0-ynv9eqilv7x.js:0
[   37458ms] [LOG] Player X: 0.00 Y: 6.00 Z: 5.00 @ http://localhost:3000/_next/static/chunks/0-ynv9eqilv7x.js:0
[   37461ms] [LOG] Player X: 0.00 Y: 6.00 Z: 5.00 @ http://localhost:3000/_next/static/chunks/0-ynv9eqilv7x.js:0
[   37464ms] [LOG] Player X: 0.00 Y: 6.00 Z: 5.00 @ http://localhost:3000/_next/static/chunks/0-ynv9eqilv7x.js:0
[   37467ms] [LOG] Player X: 0.00 Y: 6.00 Z: 5.00 @ http://localhost:3000/_next/static/chunks/0-ynv9eqilv7x.js:0
[   37471ms] [LOG] Player X: 0.00 Y: 6.00 Z: 5.00 @ http://localhost:3000/_next/static/chunks/0-ynv9eqilv7x.js:0
[   37474ms] [LOG] Player X: 0.00 Y: 6.00 Z: 5.00 @ http://localhost:3000/_next/static/chunks/0-ynv9eqilv7x.js:0
[   37477ms] [LOG] Player X: 0.00 Y: 6.00 Z: 5.00 @ http://localhost:3000/_next/static/chunks/0-ynv9eqilv7x.js:0
[   37481ms] [LOG] Player X: 0.00 Y: 6.00 Z: 5.00 @ http://localhost:3000/_next/static/chunks/0-ynv9eqilv7x.js:0
[   37484ms] [LOG] Player X: 0.00 Y: 6.00 Z: 5.00 @ http://localhost:3000/_next/static/chunks/0-ynv9eqilv7x.js:0
[   37487ms] [LOG] Player X: 0.00 Y: 6.00 Z: 5.00 @ http://localhost:3000/_next/static/chunks/0-ynv9eqilv7x.js:0
[   37491ms] [LOG] Player X: 0.00 Y: 6.00 Z: 5.00 @ http://localhost:3000/_next/static/chunks/0-ynv9eqilv7x.js:0
[   37494ms] [LOG] Player X: 0.00 Y: 6.00 Z: 5.00 @ http://localhost:3000/_next/static/chunks/0-ynv9eqilv7x.js:0
[   37497ms] [LOG] Player X: 0.00 Y: 6.00 Z: 5.00 @ http://localhost:3000/_next/static/chunks/0-ynv9eqilv7x.js:0
[   37501ms] [LOG] Player X: 0.00 Y: 6.00 Z: 5.00 @ http://localhost:3000/_next/static/chunks/0-ynv9eqilv7x.js:0
[   37504ms] [LOG] Player X: 0.00 Y: 6.00 Z: 5.00 @ http://localhost:3000/_next/static/chunks/0-ynv9eqilv7x.js:0
[   37507ms] [LOG] Player X: 0.00 Y: 6.00 Z: 5.00 @ http://localhost:3000/_next/static/chunks/0-ynv9eqilv7x.js:0
[   37511ms] [LOG] Player X: 0.00 Y: 6.00 Z: 5.00 @ http://localhost:3000/_next/static/chunks/0-ynv9eqilv7x.js:0
[   37514ms] [LOG] Player X: 0.00 Y: 6.00 Z: 5.00 @ http://localhost:3000/_next/static/chunks/0-ynv9eqilv7x.js:0
[   37517ms] [LOG] Player X: 0.00 Y: 6.00 Z: 5.00 @ http://localhost:3000/_next/static/chunks/0-ynv9eqilv7x.js:0
[   37521ms] [LOG] Player X: 0.00 Y: 6.00 Z: 5.00 @ http://localhost:3000/_next/static/chunks/0-ynv9eqilv7x.js:0
[   37524ms] [LOG] Player X: 0.00 Y: 6.00 Z: 5.00 @ http://localhost:3000/_next/static/chunks/0-ynv9eqilv7x.js:0
[   37527ms] [LOG] Player X: 0.00 Y: 6.00 Z: 5.00 @ http://localhost:3000/_next/static/chunks/0-ynv9eqilv7x.js:0
[   37531ms] [LOG] Player X: 0.00 Y: 6.00 Z: 5.00 @ http://localhost:3000/_next/static/chunks/0-ynv9eqilv7x.js:0
[   37534ms] [LOG] Player X: 0.00 Y: 6.00 Z: 5.00 @ http://localhost:3000/_next/static/chunks/0-ynv9eqilv7x.js:0
[   37537ms] [LOG] Player X: 0.00 Y: 6.00 Z: 5.00 @ http://localhost:3000/_next/static/chunks/0-ynv9eqilv7x.js:0
[   37541ms] [LOG] Player X: 0.00 Y: 6.00 Z: 5.00 @ http://localhost:3000/_next/static/chunks/0-ynv9eqilv7x.js:0
[   37544ms] [LOG] Player X: 0.00 Y: 6.00 Z: 5.00 @ http://localhost:3000/_next/static/chunks/0-ynv9eqilv7x.js:0
[   37547ms] [LOG] Player X: 0.00 Y: 6.00 Z: 5.00 @ http://localhost:3000/_next/static/chunks/0-ynv9eqilv7x.js:0
[   37551ms] [LOG] Player X: 0.00 Y: 6.00 Z: 5.00 @ http://localhost:3000/_next/static/chunks/0-ynv9eqilv7x.js:0
[   37554ms] [LOG] Player X: 0.00 Y: 6.00 Z: 5.00 @ http://localhost:3000/_next/static/chunks/0-ynv9eqilv7x.js:0
[   37557ms] [LOG] Player X: 0.00 Y: 6.00 Z: 5.00 @ http://localhost:3000/_next/static/chunks/0-ynv9eqilv7x.js:0
[   37561ms] [LOG] Player X: 0.00 Y: 6.00 Z: 5.00 @ http://localhost:3000/_next/static/chunks/0-ynv9eqilv7x.js:0
[   37564ms] [LOG] Player X: 0.00 Y: 6.00 Z: 5.00 @ http://localhost:3000/_next/static/chunks/0-ynv9eqilv7x.js:0
[   37567ms] [LOG] Player X: 0.00 Y: 6.00 Z: 5.00 @ http://localhost:3000/_next/static/chunks/0-ynv9eqilv7x.js:0
[   37571ms] [LOG] Player X: 0.00 Y: 6.00 Z: 5.00 @ http://localhost:3000/_next/static/chunks/0-ynv9eqilv7x.js:0
[   37574ms] [LOG] Player X: 0.00 Y: 6.00 Z: 5.00 @ http://localhost:3000/_next/static/chunks/0-ynv9eqilv7x.js:0
[   37577ms] [LOG] Player X: 0.00 Y: 6.00 Z: 5.00 @ http://localhost:3000/_next/static/chunks/0-ynv9eqilv7x.js:0
[   37581ms] [LOG] Player X: 0.00 Y: 6.00 Z: 5.00 @ http://localhost:3000/_next/static/chunks/0-ynv9eqilv7x.js:0
[   37584ms] [LOG] Player X: 0.00 Y: 6.00 Z: 5.00 @ http://localhost:3000/_next/static/chunks/0-ynv9eqilv7x.js:0
[   37587ms] [LOG] Player X: 0.00 Y: 6.00 Z: 5.00 @ http://localhost:3000/_next/static/chunks/0-ynv9eqilv7x.js:0
[   37591ms] [LOG] Player X: 0.00 Y: 6.00 Z: 5.00 @ http://localhost:3000/_next/static/chunks/0-ynv9eqilv7x.js:0
[   37594ms] [LOG] Player X: 0.00 Y: 6.00 Z: 5.00 @ http://localhost:3000/_next/static/chunks/0-ynv9eqilv7x.js:0
[   37597ms] [LOG] Player X: 0.00 Y: 6.00 Z: 5.00 @ http://localhost:3000/_next/static/chunks/0-ynv9eqilv7x.js:0
[   37601ms] [LOG] Player X: 0.00 Y: 6.00 Z: 5.00 @ http://localhost:3000/_next/static/chunks/0-ynv9eqilv7x.js:0
[   37604ms] [LOG] Player X: 0.00 Y: 6.00 Z: 5.00 @ http://localhost:3000/_next/static/chunks/0-ynv9eqilv7x.js:0
[   37607ms] [LOG] Player X: 0.00 Y: 6.00 Z: 5.00 @ http://localhost:3000/_next/static/chunks/0-ynv9eqilv7x.js:0
[   37611ms] [LOG] Player X: 0.00 Y: 6.00 Z: 5.00 @ http://localhost:3000/_next/static/chunks/0-ynv9eqilv7x.js:0
[   37614ms] [LOG] Player X: 0.00 Y: 6.00 Z: 5.00 @ http://localhost:3000/_next/static/chunks/0-ynv9eqilv7x.js:0
[   37617ms] [LOG] Player X: 0.00 Y: 6.00 Z: 5.00 @ http://localhost:3000/_next/static/chunks/0-ynv9eqilv7x.js:0
[   37621ms] [LOG] Player X: 0.00 Y: 6.00 Z: 5.00 @ http://localhost:3000/_next/static/chunks/0-ynv9eqilv7x.js:0
[   37624ms] [LOG] Player X: 0.00 Y: 6.00 Z: 5.00 @ http://localhost:3000/_next/static/chunks/0-ynv9eqilv7x.js:0
[   37627ms] [LOG] Player X: 0.00 Y: 6.00 Z: 5.00 @ http://localhost:3000/_next/static/chunks/0-ynv9eqilv7x.js:0
[   37631ms] [LOG] Player X: 0.00 Y: 6.00 Z: 5.00 @ http://localhost:3000/_next/static/chunks/0-ynv9eqilv7x.js:0
[   37634ms] [LOG] Player X: 0.00 Y: 6.00 Z: 5.00 @ http://localhost:3000/_next/static/chunks/0-ynv9eqilv7x.js:0
[   37637ms] [LOG] Player X: 0.00 Y: 6.00 Z: 5.00 @ http://localhost:3000/_next/static/chunks/0-ynv9eqilv7x.js:0
[   37641ms] [LOG] Player X: 0.00 Y: 6.00 Z: 5.00 @ http://localhost:3000/_next/static/chunks/0-ynv9eqilv7x.js:0
[   37644ms] [LOG] Player X: 0.00 Y: 6.00 Z: 5.00 @ http://localhost:3000/_next/static/chunks/0-ynv9eqilv7x.js:0
[   37647ms] [LOG] Player X: 0.00 Y: 6.00 Z: 5.00 @ http://localhost:3000/_next/static/chunks/0-ynv9eqilv7x.js:0
[   37651ms] [LOG] Player X: 0.00 Y: 6.00 Z: 5.00 @ http://localhost:3000/_next/static/chunks/0-ynv9eqilv7x.js:0
[   37654ms] [LOG] Player X: 0.00 Y: 6.00 Z: 5.00 @ http://localhost:3000/_next/static/chunks/0-ynv9eqilv7x.js:0
[   37657ms] [LOG] Player X: 0.00 Y: 6.00 Z: 5.00 @ http://localhost:3000/_next/static/chunks/0-ynv9eqilv7x.js:0
[   37661ms] [LOG] Player X: 0.00 Y: 6.00 Z: 5.00 @ http://localhost:3000/_next/static/chunks/0-ynv9eqilv7x.js:0
[   37664ms] [LOG] Player X: 0.00 Y: 6.00 Z: 5.00 @ http://localhost:3000/_next/static/chunks/0-ynv9eqilv7x.js:0
[   37667ms] [LOG] Player X: 0.00 Y: 6.00 Z: 5.00 @ http://localhost:3000/_next/static/chunks/0-ynv9eqilv7x.js:0
[   37671ms] [LOG] Player X: 0.00 Y: 6.00 Z: 5.00 @ http://localhost:3000/_next/static/chunks/0-ynv9eqilv7x.js:0
[   37674ms] [LOG] Player X: 0.00 Y: 6.00 Z: 5.00 @ http://localhost:3000/_next/static/chunks/0-ynv9eqilv7x.js:0
[   37678ms] [LOG] Player X: 0.00 Y: 6.00 Z: 5.00 @ http://localhost:3000/_next/static/chunks/0-ynv9eqilv7x.js:0
[   37681ms] [LOG] Player X: 0.00 Y: 6.00 Z: 5.00 @ http://localhost:3000/_next/static/chunks/0-ynv9eqilv7x.js:0
[   37684ms] [LOG] Player X: 0.00 Y: 6.00 Z: 5.00 @ http://localhost:3000/_next/static/chunks/0-ynv9eqilv7x.js:0
[   37687ms] [LOG] Player X: 0.00 Y: 6.00 Z: 5.00 @ http://localhost:3000/_next/static/chunks/0-ynv9eqilv7x.js:0
[   37691ms] [LOG] Player X: 0.00 Y: 6.00 Z: 5.00 @ http://localhost:3000/_next/static/chunks/0-ynv9eqilv7x.js:0
[   37694ms] [LOG] Player X: 0.00 Y: 6.00 Z: 5.00 @ http://localhost:3000/_next/static/chunks/0-ynv9eqilv7x.js:0
[   37697ms] [LOG] Player X: 0.00 Y: 6.00 Z: 5.00 @ http://localhost:3000/_next/static/chunks/0-ynv9eqilv7x.js:0
[   37701ms] [LOG] Player X: 0.00 Y: 6.00 Z: 5.00 @ http://localhost:3000/_next/static/chunks/0-ynv9eqilv7x.js:0
[   37704ms] [LOG] Player X: 0.00 Y: 6.00 Z: 5.00 @ http://localhost:3000/_next/static/chunks/0-ynv9eqilv7x.js:0
[   37707ms] [LOG] Player X: 0.00 Y: 6.00 Z: 5.00 @ http://localhost:3000/_next/static/chunks/0-ynv9eqilv7x.js:0
[   37711ms] [LOG] Player X: 0.00 Y: 6.00 Z: 5.00 @ http://localhost:3000/_next/static/chunks/0-ynv9eqilv7x.js:0
[   37714ms] [LOG] Player X: 0.00 Y: 6.00 Z: 5.00 @ http://localhost:3000/_next/static/chunks/0-ynv9eqilv7x.js:0
[   37717ms] [LOG] Player X: 0.00 Y: 6.00 Z: 5.00 @ http://localhost:3000/_next/static/chunks/0-ynv9eqilv7x.js:0
[   37721ms] [LOG] Player X: 0.00 Y: 6.00 Z: 5.00 @ http://localhost:3000/_next/static/chunks/0-ynv9eqilv7x.js:0
[   37724ms] [LOG] Player X: 0.00 Y: 6.00 Z: 5.00 @ http://localhost:3000/_next/static/chunks/0-ynv9eqilv7x.js:0
[   37727ms] [LOG] Player X: 0.00 Y: 6.00 Z: 5.00 @ http://localhost:3000/_next/static/chunks/0-ynv9eqilv7x.js:0
[   37731ms] [LOG] Player X: 0.00 Y: 6.00 Z: 5.00 @ http://localhost:3000/_next/static/chunks/0-ynv9eqilv7x.js:0
[   37734ms] [LOG] Player X: 0.00 Y: 6.00 Z: 5.00 @ http://localhost:3000/_next/static/chunks/0-ynv9eqilv7x.js:0
[   37737ms] [LOG] Player X: 0.00 Y: 6.00 Z: 5.00 @ http://localhost:3000/_next/static/chunks/0-ynv9eqilv7x.js:0
[   37741ms] [LOG] Player X: 0.00 Y: 6.00 Z: 5.00 @ http://localhost:3000/_next/static/chunks/0-ynv9eqilv7x.js:0
[   37744ms] [LOG] Player X: 0.00 Y: 6.00 Z: 5.00 @ http://localhost:3000/_next/static/chunks/0-ynv9eqilv7x.js:0
[   37748ms] [LOG] Player X: 0.00 Y: 6.00 Z: 5.00 @ http://localhost:3000/_next/static/chunks/0-ynv9eqilv7x.js:0
[   37751ms] [LOG] Player X: 0.00 Y: 6.00 Z: 5.00 @ http://localhost:3000/_next/static/chunks/0-ynv9eqilv7x.js:0
[   37754ms] [LOG] Player X: 0.00 Y: 6.00 Z: 5.00 @ http://localhost:3000/_next/static/chunks/0-ynv9eqilv7x.js:0
[   37758ms] [LOG] Player X: 0.00 Y: 6.00 Z: 5.00 @ http://localhost:3000/_next/static/chunks/0-ynv9eqilv7x.js:0
[   37761ms] [LOG] Player X: 0.00 Y: 6.00 Z: 5.00 @ http://localhost:3000/_next/static/chunks/0-ynv9eqilv7x.js:0
[   37764ms] [LOG] Player X: 0.00 Y: 6.00 Z: 5.00 @ http://localhost:3000/_next/static/chunks/0-ynv9eqilv7x.js:0
[   37767ms] [LOG] Player X: 0.00 Y: 6.00 Z: 5.00 @ http://localhost:3000/_next/static/chunks/0-ynv9eqilv7x.js:0
[   37771ms] [LOG] Player X: 0.00 Y: 6.00 Z: 5.00 @ http://localhost:3000/_next/static/chunks/0-ynv9eqilv7x.js:0
[   37774ms] [LOG] Player X: 0.00 Y: 6.00 Z: 5.00 @ http://localhost:3000/_next/static/chunks/0-ynv9eqilv7x.js:0
[   37778ms] [LOG] Player X: 0.00 Y: 6.00 Z: 5.00 @ http://localhost:3000/_next/static/chunks/0-ynv9eqilv7x.js:0
[   37781ms] [LOG] Player X: 0.00 Y: 6.00 Z: 5.00 @ http://localhost:3000/_next/static/chunks/0-ynv9eqilv7x.js:0
[   37784ms] [LOG] Player X: 0.00 Y: 6.00 Z: 5.00 @ http://localhost:3000/_next/static/chunks/0-ynv9eqilv7x.js:0
[   37787ms] [LOG] Player X: 0.00 Y: 6.00 Z: 5.00 @ http://localhost:3000/_next/static/chunks/0-ynv9eqilv7x.js:0
[   37791ms] [LOG] Player X: 0.00 Y: 6.00 Z: 5.00 @ http://localhost:3000/_next/static/chunks/0-ynv9eqilv7x.js:0
[   37794ms] [LOG] Player X: 0.00 Y: 6.00 Z: 5.00 @ http://localhost:3000/_next/static/chunks/0-ynv9eqilv7x.js:0
[   37797ms] [LOG] Player X: 0.00 Y: 6.00 Z: 5.00 @ http://localhost:3000/_next/static/chunks/0-ynv9eqilv7x.js:0
[   37801ms] [LOG] Player X: 0.00 Y: 6.00 Z: 5.00 @ http://localhost:3000/_next/static/chunks/0-ynv9eqilv7x.js:0
[   37804ms] [LOG] Player X: 0.00 Y: 6.00 Z: 5.00 @ http://localhost:3000/_next/static/chunks/0-ynv9eqilv7x.js:0
[   37807ms] [LOG] Player X: 0.00 Y: 6.00 Z: 5.00 @ http://localhost:3000/_next/static/chunks/0-ynv9eqilv7x.js:0
[   37811ms] [LOG] Player X: 0.00 Y: 6.00 Z: 5.00 @ http://localhost:3000/_next/static/chunks/0-ynv9eqilv7x.js:0
[   37814ms] [LOG] Player X: 0.00 Y: 6.00 Z: 5.00 @ http://localhost:3000/_next/static/chunks/0-ynv9eqilv7x.js:0
[   37817ms] [LOG] Player X: 0.00 Y: 6.00 Z: 5.00 @ http://localhost:3000/_next/static/chunks/0-ynv9eqilv7x.js:0
[   37821ms] [LOG] Player X: 0.00 Y: 6.00 Z: 5.00 @ http://localhost:3000/_next/static/chunks/0-ynv9eqilv7x.js:0
[   37824ms] [LOG] Player X: 0.00 Y: 6.00 Z: 5.00 @ http://localhost:3000/_next/static/chunks/0-ynv9eqilv7x.js:0
[   37828ms] [LOG] Player X: 0.00 Y: 6.00 Z: 5.00 @ http://localhost:3000/_next/static/chunks/0-ynv9eqilv7x.js:0
[   37831ms] [LOG] Player X: 0.00 Y: 6.00 Z: 5.00 @ http://localhost:3000/_next/static/chunks/0-ynv9eqilv7x.js:0
[   37834ms] [LOG] Player X: 0.00 Y: 6.00 Z: 5.00 @ http://localhost:3000/_next/static/chunks/0-ynv9eqilv7x.js:0
[   37837ms] [LOG] Player X: 0.00 Y: 6.00 Z: 5.00 @ http://localhost:3000/_next/static/chunks/0-ynv9eqilv7x.js:0
[   37841ms] [LOG] Player X: 0.00 Y: 6.00 Z: 5.00 @ http://localhost:3000/_next/static/chunks/0-ynv9eqilv7x.js:0
[   37844ms] [LOG] Player X: 0.00 Y: 6.00 Z: 5.00 @ http://localhost:3000/_next/static/chunks/0-ynv9eqilv7x.js:0
[   37847ms] [LOG] Player X: 0.00 Y: 6.00 Z: 5.00 @ http://localhost:3000/_next/static/chunks/0-ynv9eqilv7x.js:0
[   37851ms] [LOG] Player X: 0.00 Y: 6.00 Z: 5.00 @ http://localhost:3000/_next/static/chunks/0-ynv9eqilv7x.js:0
[   37854ms] [LOG] Player X: 0.00 Y: 6.00 Z: 5.00 @ http://localhost:3000/_next/static/chunks/0-ynv9eqilv7x.js:0
[   37857ms] [LOG] Player X: 0.00 Y: 6.00 Z: 5.00 @ http://localhost:3000/_next/static/chunks/0-ynv9eqilv7x.js:0
[   37861ms] [LOG] Player X: 0.00 Y: 6.00 Z: 5.00 @ http://localhost:3000/_next/static/chunks/0-ynv9eqilv7x.js:0
[   37864ms] [LOG] Player X: 0.00 Y: 6.00 Z: 5.00 @ http://localhost:3000/_next/static/chunks/0-ynv9eqilv7x.js:0
[   37867ms] [LOG] Player X: 0.00 Y: 6.00 Z: 5.00 @ http://localhost:3000/_next/static/chunks/0-ynv9eqilv7x.js:0
[   37871ms] [LOG] Player X: 0.00 Y: 6.00 Z: 5.00 @ http://localhost:3000/_next/static/chunks/0-ynv9eqilv7x.js:0
[   37874ms] [LOG] Player X: 0.00 Y: 6.00 Z: 5.00 @ http://localhost:3000/_next/static/chunks/0-ynv9eqilv7x.js:0
[   37877ms] [LOG] Player X: 0.00 Y: 6.00 Z: 5.00 @ http://localhost:3000/_next/static/chunks/0-ynv9eqilv7x.js:0
[   37881ms] [LOG] Player X: 0.00 Y: 6.00 Z: 5.00 @ http://localhost:3000/_next/static/chunks/0-ynv9eqilv7x.js:0
[   37884ms] [LOG] Player X: 0.00 Y: 6.00 Z: 5.00 @ http://localhost:3000/_next/static/chunks/0-ynv9eqilv7x.js:0
[   37887ms] [LOG] Player X: 0.00 Y: 6.00 Z: 5.00 @ http://localhost:3000/_next/static/chunks/0-ynv9eqilv7x.js:0
[   37891ms] [LOG] Player X: 0.00 Y: 6.00 Z: 5.00 @ http://localhost:3000/_next/static/chunks/0-ynv9eqilv7x.js:0
[   37894ms] [LOG] Player X: 0.00 Y: 6.00 Z: 5.00 @ http://localhost:3000/_next/static/chunks/0-ynv9eqilv7x.js:0
[   37898ms] [LOG] Player X: 0.00 Y: 6.00 Z: 5.00 @ http://localhost:3000/_next/static/chunks/0-ynv9eqilv7x.js:0
[   37901ms] [LOG] Player X: 0.00 Y: 6.00 Z: 5.00 @ http://localhost:3000/_next/static/chunks/0-ynv9eqilv7x.js:0
[   37904ms] [LOG] Player X: 0.00 Y: 6.00 Z: 5.00 @ http://localhost:3000/_next/static/chunks/0-ynv9eqilv7x.js:0
[   37908ms] [LOG] Player X: 0.00 Y: 6.00 Z: 5.00 @ http://localhost:3000/_next/static/chunks/0-ynv9eqilv7x.js:0
[   37911ms] [LOG] Player X: 0.00 Y: 6.00 Z: 5.00 @ http://localhost:3000/_next/static/chunks/0-ynv9eqilv7x.js:0
[   37914ms] [LOG] Player X: 0.00 Y: 6.00 Z: 5.00 @ http://localhost:3000/_next/static/chunks/0-ynv9eqilv7x.js:0
[   37918ms] [LOG] Player X: 0.00 Y: 6.00 Z: 5.00 @ http://localhost:3000/_next/static/chunks/0-ynv9eqilv7x.js:0
[   37921ms] [LOG] Player X: 0.00 Y: 6.00 Z: 5.00 @ http://localhost:3000/_next/static/chunks/0-ynv9eqilv7x.js:0
[   37924ms] [LOG] Player X: 0.00 Y: 6.00 Z: 5.00 @ http://localhost:3000/_next/static/chunks/0-ynv9eqilv7x.js:0
[   37927ms] [LOG] Player X: 0.00 Y: 6.00 Z: 5.00 @ http://localhost:3000/_next/static/chunks/0-ynv9eqilv7x.js:0
[   37931ms] [LOG] Player X: 0.00 Y: 6.00 Z: 5.00 @ http://localhost:3000/_next/static/chunks/0-ynv9eqilv7x.js:0
[   37934ms] [LOG] Player X: 0.00 Y: 6.00 Z: 5.00 @ http://localhost:3000/_next/static/chunks/0-ynv9eqilv7x.js:0
[   37937ms] [LOG] Player X: 0.00 Y: 6.00 Z: 5.00 @ http://localhost:3000/_next/static/chunks/0-ynv9eqilv7x.js:0
[   37941ms] [LOG] Player X: 0.00 Y: 6.00 Z: 5.00 @ http://localhost:3000/_next/static/chunks/0-ynv9eqilv7x.js:0
[   37944ms] [LOG] Player X: 0.00 Y: 6.00 Z: 5.00 @ http://localhost:3000/_next/static/chunks/0-ynv9eqilv7x.js:0
[   37947ms] [LOG] Player X: 0.00 Y: 6.00 Z: 5.00 @ http://localhost:3000/_next/static/chunks/0-ynv9eqilv7x.js:0
[   37951ms] [LOG] Player X: 0.00 Y: 6.00 Z: 5.00 @ http://localhost:3000/_next/static/chunks/0-ynv9eqilv7x.js:0
[   37954ms] [LOG] Player X: 0.00 Y: 6.00 Z: 5.00 @ http://localhost:3000/_next/static/chunks/0-ynv9eqilv7x.js:0
[   37958ms] [LOG] Player X: 0.00 Y: 6.00 Z: 5.00 @ http://localhost:3000/_next/static/chunks/0-ynv9eqilv7x.js:0
[   37961ms] [LOG] Player X: 0.00 Y: 6.00 Z: 5.00 @ http://localhost:3000/_next/static/chunks/0-ynv9eqilv7x.js:0
[   37964ms] [LOG] Player X: 0.00 Y: 6.00 Z: 5.00 @ http://localhost:3000/_next/static/chunks/0-ynv9eqilv7x.js:0
[   37967ms] [LOG] Player X: 0.00 Y: 6.00 Z: 5.00 @ http://localhost:3000/_next/static/chunks/0-ynv9eqilv7x.js:0
[   37971ms] [LOG] Player X: 0.00 Y: 6.00 Z: 5.00 @ http://localhost:3000/_next/static/chunks/0-ynv9eqilv7x.js:0
[   37974ms] [LOG] Player X: 0.00 Y: 6.00 Z: 5.00 @ http://localhost:3000/_next/static/chunks/0-ynv9eqilv7x.js:0
[   37977ms] [LOG] Player X: 0.00 Y: 6.00 Z: 5.00 @ http://localhost:3000/_next/static/chunks/0-ynv9eqilv7x.js:0
[   37981ms] [LOG] Player X: 0.00 Y: 6.00 Z: 5.00 @ http://localhost:3000/_next/static/chunks/0-ynv9eqilv7x.js:0
[   37984ms] [LOG] Player X: 0.00 Y: 6.00 Z: 5.00 @ http://localhost:3000/_next/static/chunks/0-ynv9eqilv7x.js:0
[   37987ms] [LOG] Player X: 0.00 Y: 6.00 Z: 5.00 @ http://localhost:3000/_next/static/chunks/0-ynv9eqilv7x.js:0
[   37991ms] [LOG] Player X: 0.00 Y: 6.00 Z: 5.00 @ http://localhost:3000/_next/static/chunks/0-ynv9eqilv7x.js:0
[   37994ms] [LOG] Player X: 0.00 Y: 6.00 Z: 5.00 @ http://localhost:3000/_next/static/chunks/0-ynv9eqilv7x.js:0
[   37997ms] [LOG] Player X: 0.00 Y: 6.00 Z: 5.00 @ http://localhost:3000/_next/static/chunks/0-ynv9eqilv7x.js:0
[   38001ms] [LOG] Player X: 0.00 Y: 6.00 Z: 5.00 @ http://localhost:3000/_next/static/chunks/0-ynv9eqilv7x.js:0
[   38004ms] [LOG] Player X: 0.00 Y: 6.00 Z: 5.00 @ http://localhost:3000/_next/static/chunks/0-ynv9eqilv7x.js:0
[   38007ms] [LOG] Player X: 0.00 Y: 6.00 Z: 5.00 @ http://localhost:3000/_next/static/chunks/0-ynv9eqilv7x.js:0
[   38011ms] [LOG] Player X: 0.00 Y: 6.00 Z: 5.00 @ http://localhost:3000/_next/static/chunks/0-ynv9eqilv7x.js:0
[   38014ms] [LOG] Player X: 0.00 Y: 6.00 Z: 5.00 @ http://localhost:3000/_next/static/chunks/0-ynv9eqilv7x.js:0
[   38017ms] [LOG] Player X: 0.00 Y: 6.00 Z: 5.00 @ http://localhost:3000/_next/static/chunks/0-ynv9eqilv7x.js:0
[   38021ms] [LOG] Player X: 0.00 Y: 6.00 Z: 5.00 @ http://localhost:3000/_next/static/chunks/0-ynv9eqilv7x.js:0
[   38024ms] [LOG] Player X: 0.00 Y: 6.00 Z: 5.00 @ http://localhost:3000/_next/static/chunks/0-ynv9eqilv7x.js:0
[   38027ms] [LOG] Player X: 0.00 Y: 6.00 Z: 5.00 @ http://localhost:3000/_next/static/chunks/0-ynv9eqilv7x.js:0
[   38031ms] [LOG] Player X: 0.00 Y: 6.00 Z: 5.00 @ http://localhost:3000/_next/static/chunks/0-ynv9eqilv7x.js:0
[   38034ms] [LOG] Player X: 0.00 Y: 6.00 Z: 5.00 @ http://localhost:3000/_next/static/chunks/0-ynv9eqilv7x.js:0
[   38037ms] [LOG] Player X: 0.00 Y: 6.00 Z: 5.00 @ http://localhost:3000/_next/static/chunks/0-ynv9eqilv7x.js:0
[   38041ms] [LOG] Player X: 0.00 Y: 6.00 Z: 5.00 @ http://localhost:3000/_next/static/chunks/0-ynv9eqilv7x.js:0
[   38044ms] [LOG] Player X: 0.00 Y: 6.00 Z: 5.00 @ http://localhost:3000/_next/static/chunks/0-ynv9eqilv7x.js:0
[   38047ms] [LOG] Player X: 0.00 Y: 6.00 Z: 5.00 @ http://localhost:3000/_next/static/chunks/0-ynv9eqilv7x.js:0
[   38051ms] [LOG] Player X: 0.00 Y: 6.00 Z: 5.00 @ http://localhost:3000/_next/static/chunks/0-ynv9eqilv7x.js:0
[   38054ms] [LOG] Player X: 0.00 Y: 6.00 Z: 5.00 @ http://localhost:3000/_next/static/chunks/0-ynv9eqilv7x.js:0
[   38057ms] [LOG] Player X: 0.00 Y: 6.00 Z: 5.00 @ http://localhost:3000/_next/static/chunks/0-ynv9eqilv7x.js:0
[   38061ms] [LOG] Player X: 0.00 Y: 6.00 Z: 5.00 @ http://localhost:3000/_next/static/chunks/0-ynv9eqilv7x.js:0
[   38064ms] [LOG] Player X: 0.00 Y: 6.00 Z: 5.00 @ http://localhost:3000/_next/static/chunks/0-ynv9eqilv7x.js:0
[   38067ms] [LOG] Player X: 0.00 Y: 6.00 Z: 5.00 @ http://localhost:3000/_next/static/chunks/0-ynv9eqilv7x.js:0
[   38071ms] [LOG] Player X: 0.00 Y: 6.00 Z: 5.00 @ http://localhost:3000/_next/static/chunks/0-ynv9eqilv7x.js:0
[   38074ms] [LOG] Player X: 0.00 Y: 6.00 Z: 5.00 @ http://localhost:3000/_next/static/chunks/0-ynv9eqilv7x.js:0
[   38077ms] [LOG] Player X: 0.00 Y: 6.00 Z: 5.00 @ http://localhost:3000/_next/static/chunks/0-ynv9eqilv7x.js:0
[   38081ms] [LOG] Player X: 0.00 Y: 6.00 Z: 5.00 @ http://localhost:3000/_next/static/chunks/0-ynv9eqilv7x.js:0
[   38084ms] [LOG] Player X: 0.00 Y: 6.00 Z: 5.00 @ http://localhost:3000/_next/static/chunks/0-ynv9eqilv7x.js:0
[   38087ms] [LOG] Player X: 0.00 Y: 6.00 Z: 5.00 @ http://localhost:3000/_next/static/chunks/0-ynv9eqilv7x.js:0
[   38091ms] [LOG] Player X: 0.00 Y: 6.00 Z: 5.00 @ http://localhost:3000/_next/static/chunks/0-ynv9eqilv7x.js:0
[   38094ms] [LOG] Player X: 0.00 Y: 6.00 Z: 5.00 @ http://localhost:3000/_next/static/chunks/0-ynv9eqilv7x.js:0
[   38097ms] [LOG] Player X: 0.00 Y: 6.00 Z: 5.00 @ http://localhost:3000/_next/static/chunks/0-ynv9eqilv7x.js:0
[   38101ms] [LOG] Player X: 0.00 Y: 6.00 Z: 5.00 @ http://localhost:3000/_next/static/chunks/0-ynv9eqilv7x.js:0
[   38104ms] [LOG] Player X: 0.00 Y: 6.00 Z: 5.00 @ http://localhost:3000/_next/static/chunks/0-ynv9eqilv7x.js:0
[   38107ms] [LOG] Player X: 0.00 Y: 6.00 Z: 5.00 @ http://localhost:3000/_next/static/chunks/0-ynv9eqilv7x.js:0
[   38111ms] [LOG] Player X: 0.00 Y: 6.00 Z: 5.00 @ http://localhost:3000/_next/static/chunks/0-ynv9eqilv7x.js:0
[   38114ms] [LOG] Player X: 0.00 Y: 6.00 Z: 5.00 @ http://localhost:3000/_next/static/chunks/0-ynv9eqilv7x.js:0
[   38117ms] [LOG] Player X: 0.00 Y: 6.00 Z: 5.00 @ http://localhost:3000/_next/static/chunks/0-ynv9eqilv7x.js:0
[   38121ms] [LOG] Player X: 0.00 Y: 6.00 Z: 5.00 @ http://localhost:3000/_next/static/chunks/0-ynv9eqilv7x.js:0
[   38124ms] [LOG] Player X: 0.00 Y: 6.00 Z: 5.00 @ http://localhost:3000/_next/static/chunks/0-ynv9eqilv7x.js:0
[   38127ms] [LOG] Player X: 0.00 Y: 6.00 Z: 5.00 @ http://localhost:3000/_next/static/chunks/0-ynv9eqilv7x.js:0
[   38131ms] [LOG] Player X: 0.00 Y: 6.00 Z: 5.00 @ http://localhost:3000/_next/static/chunks/0-ynv9eqilv7x.js:0
[   38134ms] [LOG] Player X: 0.00 Y: 6.00 Z: 5.00 @ http://localhost:3000/_next/static/chunks/0-ynv9eqilv7x.js:0
[   38137ms] [LOG] Player X: 0.00 Y: 6.00 Z: 5.00 @ http://localhost:3000/_next/static/chunks/0-ynv9eqilv7x.js:0
[   38141ms] [LOG] Player X: 0.00 Y: 6.00 Z: 5.00 @ http://localhost:3000/_next/static/chunks/0-ynv9eqilv7x.js:0
[   38144ms] [LOG] Player X: 0.00 Y: 6.00 Z: 5.00 @ http://localhost:3000/_next/static/chunks/0-ynv9eqilv7x.js:0
[   38147ms] [LOG] Player X: 0.00 Y: 6.00 Z: 5.00 @ http://localhost:3000/_next/static/chunks/0-ynv9eqilv7x.js:0
[   38151ms] [LOG] Player X: 0.00 Y: 6.00 Z: 5.00 @ http://localhost:3000/_next/static/chunks/0-ynv9eqilv7x.js:0
[   38154ms] [LOG] Player X: 0.00 Y: 6.00 Z: 5.00 @ http://localhost:3000/_next/static/chunks/0-ynv9eqilv7x.js:0
[   38157ms] [LOG] Player X: 0.00 Y: 6.00 Z: 5.00 @ http://localhost:3000/_next/static/chunks/0-ynv9eqilv7x.js:0
[   38161ms] [LOG] Player X: 0.00 Y: 6.00 Z: 5.00 @ http://localhost:3000/_next/static/chunks/0-ynv9eqilv7x.js:0
[   38164ms] [LOG] Player X: 0.00 Y: 6.00 Z: 5.00 @ http://localhost:3000/_next/static/chunks/0-ynv9eqilv7x.js:0
[   38167ms] [LOG] Player X: 0.00 Y: 6.00 Z: 5.00 @ http://localhost:3000/_next/static/chunks/0-ynv9eqilv7x.js:0
[   38171ms] [LOG] Player X: 0.00 Y: 6.00 Z: 5.00 @ http://localhost:3000/_next/static/chunks/0-ynv9eqilv7x.js:0
[   38174ms] [LOG] Player X: 0.00 Y: 6.00 Z: 5.00 @ http://localhost:3000/_next/static/chunks/0-ynv9eqilv7x.js:0
[   38178ms] [LOG] Player X: 0.00 Y: 6.00 Z: 5.00 @ http://localhost:3000/_next/static/chunks/0-ynv9eqilv7x.js:0
[   38181ms] [LOG] Player X: 0.00 Y: 6.00 Z: 5.00 @ http://localhost:3000/_next/static/chunks/0-ynv9eqilv7x.js:0
[   38184ms] [LOG] Player X: 0.00 Y: 6.00 Z: 5.00 @ http://localhost:3000/_next/static/chunks/0-ynv9eqilv7x.js:0
[   38187ms] [LOG] Player X: 0.00 Y: 6.00 Z: 5.00 @ http://localhost:3000/_next/static/chunks/0-ynv9eqilv7x.js:0
[   38191ms] [LOG] Player X: 0.00 Y: 6.00 Z: 5.00 @ http://localhost:3000/_next/static/chunks/0-ynv9eqilv7x.js:0
[   38194ms] [LOG] Player X: 0.00 Y: 6.00 Z: 5.00 @ http://localhost:3000/_next/static/chunks/0-ynv9eqilv7x.js:0
[   38197ms] [LOG] Player X: 0.00 Y: 6.00 Z: 5.00 @ http://localhost:3000/_next/static/chunks/0-ynv9eqilv7x.js:0
[   38201ms] [LOG] Player X: 0.00 Y: 6.00 Z: 5.00 @ http://localhost:3000/_next/static/chunks/0-ynv9eqilv7x.js:0
[   38204ms] [LOG] Player X: 0.00 Y: 6.00 Z: 5.00 @ http://localhost:3000/_next/static/chunks/0-ynv9eqilv7x.js:0
[   38207ms] [LOG] Player X: 0.00 Y: 6.00 Z: 5.00 @ http://localhost:3000/_next/static/chunks/0-ynv9eqilv7x.js:0
[   38211ms] [LOG] Player X: 0.00 Y: 6.00 Z: 5.00 @ http://localhost:3000/_next/static/chunks/0-ynv9eqilv7x.js:0
[   38214ms] [LOG] Player X: 0.00 Y: 6.00 Z: 5.00 @ http://localhost:3000/_next/static/chunks/0-ynv9eqilv7x.js:0
[   38217ms] [LOG] Player X: 0.00 Y: 6.00 Z: 5.00 @ http://localhost:3000/_next/static/chunks/0-ynv9eqilv7x.js:0
[   38221ms] [LOG] Player X: 0.00 Y: 6.00 Z: 5.00 @ http://localhost:3000/_next/static/chunks/0-ynv9eqilv7x.js:0
[   38224ms] [LOG] Player X: 0.00 Y: 6.00 Z: 5.00 @ http://localhost:3000/_next/static/chunks/0-ynv9eqilv7x.js:0
[   38227ms] [LOG] Player X: 0.00 Y: 6.00 Z: 5.00 @ http://localhost:3000/_next/static/chunks/0-ynv9eqilv7x.js:0
[   38231ms] [LOG] Player X: 0.00 Y: 6.00 Z: 5.00 @ http://localhost:3000/_next/static/chunks/0-ynv9eqilv7x.js:0
[   38234ms] [LOG] Player X: 0.00 Y: 6.00 Z: 5.00 @ http://localhost:3000/_next/static/chunks/0-ynv9eqilv7x.js:0
[   38237ms] [LOG] Player X: 0.00 Y: 6.00 Z: 5.00 @ http://localhost:3000/_next/static/chunks/0-ynv9eqilv7x.js:0
[   38241ms] [LOG] Player X: 0.00 Y: 6.00 Z: 5.00 @ http://localhost:3000/_next/static/chunks/0-ynv9eqilv7x.js:0
[   38244ms] [LOG] Player X: 0.00 Y: 6.00 Z: 5.00 @ http://localhost:3000/_next/static/chunks/0-ynv9eqilv7x.js:0
[   38247ms] [LOG] Player X: 0.00 Y: 6.00 Z: 5.00 @ http://localhost:3000/_next/static/chunks/0-ynv9eqilv7x.js:0
[   38251ms] [LOG] Player X: 0.00 Y: 6.00 Z: 5.00 @ http://localhost:3000/_next/static/chunks/0-ynv9eqilv7x.js:0
[   38254ms] [LOG] Player X: 0.00 Y: 6.00 Z: 5.00 @ http://localhost:3000/_next/static/chunks/0-ynv9eqilv7x.js:0
[   38257ms] [LOG] Player X: 0.00 Y: 6.00 Z: 5.00 @ http://localhost:3000/_next/static/chunks/0-ynv9eqilv7x.js:0
[   38261ms] [LOG] Player X: 0.00 Y: 6.00 Z: 5.00 @ http://localhost:3000/_next/static/chunks/0-ynv9eqilv7x.js:0
[   38264ms] [LOG] Player X: 0.00 Y: 6.00 Z: 5.00 @ http://localhost:3000/_next/static/chunks/0-ynv9eqilv7x.js:0
[   38267ms] [LOG] Player X: 0.00 Y: 6.00 Z: 5.00 @ http://localhost:3000/_next/static/chunks/0-ynv9eqilv7x.js:0
[   38271ms] [LOG] Player X: 0.00 Y: 6.00 Z: 5.00 @ http://localhost:3000/_next/static/chunks/0-ynv9eqilv7x.js:0
[   38274ms] [LOG] Player X: 0.00 Y: 6.00 Z: 5.00 @ http://localhost:3000/_next/static/chunks/0-ynv9eqilv7x.js:0
[   38277ms] [LOG] Player X: 0.00 Y: 6.00 Z: 5.00 @ http://localhost:3000/_next/static/chunks/0-ynv9eqilv7x.js:0
[   38281ms] [LOG] Player X: 0.00 Y: 6.00 Z: 5.00 @ http://localhost:3000/_next/static/chunks/0-ynv9eqilv7x.js:0
[   38284ms] [LOG] Player X: 0.00 Y: 6.00 Z: 5.00 @ http://localhost:3000/_next/static/chunks/0-ynv9eqilv7x.js:0
[   38287ms] [LOG] Player X: 0.00 Y: 6.00 Z: 5.00 @ http://localhost:3000/_next/static/chunks/0-ynv9eqilv7x.js:0
[   38291ms] [LOG] Player X: 0.00 Y: 6.00 Z: 5.00 @ http://localhost:3000/_next/static/chunks/0-ynv9eqilv7x.js:0
[   38294ms] [LOG] Player X: 0.00 Y: 6.00 Z: 5.00 @ http://localhost:3000/_next/static/chunks/0-ynv9eqilv7x.js:0
[   38297ms] [LOG] Player X: 0.00 Y: 6.00 Z: 5.00 @ http://localhost:3000/_next/static/chunks/0-ynv9eqilv7x.js:0
[   38301ms] [LOG] Player X: 0.00 Y: 6.00 Z: 5.00 @ http://localhost:3000/_next/static/chunks/0-ynv9eqilv7x.js:0
[   38304ms] [LOG] Player X: 0.00 Y: 6.00 Z: 5.00 @ http://localhost:3000/_next/static/chunks/0-ynv9eqilv7x.js:0
[   38307ms] [LOG] Player X: 0.00 Y: 6.00 Z: 5.00 @ http://localhost:3000/_next/static/chunks/0-ynv9eqilv7x.js:0
[   38311ms] [LOG] Player X: 0.00 Y: 6.00 Z: 5.00 @ http://localhost:3000/_next/static/chunks/0-ynv9eqilv7x.js:0
[   38314ms] [LOG] Player X: 0.00 Y: 6.00 Z: 5.00 @ http://localhost:3000/_next/static/chunks/0-ynv9eqilv7x.js:0
[   38317ms] [LOG] Player X: 0.00 Y: 6.00 Z: 5.00 @ http://localhost:3000/_next/static/chunks/0-ynv9eqilv7x.js:0
[   38321ms] [LOG] Player X: 0.00 Y: 6.00 Z: 5.00 @ http://localhost:3000/_next/static/chunks/0-ynv9eqilv7x.js:0
[   38324ms] [LOG] Player X: 0.00 Y: 6.00 Z: 5.00 @ http://localhost:3000/_next/static/chunks/0-ynv9eqilv7x.js:0
[   38327ms] [LOG] Player X: 0.00 Y: 6.00 Z: 5.00 @ http://localhost:3000/_next/static/chunks/0-ynv9eqilv7x.js:0
[   38331ms] [LOG] Player X: 0.00 Y: 6.00 Z: 5.00 @ http://localhost:3000/_next/static/chunks/0-ynv9eqilv7x.js:0
[   38334ms] [LOG] Player X: 0.00 Y: 6.00 Z: 5.00 @ http://localhost:3000/_next/static/chunks/0-ynv9eqilv7x.js:0
[   38337ms] [LOG] Player X: 0.00 Y: 6.00 Z: 5.00 @ http://localhost:3000/_next/static/chunks/0-ynv9eqilv7x.js:0
[   38341ms] [LOG] Player X: 0.00 Y: 6.00 Z: 5.00 @ http://localhost:3000/_next/static/chunks/0-ynv9eqilv7x.js:0
[   38344ms] [LOG] Player X: 0.00 Y: 6.00 Z: 5.00 @ http://localhost:3000/_next/static/chunks/0-ynv9eqilv7x.js:0
[   38348ms] [LOG] Player X: 0.00 Y: 6.00 Z: 5.00 @ http://localhost:3000/_next/static/chunks/0-ynv9eqilv7x.js:0
[   38351ms] [LOG] Player X: 0.00 Y: 6.00 Z: 5.00 @ http://localhost:3000/_next/static/chunks/0-ynv9eqilv7x.js:0
[   38354ms] [LOG] Player X: 0.00 Y: 6.00 Z: 5.00 @ http://localhost:3000/_next/static/chunks/0-ynv9eqilv7x.js:0
[   38357ms] [LOG] Player X: 0.00 Y: 6.00 Z: 5.00 @ http://localhost:3000/_next/static/chunks/0-ynv9eqilv7x.js:0
[   38361ms] [LOG] Player X: 0.00 Y: 6.00 Z: 5.00 @ http://localhost:3000/_next/static/chunks/0-ynv9eqilv7x.js:0
[   38364ms] [LOG] Player X: 0.00 Y: 6.00 Z: 5.00 @ http://localhost:3000/_next/static/chunks/0-ynv9eqilv7x.js:0
[   38367ms] [LOG] Player X: 0.00 Y: 6.00 Z: 5.00 @ http://localhost:3000/_next/static/chunks/0-ynv9eqilv7x.js:0
[   38371ms] [LOG] Player X: 0.00 Y: 6.00 Z: 5.00 @ http://localhost:3000/_next/static/chunks/0-ynv9eqilv7x.js:0
[   38374ms] [LOG] Player X: 0.00 Y: 6.00 Z: 5.00 @ http://localhost:3000/_next/static/chunks/0-ynv9eqilv7x.js:0
[   38378ms] [LOG] Player X: 0.00 Y: 6.00 Z: 5.00 @ http://localhost:3000/_next/static/chunks/0-ynv9eqilv7x.js:0
[   38381ms] [LOG] Player X: 0.00 Y: 6.00 Z: 5.00 @ http://localhost:3000/_next/static/chunks/0-ynv9eqilv7x.js:0
[   38384ms] [LOG] Player X: 0.00 Y: 6.00 Z: 5.00 @ http://localhost:3000/_next/static/chunks/0-ynv9eqilv7x.js:0
[   38388ms] [LOG] Player X: 0.00 Y: 6.00 Z: 5.00 @ http://localhost:3000/_next/static/chunks/0-ynv9eqilv7x.js:0
[   38391ms] [LOG] Player X: 0.00 Y: 6.00 Z: 5.00 @ http://localhost:3000/_next/static/chunks/0-ynv9eqilv7x.js:0
[   38394ms] [LOG] Player X: 0.00 Y: 6.00 Z: 5.00 @ http://localhost:3000/_next/static/chunks/0-ynv9eqilv7x.js:0
[   38398ms] [LOG] Player X: 0.00 Y: 6.00 Z: 5.00 @ http://localhost:3000/_next/static/chunks/0-ynv9eqilv7x.js:0
[   38401ms] [LOG] Player X: 0.00 Y: 6.00 Z: 5.00 @ http://localhost:3000/_next/static/chunks/0-ynv9eqilv7x.js:0
[   38404ms] [LOG] Player X: 0.00 Y: 6.00 Z: 5.00 @ http://localhost:3000/_next/static/chunks/0-ynv9eqilv7x.js:0
[   38407ms] [LOG] Player X: 0.00 Y: 6.00 Z: 5.00 @ http://localhost:3000/_next/static/chunks/0-ynv9eqilv7x.js:0
[   38411ms] [LOG] Player X: 0.00 Y: 6.00 Z: 5.00 @ http://localhost:3000/_next/static/chunks/0-ynv9eqilv7x.js:0
[   38414ms] [LOG] Player X: 0.00 Y: 6.00 Z: 5.00 @ http://localhost:3000/_next/static/chunks/0-ynv9eqilv7x.js:0
[   38418ms] [LOG] Player X: 0.00 Y: 6.00 Z: 5.00 @ http://localhost:3000/_next/static/chunks/0-ynv9eqilv7x.js:0
[   38421ms] [LOG] Player X: 0.00 Y: 6.00 Z: 5.00 @ http://localhost:3000/_next/static/chunks/0-ynv9eqilv7x.js:0
[   38424ms] [LOG] Player X: 0.00 Y: 6.00 Z: 5.00 @ http://localhost:3000/_next/static/chunks/0-ynv9eqilv7x.js:0
[   38427ms] [LOG] Player X: 0.00 Y: 6.00 Z: 5.00 @ http://localhost:3000/_next/static/chunks/0-ynv9eqilv7x.js:0
[   38431ms] [LOG] Player X: 0.00 Y: 6.00 Z: 5.00 @ http://localhost:3000/_next/static/chunks/0-ynv9eqilv7x.js:0
[   38434ms] [LOG] Player X: 0.00 Y: 6.00 Z: 5.00 @ http://localhost:3000/_next/static/chunks/0-ynv9eqilv7x.js:0
[   38437ms] [LOG] Player X: 0.00 Y: 6.00 Z: 5.00 @ http://localhost:3000/_next/static/chunks/0-ynv9eqilv7x.js:0
[   38441ms] [LOG] Player X: 0.00 Y: 6.00 Z: 5.00 @ http://localhost:3000/_next/static/chunks/0-ynv9eqilv7x.js:0
[   38444ms] [LOG] Player X: 0.00 Y: 6.00 Z: 5.00 @ http://localhost:3000/_next/static/chunks/0-ynv9eqilv7x.js:0
[   38447ms] [LOG] Player X: 0.00 Y: 6.00 Z: 5.00 @ http://localhost:3000/_next/static/chunks/0-ynv9eqilv7x.js:0
[   38451ms] [LOG] Player X: 0.00 Y: 6.00 Z: 5.00 @ http://localhost:3000/_next/static/chunks/0-ynv9eqilv7x.js:0
[   38454ms] [LOG] Player X: 0.00 Y: 6.00 Z: 5.00 @ http://localhost:3000/_next/static/chunks/0-ynv9eqilv7x.js:0
[   38457ms] [LOG] Player X: 0.00 Y: 6.00 Z: 5.00 @ http://localhost:3000/_next/static/chunks/0-ynv9eqilv7x.js:0
[   38461ms] [LOG] Player X: 0.00 Y: 6.00 Z: 5.00 @ http://localhost:3000/_next/static/chunks/0-ynv9eqilv7x.js:0
[   38464ms] [LOG] Player X: 0.00 Y: 6.00 Z: 5.00 @ http://localhost:3000/_next/static/chunks/0-ynv9eqilv7x.js:0
[   38467ms] [LOG] Player X: 0.00 Y: 6.00 Z: 5.00 @ http://localhost:3000/_next/static/chunks/0-ynv9eqilv7x.js:0
[   38471ms] [LOG] Player X: 0.00 Y: 6.00 Z: 5.00 @ http://localhost:3000/_next/static/chunks/0-ynv9eqilv7x.js:0
[   38474ms] [LOG] Player X: 0.00 Y: 6.00 Z: 5.00 @ http://localhost:3000/_next/static/chunks/0-ynv9eqilv7x.js:0
[   38478ms] [LOG] Player X: 0.00 Y: 6.00 Z: 5.00 @ http://localhost:3000/_next/static/chunks/0-ynv9eqilv7x.js:0
[   38481ms] [LOG] Player X: 0.00 Y: 6.00 Z: 5.00 @ http://localhost:3000/_next/static/chunks/0-ynv9eqilv7x.js:0
[   38484ms] [LOG] Player X: 0.00 Y: 6.00 Z: 5.00 @ http://localhost:3000/_next/static/chunks/0-ynv9eqilv7x.js:0
[   38488ms] [LOG] Player X: 0.00 Y: 6.00 Z: 5.00 @ http://localhost:3000/_next/static/chunks/0-ynv9eqilv7x.js:0
[   38491ms] [LOG] Player X: 0.00 Y: 6.00 Z: 5.00 @ http://localhost:3000/_next/static/chunks/0-ynv9eqilv7x.js:0
[   38494ms] [LOG] Player X: 0.00 Y: 6.00 Z: 5.00 @ http://localhost:3000/_next/static/chunks/0-ynv9eqilv7x.js:0
[   38497ms] [LOG] Player X: 0.00 Y: 6.00 Z: 5.00 @ http://localhost:3000/_next/static/chunks/0-ynv9eqilv7x.js:0
[   38501ms] [LOG] Player X: 0.00 Y: 6.00 Z: 5.00 @ http://localhost:3000/_next/static/chunks/0-ynv9eqilv7x.js:0
[   38504ms] [LOG] Player X: 0.00 Y: 6.00 Z: 5.00 @ http://localhost:3000/_next/static/chunks/0-ynv9eqilv7x.js:0
[   38508ms] [LOG] Player X: 0.00 Y: 6.00 Z: 5.00 @ http://localhost:3000/_next/static/chunks/0-ynv9eqilv7x.js:0
[   38511ms] [LOG] Player X: 0.00 Y: 6.00 Z: 5.00 @ http://localhost:3000/_next/static/chunks/0-ynv9eqilv7x.js:0
[   38514ms] [LOG] Player X: 0.00 Y: 6.00 Z: 5.00 @ http://localhost:3000/_next/static/chunks/0-ynv9eqilv7x.js:0
[   38518ms] [LOG] Player X: 0.00 Y: 6.00 Z: 5.00 @ http://localhost:3000/_next/static/chunks/0-ynv9eqilv7x.js:0
[   38521ms] [LOG] Player X: 0.00 Y: 6.00 Z: 5.00 @ http://localhost:3000/_next/static/chunks/0-ynv9eqilv7x.js:0
[   38524ms] [LOG] Player X: 0.00 Y: 6.00 Z: 5.00 @ http://localhost:3000/_next/static/chunks/0-ynv9eqilv7x.js:0
[   38527ms] [LOG] Player X: 0.00 Y: 6.00 Z: 5.00 @ http://localhost:3000/_next/static/chunks/0-ynv9eqilv7x.js:0
[   38531ms] [LOG] Player X: 0.00 Y: 6.00 Z: 5.00 @ http://localhost:3000/_next/static/chunks/0-ynv9eqilv7x.js:0
[   38534ms] [LOG] Player X: 0.00 Y: 6.00 Z: 5.00 @ http://localhost:3000/_next/static/chunks/0-ynv9eqilv7x.js:0
[   38537ms] [LOG] Player X: 0.00 Y: 6.00 Z: 5.00 @ http://localhost:3000/_next/static/chunks/0-ynv9eqilv7x.js:0
[   38541ms] [LOG] Player X: 0.00 Y: 6.00 Z: 5.00 @ http://localhost:3000/_next/static/chunks/0-ynv9eqilv7x.js:0
[   38544ms] [LOG] Player X: 0.00 Y: 6.00 Z: 5.00 @ http://localhost:3000/_next/static/chunks/0-ynv9eqilv7x.js:0
[   38547ms] [LOG] Player X: 0.00 Y: 6.00 Z: 5.00 @ http://localhost:3000/_next/static/chunks/0-ynv9eqilv7x.js:0
[   38551ms] [LOG] Player X: 0.00 Y: 6.00 Z: 5.00 @ http://localhost:3000/_next/static/chunks/0-ynv9eqilv7x.js:0
[   38554ms] [LOG] Player X: 0.00 Y: 6.00 Z: 5.00 @ http://localhost:3000/_next/static/chunks/0-ynv9eqilv7x.js:0
[   38557ms] [LOG] Player X: 0.00 Y: 6.00 Z: 5.00 @ http://localhost:3000/_next/static/chunks/0-ynv9eqilv7x.js:0
[   38561ms] [LOG] Player X: 0.00 Y: 6.00 Z: 5.00 @ http://localhost:3000/_next/static/chunks/0-ynv9eqilv7x.js:0
[   38564ms] [LOG] Player X: 0.00 Y: 6.00 Z: 5.00 @ http://localhost:3000/_next/static/chunks/0-ynv9eqilv7x.js:0
[   38567ms] [LOG] Player X: 0.00 Y: 6.00 Z: 5.00 @ http://localhost:3000/_next/static/chunks/0-ynv9eqilv7x.js:0
[   38571ms] [LOG] Player X: 0.00 Y: 6.00 Z: 5.00 @ http://localhost:3000/_next/static/chunks/0-ynv9eqilv7x.js:0
[   38574ms] [LOG] Player X: 0.00 Y: 6.00 Z: 5.00 @ http://localhost:3000/_next/static/chunks/0-ynv9eqilv7x.js:0
[   38577ms] [LOG] Player X: 0.00 Y: 6.00 Z: 5.00 @ http://localhost:3000/_next/static/chunks/0-ynv9eqilv7x.js:0
[   38581ms] [LOG] Player X: 0.00 Y: 6.00 Z: 5.00 @ http://localhost:3000/_next/static/chunks/0-ynv9eqilv7x.js:0
[   38584ms] [LOG] Player X: 0.00 Y: 6.00 Z: 5.00 @ http://localhost:3000/_next/static/chunks/0-ynv9eqilv7x.js:0
[   38587ms] [LOG] Player X: 0.00 Y: 6.00 Z: 5.00 @ http://localhost:3000/_next/static/chunks/0-ynv9eqilv7x.js:0
[   38591ms] [LOG] Player X: 0.00 Y: 6.00 Z: 5.00 @ http://localhost:3000/_next/static/chunks/0-ynv9eqilv7x.js:0
[   38594ms] [LOG] Player X: 0.00 Y: 6.00 Z: 5.00 @ http://localhost:3000/_next/static/chunks/0-ynv9eqilv7x.js:0
[   38597ms] [LOG] Player X: 0.00 Y: 6.00 Z: 5.00 @ http://localhost:3000/_next/static/chunks/0-ynv9eqilv7x.js:0
[   38601ms] [LOG] Player X: 0.00 Y: 6.00 Z: 5.00 @ http://localhost:3000/_next/static/chunks/0-ynv9eqilv7x.js:0
[   38604ms] [LOG] Player X: 0.00 Y: 6.00 Z: 5.00 @ http://localhost:3000/_next/static/chunks/0-ynv9eqilv7x.js:0
[   38607ms] [LOG] Player X: 0.00 Y: 6.00 Z: 5.00 @ http://localhost:3000/_next/static/chunks/0-ynv9eqilv7x.js:0
[   38611ms] [LOG] Player X: 0.00 Y: 6.00 Z: 5.00 @ http://localhost:3000/_next/static/chunks/0-ynv9eqilv7x.js:0
[   38614ms] [LOG] Player X: 0.00 Y: 6.00 Z: 5.00 @ http://localhost:3000/_next/static/chunks/0-ynv9eqilv7x.js:0
[   38617ms] [LOG] Player X: 0.00 Y: 6.00 Z: 5.00 @ http://localhost:3000/_next/static/chunks/0-ynv9eqilv7x.js:0
[   38621ms] [LOG] Player X: 0.00 Y: 6.00 Z: 5.00 @ http://localhost:3000/_next/static/chunks/0-ynv9eqilv7x.js:0
[   38624ms] [LOG] Player X: 0.00 Y: 6.00 Z: 5.00 @ http://localhost:3000/_next/static/chunks/0-ynv9eqilv7x.js:0
[   38627ms] [LOG] Player X: 0.00 Y: 6.00 Z: 5.00 @ http://localhost:3000/_next/static/chunks/0-ynv9eqilv7x.js:0
[   38631ms] [LOG] Player X: 0.00 Y: 6.00 Z: 5.00 @ http://localhost:3000/_next/static/chunks/0-ynv9eqilv7x.js:0
[   38634ms] [LOG] Player X: 0.00 Y: 6.00 Z: 5.00 @ http://localhost:3000/_next/static/chunks/0-ynv9eqilv7x.js:0
[   38637ms] [LOG] Player X: 0.00 Y: 6.00 Z: 5.00 @ http://localhost:3000/_next/static/chunks/0-ynv9eqilv7x.js:0
[   38641ms] [LOG] Player X: 0.00 Y: 6.00 Z: 5.00 @ http://localhost:3000/_next/static/chunks/0-ynv9eqilv7x.js:0
[   38644ms] [LOG] Player X: 0.00 Y: 6.00 Z: 5.00 @ http://localhost:3000/_next/static/chunks/0-ynv9eqilv7x.js:0
[   38647ms] [LOG] Player X: 0.00 Y: 6.00 Z: 5.00 @ http://localhost:3000/_next/static/chunks/0-ynv9eqilv7x.js:0
[   38651ms] [LOG] Player X: 0.00 Y: 6.00 Z: 5.00 @ http://localhost:3000/_next/static/chunks/0-ynv9eqilv7x.js:0
[   38654ms] [LOG] Player X: 0.00 Y: 6.00 Z: 5.00 @ http://localhost:3000/_next/static/chunks/0-ynv9eqilv7x.js:0
[   38657ms] [LOG] Player X: 0.00 Y: 6.00 Z: 5.00 @ http://localhost:3000/_next/static/chunks/0-ynv9eqilv7x.js:0
[   38661ms] [LOG] Player X: 0.00 Y: 6.00 Z: 5.00 @ http://localhost:3000/_next/static/chunks/0-ynv9eqilv7x.js:0
[   38664ms] [LOG] Player X: 0.00 Y: 6.00 Z: 5.00 @ http://localhost:3000/_next/static/chunks/0-ynv9eqilv7x.js:0
[   38667ms] [LOG] Player X: 0.00 Y: 6.00 Z: 5.00 @ http://localhost:3000/_next/static/chunks/0-ynv9eqilv7x.js:0
[   38671ms] [LOG] Player X: 0.00 Y: 6.00 Z: 5.00 @ http://localhost:3000/_next/static/chunks/0-ynv9eqilv7x.js:0
[   38674ms] [LOG] Player X: 0.00 Y: 6.00 Z: 5.00 @ http://localhost:3000/_next/static/chunks/0-ynv9eqilv7x.js:0
[   38677ms] [LOG] Player X: 0.00 Y: 6.00 Z: 5.00 @ http://localhost:3000/_next/static/chunks/0-ynv9eqilv7x.js:0
[   38681ms] [LOG] Player X: 0.00 Y: 6.00 Z: 5.00 @ http://localhost:3000/_next/static/chunks/0-ynv9eqilv7x.js:0
[   38684ms] [LOG] Player X: 0.00 Y: 6.00 Z: 5.00 @ http://localhost:3000/_next/static/chunks/0-ynv9eqilv7x.js:0
[   38687ms] [LOG] Player X: 0.00 Y: 6.00 Z: 5.00 @ http://localhost:3000/_next/static/chunks/0-ynv9eqilv7x.js:0
[   38691ms] [LOG] Player X: 0.00 Y: 6.00 Z: 5.00 @ http://localhost:3000/_next/static/chunks/0-ynv9eqilv7x.js:0
[   38694ms] [LOG] Player X: 0.00 Y: 6.00 Z: 5.00 @ http://localhost:3000/_next/static/chunks/0-ynv9eqilv7x.js:0
[   38697ms] [LOG] Player X: 0.00 Y: 6.00 Z: 5.00 @ http://localhost:3000/_next/static/chunks/0-ynv9eqilv7x.js:0
[   38701ms] [LOG] Player X: 0.00 Y: 6.00 Z: 5.00 @ http://localhost:3000/_next/static/chunks/0-ynv9eqilv7x.js:0
[   38704ms] [LOG] Player X: 0.00 Y: 6.00 Z: 5.00 @ http://localhost:3000/_next/static/chunks/0-ynv9eqilv7x.js:0
[   38707ms] [LOG] Player X: 0.00 Y: 6.00 Z: 5.00 @ http://localhost:3000/_next/static/chunks/0-ynv9eqilv7x.js:0
[   38711ms] [LOG] Player X: 0.00 Y: 6.00 Z: 5.00 @ http://localhost:3000/_next/static/chunks/0-ynv9eqilv7x.js:0
[   38714ms] [LOG] Player X: 0.00 Y: 6.00 Z: 5.00 @ http://localhost:3000/_next/static/chunks/0-ynv9eqilv7x.js:0
[   38717ms] [LOG] Player X: 0.00 Y: 6.00 Z: 5.00 @ http://localhost:3000/_next/static/chunks/0-ynv9eqilv7x.js:0
[   38721ms] [LOG] Player X: 0.00 Y: 6.00 Z: 5.00 @ http://localhost:3000/_next/static/chunks/0-ynv9eqilv7x.js:0
[   38724ms] [LOG] Player X: 0.00 Y: 6.00 Z: 5.00 @ http://localhost:3000/_next/static/chunks/0-ynv9eqilv7x.js:0
[   38727ms] [LOG] Player X: 0.00 Y: 6.00 Z: 5.00 @ http://localhost:3000/_next/static/chunks/0-ynv9eqilv7x.js:0
[   38731ms] [LOG] Player X: 0.00 Y: 6.00 Z: 5.00 @ http://localhost:3000/_next/static/chunks/0-ynv9eqilv7x.js:0
[   38734ms] [LOG] Player X: 0.00 Y: 6.00 Z: 5.00 @ http://localhost:3000/_next/static/chunks/0-ynv9eqilv7x.js:0
[   38737ms] [LOG] Player X: 0.00 Y: 6.00 Z: 5.00 @ http://localhost:3000/_next/static/chunks/0-ynv9eqilv7x.js:0
[   38741ms] [LOG] Player X: 0.00 Y: 6.00 Z: 5.00 @ http://localhost:3000/_next/static/chunks/0-ynv9eqilv7x.js:0
[   38744ms] [LOG] Player X: 0.00 Y: 6.00 Z: 5.00 @ http://localhost:3000/_next/static/chunks/0-ynv9eqilv7x.js:0
[   38747ms] [LOG] Player X: 0.00 Y: 6.00 Z: 5.00 @ http://localhost:3000/_next/static/chunks/0-ynv9eqilv7x.js:0
[   38751ms] [LOG] Player X: 0.00 Y: 6.00 Z: 5.00 @ http://localhost:3000/_next/static/chunks/0-ynv9eqilv7x.js:0
[   38754ms] [LOG] Player X: 0.00 Y: 6.00 Z: 5.00 @ http://localhost:3000/_next/static/chunks/0-ynv9eqilv7x.js:0
[   38757ms] [LOG] Player X: 0.00 Y: 6.00 Z: 5.00 @ http://localhost:3000/_next/static/chunks/0-ynv9eqilv7x.js:0
[   38761ms] [LOG] Player X: 0.00 Y: 6.00 Z: 5.00 @ http://localhost:3000/_next/static/chunks/0-ynv9eqilv7x.js:0
[   38764ms] [LOG] Player X: 0.00 Y: 6.00 Z: 5.00 @ http://localhost:3000/_next/static/chunks/0-ynv9eqilv7x.js:0
[   38767ms] [LOG] Player X: 0.00 Y: 6.00 Z: 5.00 @ http://localhost:3000/_next/static/chunks/0-ynv9eqilv7x.js:0
[   38771ms] [LOG] Player X: 0.00 Y: 6.00 Z: 5.00 @ http://localhost:3000/_next/static/chunks/0-ynv9eqilv7x.js:0
[   38774ms] [LOG] Player X: 0.00 Y: 6.00 Z: 5.00 @ http://localhost:3000/_next/static/chunks/0-ynv9eqilv7x.js:0
[   38777ms] [LOG] Player X: 0.00 Y: 6.00 Z: 5.00 @ http://localhost:3000/_next/static/chunks/0-ynv9eqilv7x.js:0
[   38781ms] [LOG] Player X: 0.00 Y: 6.00 Z: 5.00 @ http://localhost:3000/_next/static/chunks/0-ynv9eqilv7x.js:0
[   38784ms] [LOG] Player X: 0.00 Y: 6.00 Z: 5.00 @ http://localhost:3000/_next/static/chunks/0-ynv9eqilv7x.js:0
[   38787ms] [LOG] Player X: 0.00 Y: 6.00 Z: 5.00 @ http://localhost:3000/_next/static/chunks/0-ynv9eqilv7x.js:0
[   38791ms] [LOG] Player X: 0.00 Y: 6.00 Z: 5.00 @ http://localhost:3000/_next/static/chunks/0-ynv9eqilv7x.js:0
[   38794ms] [LOG] Player X: 0.00 Y: 6.00 Z: 5.00 @ http://localhost:3000/_next/static/chunks/0-ynv9eqilv7x.js:0
[   38797ms] [LOG] Player X: 0.00 Y: 6.00 Z: 5.00 @ http://localhost:3000/_next/static/chunks/0-ynv9eqilv7x.js:0
[   38801ms] [LOG] Player X: 0.00 Y: 6.00 Z: 5.00 @ http://localhost:3000/_next/static/chunks/0-ynv9eqilv7x.js:0
[   38804ms] [LOG] Player X: 0.00 Y: 6.00 Z: 5.00 @ http://localhost:3000/_next/static/chunks/0-ynv9eqilv7x.js:0
[   38807ms] [LOG] Player X: 0.00 Y: 6.00 Z: 5.00 @ http://localhost:3000/_next/static/chunks/0-ynv9eqilv7x.js:0
[   38811ms] [LOG] Player X: 0.00 Y: 6.00 Z: 5.00 @ http://localhost:3000/_next/static/chunks/0-ynv9eqilv7x.js:0
[   38814ms] [LOG] Player X: 0.00 Y: 6.00 Z: 5.00 @ http://localhost:3000/_next/static/chunks/0-ynv9eqilv7x.js:0
[   38817ms] [LOG] Player X: 0.00 Y: 6.00 Z: 5.00 @ http://localhost:3000/_next/static/chunks/0-ynv9eqilv7x.js:0
[   38821ms] [LOG] Player X: 0.00 Y: 6.00 Z: 5.00 @ http://localhost:3000/_next/static/chunks/0-ynv9eqilv7x.js:0
[   38824ms] [LOG] Player X: 0.00 Y: 6.00 Z: 5.00 @ http://localhost:3000/_next/static/chunks/0-ynv9eqilv7x.js:0
[   38827ms] [LOG] Player X: 0.00 Y: 6.00 Z: 5.00 @ http://localhost:3000/_next/static/chunks/0-ynv9eqilv7x.js:0
[   38831ms] [LOG] Player X: 0.00 Y: 6.00 Z: 5.00 @ http://localhost:3000/_next/static/chunks/0-ynv9eqilv7x.js:0
[   38834ms] [LOG] Player X: 0.00 Y: 6.00 Z: 5.00 @ http://localhost:3000/_next/static/chunks/0-ynv9eqilv7x.js:0
[   38837ms] [LOG] Player X: 0.00 Y: 6.00 Z: 5.00 @ http://localhost:3000/_next/static/chunks/0-ynv9eqilv7x.js:0
[   38841ms] [LOG] Player X: 0.00 Y: 6.00 Z: 5.00 @ http://localhost:3000/_next/static/chunks/0-ynv9eqilv7x.js:0
[   38844ms] [LOG] Player X: 0.00 Y: 6.00 Z: 5.00 @ http://localhost:3000/_next/static/chunks/0-ynv9eqilv7x.js:0
[   38847ms] [LOG] Player X: 0.00 Y: 6.00 Z: 5.00 @ http://localhost:3000/_next/static/chunks/0-ynv9eqilv7x.js:0
[   38851ms] [LOG] Player X: 0.00 Y: 6.00 Z: 5.00 @ http://localhost:3000/_next/static/chunks/0-ynv9eqilv7x.js:0
[   38854ms] [LOG] Player X: 0.00 Y: 6.00 Z: 5.00 @ http://localhost:3000/_next/static/chunks/0-ynv9eqilv7x.js:0
[   38857ms] [LOG] Player X: 0.00 Y: 6.00 Z: 5.00 @ http://localhost:3000/_next/static/chunks/0-ynv9eqilv7x.js:0
[   38861ms] [LOG] Player X: 0.00 Y: 6.00 Z: 5.00 @ http://localhost:3000/_next/static/chunks/0-ynv9eqilv7x.js:0
[   38864ms] [LOG] Player X: 0.00 Y: 6.00 Z: 5.00 @ http://localhost:3000/_next/static/chunks/0-ynv9eqilv7x.js:0
[   38867ms] [LOG] Player X: 0.00 Y: 6.00 Z: 5.00 @ http://localhost:3000/_next/static/chunks/0-ynv9eqilv7x.js:0
[   38871ms] [LOG] Player X: 0.00 Y: 6.00 Z: 5.00 @ http://localhost:3000/_next/static/chunks/0-ynv9eqilv7x.js:0
[   38874ms] [LOG] Player X: 0.00 Y: 6.00 Z: 5.00 @ http://localhost:3000/_next/static/chunks/0-ynv9eqilv7x.js:0
[   38877ms] [LOG] Player X: 0.00 Y: 6.00 Z: 5.00 @ http://localhost:3000/_next/static/chunks/0-ynv9eqilv7x.js:0
[   38881ms] [LOG] Player X: 0.00 Y: 6.00 Z: 5.00 @ http://localhost:3000/_next/static/chunks/0-ynv9eqilv7x.js:0
[   38884ms] [LOG] Player X: 0.00 Y: 6.00 Z: 5.00 @ http://localhost:3000/_next/static/chunks/0-ynv9eqilv7x.js:0
[   38887ms] [LOG] Player X: 0.00 Y: 6.00 Z: 5.00 @ http://localhost:3000/_next/static/chunks/0-ynv9eqilv7x.js:0
[   38891ms] [LOG] Player X: 0.00 Y: 6.00 Z: 5.00 @ http://localhost:3000/_next/static/chunks/0-ynv9eqilv7x.js:0
[   38894ms] [LOG] Player X: 0.00 Y: 6.00 Z: 5.00 @ http://localhost:3000/_next/static/chunks/0-ynv9eqilv7x.js:0
[   38897ms] [LOG] Player X: 0.00 Y: 6.00 Z: 5.00 @ http://localhost:3000/_next/static/chunks/0-ynv9eqilv7x.js:0
[   38901ms] [LOG] Player X: 0.00 Y: 6.00 Z: 5.00 @ http://localhost:3000/_next/static/chunks/0-ynv9eqilv7x.js:0
[   38904ms] [LOG] Player X: 0.00 Y: 6.00 Z: 5.00 @ http://localhost:3000/_next/static/chunks/0-ynv9eqilv7x.js:0
[   38908ms] [LOG] Player X: 0.00 Y: 6.00 Z: 5.00 @ http://localhost:3000/_next/static/chunks/0-ynv9eqilv7x.js:0
[   38911ms] [LOG] Player X: 0.00 Y: 6.00 Z: 5.00 @ http://localhost:3000/_next/static/chunks/0-ynv9eqilv7x.js:0
[   38914ms] [LOG] Player X: 0.00 Y: 6.00 Z: 5.00 @ http://localhost:3000/_next/static/chunks/0-ynv9eqilv7x.js:0
[   38917ms] [LOG] Player X: 0.00 Y: 6.00 Z: 5.00 @ http://localhost:3000/_next/static/chunks/0-ynv9eqilv7x.js:0
[   38921ms] [LOG] Player X: 0.00 Y: 6.00 Z: 5.00 @ http://localhost:3000/_next/static/chunks/0-ynv9eqilv7x.js:0
[   38924ms] [LOG] Player X: 0.00 Y: 6.00 Z: 5.00 @ http://localhost:3000/_next/static/chunks/0-ynv9eqilv7x.js:0
[   38927ms] [LOG] Player X: 0.00 Y: 6.00 Z: 5.00 @ http://localhost:3000/_next/static/chunks/0-ynv9eqilv7x.js:0
[   38931ms] [LOG] Player X: 0.00 Y: 6.00 Z: 5.00 @ http://localhost:3000/_next/static/chunks/0-ynv9eqilv7x.js:0
[   38934ms] [LOG] Player X: 0.00 Y: 6.00 Z: 5.00 @ http://localhost:3000/_next/static/chunks/0-ynv9eqilv7x.js:0
[   38937ms] [LOG] Player X: 0.00 Y: 6.00 Z: 5.00 @ http://localhost:3000/_next/static/chunks/0-ynv9eqilv7x.js:0
[   38941ms] [LOG] Player X: 0.00 Y: 6.00 Z: 5.00 @ http://localhost:3000/_next/static/chunks/0-ynv9eqilv7x.js:0
[   38944ms] [LOG] Player X: 0.00 Y: 6.00 Z: 5.00 @ http://localhost:3000/_next/static/chunks/0-ynv9eqilv7x.js:0
[   38947ms] [LOG] Player X: 0.00 Y: 6.00 Z: 5.00 @ http://localhost:3000/_next/static/chunks/0-ynv9eqilv7x.js:0
[   38951ms] [LOG] Player X: 0.00 Y: 6.00 Z: 5.00 @ http://localhost:3000/_next/static/chunks/0-ynv9eqilv7x.js:0
[   38954ms] [LOG] Player X: 0.00 Y: 6.00 Z: 5.00 @ http://localhost:3000/_next/static/chunks/0-ynv9eqilv7x.js:0
[   38957ms] [LOG] Player X: 0.00 Y: 6.00 Z: 5.00 @ http://localhost:3000/_next/static/chunks/0-ynv9eqilv7x.js:0
[   38961ms] [LOG] Player X: 0.00 Y: 6.00 Z: 5.00 @ http://localhost:3000/_next/static/chunks/0-ynv9eqilv7x.js:0
[   38964ms] [LOG] Player X: 0.00 Y: 6.00 Z: 5.00 @ http://localhost:3000/_next/static/chunks/0-ynv9eqilv7x.js:0
[   38967ms] [LOG] Player X: 0.00 Y: 6.00 Z: 5.00 @ http://localhost:3000/_next/static/chunks/0-ynv9eqilv7x.js:0
[   38971ms] [LOG] Player X: 0.00 Y: 6.00 Z: 5.00 @ http://localhost:3000/_next/static/chunks/0-ynv9eqilv7x.js:0
[   38974ms] [LOG] Player X: 0.00 Y: 6.00 Z: 5.00 @ http://localhost:3000/_next/static/chunks/0-ynv9eqilv7x.js:0
[   38977ms] [LOG] Player X: 0.00 Y: 6.00 Z: 5.00 @ http://localhost:3000/_next/static/chunks/0-ynv9eqilv7x.js:0
[   38981ms] [LOG] Player X: 0.00 Y: 6.00 Z: 5.00 @ http://localhost:3000/_next/static/chunks/0-ynv9eqilv7x.js:0
[   38984ms] [LOG] Player X: 0.00 Y: 6.00 Z: 5.00 @ http://localhost:3000/_next/static/chunks/0-ynv9eqilv7x.js:0
[   38987ms] [LOG] Player X: 0.00 Y: 6.00 Z: 5.00 @ http://localhost:3000/_next/static/chunks/0-ynv9eqilv7x.js:0
[   38991ms] [LOG] Player X: 0.00 Y: 6.00 Z: 5.00 @ http://localhost:3000/_next/static/chunks/0-ynv9eqilv7x.js:0
[   38994ms] [LOG] Player X: 0.00 Y: 6.00 Z: 5.00 @ http://localhost:3000/_next/static/chunks/0-ynv9eqilv7x.js:0
[   38997ms] [LOG] Player X: 0.00 Y: 6.00 Z: 5.00 @ http://localhost:3000/_next/static/chunks/0-ynv9eqilv7x.js:0
[   39001ms] [LOG] Player X: 0.00 Y: 6.00 Z: 5.00 @ http://localhost:3000/_next/static/chunks/0-ynv9eqilv7x.js:0
[   39004ms] [LOG] Player X: 0.00 Y: 6.00 Z: 5.00 @ http://localhost:3000/_next/static/chunks/0-ynv9eqilv7x.js:0
[   39007ms] [LOG] Player X: 0.00 Y: 6.00 Z: 5.00 @ http://localhost:3000/_next/static/chunks/0-ynv9eqilv7x.js:0
[   39011ms] [LOG] Player X: 0.00 Y: 6.00 Z: 5.00 @ http://localhost:3000/_next/static/chunks/0-ynv9eqilv7x.js:0
[   39014ms] [LOG] Player X: 0.00 Y: 6.00 Z: 5.00 @ http://localhost:3000/_next/static/chunks/0-ynv9eqilv7x.js:0
[   39017ms] [LOG] Player X: 0.00 Y: 6.00 Z: 5.00 @ http://localhost:3000/_next/static/chunks/0-ynv9eqilv7x.js:0
[   39021ms] [LOG] Player X: 0.00 Y: 6.00 Z: 5.00 @ http://localhost:3000/_next/static/chunks/0-ynv9eqilv7x.js:0
[   39024ms] [LOG] Player X: 0.00 Y: 6.00 Z: 5.00 @ http://localhost:3000/_next/static/chunks/0-ynv9eqilv7x.js:0
[   39027ms] [LOG] Player X: 0.00 Y: 6.00 Z: 5.00 @ http://localhost:3000/_next/static/chunks/0-ynv9eqilv7x.js:0
[   39031ms] [LOG] Player X: 0.00 Y: 6.00 Z: 5.00 @ http://localhost:3000/_next/static/chunks/0-ynv9eqilv7x.js:0
[   39034ms] [LOG] Player X: 0.00 Y: 6.00 Z: 5.00 @ http://localhost:3000/_next/static/chunks/0-ynv9eqilv7x.js:0
[   39037ms] [LOG] Player X: 0.00 Y: 6.00 Z: 5.00 @ http://localhost:3000/_next/static/chunks/0-ynv9eqilv7x.js:0
[   39041ms] [LOG] Player X: 0.00 Y: 6.00 Z: 5.00 @ http://localhost:3000/_next/static/chunks/0-ynv9eqilv7x.js:0
[   39044ms] [LOG] Player X: 0.00 Y: 6.00 Z: 5.00 @ http://localhost:3000/_next/static/chunks/0-ynv9eqilv7x.js:0
[   39047ms] [LOG] Player X: 0.00 Y: 6.00 Z: 5.00 @ http://localhost:3000/_next/static/chunks/0-ynv9eqilv7x.js:0
[   39051ms] [LOG] Player X: 0.00 Y: 6.00 Z: 5.00 @ http://localhost:3000/_next/static/chunks/0-ynv9eqilv7x.js:0
[   39054ms] [LOG] Player X: 0.00 Y: 6.00 Z: 5.00 @ http://localhost:3000/_next/static/chunks/0-ynv9eqilv7x.js:0
[   39057ms] [LOG] Player X: 0.00 Y: 6.00 Z: 5.00 @ http://localhost:3000/_next/static/chunks/0-ynv9eqilv7x.js:0
[   39061ms] [LOG] Player X: 0.00 Y: 6.00 Z: 5.00 @ http://localhost:3000/_next/static/chunks/0-ynv9eqilv7x.js:0
[   39064ms] [LOG] Player X: 0.00 Y: 6.00 Z: 5.00 @ http://localhost:3000/_next/static/chunks/0-ynv9eqilv7x.js:0
[   39067ms] [LOG] Player X: 0.00 Y: 6.00 Z: 5.00 @ http://localhost:3000/_next/static/chunks/0-ynv9eqilv7x.js:0
[   39071ms] [LOG] Player X: 0.00 Y: 6.00 Z: 5.00 @ http://localhost:3000/_next/static/chunks/0-ynv9eqilv7x.js:0
[   39074ms] [LOG] Player X: 0.00 Y: 6.00 Z: 5.00 @ http://localhost:3000/_next/static/chunks/0-ynv9eqilv7x.js:0
[   39077ms] [LOG] Player X: 0.00 Y: 6.00 Z: 5.00 @ http://localhost:3000/_next/static/chunks/0-ynv9eqilv7x.js:0
[   39081ms] [LOG] Player X: 0.00 Y: 6.00 Z: 5.00 @ http://localhost:3000/_next/static/chunks/0-ynv9eqilv7x.js:0
[   39084ms] [LOG] Player X: 0.00 Y: 6.00 Z: 5.00 @ http://localhost:3000/_next/static/chunks/0-ynv9eqilv7x.js:0
[   39087ms] [LOG] Player X: 0.00 Y: 6.00 Z: 5.00 @ http://localhost:3000/_next/static/chunks/0-ynv9eqilv7x.js:0
[   39091ms] [LOG] Player X: 0.00 Y: 6.00 Z: 5.00 @ http://localhost:3000/_next/static/chunks/0-ynv9eqilv7x.js:0
[   39094ms] [LOG] Player X: 0.00 Y: 6.00 Z: 5.00 @ http://localhost:3000/_next/static/chunks/0-ynv9eqilv7x.js:0
[   39097ms] [LOG] Player X: 0.00 Y: 6.00 Z: 5.00 @ http://localhost:3000/_next/static/chunks/0-ynv9eqilv7x.js:0
[   39101ms] [LOG] Player X: 0.00 Y: 6.00 Z: 5.00 @ http://localhost:3000/_next/static/chunks/0-ynv9eqilv7x.js:0
[   39104ms] [LOG] Player X: 0.00 Y: 6.00 Z: 5.00 @ http://localhost:3000/_next/static/chunks/0-ynv9eqilv7x.js:0
[   39107ms] [LOG] Player X: 0.00 Y: 6.00 Z: 5.00 @ http://localhost:3000/_next/static/chunks/0-ynv9eqilv7x.js:0
[   39111ms] [LOG] Player X: 0.00 Y: 6.00 Z: 5.00 @ http://localhost:3000/_next/static/chunks/0-ynv9eqilv7x.js:0
[   39114ms] [LOG] Player X: 0.00 Y: 6.00 Z: 5.00 @ http://localhost:3000/_next/static/chunks/0-ynv9eqilv7x.js:0
[   39118ms] [LOG] Player X: 0.00 Y: 6.00 Z: 5.00 @ http://localhost:3000/_next/static/chunks/0-ynv9eqilv7x.js:0
[   39121ms] [LOG] Player X: 0.00 Y: 6.00 Z: 5.00 @ http://localhost:3000/_next/static/chunks/0-ynv9eqilv7x.js:0
[   39124ms] [LOG] Player X: 0.00 Y: 6.00 Z: 5.00 @ http://localhost:3000/_next/static/chunks/0-ynv9eqilv7x.js:0
[   39127ms] [LOG] Player X: 0.00 Y: 6.00 Z: 5.00 @ http://localhost:3000/_next/static/chunks/0-ynv9eqilv7x.js:0
[   39131ms] [LOG] Player X: 0.00 Y: 6.00 Z: 5.00 @ http://localhost:3000/_next/static/chunks/0-ynv9eqilv7x.js:0
[   39134ms] [LOG] Player X: 0.00 Y: 6.00 Z: 5.00 @ http://localhost:3000/_next/static/chunks/0-ynv9eqilv7x.js:0
[   39137ms] [LOG] Player X: 0.00 Y: 6.00 Z: 5.00 @ http://localhost:3000/_next/static/chunks/0-ynv9eqilv7x.js:0
[   39141ms] [LOG] Player X: 0.00 Y: 6.00 Z: 5.00 @ http://localhost:3000/_next/static/chunks/0-ynv9eqilv7x.js:0
[   39144ms] [LOG] Player X: 0.00 Y: 6.00 Z: 5.00 @ http://localhost:3000/_next/static/chunks/0-ynv9eqilv7x.js:0
[   39147ms] [LOG] Player X: 0.00 Y: 6.00 Z: 5.00 @ http://localhost:3000/_next/static/chunks/0-ynv9eqilv7x.js:0
[   39151ms] [LOG] Player X: 0.00 Y: 6.00 Z: 5.00 @ http://localhost:3000/_next/static/chunks/0-ynv9eqilv7x.js:0
[   39154ms] [LOG] Player X: 0.00 Y: 6.00 Z: 5.00 @ http://localhost:3000/_next/static/chunks/0-ynv9eqilv7x.js:0
[   39157ms] [LOG] Player X: 0.00 Y: 6.00 Z: 5.00 @ http://localhost:3000/_next/static/chunks/0-ynv9eqilv7x.js:0
[   39161ms] [LOG] Player X: 0.00 Y: 6.00 Z: 5.00 @ http://localhost:3000/_next/static/chunks/0-ynv9eqilv7x.js:0
[   39164ms] [LOG] Player X: 0.00 Y: 6.00 Z: 5.00 @ http://localhost:3000/_next/static/chunks/0-ynv9eqilv7x.js:0
[   39167ms] [LOG] Player X: 0.00 Y: 6.00 Z: 5.00 @ http://localhost:3000/_next/static/chunks/0-ynv9eqilv7x.js:0
[   39171ms] [LOG] Player X: 0.00 Y: 6.00 Z: 5.00 @ http://localhost:3000/_next/static/chunks/0-ynv9eqilv7x.js:0
[   39174ms] [LOG] Player X: 0.00 Y: 6.00 Z: 5.00 @ http://localhost:3000/_next/static/chunks/0-ynv9eqilv7x.js:0
[   39177ms] [LOG] Player X: 0.00 Y: 6.00 Z: 5.00 @ http://localhost:3000/_next/static/chunks/0-ynv9eqilv7x.js:0
[   39181ms] [LOG] Player X: 0.00 Y: 6.00 Z: 5.00 @ http://localhost:3000/_next/static/chunks/0-ynv9eqilv7x.js:0
[   39184ms] [LOG] Player X: 0.00 Y: 6.00 Z: 5.00 @ http://localhost:3000/_next/static/chunks/0-ynv9eqilv7x.js:0
[   39187ms] [LOG] Player X: 0.00 Y: 6.00 Z: 5.00 @ http://localhost:3000/_next/static/chunks/0-ynv9eqilv7x.js:0
[   39191ms] [LOG] Player X: 0.00 Y: 6.00 Z: 5.00 @ http://localhost:3000/_next/static/chunks/0-ynv9eqilv7x.js:0
[   39194ms] [LOG] Player X: 0.00 Y: 6.00 Z: 5.00 @ http://localhost:3000/_next/static/chunks/0-ynv9eqilv7x.js:0
[   39197ms] [LOG] Player X: 0.00 Y: 6.00 Z: 5.00 @ http://localhost:3000/_next/static/chunks/0-ynv9eqilv7x.js:0
[   39201ms] [LOG] Player X: 0.00 Y: 6.00 Z: 5.00 @ http://localhost:3000/_next/static/chunks/0-ynv9eqilv7x.js:0
[   39204ms] [LOG] Player X: 0.00 Y: 6.00 Z: 5.00 @ http://localhost:3000/_next/static/chunks/0-ynv9eqilv7x.js:0
[   39207ms] [LOG] Player X: 0.00 Y: 6.00 Z: 5.00 @ http://localhost:3000/_next/static/chunks/0-ynv9eqilv7x.js:0
[   39211ms] [LOG] Player X: 0.00 Y: 6.00 Z: 5.00 @ http://localhost:3000/_next/static/chunks/0-ynv9eqilv7x.js:0
[   39214ms] [LOG] Player X: 0.00 Y: 6.00 Z: 5.00 @ http://localhost:3000/_next/static/chunks/0-ynv9eqilv7x.js:0
[   39217ms] [LOG] Player X: 0.00 Y: 6.00 Z: 5.00 @ http://localhost:3000/_next/static/chunks/0-ynv9eqilv7x.js:0
[   39221ms] [LOG] Player X: 0.00 Y: 6.00 Z: 5.00 @ http://localhost:3000/_next/static/chunks/0-ynv9eqilv7x.js:0
[   39224ms] [LOG] Player X: 0.00 Y: 6.00 Z: 5.00 @ http://localhost:3000/_next/static/chunks/0-ynv9eqilv7x.js:0
[   39227ms] [LOG] Player X: 0.00 Y: 6.00 Z: 5.00 @ http://localhost:3000/_next/static/chunks/0-ynv9eqilv7x.js:0
[   39231ms] [LOG] Player X: 0.00 Y: 6.00 Z: 5.00 @ http://localhost:3000/_next/static/chunks/0-ynv9eqilv7x.js:0
[   39234ms] [LOG] Player X: 0.00 Y: 6.00 Z: 5.00 @ http://localhost:3000/_next/static/chunks/0-ynv9eqilv7x.js:0
[   39237ms] [LOG] Player X: 0.00 Y: 6.00 Z: 5.00 @ http://localhost:3000/_next/static/chunks/0-ynv9eqilv7x.js:0
[   39241ms] [LOG] Player X: 0.00 Y: 6.00 Z: 5.00 @ http://localhost:3000/_next/static/chunks/0-ynv9eqilv7x.js:0
[   39244ms] [LOG] Player X: 0.00 Y: 6.00 Z: 5.00 @ http://localhost:3000/_next/static/chunks/0-ynv9eqilv7x.js:0
[   39247ms] [LOG] Player X: 0.00 Y: 6.00 Z: 5.00 @ http://localhost:3000/_next/static/chunks/0-ynv9eqilv7x.js:0
[   39251ms] [LOG] Player X: 0.00 Y: 6.00 Z: 5.00 @ http://localhost:3000/_next/static/chunks/0-ynv9eqilv7x.js:0
[   39254ms] [LOG] Player X: 0.00 Y: 6.00 Z: 5.00 @ http://localhost:3000/_next/static/chunks/0-ynv9eqilv7x.js:0
[   39257ms] [LOG] Player X: 0.00 Y: 6.00 Z: 5.00 @ http://localhost:3000/_next/static/chunks/0-ynv9eqilv7x.js:0
[   39261ms] [LOG] Player X: 0.00 Y: 6.00 Z: 5.00 @ http://localhost:3000/_next/static/chunks/0-ynv9eqilv7x.js:0
[   39264ms] [LOG] Player X: 0.00 Y: 6.00 Z: 5.00 @ http://localhost:3000/_next/static/chunks/0-ynv9eqilv7x.js:0
[   39268ms] [LOG] Player X: 0.00 Y: 6.00 Z: 5.00 @ http://localhost:3000/_next/static/chunks/0-ynv9eqilv7x.js:0
[   39271ms] [LOG] Player X: 0.00 Y: 6.00 Z: 5.00 @ http://localhost:3000/_next/static/chunks/0-ynv9eqilv7x.js:0
[   39274ms] [LOG] Player X: 0.00 Y: 6.00 Z: 5.00 @ http://localhost:3000/_next/static/chunks/0-ynv9eqilv7x.js:0
[   39277ms] [LOG] Player X: 0.00 Y: 6.00 Z: 5.00 @ http://localhost:3000/_next/static/chunks/0-ynv9eqilv7x.js:0
[   39281ms] [LOG] Player X: 0.00 Y: 6.00 Z: 5.00 @ http://localhost:3000/_next/static/chunks/0-ynv9eqilv7x.js:0
[   39284ms] [LOG] Player X: 0.00 Y: 6.00 Z: 5.00 @ http://localhost:3000/_next/static/chunks/0-ynv9eqilv7x.js:0
[   39287ms] [LOG] Player X: 0.00 Y: 6.00 Z: 5.00 @ http://localhost:3000/_next/static/chunks/0-ynv9eqilv7x.js:0
[   39291ms] [LOG] Player X: 0.00 Y: 6.00 Z: 5.00 @ http://localhost:3000/_next/static/chunks/0-ynv9eqilv7x.js:0
[   39294ms] [LOG] Player X: 0.00 Y: 6.00 Z: 5.00 @ http://localhost:3000/_next/static/chunks/0-ynv9eqilv7x.js:0
[   39297ms] [LOG] Player X: 0.00 Y: 6.00 Z: 5.00 @ http://localhost:3000/_next/static/chunks/0-ynv9eqilv7x.js:0
[   39301ms] [LOG] Player X: 0.00 Y: 6.00 Z: 5.00 @ http://localhost:3000/_next/static/chunks/0-ynv9eqilv7x.js:0
[   39304ms] [LOG] Player X: 0.00 Y: 6.00 Z: 5.00 @ http://localhost:3000/_next/static/chunks/0-ynv9eqilv7x.js:0
[   39307ms] [LOG] Player X: 0.00 Y: 6.00 Z: 5.00 @ http://localhost:3000/_next/static/chunks/0-ynv9eqilv7x.js:0
[   39311ms] [LOG] Player X: 0.00 Y: 6.00 Z: 5.00 @ http://localhost:3000/_next/static/chunks/0-ynv9eqilv7x.js:0
[   39314ms] [LOG] Player X: 0.00 Y: 6.00 Z: 5.00 @ http://localhost:3000/_next/static/chunks/0-ynv9eqilv7x.js:0
[   39317ms] [LOG] Player X: 0.00 Y: 6.00 Z: 5.00 @ http://localhost:3000/_next/static/chunks/0-ynv9eqilv7x.js:0
[   39321ms] [LOG] Player X: 0.00 Y: 6.00 Z: 5.00 @ http://localhost:3000/_next/static/chunks/0-ynv9eqilv7x.js:0
[   39324ms] [LOG] Player X: 0.00 Y: 6.00 Z: 5.00 @ http://localhost:3000/_next/static/chunks/0-ynv9eqilv7x.js:0
[   39328ms] [LOG] Player X: 0.00 Y: 6.00 Z: 5.00 @ http://localhost:3000/_next/static/chunks/0-ynv9eqilv7x.js:0
[   39331ms] [LOG] Player X: 0.00 Y: 6.00 Z: 5.00 @ http://localhost:3000/_next/static/chunks/0-ynv9eqilv7x.js:0
[   39334ms] [LOG] Player X: 0.00 Y: 6.00 Z: 5.00 @ http://localhost:3000/_next/static/chunks/0-ynv9eqilv7x.js:0
[   39337ms] [LOG] Player X: 0.00 Y: 6.00 Z: 5.00 @ http://localhost:3000/_next/static/chunks/0-ynv9eqilv7x.js:0
[   39341ms] [LOG] Player X: 0.00 Y: 6.00 Z: 5.00 @ http://localhost:3000/_next/static/chunks/0-ynv9eqilv7x.js:0
[   39344ms] [LOG] Player X: 0.00 Y: 6.00 Z: 5.00 @ http://localhost:3000/_next/static/chunks/0-ynv9eqilv7x.js:0
[   39347ms] [LOG] Player X: 0.00 Y: 6.00 Z: 5.00 @ http://localhost:3000/_next/static/chunks/0-ynv9eqilv7x.js:0
[   39351ms] [LOG] Player X: 0.00 Y: 6.00 Z: 5.00 @ http://localhost:3000/_next/static/chunks/0-ynv9eqilv7x.js:0
[   39354ms] [LOG] Player X: 0.00 Y: 6.00 Z: 5.00 @ http://localhost:3000/_next/static/chunks/0-ynv9eqilv7x.js:0
[   39357ms] [LOG] Player X: 0.00 Y: 6.00 Z: 5.00 @ http://localhost:3000/_next/static/chunks/0-ynv9eqilv7x.js:0
[   39361ms] [LOG] Player X: 0.00 Y: 6.00 Z: 5.00 @ http://localhost:3000/_next/static/chunks/0-ynv9eqilv7x.js:0
[   39364ms] [LOG] Player X: 0.00 Y: 6.00 Z: 5.00 @ http://localhost:3000/_next/static/chunks/0-ynv9eqilv7x.js:0
[   39367ms] [LOG] Player X: 0.00 Y: 6.00 Z: 5.00 @ http://localhost:3000/_next/static/chunks/0-ynv9eqilv7x.js:0
[   39371ms] [LOG] Player X: 0.00 Y: 6.00 Z: 5.00 @ http://localhost:3000/_next/static/chunks/0-ynv9eqilv7x.js:0
[   39374ms] [LOG] Player X: 0.00 Y: 6.00 Z: 5.00 @ http://localhost:3000/_next/static/chunks/0-ynv9eqilv7x.js:0
[   39377ms] [LOG] Player X: 0.00 Y: 6.00 Z: 5.00 @ http://localhost:3000/_next/static/chunks/0-ynv9eqilv7x.js:0
[   39381ms] [LOG] Player X: 0.00 Y: 6.00 Z: 5.00 @ http://localhost:3000/_next/static/chunks/0-ynv9eqilv7x.js:0
[   39384ms] [LOG] Player X: 0.00 Y: 6.00 Z: 5.00 @ http://localhost:3000/_next/static/chunks/0-ynv9eqilv7x.js:0
[   39387ms] [LOG] Player X: 0.00 Y: 6.00 Z: 5.00 @ http://localhost:3000/_next/static/chunks/0-ynv9eqilv7x.js:0
[   39391ms] [LOG] Player X: 0.00 Y: 6.00 Z: 5.00 @ http://localhost:3000/_next/static/chunks/0-ynv9eqilv7x.js:0
[   39394ms] [LOG] Player X: 0.00 Y: 6.00 Z: 5.00 @ http://localhost:3000/_next/static/chunks/0-ynv9eqilv7x.js:0
[   39397ms] [LOG] Player X: 0.00 Y: 6.00 Z: 5.00 @ http://localhost:3000/_next/static/chunks/0-ynv9eqilv7x.js:0
[   39401ms] [LOG] Player X: 0.00 Y: 6.00 Z: 5.00 @ http://localhost:3000/_next/static/chunks/0-ynv9eqilv7x.js:0
[   39404ms] [LOG] Player X: 0.00 Y: 6.00 Z: 5.00 @ http://localhost:3000/_next/static/chunks/0-ynv9eqilv7x.js:0
[   39407ms] [LOG] Player X: 0.00 Y: 6.00 Z: 5.00 @ http://localhost:3000/_next/static/chunks/0-ynv9eqilv7x.js:0
[   39411ms] [LOG] Player X: 0.00 Y: 6.00 Z: 5.00 @ http://localhost:3000/_next/static/chunks/0-ynv9eqilv7x.js:0
[   39414ms] [LOG] Player X: 0.00 Y: 6.00 Z: 5.00 @ http://localhost:3000/_next/static/chunks/0-ynv9eqilv7x.js:0
[   39417ms] [LOG] Player X: 0.00 Y: 6.00 Z: 5.00 @ http://localhost:3000/_next/static/chunks/0-ynv9eqilv7x.js:0
[   39421ms] [LOG] Player X: 0.00 Y: 6.00 Z: 5.00 @ http://localhost:3000/_next/static/chunks/0-ynv9eqilv7x.js:0
[   39424ms] [LOG] Player X: 0.00 Y: 6.00 Z: 5.00 @ http://localhost:3000/_next/static/chunks/0-ynv9eqilv7x.js:0
[   39428ms] [LOG] Player X: 0.00 Y: 6.00 Z: 5.00 @ http://localhost:3000/_next/static/chunks/0-ynv9eqilv7x.js:0
[   39431ms] [LOG] Player X: 0.00 Y: 6.00 Z: 5.00 @ http://localhost:3000/_next/static/chunks/0-ynv9eqilv7x.js:0
[   39434ms] [LOG] Player X: 0.00 Y: 6.00 Z: 5.00 @ http://localhost:3000/_next/static/chunks/0-ynv9eqilv7x.js:0
[   39437ms] [LOG] Player X: 0.00 Y: 6.00 Z: 5.00 @ http://localhost:3000/_next/static/chunks/0-ynv9eqilv7x.js:0
[   39441ms] [LOG] Player X: 0.00 Y: 6.00 Z: 5.00 @ http://localhost:3000/_next/static/chunks/0-ynv9eqilv7x.js:0
[   39444ms] [LOG] Player X: 0.00 Y: 6.00 Z: 5.00 @ http://localhost:3000/_next/static/chunks/0-ynv9eqilv7x.js:0
[   39448ms] [LOG] Player X: 0.00 Y: 6.00 Z: 5.00 @ http://localhost:3000/_next/static/chunks/0-ynv9eqilv7x.js:0
[   39451ms] [LOG] Player X: 0.00 Y: 6.00 Z: 5.00 @ http://localhost:3000/_next/static/chunks/0-ynv9eqilv7x.js:0
[   39454ms] [LOG] Player X: 0.00 Y: 6.00 Z: 5.00 @ http://localhost:3000/_next/static/chunks/0-ynv9eqilv7x.js:0
[   39457ms] [LOG] Player X: 0.00 Y: 6.00 Z: 5.00 @ http://localhost:3000/_next/static/chunks/0-ynv9eqilv7x.js:0
[   39461ms] [LOG] Player X: 0.00 Y: 6.00 Z: 5.00 @ http://localhost:3000/_next/static/chunks/0-ynv9eqilv7x.js:0
[   39464ms] [LOG] Player X: 0.00 Y: 6.00 Z: 5.00 @ http://localhost:3000/_next/static/chunks/0-ynv9eqilv7x.js:0
[   39467ms] [LOG] Player X: 0.00 Y: 6.00 Z: 5.00 @ http://localhost:3000/_next/static/chunks/0-ynv9eqilv7x.js:0
[   39471ms] [LOG] Player X: 0.00 Y: 6.00 Z: 5.00 @ http://localhost:3000/_next/static/chunks/0-ynv9eqilv7x.js:0
[   39474ms] [LOG] Player X: 0.00 Y: 6.00 Z: 5.00 @ http://localhost:3000/_next/static/chunks/0-ynv9eqilv7x.js:0
[   39477ms] [LOG] Player X: 0.00 Y: 6.00 Z: 5.00 @ http://localhost:3000/_next/static/chunks/0-ynv9eqilv7x.js:0
[   39481ms] [LOG] Player X: 0.00 Y: 6.00 Z: 5.00 @ http://localhost:3000/_next/static/chunks/0-ynv9eqilv7x.js:0
[   39484ms] [LOG] Player X: 0.00 Y: 6.00 Z: 5.00 @ http://localhost:3000/_next/static/chunks/0-ynv9eqilv7x.js:0
[   39487ms] [LOG] Player X: 0.00 Y: 6.00 Z: 5.00 @ http://localhost:3000/_next/static/chunks/0-ynv9eqilv7x.js:0
[   39491ms] [LOG] Player X: 0.00 Y: 6.00 Z: 5.00 @ http://localhost:3000/_next/static/chunks/0-ynv9eqilv7x.js:0
[   39494ms] [LOG] Player X: 0.00 Y: 6.00 Z: 5.00 @ http://localhost:3000/_next/static/chunks/0-ynv9eqilv7x.js:0
[   39497ms] [LOG] Player X: 0.00 Y: 6.00 Z: 5.00 @ http://localhost:3000/_next/static/chunks/0-ynv9eqilv7x.js:0
[   39501ms] [LOG] Player X: 0.00 Y: 6.00 Z: 5.00 @ http://localhost:3000/_next/static/chunks/0-ynv9eqilv7x.js:0
[   39504ms] [LOG] Player X: 0.00 Y: 6.00 Z: 5.00 @ http://localhost:3000/_next/static/chunks/0-ynv9eqilv7x.js:0
[   39507ms] [LOG] Player X: 0.00 Y: 6.00 Z: 5.00 @ http://localhost:3000/_next/static/chunks/0-ynv9eqilv7x.js:0
[   39511ms] [LOG] Player X: 0.00 Y: 6.00 Z: 5.00 @ http://localhost:3000/_next/static/chunks/0-ynv9eqilv7x.js:0
[   39514ms] [LOG] Player X: 0.00 Y: 6.00 Z: 5.00 @ http://localhost:3000/_next/static/chunks/0-ynv9eqilv7x.js:0
[   39518ms] [LOG] Player X: 0.00 Y: 6.00 Z: 5.00 @ http://localhost:3000/_next/static/chunks/0-ynv9eqilv7x.js:0
[   39521ms] [LOG] Player X: 0.00 Y: 6.00 Z: 5.00 @ http://localhost:3000/_next/static/chunks/0-ynv9eqilv7x.js:0
[   39524ms] [LOG] Player X: 0.00 Y: 6.00 Z: 5.00 @ http://localhost:3000/_next/static/chunks/0-ynv9eqilv7x.js:0
[   39527ms] [LOG] Player X: 0.00 Y: 6.00 Z: 5.00 @ http://localhost:3000/_next/static/chunks/0-ynv9eqilv7x.js:0
[   39531ms] [LOG] Player X: 0.00 Y: 6.00 Z: 5.00 @ http://localhost:3000/_next/static/chunks/0-ynv9eqilv7x.js:0
[   39534ms] [LOG] Player X: 0.00 Y: 6.00 Z: 5.00 @ http://localhost:3000/_next/static/chunks/0-ynv9eqilv7x.js:0
[   39537ms] [LOG] Player X: 0.00 Y: 6.00 Z: 5.00 @ http://localhost:3000/_next/static/chunks/0-ynv9eqilv7x.js:0
[   39541ms] [LOG] Player X: 0.00 Y: 6.00 Z: 5.00 @ http://localhost:3000/_next/static/chunks/0-ynv9eqilv7x.js:0
[   39544ms] [LOG] Player X: 0.00 Y: 6.00 Z: 5.00 @ http://localhost:3000/_next/static/chunks/0-ynv9eqilv7x.js:0
[   39547ms] [LOG] Player X: 0.00 Y: 6.00 Z: 5.00 @ http://localhost:3000/_next/static/chunks/0-ynv9eqilv7x.js:0
[   39551ms] [LOG] Player X: 0.00 Y: 6.00 Z: 5.00 @ http://localhost:3000/_next/static/chunks/0-ynv9eqilv7x.js:0
[   39554ms] [LOG] Player X: 0.00 Y: 6.00 Z: 5.00 @ http://localhost:3000/_next/static/chunks/0-ynv9eqilv7x.js:0
[   39557ms] [LOG] Player X: 0.00 Y: 6.00 Z: 5.00 @ http://localhost:3000/_next/static/chunks/0-ynv9eqilv7x.js:0
[   39561ms] [LOG] Player X: 0.00 Y: 6.00 Z: 5.00 @ http://localhost:3000/_next/static/chunks/0-ynv9eqilv7x.js:0
[   39564ms] [LOG] Player X: 0.00 Y: 6.00 Z: 5.00 @ http://localhost:3000/_next/static/chunks/0-ynv9eqilv7x.js:0
[   39567ms] [LOG] Player X: 0.00 Y: 6.00 Z: 5.00 @ http://localhost:3000/_next/static/chunks/0-ynv9eqilv7x.js:0
[   39571ms] [LOG] Player X: 0.00 Y: 6.00 Z: 5.00 @ http://localhost:3000/_next/static/chunks/0-ynv9eqilv7x.js:0
[   39574ms] [LOG] Player X: 0.00 Y: 6.00 Z: 5.00 @ http://localhost:3000/_next/static/chunks/0-ynv9eqilv7x.js:0
[   39577ms] [LOG] Player X: 0.00 Y: 6.00 Z: 5.00 @ http://localhost:3000/_next/static/chunks/0-ynv9eqilv7x.js:0
[   39581ms] [LOG] Player X: 0.00 Y: 6.00 Z: 5.00 @ http://localhost:3000/_next/static/chunks/0-ynv9eqilv7x.js:0
[   39584ms] [LOG] Player X: 0.00 Y: 6.00 Z: 5.00 @ http://localhost:3000/_next/static/chunks/0-ynv9eqilv7x.js:0
[   39588ms] [LOG] Player X: 0.00 Y: 6.00 Z: 5.00 @ http://localhost:3000/_next/static/chunks/0-ynv9eqilv7x.js:0
[   39591ms] [LOG] Player X: 0.00 Y: 6.00 Z: 5.00 @ http://localhost:3000/_next/static/chunks/0-ynv9eqilv7x.js:0
[   39594ms] [LOG] Player X: 0.00 Y: 6.00 Z: 5.00 @ http://localhost:3000/_next/static/chunks/0-ynv9eqilv7x.js:0
[   39598ms] [LOG] Player X: 0.00 Y: 6.00 Z: 5.00 @ http://localhost:3000/_next/static/chunks/0-ynv9eqilv7x.js:0
[   39601ms] [LOG] Player X: 0.00 Y: 6.00 Z: 5.00 @ http://localhost:3000/_next/static/chunks/0-ynv9eqilv7x.js:0
[   39604ms] [LOG] Player X: 0.00 Y: 6.00 Z: 5.00 @ http://localhost:3000/_next/static/chunks/0-ynv9eqilv7x.js:0
[   39608ms] [LOG] Player X: 0.00 Y: 6.00 Z: 5.00 @ http://localhost:3000/_next/static/chunks/0-ynv9eqilv7x.js:0
[   39611ms] [LOG] Player X: 0.00 Y: 6.00 Z: 5.00 @ http://localhost:3000/_next/static/chunks/0-ynv9eqilv7x.js:0
[   39614ms] [LOG] Player X: 0.00 Y: 6.00 Z: 5.00 @ http://localhost:3000/_next/static/chunks/0-ynv9eqilv7x.js:0
[   39618ms] [LOG] Player X: 0.00 Y: 6.00 Z: 5.00 @ http://localhost:3000/_next/static/chunks/0-ynv9eqilv7x.js:0
[   39620ms] [ERROR] THREE.PointerLockControls: Unable to use Pointer Lock API @ http://localhost:3000/_next/static/chunks/0-ynv9eqilv7x.js:0
[   39621ms] The root document of this element is not valid for pointer lock.
[   39621ms] [LOG] Player X: 0.00 Y: 6.00 Z: 5.00 @ http://localhost:3000/_next/static/chunks/0-ynv9eqilv7x.js:0
[   39624ms] [LOG] Player X: 0.00 Y: 6.00 Z: 5.00 @ http://localhost:3000/_next/static/chunks/0-ynv9eqilv7x.js:0
[   39628ms] [LOG] Player X: 0.00 Y: 6.00 Z: 5.00 @ http://localhost:3000/_next/static/chunks/0-ynv9eqilv7x.js:0
[   39631ms] [LOG] Player X: 0.00 Y: 6.00 Z: 5.00 @ http://localhost:3000/_next/static/chunks/0-ynv9eqilv7x.js:0
[   39634ms] [LOG] Player X: 0.00 Y: 6.00 Z: 5.00 @ http://localhost:3000/_next/static/chunks/0-ynv9eqilv7x.js:0
[   39637ms] [LOG] Player X: 0.00 Y: 6.00 Z: 5.00 @ http://localhost:3000/_next/static/chunks/0-ynv9eqilv7x.js:0
[   39641ms] [LOG] Player X: 0.00 Y: 6.00 Z: 5.00 @ http://localhost:3000/_next/static/chunks/0-ynv9eqilv7x.js:0
[   39644ms] [LOG] Player X: 0.00 Y: 6.00 Z: 5.00 @ http://localhost:3000/_next/static/chunks/0-ynv9eqilv7x.js:0
[   39647ms] [LOG] Player X: 0.00 Y: 6.00 Z: 5.00 @ http://localhost:3000/_next/static/chunks/0-ynv9eqilv7x.js:0
[   39651ms] [LOG] Player X: 0.00 Y: 6.00 Z: 5.00 @ http://localhost:3000/_next/static/chunks/0-ynv9eqilv7x.js:0
[   39654ms] [LOG] Player X: 0.00 Y: 6.00 Z: 5.00 @ http://localhost:3000/_next/static/chunks/0-ynv9eqilv7x.js:0
[   39657ms] [LOG] Player X: 0.00 Y: 6.00 Z: 5.00 @ http://localhost:3000/_next/static/chunks/0-ynv9eqilv7x.js:0
[   39661ms] [LOG] Player X: 0.00 Y: 6.00 Z: 5.00 @ http://localhost:3000/_next/static/chunks/0-ynv9eqilv7x.js:0
[   39664ms] [LOG] Player X: 0.00 Y: 6.00 Z: 5.00 @ http://localhost:3000/_next/static/chunks/0-ynv9eqilv7x.js:0
[   39667ms] [LOG] Player X: 0.00 Y: 6.00 Z: 5.00 @ http://localhost:3000/_next/static/chunks/0-ynv9eqilv7x.js:0
[   39671ms] [LOG] Player X: 0.00 Y: 6.00 Z: 5.00 @ http://localhost:3000/_next/static/chunks/0-ynv9eqilv7x.js:0
[   39674ms] [LOG] Player X: 0.00 Y: 6.00 Z: 5.00 @ http://localhost:3000/_next/static/chunks/0-ynv9eqilv7x.js:0
[   39678ms] [LOG] Player X: 0.00 Y: 6.00 Z: 5.00 @ http://localhost:3000/_next/static/chunks/0-ynv9eqilv7x.js:0
[   39681ms] [LOG] Player X: 0.00 Y: 6.00 Z: 5.00 @ http://localhost:3000/_next/static/chunks/0-ynv9eqilv7x.js:0
[   39684ms] [LOG] Player X: 0.00 Y: 6.00 Z: 5.00 @ http://localhost:3000/_next/static/chunks/0-ynv9eqilv7x.js:0
[   39687ms] [LOG] Player X: 0.00 Y: 6.00 Z: 5.00 @ http://localhost:3000/_next/static/chunks/0-ynv9eqilv7x.js:0
[   39691ms] [LOG] Player X: 0.00 Y: 6.00 Z: 5.00 @ http://localhost:3000/_next/static/chunks/0-ynv9eqilv7x.js:0
[   39694ms] [LOG] Player X: 0.00 Y: 6.00 Z: 5.00 @ http://localhost:3000/_next/static/chunks/0-ynv9eqilv7x.js:0
[   39697ms] [LOG] Player X: 0.00 Y: 6.00 Z: 5.00 @ http://localhost:3000/_next/static/chunks/0-ynv9eqilv7x.js:0
[   39701ms] [LOG] Player X: 0.00 Y: 6.00 Z: 5.00 @ http://localhost:3000/_next/static/chunks/0-ynv9eqilv7x.js:0
[   39704ms] [LOG] Player X: 0.00 Y: 6.00 Z: 5.00 @ http://localhost:3000/_next/static/chunks/0-ynv9eqilv7x.js:0
[   39707ms] [LOG] Player X: 0.00 Y: 6.00 Z: 5.00 @ http://localhost:3000/_next/static/chunks/0-ynv9eqilv7x.js:0
[   39711ms] [LOG] Player X: 0.00 Y: 6.00 Z: 5.00 @ http://localhost:3000/_next/static/chunks/0-ynv9eqilv7x.js:0
[   39714ms] [LOG] Player X: 0.00 Y: 6.00 Z: 5.00 @ http://localhost:3000/_next/static/chunks/0-ynv9eqilv7x.js:0
[   39718ms] [LOG] Player X: 0.00 Y: 6.00 Z: 5.00 @ http://localhost:3000/_next/static/chunks/0-ynv9eqilv7x.js:0
[   39721ms] [LOG] Player X: 0.00 Y: 6.00 Z: 5.00 @ http://localhost:3000/_next/static/chunks/0-ynv9eqilv7x.js:0
[   39724ms] [LOG] Player X: 0.00 Y: 6.00 Z: 5.00 @ http://localhost:3000/_next/static/chunks/0-ynv9eqilv7x.js:0
[   39727ms] [LOG] Player X: 0.00 Y: 6.00 Z: 5.00 @ http://localhost:3000/_next/static/chunks/0-ynv9eqilv7x.js:0
[   39731ms] [LOG] Player X: 0.00 Y: 6.00 Z: 5.00 @ http://localhost:3000/_next/static/chunks/0-ynv9eqilv7x.js:0
[   39734ms] [LOG] Player X: 0.00 Y: 6.00 Z: 5.00 @ http://localhost:3000/_next/static/chunks/0-ynv9eqilv7x.js:0
[   39737ms] [LOG] Player X: 0.00 Y: 6.00 Z: 5.00 @ http://localhost:3000/_next/static/chunks/0-ynv9eqilv7x.js:0
[   39741ms] [LOG] Player X: 0.00 Y: 6.00 Z: 5.00 @ http://localhost:3000/_next/static/chunks/0-ynv9eqilv7x.js:0
[   39744ms] [LOG] Player X: 0.00 Y: 6.00 Z: 5.00 @ http://localhost:3000/_next/static/chunks/0-ynv9eqilv7x.js:0
[   39747ms] [LOG] Player X: 0.00 Y: 6.00 Z: 5.00 @ http://localhost:3000/_next/static/chunks/0-ynv9eqilv7x.js:0
[   39751ms] [LOG] Player X: 0.00 Y: 6.00 Z: 5.00 @ http://localhost:3000/_next/static/chunks/0-ynv9eqilv7x.js:0
[   39754ms] [LOG] Player X: 0.00 Y: 6.00 Z: 5.00 @ http://localhost:3000/_next/static/chunks/0-ynv9eqilv7x.js:0
[   39758ms] [LOG] Player X: 0.00 Y: 6.00 Z: 5.00 @ http://localhost:3000/_next/static/chunks/0-ynv9eqilv7x.js:0
[   39761ms] [LOG] Player X: 0.00 Y: 6.00 Z: 5.00 @ http://localhost:3000/_next/static/chunks/0-ynv9eqilv7x.js:0
[   39764ms] [LOG] Player X: 0.00 Y: 6.00 Z: 5.00 @ http://localhost:3000/_next/static/chunks/0-ynv9eqilv7x.js:0
[   39767ms] [LOG] Player X: 0.00 Y: 6.00 Z: 5.00 @ http://localhost:3000/_next/static/chunks/0-ynv9eqilv7x.js:0
[   39771ms] [LOG] Player X: 0.00 Y: 6.00 Z: 5.00 @ http://localhost:3000/_next/static/chunks/0-ynv9eqilv7x.js:0
[   39774ms] [LOG] Player X: 0.00 Y: 6.00 Z: 5.00 @ http://localhost:3000/_next/static/chunks/0-ynv9eqilv7x.js:0
[   39777ms] [LOG] Player X: 0.00 Y: 6.00 Z: 5.00 @ http://localhost:3000/_next/static/chunks/0-ynv9eqilv7x.js:0
[   39781ms] [LOG] Player X: 0.00 Y: 6.00 Z: 5.00 @ http://localhost:3000/_next/static/chunks/0-ynv9eqilv7x.js:0
[   39784ms] [LOG] Player X: 0.00 Y: 6.00 Z: 5.00 @ http://localhost:3000/_next/static/chunks/0-ynv9eqilv7x.js:0
[   39787ms] [LOG] Player X: 0.00 Y: 6.00 Z: 5.00 @ http://localhost:3000/_next/static/chunks/0-ynv9eqilv7x.js:0
[   39791ms] [LOG] Player X: 0.00 Y: 6.00 Z: 5.00 @ http://localhost:3000/_next/static/chunks/0-ynv9eqilv7x.js:0
[   39794ms] [LOG] Player X: 0.00 Y: 6.00 Z: 5.00 @ http://localhost:3000/_next/static/chunks/0-ynv9eqilv7x.js:0
[   39797ms] [LOG] Player X: 0.00 Y: 6.00 Z: 5.00 @ http://localhost:3000/_next/static/chunks/0-ynv9eqilv7x.js:0
[   39801ms] [LOG] Player X: 0.00 Y: 6.00 Z: 5.00 @ http://localhost:3000/_next/static/chunks/0-ynv9eqilv7x.js:0
[   39804ms] [LOG] Player X: 0.00 Y: 6.00 Z: 5.00 @ http://localhost:3000/_next/static/chunks/0-ynv9eqilv7x.js:0
[   39807ms] [LOG] Player X: 0.00 Y: 6.00 Z: 5.00 @ http://localhost:3000/_next/static/chunks/0-ynv9eqilv7x.js:0
[   39811ms] [LOG] Player X: 0.00 Y: 6.00 Z: 5.00 @ http://localhost:3000/_next/static/chunks/0-ynv9eqilv7x.js:0
[   39814ms] [LOG] Player X: 0.00 Y: 6.00 Z: 5.00 @ http://localhost:3000/_next/static/chunks/0-ynv9eqilv7x.js:0
[   39817ms] [LOG] Player X: 0.00 Y: 6.00 Z: 5.00 @ http://localhost:3000/_next/static/chunks/0-ynv9eqilv7x.js:0
[   39821ms] [LOG] Player X: 0.00 Y: 6.00 Z: 5.00 @ http://localhost:3000/_next/static/chunks/0-ynv9eqilv7x.js:0
[   39824ms] [LOG] Player X: 0.00 Y: 6.00 Z: 5.00 @ http://localhost:3000/_next/static/chunks/0-ynv9eqilv7x.js:0
[   39827ms] [LOG] Player X: 0.00 Y: 6.00 Z: 5.00 @ http://localhost:3000/_next/static/chunks/0-ynv9eqilv7x.js:0
[   39831ms] [LOG] Player X: 0.00 Y: 6.00 Z: 5.00 @ http://localhost:3000/_next/static/chunks/0-ynv9eqilv7x.js:0
[   39834ms] [LOG] Player X: 0.00 Y: 6.00 Z: 5.00 @ http://localhost:3000/_next/static/chunks/0-ynv9eqilv7x.js:0
[   39838ms] [LOG] Player X: 0.00 Y: 6.00 Z: 5.00 @ http://localhost:3000/_next/static/chunks/0-ynv9eqilv7x.js:0
[   39841ms] [LOG] Player X: 0.00 Y: 6.00 Z: 5.00 @ http://localhost:3000/_next/static/chunks/0-ynv9eqilv7x.js:0
[   39844ms] [LOG] Player X: 0.00 Y: 6.00 Z: 5.00 @ http://localhost:3000/_next/static/chunks/0-ynv9eqilv7x.js:0
[   39847ms] [LOG] Player X: 0.00 Y: 6.00 Z: 5.00 @ http://localhost:3000/_next/static/chunks/0-ynv9eqilv7x.js:0
[   39851ms] [LOG] Player X: 0.00 Y: 6.00 Z: 5.00 @ http://localhost:3000/_next/static/chunks/0-ynv9eqilv7x.js:0
[   39854ms] [LOG] Player X: 0.00 Y: 6.00 Z: 5.00 @ http://localhost:3000/_next/static/chunks/0-ynv9eqilv7x.js:0
[   39857ms] [LOG] Player X: 0.00 Y: 6.00 Z: 5.00 @ http://localhost:3000/_next/static/chunks/0-ynv9eqilv7x.js:0
[   39861ms] [LOG] Player X: 0.00 Y: 6.00 Z: 5.00 @ http://localhost:3000/_next/static/chunks/0-ynv9eqilv7x.js:0
[   39864ms] [LOG] Player X: 0.00 Y: 6.00 Z: 5.00 @ http://localhost:3000/_next/static/chunks/0-ynv9eqilv7x.js:0
[   39867ms] [LOG] Player X: 0.00 Y: 6.00 Z: 5.00 @ http://localhost:3000/_next/static/chunks/0-ynv9eqilv7x.js:0
[   39871ms] [LOG] Player X: 0.00 Y: 6.00 Z: 5.00 @ http://localhost:3000/_next/static/chunks/0-ynv9eqilv7x.js:0
[   39874ms] [LOG] Player X: 0.00 Y: 6.00 Z: 5.00 @ http://localhost:3000/_next/static/chunks/0-ynv9eqilv7x.js:0
[   39877ms] [LOG] Player X: 0.00 Y: 6.00 Z: 5.00 @ http://localhost:3000/_next/static/chunks/0-ynv9eqilv7x.js:0
[   39881ms] [LOG] Player X: 0.00 Y: 6.00 Z: 5.00 @ http://localhost:3000/_next/static/chunks/0-ynv9eqilv7x.js:0
[   39884ms] [LOG] Player X: 0.00 Y: 6.00 Z: 5.00 @ http://localhost:3000/_next/static/chunks/0-ynv9eqilv7x.js:0
[   39887ms] [LOG] Player X: 0.00 Y: 6.00 Z: 5.00 @ http://localhost:3000/_next/static/chunks/0-ynv9eqilv7x.js:0
[   39891ms] [LOG] Player X: 0.00 Y: 6.00 Z: 5.00 @ http://localhost:3000/_next/static/chunks/0-ynv9eqilv7x.js:0
[   39894ms] [LOG] Player X: 0.00 Y: 6.00 Z: 5.00 @ http://localhost:3000/_next/static/chunks/0-ynv9eqilv7x.js:0
[   39898ms] [LOG] Player X: 0.00 Y: 6.00 Z: 5.00 @ http://localhost:3000/_next/static/chunks/0-ynv9eqilv7x.js:0
[   39901ms] [LOG] Player X: 0.00 Y: 6.00 Z: 5.00 @ http://localhost:3000/_next/static/chunks/0-ynv9eqilv7x.js:0
[   39904ms] [LOG] Player X: 0.00 Y: 6.00 Z: 5.00 @ http://localhost:3000/_next/static/chunks/0-ynv9eqilv7x.js:0
[   39907ms] [LOG] Player X: 0.00 Y: 6.00 Z: 5.00 @ http://localhost:3000/_next/static/chunks/0-ynv9eqilv7x.js:0
[   39911ms] [LOG] Player X: 0.00 Y: 6.00 Z: 5.00 @ http://localhost:3000/_next/static/chunks/0-ynv9eqilv7x.js:0
[   39914ms] [LOG] Player X: 0.00 Y: 6.00 Z: 5.00 @ http://localhost:3000/_next/static/chunks/0-ynv9eqilv7x.js:0
[   39917ms] [LOG] Player X: 0.00 Y: 6.00 Z: 5.00 @ http://localhost:3000/_next/static/chunks/0-ynv9eqilv7x.js:0
[   39921ms] [LOG] Player X: 0.00 Y: 6.00 Z: 5.00 @ http://localhost:3000/_next/static/chunks/0-ynv9eqilv7x.js:0
[   39924ms] [LOG] Player X: 0.00 Y: 6.00 Z: 5.00 @ http://localhost:3000/_next/static/chunks/0-ynv9eqilv7x.js:0
[   39927ms] [LOG] Player X: 0.00 Y: 6.00 Z: 5.00 @ http://localhost:3000/_next/static/chunks/0-ynv9eqilv7x.js:0
[   39931ms] [LOG] Player X: 0.00 Y: 6.00 Z: 5.00 @ http://localhost:3000/_next/static/chunks/0-ynv9eqilv7x.js:0
[   39934ms] [LOG] Player X: 0.00 Y: 6.00 Z: 5.00 @ http://localhost:3000/_next/static/chunks/0-ynv9eqilv7x.js:0
[   39938ms] [LOG] Player X: 0.00 Y: 6.00 Z: 5.00 @ http://localhost:3000/_next/static/chunks/0-ynv9eqilv7x.js:0
[   39941ms] [LOG] Player X: 0.00 Y: 6.00 Z: 5.00 @ http://localhost:3000/_next/static/chunks/0-ynv9eqilv7x.js:0
[   39944ms] [LOG] Player X: 0.00 Y: 6.00 Z: 5.00 @ http://localhost:3000/_next/static/chunks/0-ynv9eqilv7x.js:0
[   39947ms] [LOG] Player X: 0.00 Y: 6.00 Z: 5.00 @ http://localhost:3000/_next/static/chunks/0-ynv9eqilv7x.js:0
[   39951ms] [LOG] Player X: 0.00 Y: 6.00 Z: 5.00 @ http://localhost:3000/_next/static/chunks/0-ynv9eqilv7x.js:0
[   39954ms] [LOG] Player X: 0.00 Y: 6.00 Z: 5.00 @ http://localhost:3000/_next/static/chunks/0-ynv9eqilv7x.js:0
[   39957ms] [LOG] Player X: 0.00 Y: 6.00 Z: 5.00 @ http://localhost:3000/_next/static/chunks/0-ynv9eqilv7x.js:0
[   39961ms] [LOG] Player X: 0.00 Y: 6.00 Z: 5.00 @ http://localhost:3000/_next/static/chunks/0-ynv9eqilv7x.js:0
[   39964ms] [LOG] Player X: 0.00 Y: 6.00 Z: 5.00 @ http://localhost:3000/_next/static/chunks/0-ynv9eqilv7x.js:0
[   39967ms] [LOG] Player X: 0.00 Y: 6.00 Z: 5.00 @ http://localhost:3000/_next/static/chunks/0-ynv9eqilv7x.js:0
[   39971ms] [LOG] Player X: 0.00 Y: 6.00 Z: 5.00 @ http://localhost:3000/_next/static/chunks/0-ynv9eqilv7x.js:0
[   39974ms] [LOG] Player X: 0.00 Y: 6.00 Z: 5.00 @ http://localhost:3000/_next/static/chunks/0-ynv9eqilv7x.js:0
[   39977ms] [LOG] Player X: 0.00 Y: 6.00 Z: 5.00 @ http://localhost:3000/_next/static/chunks/0-ynv9eqilv7x.js:0
[   39981ms] [LOG] Player X: 0.00 Y: 6.00 Z: 5.00 @ http://localhost:3000/_next/static/chunks/0-ynv9eqilv7x.js:0
[   39984ms] [LOG] Player X: 0.00 Y: 6.00 Z: 5.00 @ http://localhost:3000/_next/static/chunks/0-ynv9eqilv7x.js:0
[   39987ms] [LOG] Player X: 0.00 Y: 6.00 Z: 5.00 @ http://localhost:3000/_next/static/chunks/0-ynv9eqilv7x.js:0
[   39991ms] [LOG] Player X: 0.00 Y: 6.00 Z: 5.00 @ http://localhost:3000/_next/static/chunks/0-ynv9eqilv7x.js:0
[   39994ms] [LOG] Player X: 0.00 Y: 6.00 Z: 5.00 @ http://localhost:3000/_next/static/chunks/0-ynv9eqilv7x.js:0
[   39997ms] [LOG] Player X: 0.00 Y: 6.00 Z: 5.00 @ http://localhost:3000/_next/static/chunks/0-ynv9eqilv7x.js:0
[   40001ms] [LOG] Player X: 0.00 Y: 6.00 Z: 5.00 @ http://localhost:3000/_next/static/chunks/0-ynv9eqilv7x.js:0
[   40004ms] [LOG] Player X: 0.00 Y: 6.00 Z: 5.00 @ http://localhost:3000/_next/static/chunks/0-ynv9eqilv7x.js:0
[   40007ms] [LOG] Player X: 0.00 Y: 6.00 Z: 5.00 @ http://localhost:3000/_next/static/chunks/0-ynv9eqilv7x.js:0
[   40011ms] [LOG] Player X: 0.00 Y: 6.00 Z: 5.00 @ http://localhost:3000/_next/static/chunks/0-ynv9eqilv7x.js:0
[   40014ms] [LOG] Player X: 0.00 Y: 6.00 Z: 5.00 @ http://localhost:3000/_next/static/chunks/0-ynv9eqilv7x.js:0
[   40017ms] [LOG] Player X: 0.00 Y: 6.00 Z: 5.00 @ http://localhost:3000/_next/static/chunks/0-ynv9eqilv7x.js:0
[   40021ms] [LOG] Player X: 0.00 Y: 6.00 Z: 5.00 @ http://localhost:3000/_next/static/chunks/0-ynv9eqilv7x.js:0
[   40024ms] [LOG] Player X: 0.00 Y: 6.00 Z: 5.00 @ http://localhost:3000/_next/static/chunks/0-ynv9eqilv7x.js:0
[   40027ms] [LOG] Player X: 0.00 Y: 6.00 Z: 5.00 @ http://localhost:3000/_next/static/chunks/0-ynv9eqilv7x.js:0
[   40031ms] [LOG] Player X: 0.00 Y: 6.00 Z: 5.00 @ http://localhost:3000/_next/static/chunks/0-ynv9eqilv7x.js:0
[   40034ms] [LOG] Player X: 0.00 Y: 6.00 Z: 5.00 @ http://localhost:3000/_next/static/chunks/0-ynv9eqilv7x.js:0
[   40037ms] [LOG] Player X: 0.00 Y: 6.00 Z: 5.00 @ http://localhost:3000/_next/static/chunks/0-ynv9eqilv7x.js:0
[   40041ms] [LOG] Player X: 0.00 Y: 6.00 Z: 5.00 @ http://localhost:3000/_next/static/chunks/0-ynv9eqilv7x.js:0
[   40044ms] [LOG] Player X: 0.00 Y: 6.00 Z: 5.00 @ http://localhost:3000/_next/static/chunks/0-ynv9eqilv7x.js:0
[   40047ms] [LOG] Player X: 0.00 Y: 6.00 Z: 5.00 @ http://localhost:3000/_next/static/chunks/0-ynv9eqilv7x.js:0
[   40051ms] [LOG] Player X: 0.00 Y: 6.00 Z: 5.00 @ http://localhost:3000/_next/static/chunks/0-ynv9eqilv7x.js:0
[   40054ms] [LOG] Player X: 0.00 Y: 6.00 Z: 5.00 @ http://localhost:3000/_next/static/chunks/0-ynv9eqilv7x.js:0
[   40057ms] [LOG] Player X: 0.00 Y: 6.00 Z: 5.00 @ http://localhost:3000/_next/static/chunks/0-ynv9eqilv7x.js:0
[   40061ms] [LOG] Player X: 0.00 Y: 6.00 Z: 5.00 @ http://localhost:3000/_next/static/chunks/0-ynv9eqilv7x.js:0
[   40064ms] [LOG] Player X: 0.00 Y: 6.00 Z: 5.00 @ http://localhost:3000/_next/static/chunks/0-ynv9eqilv7x.js:0
[   40067ms] [LOG] Player X: 0.00 Y: 6.00 Z: 5.00 @ http://localhost:3000/_next/static/chunks/0-ynv9eqilv7x.js:0
[   40071ms] [LOG] Player X: 0.00 Y: 6.00 Z: 5.00 @ http://localhost:3000/_next/static/chunks/0-ynv9eqilv7x.js:0
[   40074ms] [LOG] Player X: 0.00 Y: 6.00 Z: 5.00 @ http://localhost:3000/_next/static/chunks/0-ynv9eqilv7x.js:0
[   40077ms] [LOG] Player X: 0.00 Y: 6.00 Z: 5.00 @ http://localhost:3000/_next/static/chunks/0-ynv9eqilv7x.js:0
[   40081ms] [LOG] Player X: 0.00 Y: 6.00 Z: 5.00 @ http://localhost:3000/_next/static/chunks/0-ynv9eqilv7x.js:0
[   40084ms] [LOG] Player X: 0.00 Y: 6.00 Z: 5.00 @ http://localhost:3000/_next/static/chunks/0-ynv9eqilv7x.js:0
[   40087ms] [LOG] Player X: 0.00 Y: 6.00 Z: 5.00 @ http://localhost:3000/_next/static/chunks/0-ynv9eqilv7x.js:0
[   40091ms] [LOG] Player X: 0.00 Y: 6.00 Z: 5.00 @ http://localhost:3000/_next/static/chunks/0-ynv9eqilv7x.js:0
[   40094ms] [LOG] Player X: 0.00 Y: 6.00 Z: 5.00 @ http://localhost:3000/_next/static/chunks/0-ynv9eqilv7x.js:0
[   40097ms] [LOG] Player X: 0.00 Y: 6.00 Z: 5.00 @ http://localhost:3000/_next/static/chunks/0-ynv9eqilv7x.js:0
[   40101ms] [LOG] Player X: 0.00 Y: 6.00 Z: 5.00 @ http://localhost:3000/_next/static/chunks/0-ynv9eqilv7x.js:0
[   40104ms] [LOG] Player X: 0.00 Y: 6.00 Z: 5.00 @ http://localhost:3000/_next/static/chunks/0-ynv9eqilv7x.js:0
[   40107ms] [LOG] Player X: 0.00 Y: 6.00 Z: 5.00 @ http://localhost:3000/_next/static/chunks/0-ynv9eqilv7x.js:0
[   40111ms] [LOG] Player X: 0.00 Y: 6.00 Z: 5.00 @ http://localhost:3000/_next/static/chunks/0-ynv9eqilv7x.js:0
[   40114ms] [LOG] Player X: 0.00 Y: 6.00 Z: 5.00 @ http://localhost:3000/_next/static/chunks/0-ynv9eqilv7x.js:0
[   40117ms] [LOG] Player X: 0.00 Y: 6.00 Z: 5.00 @ http://localhost:3000/_next/static/chunks/0-ynv9eqilv7x.js:0
[   40121ms] [LOG] Player X: 0.00 Y: 6.00 Z: 5.00 @ http://localhost:3000/_next/static/chunks/0-ynv9eqilv7x.js:0
[   40124ms] [LOG] Player X: 0.00 Y: 6.00 Z: 5.00 @ http://localhost:3000/_next/static/chunks/0-ynv9eqilv7x.js:0
[   40127ms] [LOG] Player X: 0.00 Y: 6.00 Z: 5.00 @ http://localhost:3000/_next/static/chunks/0-ynv9eqilv7x.js:0
[   40131ms] [LOG] Player X: 0.00 Y: 6.00 Z: 5.00 @ http://localhost:3000/_next/static/chunks/0-ynv9eqilv7x.js:0
[   40134ms] [LOG] Player X: 0.00 Y: 6.00 Z: 5.00 @ http://localhost:3000/_next/static/chunks/0-ynv9eqilv7x.js:0
[   40138ms] [LOG] Player X: 0.00 Y: 6.00 Z: 5.00 @ http://localhost:3000/_next/static/chunks/0-ynv9eqilv7x.js:0
[   40141ms] [LOG] Player X: 0.00 Y: 6.00 Z: 5.00 @ http://localhost:3000/_next/static/chunks/0-ynv9eqilv7x.js:0
[   40144ms] [LOG] Player X: 0.00 Y: 6.00 Z: 5.00 @ http://localhost:3000/_next/static/chunks/0-ynv9eqilv7x.js:0
[   40147ms] [LOG] Player X: 0.00 Y: 6.00 Z: 5.00 @ http://localhost:3000/_next/static/chunks/0-ynv9eqilv7x.js:0
[   40151ms] [LOG] Player X: 0.00 Y: 6.00 Z: 5.00 @ http://localhost:3000/_next/static/chunks/0-ynv9eqilv7x.js:0
[   40154ms] [LOG] Player X: 0.00 Y: 6.00 Z: 5.00 @ http://localhost:3000/_next/static/chunks/0-ynv9eqilv7x.js:0
[   40157ms] [LOG] Player X: 0.00 Y: 6.00 Z: 5.00 @ http://localhost:3000/_next/static/chunks/0-ynv9eqilv7x.js:0
[   40161ms] [LOG] Player X: 0.00 Y: 6.00 Z: 5.00 @ http://localhost:3000/_next/static/chunks/0-ynv9eqilv7x.js:0
[   40164ms] [LOG] Player X: 0.00 Y: 6.00 Z: 5.00 @ http://localhost:3000/_next/static/chunks/0-ynv9eqilv7x.js:0
[   40168ms] [LOG] Player X: 0.00 Y: 6.00 Z: 5.00 @ http://localhost:3000/_next/static/chunks/0-ynv9eqilv7x.js:0
[   40171ms] [LOG] Player X: 0.00 Y: 6.00 Z: 5.00 @ http://localhost:3000/_next/static/chunks/0-ynv9eqilv7x.js:0
[   40174ms] [LOG] Player X: 0.00 Y: 6.00 Z: 5.00 @ http://localhost:3000/_next/static/chunks/0-ynv9eqilv7x.js:0
[   40178ms] [LOG] Player X: 0.00 Y: 6.00 Z: 5.00 @ http://localhost:3000/_next/static/chunks/0-ynv9eqilv7x.js:0
[   40181ms] [LOG] Player X: 0.00 Y: 6.00 Z: 5.00 @ http://localhost:3000/_next/static/chunks/0-ynv9eqilv7x.js:0
[   40184ms] [LOG] Player X: 0.00 Y: 6.00 Z: 5.00 @ http://localhost:3000/_next/static/chunks/0-ynv9eqilv7x.js:0
[   40188ms] [LOG] Player X: 0.00 Y: 6.00 Z: 5.00 @ http://localhost:3000/_next/static/chunks/0-ynv9eqilv7x.js:0
[   40191ms] [LOG] Player X: 0.00 Y: 6.00 Z: 5.00 @ http://localhost:3000/_next/static/chunks/0-ynv9eqilv7x.js:0
[   40194ms] [LOG] Player X: 0.00 Y: 6.00 Z: 5.00 @ http://localhost:3000/_next/static/chunks/0-ynv9eqilv7x.js:0
[   40198ms] [LOG] Player X: 0.00 Y: 6.00 Z: 5.00 @ http://localhost:3000/_next/static/chunks/0-ynv9eqilv7x.js:0
[   40201ms] [LOG] Player X: 0.00 Y: 6.00 Z: 5.00 @ http://localhost:3000/_next/static/chunks/0-ynv9eqilv7x.js:0
[   40204ms] [LOG] Player X: 0.00 Y: 6.00 Z: 5.00 @ http://localhost:3000/_next/static/chunks/0-ynv9eqilv7x.js:0
[   40208ms] [LOG] Player X: 0.00 Y: 6.00 Z: 5.00 @ http://localhost:3000/_next/static/chunks/0-ynv9eqilv7x.js:0
[   40211ms] [LOG] Player X: 0.00 Y: 6.00 Z: 5.00 @ http://localhost:3000/_next/static/chunks/0-ynv9eqilv7x.js:0
[   40214ms] [LOG] Player X: 0.00 Y: 6.00 Z: 5.00 @ http://localhost:3000/_next/static/chunks/0-ynv9eqilv7x.js:0
[   40218ms] [LOG] Player X: 0.00 Y: 6.00 Z: 5.00 @ http://localhost:3000/_next/static/chunks/0-ynv9eqilv7x.js:0
[   40221ms] [LOG] Player X: 0.00 Y: 6.00 Z: 5.00 @ http://localhost:3000/_next/static/chunks/0-ynv9eqilv7x.js:0
[   40224ms] [LOG] Player X: 0.00 Y: 6.00 Z: 5.00 @ http://localhost:3000/_next/static/chunks/0-ynv9eqilv7x.js:0
[   40228ms] [LOG] Player X: 0.00 Y: 6.00 Z: 5.00 @ http://localhost:3000/_next/static/chunks/0-ynv9eqilv7x.js:0
[   40231ms] [LOG] Player X: 0.00 Y: 6.00 Z: 5.00 @ http://localhost:3000/_next/static/chunks/0-ynv9eqilv7x.js:0
[   40234ms] [LOG] Player X: 0.00 Y: 6.00 Z: 5.00 @ http://localhost:3000/_next/static/chunks/0-ynv9eqilv7x.js:0
[   40238ms] [LOG] Player X: 0.00 Y: 6.00 Z: 5.00 @ http://localhost:3000/_next/static/chunks/0-ynv9eqilv7x.js:0
[   40241ms] [LOG] Player X: 0.00 Y: 6.00 Z: 5.00 @ http://localhost:3000/_next/static/chunks/0-ynv9eqilv7x.js:0
[   40244ms] [LOG] Player X: 0.00 Y: 6.00 Z: 5.00 @ http://localhost:3000/_next/static/chunks/0-ynv9eqilv7x.js:0
[   40248ms] [LOG] Player X: 0.00 Y: 6.00 Z: 5.00 @ http://localhost:3000/_next/static/chunks/0-ynv9eqilv7x.js:0
[   40251ms] [LOG] Player X: 0.00 Y: 6.00 Z: 5.00 @ http://localhost:3000/_next/static/chunks/0-ynv9eqilv7x.js:0
[   40254ms] [LOG] Player X: 0.00 Y: 6.00 Z: 5.00 @ http://localhost:3000/_next/static/chunks/0-ynv9eqilv7x.js:0
[   40258ms] [LOG] Player X: 0.00 Y: 6.00 Z: 5.00 @ http://localhost:3000/_next/static/chunks/0-ynv9eqilv7x.js:0
[   40261ms] [LOG] Player X: 0.00 Y: 6.00 Z: 5.00 @ http://localhost:3000/_next/static/chunks/0-ynv9eqilv7x.js:0
[   40264ms] [LOG] Player X: 0.00 Y: 6.00 Z: 5.00 @ http://localhost:3000/_next/static/chunks/0-ynv9eqilv7x.js:0
[   40267ms] [LOG] Player X: 0.00 Y: 6.00 Z: 5.00 @ http://localhost:3000/_next/static/chunks/0-ynv9eqilv7x.js:0
[   40271ms] [LOG] Player X: 0.00 Y: 6.00 Z: 5.00 @ http://localhost:3000/_next/static/chunks/0-ynv9eqilv7x.js:0
[   40274ms] [LOG] Player X: 0.00 Y: 6.00 Z: 5.00 @ http://localhost:3000/_next/static/chunks/0-ynv9eqilv7x.js:0
[   40278ms] [LOG] Player X: 0.00 Y: 6.00 Z: 5.00 @ http://localhost:3000/_next/static/chunks/0-ynv9eqilv7x.js:0
[   40281ms] [LOG] Player X: 0.00 Y: 6.00 Z: 5.00 @ http://localhost:3000/_next/static/chunks/0-ynv9eqilv7x.js:0
[   40284ms] [LOG] Player X: 0.00 Y: 6.00 Z: 5.00 @ http://localhost:3000/_next/static/chunks/0-ynv9eqilv7x.js:0
[   40288ms] [LOG] Player X: 0.00 Y: 6.00 Z: 5.00 @ http://localhost:3000/_next/static/chunks/0-ynv9eqilv7x.js:0
[   40291ms] [LOG] Player X: 0.00 Y: 6.00 Z: 5.00 @ http://localhost:3000/_next/static/chunks/0-ynv9eqilv7x.js:0
[   40294ms] [LOG] Player X: 0.00 Y: 6.00 Z: 5.00 @ http://localhost:3000/_next/static/chunks/0-ynv9eqilv7x.js:0
[   40298ms] [LOG] Player X: 0.00 Y: 6.00 Z: 5.00 @ http://localhost:3000/_next/static/chunks/0-ynv9eqilv7x.js:0
[   40301ms] [LOG] Player X: 0.00 Y: 6.00 Z: 5.00 @ http://localhost:3000/_next/static/chunks/0-ynv9eqilv7x.js:0
[   40304ms] [LOG] Player X: 0.00 Y: 6.00 Z: 5.00 @ http://localhost:3000/_next/static/chunks/0-ynv9eqilv7x.js:0
[   40308ms] [LOG] Player X: 0.00 Y: 6.00 Z: 5.00 @ http://localhost:3000/_next/static/chunks/0-ynv9eqilv7x.js:0
[   40311ms] [LOG] Player X: 0.00 Y: 6.00 Z: 5.00 @ http://localhost:3000/_next/static/chunks/0-ynv9eqilv7x.js:0
[   40314ms] [LOG] Player X: 0.00 Y: 6.00 Z: 5.00 @ http://localhost:3000/_next/static/chunks/0-ynv9eqilv7x.js:0
[   40317ms] [LOG] Player X: 0.00 Y: 6.00 Z: 5.00 @ http://localhost:3000/_next/static/chunks/0-ynv9eqilv7x.js:0
[   40321ms] [LOG] Player X: 0.00 Y: 6.00 Z: 5.00 @ http://localhost:3000/_next/static/chunks/0-ynv9eqilv7x.js:0
[   40324ms] [LOG] Player X: 0.00 Y: 6.00 Z: 5.00 @ http://localhost:3000/_next/static/chunks/0-ynv9eqilv7x.js:0
[   40328ms] [LOG] Player X: 0.00 Y: 6.00 Z: 5.00 @ http://localhost:3000/_next/static/chunks/0-ynv9eqilv7x.js:0
[   40331ms] [LOG] Player X: 0.00 Y: 6.00 Z: 5.00 @ http://localhost:3000/_next/static/chunks/0-ynv9eqilv7x.js:0
[   40334ms] [LOG] Player X: 0.00 Y: 6.00 Z: 5.00 @ http://localhost:3000/_next/static/chunks/0-ynv9eqilv7x.js:0
[   40337ms] [LOG] Player X: 0.00 Y: 6.00 Z: 5.00 @ http://localhost:3000/_next/static/chunks/0-ynv9eqilv7x.js:0
[   40341ms] [LOG] Player X: 0.00 Y: 6.00 Z: 5.00 @ http://localhost:3000/_next/static/chunks/0-ynv9eqilv7x.js:0
[   40344ms] [LOG] Player X: 0.00 Y: 6.00 Z: 5.00 @ http://localhost:3000/_next/static/chunks/0-ynv9eqilv7x.js:0
[   40348ms] [LOG] Player X: 0.00 Y: 6.00 Z: 5.00 @ http://localhost:3000/_next/static/chunks/0-ynv9eqilv7x.js:0
[   40351ms] [LOG] Player X: 0.00 Y: 6.00 Z: 5.00 @ http://localhost:3000/_next/static/chunks/0-ynv9eqilv7x.js:0
[   40354ms] [LOG] Player X: 0.00 Y: 6.00 Z: 5.00 @ http://localhost:3000/_next/static/chunks/0-ynv9eqilv7x.js:0
[   40357ms] [LOG] Player X: 0.00 Y: 6.00 Z: 5.00 @ http://localhost:3000/_next/static/chunks/0-ynv9eqilv7x.js:0
[   40361ms] [LOG] Player X: 0.00 Y: 6.00 Z: 5.00 @ http://localhost:3000/_next/static/chunks/0-ynv9eqilv7x.js:0
[   40364ms] [LOG] Player X: 0.00 Y: 6.00 Z: 5.00 @ http://localhost:3000/_next/static/chunks/0-ynv9eqilv7x.js:0
[   40368ms] [LOG] Player X: 0.00 Y: 6.00 Z: 5.00 @ http://localhost:3000/_next/static/chunks/0-ynv9eqilv7x.js:0
[   40371ms] [LOG] Player X: 0.00 Y: 6.00 Z: 5.00 @ http://localhost:3000/_next/static/chunks/0-ynv9eqilv7x.js:0
[   40374ms] [LOG] Player X: 0.00 Y: 6.00 Z: 5.00 @ http://localhost:3000/_next/static/chunks/0-ynv9eqilv7x.js:0
[   40378ms] [LOG] Player X: 0.00 Y: 6.00 Z: 5.00 @ http://localhost:3000/_next/static/chunks/0-ynv9eqilv7x.js:0
[   40381ms] [LOG] Player X: 0.00 Y: 6.00 Z: 5.00 @ http://localhost:3000/_next/static/chunks/0-ynv9eqilv7x.js:0
[   40384ms] [LOG] Player X: 0.00 Y: 6.00 Z: 5.00 @ http://localhost:3000/_next/static/chunks/0-ynv9eqilv7x.js:0
[   40387ms] [LOG] Player X: 0.00 Y: 6.00 Z: 5.00 @ http://localhost:3000/_next/static/chunks/0-ynv9eqilv7x.js:0
[   40391ms] [LOG] Player X: 0.00 Y: 6.00 Z: 5.00 @ http://localhost:3000/_next/static/chunks/0-ynv9eqilv7x.js:0
[   40394ms] [LOG] Player X: 0.00 Y: 6.00 Z: 5.00 @ http://localhost:3000/_next/static/chunks/0-ynv9eqilv7x.js:0
[   40398ms] [LOG] Player X: 0.00 Y: 6.00 Z: 5.00 @ http://localhost:3000/_next/static/chunks/0-ynv9eqilv7x.js:0
[   40401ms] [LOG] Player X: 0.00 Y: 6.00 Z: 5.00 @ http://localhost:3000/_next/static/chunks/0-ynv9eqilv7x.js:0
[   40404ms] [LOG] Player X: 0.00 Y: 6.00 Z: 5.00 @ http://localhost:3000/_next/static/chunks/0-ynv9eqilv7x.js:0
[   40407ms] [LOG] Player X: 0.00 Y: 6.00 Z: 5.00 @ http://localhost:3000/_next/static/chunks/0-ynv9eqilv7x.js:0
[   40411ms] [LOG] Player X: 0.00 Y: 6.00 Z: 5.00 @ http://localhost:3000/_next/static/chunks/0-ynv9eqilv7x.js:0
[   40414ms] [LOG] Player X: 0.00 Y: 6.00 Z: 5.00 @ http://localhost:3000/_next/static/chunks/0-ynv9eqilv7x.js:0
[   40418ms] [LOG] Player X: 0.00 Y: 6.00 Z: 5.00 @ http://localhost:3000/_next/static/chunks/0-ynv9eqilv7x.js:0
[   40421ms] [LOG] Player X: 0.00 Y: 6.00 Z: 5.00 @ http://localhost:3000/_next/static/chunks/0-ynv9eqilv7x.js:0
[   40424ms] [LOG] Player X: 0.00 Y: 6.00 Z: 5.00 @ http://localhost:3000/_next/static/chunks/0-ynv9eqilv7x.js:0
[   40427ms] [LOG] Player X: 0.00 Y: 6.00 Z: 5.00 @ http://localhost:3000/_next/static/chunks/0-ynv9eqilv7x.js:0
[   40431ms] [LOG] Player X: 0.00 Y: 6.00 Z: 5.00 @ http://localhost:3000/_next/static/chunks/0-ynv9eqilv7x.js:0
[   40434ms] [LOG] Player X: 0.00 Y: 6.00 Z: 5.00 @ http://localhost:3000/_next/static/chunks/0-ynv9eqilv7x.js:0
[   40437ms] [LOG] Player X: 0.00 Y: 6.00 Z: 5.00 @ http://localhost:3000/_next/static/chunks/0-ynv9eqilv7x.js:0
[   40441ms] [LOG] Player X: 0.00 Y: 6.00 Z: 5.00 @ http://localhost:3000/_next/static/chunks/0-ynv9eqilv7x.js:0
[   40444ms] [LOG] Player X: 0.00 Y: 6.00 Z: 5.00 @ http://localhost:3000/_next/static/chunks/0-ynv9eqilv7x.js:0
[   40447ms] [LOG] Player X: 0.00 Y: 6.00 Z: 5.00 @ http://localhost:3000/_next/static/chunks/0-ynv9eqilv7x.js:0
[   40451ms] [LOG] Player X: 0.00 Y: 6.00 Z: 5.00 @ http://localhost:3000/_next/static/chunks/0-ynv9eqilv7x.js:0
[   40454ms] [LOG] Player X: 0.00 Y: 6.00 Z: 5.00 @ http://localhost:3000/_next/static/chunks/0-ynv9eqilv7x.js:0
[   40457ms] [LOG] Player X: 0.00 Y: 6.00 Z: 5.00 @ http://localhost:3000/_next/static/chunks/0-ynv9eqilv7x.js:0
[   40461ms] [LOG] Player X: 0.00 Y: 6.00 Z: 5.00 @ http://localhost:3000/_next/static/chunks/0-ynv9eqilv7x.js:0
[   40464ms] [LOG] Player X: 0.00 Y: 6.00 Z: 5.00 @ http://localhost:3000/_next/static/chunks/0-ynv9eqilv7x.js:0
[   40468ms] [LOG] Player X: 0.00 Y: 6.00 Z: 5.00 @ http://localhost:3000/_next/static/chunks/0-ynv9eqilv7x.js:0
[   40471ms] [LOG] Player X: 0.00 Y: 6.00 Z: 5.00 @ http://localhost:3000/_next/static/chunks/0-ynv9eqilv7x.js:0
[   40474ms] [LOG] Player X: 0.00 Y: 6.00 Z: 5.00 @ http://localhost:3000/_next/static/chunks/0-ynv9eqilv7x.js:0
[   40477ms] [LOG] Player X: 0.00 Y: 6.00 Z: 5.00 @ http://localhost:3000/_next/static/chunks/0-ynv9eqilv7x.js:0
[   40481ms] [LOG] Player X: 0.00 Y: 6.00 Z: 5.00 @ http://localhost:3000/_next/static/chunks/0-ynv9eqilv7x.js:0
[   40484ms] [LOG] Player X: 0.00 Y: 6.00 Z: 5.00 @ http://localhost:3000/_next/static/chunks/0-ynv9eqilv7x.js:0
[   40487ms] [LOG] Player X: 0.00 Y: 6.00 Z: 5.00 @ http://localhost:3000/_next/static/chunks/0-ynv9eqilv7x.js:0
[   40491ms] [LOG] Player X: 0.00 Y: 6.00 Z: 5.00 @ http://localhost:3000/_next/static/chunks/0-ynv9eqilv7x.js:0
[   40494ms] [LOG] Player X: 0.00 Y: 6.00 Z: 5.00 @ http://localhost:3000/_next/static/chunks/0-ynv9eqilv7x.js:0
[   40497ms] [LOG] Player X: 0.00 Y: 6.00 Z: 5.00 @ http://localhost:3000/_next/static/chunks/0-ynv9eqilv7x.js:0
[   40501ms] [LOG] Player X: 0.00 Y: 6.00 Z: 5.00 @ http://localhost:3000/_next/static/chunks/0-ynv9eqilv7x.js:0
[   40504ms] [LOG] Player X: 0.00 Y: 6.00 Z: 5.00 @ http://localhost:3000/_next/static/chunks/0-ynv9eqilv7x.js:0
[   40507ms] [LOG] Player X: 0.00 Y: 6.00 Z: 5.00 @ http://localhost:3000/_next/static/chunks/0-ynv9eqilv7x.js:0
[   40511ms] [LOG] Player X: 0.00 Y: 6.00 Z: 5.00 @ http://localhost:3000/_next/static/chunks/0-ynv9eqilv7x.js:0
[   40514ms] [LOG] Player X: 0.00 Y: 6.00 Z: 5.00 @ http://localhost:3000/_next/static/chunks/0-ynv9eqilv7x.js:0
[   40518ms] [LOG] Player X: 0.00 Y: 6.00 Z: 5.00 @ http://localhost:3000/_next/static/chunks/0-ynv9eqilv7x.js:0
[   40521ms] [LOG] Player X: 0.00 Y: 6.00 Z: 5.00 @ http://localhost:3000/_next/static/chunks/0-ynv9eqilv7x.js:0
[   40524ms] [LOG] Player X: 0.00 Y: 6.00 Z: 5.00 @ http://localhost:3000/_next/static/chunks/0-ynv9eqilv7x.js:0
[   40528ms] [LOG] Player X: 0.00 Y: 6.00 Z: 5.00 @ http://localhost:3000/_next/static/chunks/0-ynv9eqilv7x.js:0
[   40531ms] [LOG] Player X: 0.00 Y: 6.00 Z: 5.00 @ http://localhost:3000/_next/static/chunks/0-ynv9eqilv7x.js:0
[   40534ms] [LOG] Player X: 0.00 Y: 6.00 Z: 5.00 @ http://localhost:3000/_next/static/chunks/0-ynv9eqilv7x.js:0
[   40538ms] [LOG] Player X: 0.00 Y: 6.00 Z: 5.00 @ http://localhost:3000/_next/static/chunks/0-ynv9eqilv7x.js:0
[   40541ms] [LOG] Player X: 0.00 Y: 6.00 Z: 5.00 @ http://localhost:3000/_next/static/chunks/0-ynv9eqilv7x.js:0
[   40544ms] [LOG] Player X: 0.00 Y: 6.00 Z: 5.00 @ http://localhost:3000/_next/static/chunks/0-ynv9eqilv7x.js:0
[   40547ms] [LOG] Player X: 0.00 Y: 6.00 Z: 5.00 @ http://localhost:3000/_next/static/chunks/0-ynv9eqilv7x.js:0
[   40551ms] [LOG] Player X: 0.00 Y: 6.00 Z: 5.00 @ http://localhost:3000/_next/static/chunks/0-ynv9eqilv7x.js:0
[   40554ms] [LOG] Player X: 0.00 Y: 6.00 Z: 5.00 @ http://localhost:3000/_next/static/chunks/0-ynv9eqilv7x.js:0
[   40557ms] [LOG] Player X: 0.00 Y: 6.00 Z: 5.00 @ http://localhost:3000/_next/static/chunks/0-ynv9eqilv7x.js:0
[   40561ms] [LOG] Player X: 0.00 Y: 6.00 Z: 5.00 @ http://localhost:3000/_next/static/chunks/0-ynv9eqilv7x.js:0
[   40564ms] [LOG] Player X: 0.00 Y: 6.00 Z: 5.00 @ http://localhost:3000/_next/static/chunks/0-ynv9eqilv7x.js:0
[   40567ms] [LOG] Player X: 0.00 Y: 6.00 Z: 5.00 @ http://localhost:3000/_next/static/chunks/0-ynv9eqilv7x.js:0
[   40571ms] [LOG] Player X: 0.00 Y: 6.00 Z: 5.00 @ http://localhost:3000/_next/static/chunks/0-ynv9eqilv7x.js:0
[   40574ms] [LOG] Player X: 0.00 Y: 6.00 Z: 5.00 @ http://localhost:3000/_next/static/chunks/0-ynv9eqilv7x.js:0
[   40577ms] [LOG] Player X: 0.00 Y: 6.00 Z: 5.00 @ http://localhost:3000/_next/static/chunks/0-ynv9eqilv7x.js:0
[   40581ms] [LOG] Player X: 0.00 Y: 6.00 Z: 5.00 @ http://localhost:3000/_next/static/chunks/0-ynv9eqilv7x.js:0
[   40584ms] [LOG] Player X: 0.00 Y: 6.00 Z: 5.00 @ http://localhost:3000/_next/static/chunks/0-ynv9eqilv7x.js:0
[   40587ms] [LOG] Player X: 0.00 Y: 6.00 Z: 5.00 @ http://localhost:3000/_next/static/chunks/0-ynv9eqilv7x.js:0
[   40591ms] [LOG] Player X: 0.00 Y: 6.00 Z: 5.00 @ http://localhost:3000/_next/static/chunks/0-ynv9eqilv7x.js:0
[   40594ms] [LOG] Player X: 0.00 Y: 6.00 Z: 5.00 @ http://localhost:3000/_next/static/chunks/0-ynv9eqilv7x.js:0
[   40597ms] [LOG] Player X: 0.00 Y: 6.00 Z: 5.00 @ http://localhost:3000/_next/static/chunks/0-ynv9eqilv7x.js:0
[   40601ms] [LOG] Player X: 0.00 Y: 6.00 Z: 5.00 @ http://localhost:3000/_next/static/chunks/0-ynv9eqilv7x.js:0
[   40604ms] [LOG] Player X: 0.00 Y: 6.00 Z: 5.00 @ http://localhost:3000/_next/static/chunks/0-ynv9eqilv7x.js:0
[   40607ms] [LOG] Player X: 0.00 Y: 6.00 Z: 5.00 @ http://localhost:3000/_next/static/chunks/0-ynv9eqilv7x.js:0
[   40611ms] [LOG] Player X: 0.00 Y: 6.00 Z: 5.00 @ http://localhost:3000/_next/static/chunks/0-ynv9eqilv7x.js:0
[   40614ms] [LOG] Player X: 0.00 Y: 6.00 Z: 5.00 @ http://localhost:3000/_next/static/chunks/0-ynv9eqilv7x.js:0
[   40617ms] [LOG] Player X: 0.00 Y: 6.00 Z: 5.00 @ http://localhost:3000/_next/static/chunks/0-ynv9eqilv7x.js:0
[   40621ms] [LOG] Player X: 0.00 Y: 6.00 Z: 5.00 @ http://localhost:3000/_next/static/chunks/0-ynv9eqilv7x.js:0
[   40624ms] [LOG] Player X: 0.00 Y: 6.00 Z: 5.00 @ http://localhost:3000/_next/static/chunks/0-ynv9eqilv7x.js:0
[   40627ms] [LOG] Player X: 0.00 Y: 6.00 Z: 5.00 @ http://localhost:3000/_next/static/chunks/0-ynv9eqilv7x.js:0
[   40631ms] [LOG] Player X: 0.00 Y: 6.00 Z: 5.00 @ http://localhost:3000/_next/static/chunks/0-ynv9eqilv7x.js:0
[   40634ms] [LOG] Player X: 0.00 Y: 6.00 Z: 5.00 @ http://localhost:3000/_next/static/chunks/0-ynv9eqilv7x.js:0
[   40638ms] [LOG] Player X: 0.00 Y: 6.00 Z: 5.00 @ http://localhost:3000/_next/static/chunks/0-ynv9eqilv7x.js:0
[   40641ms] [LOG] Player X: 0.00 Y: 6.00 Z: 5.00 @ http://localhost:3000/_next/static/chunks/0-ynv9eqilv7x.js:0
[   40644ms] [LOG] Player X: 0.00 Y: 6.00 Z: 5.00 @ http://localhost:3000/_next/static/chunks/0-ynv9eqilv7x.js:0
[   40647ms] [LOG] Player X: 0.00 Y: 6.00 Z: 5.00 @ http://localhost:3000/_next/static/chunks/0-ynv9eqilv7x.js:0
[   40651ms] [LOG] Player X: 0.00 Y: 6.00 Z: 5.00 @ http://localhost:3000/_next/static/chunks/0-ynv9eqilv7x.js:0
[   40654ms] [LOG] Player X: 0.00 Y: 6.00 Z: 5.00 @ http://localhost:3000/_next/static/chunks/0-ynv9eqilv7x.js:0
[   40657ms] [LOG] Player X: 0.00 Y: 6.00 Z: 5.00 @ http://localhost:3000/_next/static/chunks/0-ynv9eqilv7x.js:0
[   40661ms] [LOG] Player X: 0.00 Y: 6.00 Z: 5.00 @ http://localhost:3000/_next/static/chunks/0-ynv9eqilv7x.js:0
[   40664ms] [LOG] Player X: 0.00 Y: 6.00 Z: 5.00 @ http://localhost:3000/_next/static/chunks/0-ynv9eqilv7x.js:0
[   40668ms] [LOG] Player X: 0.00 Y: 6.00 Z: 5.00 @ http://localhost:3000/_next/static/chunks/0-ynv9eqilv7x.js:0
[   40671ms] [LOG] Player X: 0.00 Y: 6.00 Z: 5.00 @ http://localhost:3000/_next/static/chunks/0-ynv9eqilv7x.js:0
[   40674ms] [LOG] Player X: 0.00 Y: 6.00 Z: 5.00 @ http://localhost:3000/_next/static/chunks/0-ynv9eqilv7x.js:0
[   40677ms] [LOG] Player X: 0.00 Y: 6.00 Z: 5.00 @ http://localhost:3000/_next/static/chunks/0-ynv9eqilv7x.js:0
[   40681ms] [LOG] Player X: 0.00 Y: 6.00 Z: 5.00 @ http://localhost:3000/_next/static/chunks/0-ynv9eqilv7x.js:0
[   40684ms] [LOG] Player X: 0.00 Y: 6.00 Z: 5.00 @ http://localhost:3000/_next/static/chunks/0-ynv9eqilv7x.js:0
[   40688ms] [LOG] Player X: 0.00 Y: 6.00 Z: 5.00 @ http://localhost:3000/_next/static/chunks/0-ynv9eqilv7x.js:0
[   40691ms] [LOG] Player X: 0.00 Y: 6.00 Z: 5.00 @ http://localhost:3000/_next/static/chunks/0-ynv9eqilv7x.js:0
[   40694ms] [LOG] Player X: 0.00 Y: 6.00 Z: 5.00 @ http://localhost:3000/_next/static/chunks/0-ynv9eqilv7x.js:0
[   40697ms] [LOG] Player X: 0.00 Y: 6.00 Z: 5.00 @ http://localhost:3000/_next/static/chunks/0-ynv9eqilv7x.js:0
[   40701ms] [LOG] Player X: 0.00 Y: 6.00 Z: 5.00 @ http://localhost:3000/_next/static/chunks/0-ynv9eqilv7x.js:0
[   40704ms] [LOG] Player X: 0.00 Y: 6.00 Z: 5.00 @ http://localhost:3000/_next/static/chunks/0-ynv9eqilv7x.js:0
[   40708ms] [LOG] Player X: 0.00 Y: 6.00 Z: 5.00 @ http://localhost:3000/_next/static/chunks/0-ynv9eqilv7x.js:0
[   40711ms] [LOG] Player X: 0.00 Y: 6.00 Z: 5.00 @ http://localhost:3000/_next/static/chunks/0-ynv9eqilv7x.js:0
[   40714ms] [LOG] Player X: 0.00 Y: 6.00 Z: 5.00 @ http://localhost:3000/_next/static/chunks/0-ynv9eqilv7x.js:0
[   40717ms] [LOG] Player X: 0.00 Y: 6.00 Z: 5.00 @ http://localhost:3000/_next/static/chunks/0-ynv9eqilv7x.js:0
[   40721ms] [LOG] Player X: 0.00 Y: 6.00 Z: 5.00 @ http://localhost:3000/_next/static/chunks/0-ynv9eqilv7x.js:0
[   40724ms] [LOG] Player X: 0.00 Y: 6.00 Z: 5.00 @ http://localhost:3000/_next/static/chunks/0-ynv9eqilv7x.js:0
[   40727ms] [LOG] Player X: 0.00 Y: 6.00 Z: 5.00 @ http://localhost:3000/_next/static/chunks/0-ynv9eqilv7x.js:0
[   40731ms] [LOG] Player X: 0.00 Y: 6.00 Z: 5.00 @ http://localhost:3000/_next/static/chunks/0-ynv9eqilv7x.js:0
[   40734ms] [LOG] Player X: 0.00 Y: 6.00 Z: 5.00 @ http://localhost:3000/_next/static/chunks/0-ynv9eqilv7x.js:0
[   40737ms] [LOG] Player X: 0.00 Y: 6.00 Z: 5.00 @ http://localhost:3000/_next/static/chunks/0-ynv9eqilv7x.js:0
[   40741ms] [LOG] Player X: 0.00 Y: 6.00 Z: 5.00 @ http://localhost:3000/_next/static/chunks/0-ynv9eqilv7x.js:0
[   40744ms] [LOG] Player X: 0.00 Y: 6.00 Z: 5.00 @ http://localhost:3000/_next/static/chunks/0-ynv9eqilv7x.js:0
[   40747ms] [LOG] Player X: 0.00 Y: 6.00 Z: 5.00 @ http://localhost:3000/_next/static/chunks/0-ynv9eqilv7x.js:0
[   40751ms] [LOG] Player X: 0.00 Y: 6.00 Z: 5.00 @ http://localhost:3000/_next/static/chunks/0-ynv9eqilv7x.js:0
[   40754ms] [LOG] Player X: 0.00 Y: 6.00 Z: 5.00 @ http://localhost:3000/_next/static/chunks/0-ynv9eqilv7x.js:0
[   40757ms] [LOG] Player X: 0.00 Y: 6.00 Z: 5.00 @ http://localhost:3000/_next/static/chunks/0-ynv9eqilv7x.js:0
[   40761ms] [LOG] Player X: 0.00 Y: 6.00 Z: 5.00 @ http://localhost:3000/_next/static/chunks/0-ynv9eqilv7x.js:0
[   40764ms] [LOG] Player X: 0.00 Y: 6.00 Z: 5.00 @ http://localhost:3000/_next/static/chunks/0-ynv9eqilv7x.js:0
[   40767ms] [LOG] Player X: 0.00 Y: 6.00 Z: 5.00 @ http://localhost:3000/_next/static/chunks/0-ynv9eqilv7x.js:0
[   40771ms] [LOG] Player X: 0.00 Y: 6.00 Z: 5.00 @ http://localhost:3000/_next/static/chunks/0-ynv9eqilv7x.js:0
[   40774ms] [LOG] Player X: 0.00 Y: 6.00 Z: 5.00 @ http://localhost:3000/_next/static/chunks/0-ynv9eqilv7x.js:0
[   40777ms] [LOG] Player X: 0.00 Y: 6.00 Z: 5.00 @ http://localhost:3000/_next/static/chunks/0-ynv9eqilv7x.js:0
[   40781ms] [LOG] Player X: 0.00 Y: 6.00 Z: 5.00 @ http://localhost:3000/_next/static/chunks/0-ynv9eqilv7x.js:0
[   40784ms] [LOG] Player X: 0.00 Y: 6.00 Z: 5.00 @ http://localhost:3000/_next/static/chunks/0-ynv9eqilv7x.js:0
[   40787ms] [LOG] Player X: 0.00 Y: 6.00 Z: 5.00 @ http://localhost:3000/_next/static/chunks/0-ynv9eqilv7x.js:0
[   40791ms] [LOG] Player X: 0.00 Y: 6.00 Z: 5.00 @ http://localhost:3000/_next/static/chunks/0-ynv9eqilv7x.js:0
[   40794ms] [LOG] Player X: 0.00 Y: 6.00 Z: 5.00 @ http://localhost:3000/_next/static/chunks/0-ynv9eqilv7x.js:0
[   40797ms] [LOG] Player X: 0.00 Y: 6.00 Z: 5.00 @ http://localhost:3000/_next/static/chunks/0-ynv9eqilv7x.js:0
[   40801ms] [LOG] Player X: 0.00 Y: 6.00 Z: 5.00 @ http://localhost:3000/_next/static/chunks/0-ynv9eqilv7x.js:0
[   40804ms] [LOG] Player X: 0.00 Y: 6.00 Z: 5.00 @ http://localhost:3000/_next/static/chunks/0-ynv9eqilv7x.js:0
[   40807ms] [LOG] Player X: 0.00 Y: 6.00 Z: 5.00 @ http://localhost:3000/_next/static/chunks/0-ynv9eqilv7x.js:0
[   40811ms] [LOG] Player X: 0.00 Y: 6.00 Z: 5.00 @ http://localhost:3000/_next/static/chunks/0-ynv9eqilv7x.js:0
[   40814ms] [LOG] Player X: 0.00 Y: 6.00 Z: 5.00 @ http://localhost:3000/_next/static/chunks/0-ynv9eqilv7x.js:0
[   40817ms] [LOG] Player X: 0.00 Y: 6.00 Z: 5.00 @ http://localhost:3000/_next/static/chunks/0-ynv9eqilv7x.js:0
[   40821ms] [LOG] Player X: 0.00 Y: 6.00 Z: 5.00 @ http://localhost:3000/_next/static/chunks/0-ynv9eqilv7x.js:0
[   40824ms] [LOG] Player X: 0.00 Y: 6.00 Z: 5.00 @ http://localhost:3000/_next/static/chunks/0-ynv9eqilv7x.js:0
[   40827ms] [LOG] Player X: 0.00 Y: 6.00 Z: 5.00 @ http://localhost:3000/_next/static/chunks/0-ynv9eqilv7x.js:0
[   40831ms] [LOG] Player X: 0.00 Y: 6.00 Z: 5.00 @ http://localhost:3000/_next/static/chunks/0-ynv9eqilv7x.js:0
[   40834ms] [LOG] Player X: 0.00 Y: 6.00 Z: 5.00 @ http://localhost:3000/_next/static/chunks/0-ynv9eqilv7x.js:0
[   40838ms] [LOG] Player X: 0.00 Y: 6.00 Z: 5.00 @ http://localhost:3000/_next/static/chunks/0-ynv9eqilv7x.js:0
[   40841ms] [LOG] Player X: 0.00 Y: 6.00 Z: 5.00 @ http://localhost:3000/_next/static/chunks/0-ynv9eqilv7x.js:0
[   40844ms] [LOG] Player X: 0.00 Y: 6.00 Z: 5.00 @ http://localhost:3000/_next/static/chunks/0-ynv9eqilv7x.js:0
[   40848ms] [LOG] Player X: 0.00 Y: 6.00 Z: 5.00 @ http://localhost:3000/_next/static/chunks/0-ynv9eqilv7x.js:0
[   40851ms] [LOG] Player X: 0.00 Y: 6.00 Z: 5.00 @ http://localhost:3000/_next/static/chunks/0-ynv9eqilv7x.js:0
[   40854ms] [LOG] Player X: 0.00 Y: 6.00 Z: 5.00 @ http://localhost:3000/_next/static/chunks/0-ynv9eqilv7x.js:0
[   40858ms] [LOG] Player X: 0.00 Y: 6.00 Z: 5.00 @ http://localhost:3000/_next/static/chunks/0-ynv9eqilv7x.js:0
[   40861ms] [LOG] Player X: 0.00 Y: 6.00 Z: 5.00 @ http://localhost:3000/_next/static/chunks/0-ynv9eqilv7x.js:0
[   40864ms] [LOG] Player X: 0.00 Y: 6.00 Z: 5.00 @ http://localhost:3000/_next/static/chunks/0-ynv9eqilv7x.js:0
[   40868ms] [LOG] Player X: 0.00 Y: 6.00 Z: 5.00 @ http://localhost:3000/_next/static/chunks/0-ynv9eqilv7x.js:0
[   40871ms] [LOG] Player X: 0.00 Y: 6.00 Z: 5.00 @ http://localhost:3000/_next/static/chunks/0-ynv9eqilv7x.js:0
[   40874ms] [LOG] Player X: 0.00 Y: 6.00 Z: 5.00 @ http://localhost:3000/_next/static/chunks/0-ynv9eqilv7x.js:0
[   40877ms] [LOG] Player X: 0.00 Y: 6.00 Z: 5.00 @ http://localhost:3000/_next/static/chunks/0-ynv9eqilv7x.js:0
[   40881ms] [LOG] Player X: 0.00 Y: 6.00 Z: 5.00 @ http://localhost:3000/_next/static/chunks/0-ynv9eqilv7x.js:0
[   40884ms] [LOG] Player X: 0.00 Y: 6.00 Z: 5.00 @ http://localhost:3000/_next/static/chunks/0-ynv9eqilv7x.js:0
[   40888ms] [LOG] Player X: 0.00 Y: 6.00 Z: 5.00 @ http://localhost:3000/_next/static/chunks/0-ynv9eqilv7x.js:0
[   40891ms] [LOG] Player X: 0.00 Y: 6.00 Z: 5.00 @ http://localhost:3000/_next/static/chunks/0-ynv9eqilv7x.js:0
[   40894ms] [LOG] Player X: 0.00 Y: 6.00 Z: 5.00 @ http://localhost:3000/_next/static/chunks/0-ynv9eqilv7x.js:0
[   40897ms] [LOG] Player X: 0.00 Y: 6.00 Z: 5.00 @ http://localhost:3000/_next/static/chunks/0-ynv9eqilv7x.js:0
[   40901ms] [LOG] Player X: 0.00 Y: 6.00 Z: 5.00 @ http://localhost:3000/_next/static/chunks/0-ynv9eqilv7x.js:0
[   40904ms] [LOG] Player X: 0.00 Y: 6.00 Z: 5.00 @ http://localhost:3000/_next/static/chunks/0-ynv9eqilv7x.js:0
[   40907ms] [LOG] Player X: 0.00 Y: 6.00 Z: 5.00 @ http://localhost:3000/_next/static/chunks/0-ynv9eqilv7x.js:0
[   40911ms] [LOG] Player X: 0.00 Y: 6.00 Z: 5.00 @ http://localhost:3000/_next/static/chunks/0-ynv9eqilv7x.js:0
[   40914ms] [LOG] Player X: 0.00 Y: 6.00 Z: 5.00 @ http://localhost:3000/_next/static/chunks/0-ynv9eqilv7x.js:0
[   40917ms] [LOG] Player X: 0.00 Y: 6.00 Z: 5.00 @ http://localhost:3000/_next/static/chunks/0-ynv9eqilv7x.js:0
[   40921ms] [LOG] Player X: 0.00 Y: 6.00 Z: 5.00 @ http://localhost:3000/_next/static/chunks/0-ynv9eqilv7x.js:0
[   40924ms] [LOG] Player X: 0.00 Y: 6.00 Z: 5.00 @ http://localhost:3000/_next/static/chunks/0-ynv9eqilv7x.js:0
[   40927ms] [LOG] Player X: 0.00 Y: 6.00 Z: 5.00 @ http://localhost:3000/_next/static/chunks/0-ynv9eqilv7x.js:0
[   40931ms] [LOG] Player X: 0.00 Y: 6.00 Z: 5.00 @ http://localhost:3000/_next/static/chunks/0-ynv9eqilv7x.js:0
[   40934ms] [LOG] Player X: 0.00 Y: 6.00 Z: 5.00 @ http://localhost:3000/_next/static/chunks/0-ynv9eqilv7x.js:0
[   40937ms] [LOG] Player X: 0.00 Y: 6.00 Z: 5.00 @ http://localhost:3000/_next/static/chunks/0-ynv9eqilv7x.js:0
[   40941ms] [LOG] Player X: 0.00 Y: 6.00 Z: 5.00 @ http://localhost:3000/_next/static/chunks/0-ynv9eqilv7x.js:0
[   40944ms] [LOG] Player X: 0.00 Y: 6.00 Z: 5.00 @ http://localhost:3000/_next/static/chunks/0-ynv9eqilv7x.js:0
[   40947ms] [LOG] Player X: 0.00 Y: 6.00 Z: 5.00 @ http://localhost:3000/_next/static/chunks/0-ynv9eqilv7x.js:0
[   40951ms] [LOG] Player X: 0.00 Y: 6.00 Z: 5.00 @ http://localhost:3000/_next/static/chunks/0-ynv9eqilv7x.js:0
[   40954ms] [LOG] Player X: 0.00 Y: 6.00 Z: 5.00 @ http://localhost:3000/_next/static/chunks/0-ynv9eqilv7x.js:0
[   40957ms] [LOG] Player X: 0.00 Y: 6.00 Z: 5.00 @ http://localhost:3000/_next/static/chunks/0-ynv9eqilv7x.js:0
[   40961ms] [LOG] Player X: 0.00 Y: 6.00 Z: 5.00 @ http://localhost:3000/_next/static/chunks/0-ynv9eqilv7x.js:0
[   40964ms] [LOG] Player X: 0.00 Y: 6.00 Z: 5.00 @ http://localhost:3000/_next/static/chunks/0-ynv9eqilv7x.js:0
[   40967ms] [LOG] Player X: 0.00 Y: 6.00 Z: 5.00 @ http://localhost:3000/_next/static/chunks/0-ynv9eqilv7x.js:0
[   40971ms] [LOG] Player X: 0.00 Y: 6.00 Z: 5.00 @ http://localhost:3000/_next/static/chunks/0-ynv9eqilv7x.js:0
[   40974ms] [LOG] Player X: 0.00 Y: 6.00 Z: 5.00 @ http://localhost:3000/_next/static/chunks/0-ynv9eqilv7x.js:0
[   40978ms] [LOG] Player X: 0.00 Y: 6.00 Z: 5.00 @ http://localhost:3000/_next/static/chunks/0-ynv9eqilv7x.js:0
[   40981ms] [LOG] Player X: 0.00 Y: 6.00 Z: 5.00 @ http://localhost:3000/_next/static/chunks/0-ynv9eqilv7x.js:0
[   40984ms] [LOG] Player X: 0.00 Y: 6.00 Z: 5.00 @ http://localhost:3000/_next/static/chunks/0-ynv9eqilv7x.js:0
[   40987ms] [LOG] Player X: 0.00 Y: 6.00 Z: 5.00 @ http://localhost:3000/_next/static/chunks/0-ynv9eqilv7x.js:0
[   40991ms] [LOG] Player X: 0.00 Y: 6.00 Z: 5.00 @ http://localhost:3000/_next/static/chunks/0-ynv9eqilv7x.js:0
[   40994ms] [LOG] Player X: 0.00 Y: 6.00 Z: 5.00 @ http://localhost:3000/_next/static/chunks/0-ynv9eqilv7x.js:0
[   40997ms] [LOG] Player X: 0.00 Y: 6.00 Z: 5.00 @ http://localhost:3000/_next/static/chunks/0-ynv9eqilv7x.js:0
[   41001ms] [LOG] Player X: 0.00 Y: 6.00 Z: 5.00 @ http://localhost:3000/_next/static/chunks/0-ynv9eqilv7x.js:0
[   41004ms] [LOG] Player X: 0.00 Y: 6.00 Z: 5.00 @ http://localhost:3000/_next/static/chunks/0-ynv9eqilv7x.js:0
[   41007ms] [LOG] Player X: 0.00 Y: 6.00 Z: 5.00 @ http://localhost:3000/_next/static/chunks/0-ynv9eqilv7x.js:0
[   41011ms] [LOG] Player X: 0.00 Y: 6.00 Z: 5.00 @ http://localhost:3000/_next/static/chunks/0-ynv9eqilv7x.js:0
[   41014ms] [LOG] Player X: 0.00 Y: 6.00 Z: 5.00 @ http://localhost:3000/_next/static/chunks/0-ynv9eqilv7x.js:0
[   41017ms] [LOG] Player X: 0.00 Y: 6.00 Z: 5.00 @ http://localhost:3000/_next/static/chunks/0-ynv9eqilv7x.js:0
[   41021ms] [LOG] Player X: 0.00 Y: 6.00 Z: 5.00 @ http://localhost:3000/_next/static/chunks/0-ynv9eqilv7x.js:0
[   41024ms] [LOG] Player X: 0.00 Y: 6.00 Z: 5.00 @ http://localhost:3000/_next/static/chunks/0-ynv9eqilv7x.js:0
[   41027ms] [LOG] Player X: 0.00 Y: 6.00 Z: 5.00 @ http://localhost:3000/_next/static/chunks/0-ynv9eqilv7x.js:0
[   41031ms] [LOG] Player X: 0.00 Y: 6.00 Z: 5.00 @ http://localhost:3000/_next/static/chunks/0-ynv9eqilv7x.js:0
[   41034ms] [LOG] Player X: 0.00 Y: 6.00 Z: 5.00 @ http://localhost:3000/_next/static/chunks/0-ynv9eqilv7x.js:0
[   41037ms] [LOG] Player X: 0.00 Y: 6.00 Z: 5.00 @ http://localhost:3000/_next/static/chunks/0-ynv9eqilv7x.js:0
[   41041ms] [LOG] Player X: 0.00 Y: 6.00 Z: 5.00 @ http://localhost:3000/_next/static/chunks/0-ynv9eqilv7x.js:0
[   41044ms] [LOG] Player X: 0.00 Y: 6.00 Z: 5.00 @ http://localhost:3000/_next/static/chunks/0-ynv9eqilv7x.js:0
[   41047ms] [LOG] Player X: 0.00 Y: 6.00 Z: 5.00 @ http://localhost:3000/_next/static/chunks/0-ynv9eqilv7x.js:0
[   41051ms] [LOG] Player X: 0.00 Y: 6.00 Z: 5.00 @ http://localhost:3000/_next/static/chunks/0-ynv9eqilv7x.js:0
[   41054ms] [LOG] Player X: 0.00 Y: 6.00 Z: 5.00 @ http://localhost:3000/_next/static/chunks/0-ynv9eqilv7x.js:0
[   41057ms] [LOG] Player X: 0.00 Y: 6.00 Z: 5.00 @ http://localhost:3000/_next/static/chunks/0-ynv9eqilv7x.js:0
[   41061ms] [LOG] Player X: 0.00 Y: 6.00 Z: 5.00 @ http://localhost:3000/_next/static/chunks/0-ynv9eqilv7x.js:0
[   41064ms] [LOG] Player X: 0.00 Y: 6.00 Z: 5.00 @ http://localhost:3000/_next/static/chunks/0-ynv9eqilv7x.js:0
[   41067ms] [LOG] Player X: 0.00 Y: 6.00 Z: 5.00 @ http://localhost:3000/_next/static/chunks/0-ynv9eqilv7x.js:0
[   41071ms] [LOG] Player X: 0.00 Y: 6.00 Z: 5.00 @ http://localhost:3000/_next/static/chunks/0-ynv9eqilv7x.js:0
[   41074ms] [LOG] Player X: 0.00 Y: 6.00 Z: 5.00 @ http://localhost:3000/_next/static/chunks/0-ynv9eqilv7x.js:0
[   41077ms] [LOG] Player X: 0.00 Y: 6.00 Z: 5.00 @ http://localhost:3000/_next/static/chunks/0-ynv9eqilv7x.js:0
[   41081ms] [LOG] Player X: 0.00 Y: 6.00 Z: 5.00 @ http://localhost:3000/_next/static/chunks/0-ynv9eqilv7x.js:0
[   41084ms] [LOG] Player X: 0.00 Y: 6.00 Z: 5.00 @ http://localhost:3000/_next/static/chunks/0-ynv9eqilv7x.js:0
[   41087ms] [LOG] Player X: 0.00 Y: 6.00 Z: 5.00 @ http://localhost:3000/_next/static/chunks/0-ynv9eqilv7x.js:0
[   41091ms] [LOG] Player X: 0.00 Y: 6.00 Z: 5.00 @ http://localhost:3000/_next/static/chunks/0-ynv9eqilv7x.js:0
[   41094ms] [LOG] Player X: 0.00 Y: 6.00 Z: 5.00 @ http://localhost:3000/_next/static/chunks/0-ynv9eqilv7x.js:0
[   41097ms] [LOG] Player X: 0.00 Y: 6.00 Z: 5.00 @ http://localhost:3000/_next/static/chunks/0-ynv9eqilv7x.js:0
[   41101ms] [LOG] Player X: 0.00 Y: 6.00 Z: 5.00 @ http://localhost:3000/_next/static/chunks/0-ynv9eqilv7x.js:0
[   41104ms] [LOG] Player X: 0.00 Y: 6.00 Z: 5.00 @ http://localhost:3000/_next/static/chunks/0-ynv9eqilv7x.js:0
[   41107ms] [LOG] Player X: 0.00 Y: 6.00 Z: 5.00 @ http://localhost:3000/_next/static/chunks/0-ynv9eqilv7x.js:0
[   41111ms] [LOG] Player X: 0.00 Y: 6.00 Z: 5.00 @ http://localhost:3000/_next/static/chunks/0-ynv9eqilv7x.js:0
[   41114ms] [LOG] Player X: 0.00 Y: 6.00 Z: 5.00 @ http://localhost:3000/_next/static/chunks/0-ynv9eqilv7x.js:0
[   41117ms] [LOG] Player X: 0.00 Y: 6.00 Z: 5.00 @ http://localhost:3000/_next/static/chunks/0-ynv9eqilv7x.js:0
[   41121ms] [LOG] Player X: 0.00 Y: 6.00 Z: 5.00 @ http://localhost:3000/_next/static/chunks/0-ynv9eqilv7x.js:0
[   41124ms] [LOG] Player X: 0.00 Y: 6.00 Z: 5.00 @ http://localhost:3000/_next/static/chunks/0-ynv9eqilv7x.js:0
[   41127ms] [LOG] Player X: 0.00 Y: 6.00 Z: 5.00 @ http://localhost:3000/_next/static/chunks/0-ynv9eqilv7x.js:0
[   41131ms] [LOG] Player X: 0.00 Y: 6.00 Z: 5.00 @ http://localhost:3000/_next/static/chunks/0-ynv9eqilv7x.js:0
[   41134ms] [LOG] Player X: 0.00 Y: 6.00 Z: 5.00 @ http://localhost:3000/_next/static/chunks/0-ynv9eqilv7x.js:0
[   41137ms] [LOG] Player X: 0.00 Y: 6.00 Z: 5.00 @ http://localhost:3000/_next/static/chunks/0-ynv9eqilv7x.js:0
[   41141ms] [LOG] Player X: 0.00 Y: 6.00 Z: 5.00 @ http://localhost:3000/_next/static/chunks/0-ynv9eqilv7x.js:0
[   41144ms] [LOG] Player X: 0.00 Y: 6.00 Z: 5.00 @ http://localhost:3000/_next/static/chunks/0-ynv9eqilv7x.js:0
[   41147ms] [LOG] Player X: 0.00 Y: 6.00 Z: 5.00 @ http://localhost:3000/_next/static/chunks/0-ynv9eqilv7x.js:0
[   41151ms] [LOG] Player X: 0.00 Y: 6.00 Z: 5.00 @ http://localhost:3000/_next/static/chunks/0-ynv9eqilv7x.js:0
[   41154ms] [LOG] Player X: 0.00 Y: 6.00 Z: 5.00 @ http://localhost:3000/_next/static/chunks/0-ynv9eqilv7x.js:0
[   41157ms] [LOG] Player X: 0.00 Y: 6.00 Z: 5.00 @ http://localhost:3000/_next/static/chunks/0-ynv9eqilv7x.js:0
[   41161ms] [LOG] Player X: 0.00 Y: 6.00 Z: 5.00 @ http://localhost:3000/_next/static/chunks/0-ynv9eqilv7x.js:0
[   41164ms] [LOG] Player X: 0.00 Y: 6.00 Z: 5.00 @ http://localhost:3000/_next/static/chunks/0-ynv9eqilv7x.js:0
[   41167ms] [LOG] Player X: 0.00 Y: 6.00 Z: 5.00 @ http://localhost:3000/_next/static/chunks/0-ynv9eqilv7x.js:0
[   41171ms] [LOG] Player X: 0.00 Y: 6.00 Z: 5.00 @ http://localhost:3000/_next/static/chunks/0-ynv9eqilv7x.js:0
[   41174ms] [LOG] Player X: 0.00 Y: 6.00 Z: 5.00 @ http://localhost:3000/_next/static/chunks/0-ynv9eqilv7x.js:0
[   41177ms] [LOG] Player X: 0.00 Y: 6.00 Z: 5.00 @ http://localhost:3000/_next/static/chunks/0-ynv9eqilv7x.js:0
[   41181ms] [LOG] Player X: 0.00 Y: 6.00 Z: 5.00 @ http://localhost:3000/_next/static/chunks/0-ynv9eqilv7x.js:0
[   41184ms] [LOG] Player X: 0.00 Y: 6.00 Z: 5.00 @ http://localhost:3000/_next/static/chunks/0-ynv9eqilv7x.js:0
[   41187ms] [LOG] Player X: 0.00 Y: 6.00 Z: 5.00 @ http://localhost:3000/_next/static/chunks/0-ynv9eqilv7x.js:0
[   41191ms] [LOG] Player X: 0.00 Y: 6.00 Z: 5.00 @ http://localhost:3000/_next/static/chunks/0-ynv9eqilv7x.js:0
[   41194ms] [LOG] Player X: 0.00 Y: 6.00 Z: 5.00 @ http://localhost:3000/_next/static/chunks/0-ynv9eqilv7x.js:0
[   41197ms] [LOG] Player X: 0.00 Y: 6.00 Z: 5.00 @ http://localhost:3000/_next/static/chunks/0-ynv9eqilv7x.js:0
[   41201ms] [LOG] Player X: 0.00 Y: 6.00 Z: 5.00 @ http://localhost:3000/_next/static/chunks/0-ynv9eqilv7x.js:0
[   41204ms] [LOG] Player X: 0.00 Y: 6.00 Z: 5.00 @ http://localhost:3000/_next/static/chunks/0-ynv9eqilv7x.js:0
[   41207ms] [LOG] Player X: 0.00 Y: 6.00 Z: 5.00 @ http://localhost:3000/_next/static/chunks/0-ynv9eqilv7x.js:0
[   41211ms] [LOG] Player X: 0.00 Y: 6.00 Z: 5.00 @ http://localhost:3000/_next/static/chunks/0-ynv9eqilv7x.js:0
[   41214ms] [LOG] Player X: 0.00 Y: 6.00 Z: 5.00 @ http://localhost:3000/_next/static/chunks/0-ynv9eqilv7x.js:0
[   41217ms] [LOG] Player X: 0.00 Y: 6.00 Z: 5.00 @ http://localhost:3000/_next/static/chunks/0-ynv9eqilv7x.js:0
[   41221ms] [LOG] Player X: 0.00 Y: 6.00 Z: 5.00 @ http://localhost:3000/_next/static/chunks/0-ynv9eqilv7x.js:0
[   41224ms] [LOG] Player X: 0.00 Y: 6.00 Z: 5.00 @ http://localhost:3000/_next/static/chunks/0-ynv9eqilv7x.js:0
[   41227ms] [LOG] Player X: 0.00 Y: 6.00 Z: 5.00 @ http://localhost:3000/_next/static/chunks/0-ynv9eqilv7x.js:0
[   41231ms] [LOG] Player X: 0.00 Y: 6.00 Z: 5.00 @ http://localhost:3000/_next/static/chunks/0-ynv9eqilv7x.js:0
[   41234ms] [LOG] Player X: 0.00 Y: 6.00 Z: 5.00 @ http://localhost:3000/_next/static/chunks/0-ynv9eqilv7x.js:0
[   41237ms] [LOG] Player X: 0.00 Y: 6.00 Z: 5.00 @ http://localhost:3000/_next/static/chunks/0-ynv9eqilv7x.js:0
[   41241ms] [LOG] Player X: 0.00 Y: 6.00 Z: 5.00 @ http://localhost:3000/_next/static/chunks/0-ynv9eqilv7x.js:0
[   41244ms] [LOG] Player X: 0.00 Y: 6.00 Z: 5.00 @ http://localhost:3000/_next/static/chunks/0-ynv9eqilv7x.js:0
[   41247ms] [LOG] Player X: 0.00 Y: 6.00 Z: 5.00 @ http://localhost:3000/_next/static/chunks/0-ynv9eqilv7x.js:0
[   41251ms] [LOG] Player X: 0.00 Y: 6.00 Z: 5.00 @ http://localhost:3000/_next/static/chunks/0-ynv9eqilv7x.js:0
[   41254ms] [LOG] Player X: 0.00 Y: 6.00 Z: 5.00 @ http://localhost:3000/_next/static/chunks/0-ynv9eqilv7x.js:0
[   41257ms] [LOG] Player X: 0.00 Y: 6.00 Z: 5.00 @ http://localhost:3000/_next/static/chunks/0-ynv9eqilv7x.js:0
[   41261ms] [LOG] Player X: 0.00 Y: 6.00 Z: 5.00 @ http://localhost:3000/_next/static/chunks/0-ynv9eqilv7x.js:0
[   41264ms] [LOG] Player X: 0.00 Y: 6.00 Z: 5.00 @ http://localhost:3000/_next/static/chunks/0-ynv9eqilv7x.js:0
[   41267ms] [LOG] Player X: 0.00 Y: 6.00 Z: 5.00 @ http://localhost:3000/_next/static/chunks/0-ynv9eqilv7x.js:0
[   41271ms] [LOG] Player X: 0.00 Y: 6.00 Z: 5.00 @ http://localhost:3000/_next/static/chunks/0-ynv9eqilv7x.js:0
[   41274ms] [LOG] Player X: 0.00 Y: 6.00 Z: 5.00 @ http://localhost:3000/_next/static/chunks/0-ynv9eqilv7x.js:0
[   41277ms] [LOG] Player X: 0.00 Y: 6.00 Z: 5.00 @ http://localhost:3000/_next/static/chunks/0-ynv9eqilv7x.js:0
[   41281ms] [LOG] Player X: 0.00 Y: 6.00 Z: 5.00 @ http://localhost:3000/_next/static/chunks/0-ynv9eqilv7x.js:0
[   41284ms] [LOG] Player X: 0.00 Y: 6.00 Z: 5.00 @ http://localhost:3000/_next/static/chunks/0-ynv9eqilv7x.js:0
[   41287ms] [LOG] Player X: 0.00 Y: 6.00 Z: 5.00 @ http://localhost:3000/_next/static/chunks/0-ynv9eqilv7x.js:0
[   41291ms] [LOG] Player X: 0.00 Y: 6.00 Z: 5.00 @ http://localhost:3000/_next/static/chunks/0-ynv9eqilv7x.js:0
[   41294ms] [LOG] Player X: 0.00 Y: 6.00 Z: 5.00 @ http://localhost:3000/_next/static/chunks/0-ynv9eqilv7x.js:0
[   41297ms] [LOG] Player X: 0.00 Y: 6.00 Z: 5.00 @ http://localhost:3000/_next/static/chunks/0-ynv9eqilv7x.js:0
[   41301ms] [LOG] Player X: 0.00 Y: 6.00 Z: 5.00 @ http://localhost:3000/_next/static/chunks/0-ynv9eqilv7x.js:0
[   41304ms] [LOG] Player X: 0.00 Y: 6.00 Z: 5.00 @ http://localhost:3000/_next/static/chunks/0-ynv9eqilv7x.js:0
[   41307ms] [LOG] Player X: 0.00 Y: 6.00 Z: 5.00 @ http://localhost:3000/_next/static/chunks/0-ynv9eqilv7x.js:0
[   41311ms] [LOG] Player X: 0.00 Y: 6.00 Z: 5.00 @ http://localhost:3000/_next/static/chunks/0-ynv9eqilv7x.js:0
[   41314ms] [LOG] Player X: 0.00 Y: 6.00 Z: 5.00 @ http://localhost:3000/_next/static/chunks/0-ynv9eqilv7x.js:0
[   41317ms] [LOG] Player X: 0.00 Y: 6.00 Z: 5.00 @ http://localhost:3000/_next/static/chunks/0-ynv9eqilv7x.js:0
[   41321ms] [LOG] Player X: 0.00 Y: 6.00 Z: 5.00 @ http://localhost:3000/_next/static/chunks/0-ynv9eqilv7x.js:0
[   41324ms] [LOG] Player X: 0.00 Y: 6.00 Z: 5.00 @ http://localhost:3000/_next/static/chunks/0-ynv9eqilv7x.js:0
[   41327ms] [LOG] Player X: 0.00 Y: 6.00 Z: 5.00 @ http://localhost:3000/_next/static/chunks/0-ynv9eqilv7x.js:0
[   41331ms] [LOG] Player X: 0.00 Y: 6.00 Z: 5.00 @ http://localhost:3000/_next/static/chunks/0-ynv9eqilv7x.js:0
[   41334ms] [LOG] Player X: 0.00 Y: 6.00 Z: 5.00 @ http://localhost:3000/_next/static/chunks/0-ynv9eqilv7x.js:0
[   41337ms] [LOG] Player X: 0.00 Y: 6.00 Z: 5.00 @ http://localhost:3000/_next/static/chunks/0-ynv9eqilv7x.js:0
[   41341ms] [LOG] Player X: 0.00 Y: 6.00 Z: 5.00 @ http://localhost:3000/_next/static/chunks/0-ynv9eqilv7x.js:0
[   41344ms] [LOG] Player X: 0.00 Y: 6.00 Z: 5.00 @ http://localhost:3000/_next/static/chunks/0-ynv9eqilv7x.js:0
[   41347ms] [LOG] Player X: 0.00 Y: 6.00 Z: 5.00 @ http://localhost:3000/_next/static/chunks/0-ynv9eqilv7x.js:0
[   41351ms] [LOG] Player X: 0.00 Y: 6.00 Z: 5.00 @ http://localhost:3000/_next/static/chunks/0-ynv9eqilv7x.js:0
[   41354ms] [LOG] Player X: 0.00 Y: 6.00 Z: 5.00 @ http://localhost:3000/_next/static/chunks/0-ynv9eqilv7x.js:0
[   41357ms] [LOG] Player X: 0.00 Y: 6.00 Z: 5.00 @ http://localhost:3000/_next/static/chunks/0-ynv9eqilv7x.js:0
[   41361ms] [LOG] Player X: 0.00 Y: 6.00 Z: 5.00 @ http://localhost:3000/_next/static/chunks/0-ynv9eqilv7x.js:0
[   41364ms] [LOG] Player X: 0.00 Y: 6.00 Z: 5.00 @ http://localhost:3000/_next/static/chunks/0-ynv9eqilv7x.js:0
[   41367ms] [LOG] Player X: 0.00 Y: 6.00 Z: 5.00 @ http://localhost:3000/_next/static/chunks/0-ynv9eqilv7x.js:0
[   41371ms] [LOG] Player X: 0.00 Y: 6.00 Z: 5.00 @ http://localhost:3000/_next/static/chunks/0-ynv9eqilv7x.js:0
[   41374ms] [LOG] Player X: 0.00 Y: 6.00 Z: 5.00 @ http://localhost:3000/_next/static/chunks/0-ynv9eqilv7x.js:0
[   41377ms] [LOG] Player X: 0.00 Y: 6.00 Z: 5.00 @ http://localhost:3000/_next/static/chunks/0-ynv9eqilv7x.js:0
[   41381ms] [LOG] Player X: 0.00 Y: 6.00 Z: 5.00 @ http://localhost:3000/_next/static/chunks/0-ynv9eqilv7x.js:0
[   41384ms] [LOG] Player X: 0.00 Y: 6.00 Z: 5.00 @ http://localhost:3000/_next/static/chunks/0-ynv9eqilv7x.js:0
[   41387ms] [LOG] Player X: 0.00 Y: 6.00 Z: 5.00 @ http://localhost:3000/_next/static/chunks/0-ynv9eqilv7x.js:0
[   41391ms] [LOG] Player X: 0.00 Y: 6.00 Z: 5.00 @ http://localhost:3000/_next/static/chunks/0-ynv9eqilv7x.js:0
[   41394ms] [LOG] Player X: 0.00 Y: 6.00 Z: 5.00 @ http://localhost:3000/_next/static/chunks/0-ynv9eqilv7x.js:0
[   41397ms] [LOG] Player X: 0.00 Y: 6.00 Z: 5.00 @ http://localhost:3000/_next/static/chunks/0-ynv9eqilv7x.js:0
[   41401ms] [LOG] Player X: 0.00 Y: 6.00 Z: 5.00 @ http://localhost:3000/_next/static/chunks/0-ynv9eqilv7x.js:0
[   41404ms] [LOG] Player X: 0.00 Y: 6.00 Z: 5.00 @ http://localhost:3000/_next/static/chunks/0-ynv9eqilv7x.js:0
[   41407ms] [LOG] Player X: 0.00 Y: 6.00 Z: 5.00 @ http://localhost:3000/_next/static/chunks/0-ynv9eqilv7x.js:0
[   41411ms] [LOG] Player X: 0.00 Y: 6.00 Z: 5.00 @ http://localhost:3000/_next/static/chunks/0-ynv9eqilv7x.js:0
[   41414ms] [LOG] Player X: 0.00 Y: 6.00 Z: 5.00 @ http://localhost:3000/_next/static/chunks/0-ynv9eqilv7x.js:0
[   41417ms] [LOG] Player X: 0.00 Y: 6.00 Z: 5.00 @ http://localhost:3000/_next/static/chunks/0-ynv9eqilv7x.js:0
[   41421ms] [LOG] Player X: 0.00 Y: 6.00 Z: 5.00 @ http://localhost:3000/_next/static/chunks/0-ynv9eqilv7x.js:0
[   41424ms] [LOG] Player X: 0.00 Y: 6.00 Z: 5.00 @ http://localhost:3000/_next/static/chunks/0-ynv9eqilv7x.js:0
[   41427ms] [LOG] Player X: 0.00 Y: 6.00 Z: 5.00 @ http://localhost:3000/_next/static/chunks/0-ynv9eqilv7x.js:0
[   41431ms] [LOG] Player X: 0.00 Y: 6.00 Z: 5.00 @ http://localhost:3000/_next/static/chunks/0-ynv9eqilv7x.js:0
[   41434ms] [LOG] Player X: 0.00 Y: 6.00 Z: 5.00 @ http://localhost:3000/_next/static/chunks/0-ynv9eqilv7x.js:0
[   41437ms] [LOG] Player X: 0.00 Y: 6.00 Z: 5.00 @ http://localhost:3000/_next/static/chunks/0-ynv9eqilv7x.js:0
[   41441ms] [LOG] Player X: 0.00 Y: 6.00 Z: 5.00 @ http://localhost:3000/_next/static/chunks/0-ynv9eqilv7x.js:0
[   41444ms] [LOG] Player X: 0.00 Y: 6.00 Z: 5.00 @ http://localhost:3000/_next/static/chunks/0-ynv9eqilv7x.js:0
[   41447ms] [LOG] Player X: 0.00 Y: 6.00 Z: 5.00 @ http://localhost:3000/_next/static/chunks/0-ynv9eqilv7x.js:0
[   41451ms] [LOG] Player X: 0.00 Y: 6.00 Z: 5.00 @ http://localhost:3000/_next/static/chunks/0-ynv9eqilv7x.js:0
[   41454ms] [LOG] Player X: 0.00 Y: 6.00 Z: 5.00 @ http://localhost:3000/_next/static/chunks/0-ynv9eqilv7x.js:0
[   41457ms] [LOG] Player X: 0.00 Y: 6.00 Z: 5.00 @ http://localhost:3000/_next/static/chunks/0-ynv9eqilv7x.js:0
[   41461ms] [LOG] Player X: 0.00 Y: 6.00 Z: 5.00 @ http://localhost:3000/_next/static/chunks/0-ynv9eqilv7x.js:0
[   41464ms] [LOG] Player X: 0.00 Y: 6.00 Z: 5.00 @ http://localhost:3000/_next/static/chunks/0-ynv9eqilv7x.js:0
[   41467ms] [LOG] Player X: 0.00 Y: 6.00 Z: 5.00 @ http://localhost:3000/_next/static/chunks/0-ynv9eqilv7x.js:0
[   41471ms] [LOG] Player X: 0.00 Y: 6.00 Z: 5.00 @ http://localhost:3000/_next/static/chunks/0-ynv9eqilv7x.js:0
[   41474ms] [LOG] Player X: 0.00 Y: 6.00 Z: 5.00 @ http://localhost:3000/_next/static/chunks/0-ynv9eqilv7x.js:0
[   41477ms] [LOG] Player X: 0.00 Y: 6.00 Z: 5.00 @ http://localhost:3000/_next/static/chunks/0-ynv9eqilv7x.js:0
[   41481ms] [LOG] Player X: 0.00 Y: 6.00 Z: 5.00 @ http://localhost:3000/_next/static/chunks/0-ynv9eqilv7x.js:0
[   41484ms] [LOG] Player X: 0.00 Y: 6.00 Z: 5.00 @ http://localhost:3000/_next/static/chunks/0-ynv9eqilv7x.js:0
[   41487ms] [LOG] Player X: 0.00 Y: 6.00 Z: 5.00 @ http://localhost:3000/_next/static/chunks/0-ynv9eqilv7x.js:0
[   41491ms] [LOG] Player X: 0.00 Y: 6.00 Z: 5.00 @ http://localhost:3000/_next/static/chunks/0-ynv9eqilv7x.js:0
[   41494ms] [LOG] Player X: 0.00 Y: 6.00 Z: 5.00 @ http://localhost:3000/_next/static/chunks/0-ynv9eqilv7x.js:0
[   41497ms] [LOG] Player X: 0.00 Y: 6.00 Z: 5.00 @ http://localhost:3000/_next/static/chunks/0-ynv9eqilv7x.js:0
[   41501ms] [LOG] Player X: 0.00 Y: 6.00 Z: 5.00 @ http://localhost:3000/_next/static/chunks/0-ynv9eqilv7x.js:0
[   41504ms] [LOG] Player X: 0.00 Y: 6.00 Z: 5.00 @ http://localhost:3000/_next/static/chunks/0-ynv9eqilv7x.js:0
[   41507ms] [LOG] Player X: 0.00 Y: 6.00 Z: 5.00 @ http://localhost:3000/_next/static/chunks/0-ynv9eqilv7x.js:0
[   41511ms] [LOG] Player X: 0.00 Y: 6.00 Z: 5.00 @ http://localhost:3000/_next/static/chunks/0-ynv9eqilv7x.js:0
[   41514ms] [LOG] Player X: 0.00 Y: 6.00 Z: 5.00 @ http://localhost:3000/_next/static/chunks/0-ynv9eqilv7x.js:0
[   41517ms] [LOG] Player X: 0.00 Y: 6.00 Z: 5.00 @ http://localhost:3000/_next/static/chunks/0-ynv9eqilv7x.js:0
[   41521ms] [LOG] Player X: 0.00 Y: 6.00 Z: 5.00 @ http://localhost:3000/_next/static/chunks/0-ynv9eqilv7x.js:0
[   41524ms] [LOG] Player X: 0.00 Y: 6.00 Z: 5.00 @ http://localhost:3000/_next/static/chunks/0-ynv9eqilv7x.js:0
[   41527ms] [LOG] Player X: 0.00 Y: 6.00 Z: 5.00 @ http://localhost:3000/_next/static/chunks/0-ynv9eqilv7x.js:0
[   41531ms] [LOG] Player X: 0.00 Y: 6.00 Z: 5.00 @ http://localhost:3000/_next/static/chunks/0-ynv9eqilv7x.js:0
[   41534ms] [LOG] Player X: 0.00 Y: 6.00 Z: 5.00 @ http://localhost:3000/_next/static/chunks/0-ynv9eqilv7x.js:0
[   41537ms] [LOG] Player X: 0.00 Y: 6.00 Z: 5.00 @ http://localhost:3000/_next/static/chunks/0-ynv9eqilv7x.js:0
[   41541ms] [LOG] Player X: 0.00 Y: 6.00 Z: 5.00 @ http://localhost:3000/_next/static/chunks/0-ynv9eqilv7x.js:0
[   41544ms] [LOG] Player X: 0.00 Y: 6.00 Z: 5.00 @ http://localhost:3000/_next/static/chunks/0-ynv9eqilv7x.js:0
[   41547ms] [LOG] Player X: 0.00 Y: 6.00 Z: 5.00 @ http://localhost:3000/_next/static/chunks/0-ynv9eqilv7x.js:0
[   41551ms] [LOG] Player X: 0.00 Y: 6.00 Z: 5.00 @ http://localhost:3000/_next/static/chunks/0-ynv9eqilv7x.js:0
[   41554ms] [LOG] Player X: 0.00 Y: 6.00 Z: 5.00 @ http://localhost:3000/_next/static/chunks/0-ynv9eqilv7x.js:0
[   41557ms] [LOG] Player X: 0.00 Y: 6.00 Z: 5.00 @ http://localhost:3000/_next/static/chunks/0-ynv9eqilv7x.js:0
[   41561ms] [LOG] Player X: 0.00 Y: 6.00 Z: 5.00 @ http://localhost:3000/_next/static/chunks/0-ynv9eqilv7x.js:0
[   41564ms] [LOG] Player X: 0.00 Y: 6.00 Z: 5.00 @ http://localhost:3000/_next/static/chunks/0-ynv9eqilv7x.js:0
[   41567ms] [LOG] Player X: 0.00 Y: 6.00 Z: 5.00 @ http://localhost:3000/_next/static/chunks/0-ynv9eqilv7x.js:0
[   41571ms] [LOG] Player X: 0.00 Y: 6.00 Z: 5.00 @ http://localhost:3000/_next/static/chunks/0-ynv9eqilv7x.js:0
[   41574ms] [LOG] Player X: 0.00 Y: 6.00 Z: 5.00 @ http://localhost:3000/_next/static/chunks/0-ynv9eqilv7x.js:0
[   41577ms] [LOG] Player X: 0.00 Y: 6.00 Z: 5.00 @ http://localhost:3000/_next/static/chunks/0-ynv9eqilv7x.js:0
[   41581ms] [LOG] Player X: 0.00 Y: 6.00 Z: 5.00 @ http://localhost:3000/_next/static/chunks/0-ynv9eqilv7x.js:0
[   41584ms] [LOG] Player X: 0.00 Y: 6.00 Z: 5.00 @ http://localhost:3000/_next/static/chunks/0-ynv9eqilv7x.js:0
[   41587ms] [LOG] Player X: 0.00 Y: 6.00 Z: 5.00 @ http://localhost:3000/_next/static/chunks/0-ynv9eqilv7x.js:0
[   41591ms] [LOG] Player X: 0.00 Y: 6.00 Z: 5.00 @ http://localhost:3000/_next/static/chunks/0-ynv9eqilv7x.js:0
[   41594ms] [LOG] Player X: 0.00 Y: 6.00 Z: 5.00 @ http://localhost:3000/_next/static/chunks/0-ynv9eqilv7x.js:0
[   41597ms] [LOG] Player X: 0.00 Y: 6.00 Z: 5.00 @ http://localhost:3000/_next/static/chunks/0-ynv9eqilv7x.js:0
[   41601ms] [LOG] Player X: 0.00 Y: 6.00 Z: 5.00 @ http://localhost:3000/_next/static/chunks/0-ynv9eqilv7x.js:0
[   41604ms] [LOG] Player X: 0.00 Y: 6.00 Z: 5.00 @ http://localhost:3000/_next/static/chunks/0-ynv9eqilv7x.js:0
[   41607ms] [LOG] Player X: 0.00 Y: 6.00 Z: 5.00 @ http://localhost:3000/_next/static/chunks/0-ynv9eqilv7x.js:0
[   41611ms] [LOG] Player X: 0.00 Y: 6.00 Z: 5.00 @ http://localhost:3000/_next/static/chunks/0-ynv9eqilv7x.js:0
[   41614ms] [LOG] Player X: 0.00 Y: 6.00 Z: 5.00 @ http://localhost:3000/_next/static/chunks/0-ynv9eqilv7x.js:0
[   41617ms] [LOG] Player X: 0.00 Y: 6.00 Z: 5.00 @ http://localhost:3000/_next/static/chunks/0-ynv9eqilv7x.js:0
[   41621ms] [LOG] Player X: 0.00 Y: 6.00 Z: 5.00 @ http://localhost:3000/_next/static/chunks/0-ynv9eqilv7x.js:0
[   41624ms] [LOG] Player X: 0.00 Y: 6.00 Z: 5.00 @ http://localhost:3000/_next/static/chunks/0-ynv9eqilv7x.js:0
[   41627ms] [LOG] Player X: 0.00 Y: 6.00 Z: 5.00 @ http://localhost:3000/_next/static/chunks/0-ynv9eqilv7x.js:0
[   41631ms] [LOG] Player X: 0.00 Y: 6.00 Z: 5.00 @ http://localhost:3000/_next/static/chunks/0-ynv9eqilv7x.js:0
[   41634ms] [LOG] Player X: 0.00 Y: 6.00 Z: 5.00 @ http://localhost:3000/_next/static/chunks/0-ynv9eqilv7x.js:0
[   41637ms] [LOG] Player X: 0.00 Y: 6.00 Z: 5.00 @ http://localhost:3000/_next/static/chunks/0-ynv9eqilv7x.js:0
[   41641ms] [LOG] Player X: 0.00 Y: 6.00 Z: 5.00 @ http://localhost:3000/_next/static/chunks/0-ynv9eqilv7x.js:0
[   41644ms] [LOG] Player X: 0.00 Y: 6.00 Z: 5.00 @ http://localhost:3000/_next/static/chunks/0-ynv9eqilv7x.js:0
[   41647ms] [LOG] Player X: 0.00 Y: 6.00 Z: 5.00 @ http://localhost:3000/_next/static/chunks/0-ynv9eqilv7x.js:0
[   41651ms] [LOG] Player X: 0.00 Y: 6.00 Z: 5.00 @ http://localhost:3000/_next/static/chunks/0-ynv9eqilv7x.js:0
[   41654ms] [LOG] Player X: 0.00 Y: 6.00 Z: 5.00 @ http://localhost:3000/_next/static/chunks/0-ynv9eqilv7x.js:0
[   41657ms] [LOG] Player X: 0.00 Y: 6.00 Z: 5.00 @ http://localhost:3000/_next/static/chunks/0-ynv9eqilv7x.js:0
[   41661ms] [LOG] Player X: 0.00 Y: 6.00 Z: 5.00 @ http://localhost:3000/_next/static/chunks/0-ynv9eqilv7x.js:0
[   41664ms] [LOG] Player X: 0.00 Y: 6.00 Z: 5.00 @ http://localhost:3000/_next/static/chunks/0-ynv9eqilv7x.js:0
[   41667ms] [LOG] Player X: 0.00 Y: 6.00 Z: 5.00 @ http://localhost:3000/_next/static/chunks/0-ynv9eqilv7x.js:0
[   41671ms] [LOG] Player X: 0.00 Y: 6.00 Z: 5.00 @ http://localhost:3000/_next/static/chunks/0-ynv9eqilv7x.js:0
[   41674ms] [LOG] Player X: 0.00 Y: 6.00 Z: 5.00 @ http://localhost:3000/_next/static/chunks/0-ynv9eqilv7x.js:0
[   41677ms] [LOG] Player X: 0.00 Y: 6.00 Z: 5.00 @ http://localhost:3000/_next/static/chunks/0-ynv9eqilv7x.js:0
[   41681ms] [LOG] Player X: 0.00 Y: 6.00 Z: 5.00 @ http://localhost:3000/_next/static/chunks/0-ynv9eqilv7x.js:0
[   41684ms] [LOG] Player X: 0.00 Y: 6.00 Z: 5.00 @ http://localhost:3000/_next/static/chunks/0-ynv9eqilv7x.js:0
[   41687ms] [LOG] Player X: 0.00 Y: 6.00 Z: 5.00 @ http://localhost:3000/_next/static/chunks/0-ynv9eqilv7x.js:0
[   41691ms] [LOG] Player X: 0.00 Y: 6.00 Z: 5.00 @ http://localhost:3000/_next/static/chunks/0-ynv9eqilv7x.js:0
[   41694ms] [LOG] Player X: 0.00 Y: 6.00 Z: 5.00 @ http://localhost:3000/_next/static/chunks/0-ynv9eqilv7x.js:0
[   41697ms] [LOG] Player X: 0.00 Y: 6.00 Z: 5.00 @ http://localhost:3000/_next/static/chunks/0-ynv9eqilv7x.js:0
[   41701ms] [LOG] Player X: 0.00 Y: 6.00 Z: 5.00 @ http://localhost:3000/_next/static/chunks/0-ynv9eqilv7x.js:0
[   41704ms] [LOG] Player X: 0.00 Y: 6.00 Z: 5.00 @ http://localhost:3000/_next/static/chunks/0-ynv9eqilv7x.js:0
[   41707ms] [LOG] Player X: 0.00 Y: 6.00 Z: 5.00 @ http://localhost:3000/_next/static/chunks/0-ynv9eqilv7x.js:0
[   41711ms] [LOG] Player X: 0.00 Y: 6.00 Z: 5.00 @ http://localhost:3000/_next/static/chunks/0-ynv9eqilv7x.js:0
[   41714ms] [LOG] Player X: 0.00 Y: 6.00 Z: 5.00 @ http://localhost:3000/_next/static/chunks/0-ynv9eqilv7x.js:0
[   41717ms] [LOG] Player X: 0.00 Y: 6.00 Z: 5.00 @ http://localhost:3000/_next/static/chunks/0-ynv9eqilv7x.js:0
[   41721ms] [LOG] Player X: 0.00 Y: 6.00 Z: 5.00 @ http://localhost:3000/_next/static/chunks/0-ynv9eqilv7x.js:0
[   41724ms] [LOG] Player X: 0.00 Y: 6.00 Z: 5.00 @ http://localhost:3000/_next/static/chunks/0-ynv9eqilv7x.js:0
[   41727ms] [LOG] Player X: 0.00 Y: 6.00 Z: 5.00 @ http://localhost:3000/_next/static/chunks/0-ynv9eqilv7x.js:0
[   41731ms] [LOG] Player X: 0.00 Y: 6.00 Z: 5.00 @ http://localhost:3000/_next/static/chunks/0-ynv9eqilv7x.js:0
[   41734ms] [LOG] Player X: 0.00 Y: 6.00 Z: 5.00 @ http://localhost:3000/_next/static/chunks/0-ynv9eqilv7x.js:0
[   41737ms] [LOG] Player X: 0.00 Y: 6.00 Z: 5.00 @ http://localhost:3000/_next/static/chunks/0-ynv9eqilv7x.js:0
[   41741ms] [LOG] Player X: 0.00 Y: 6.00 Z: 5.00 @ http://localhost:3000/_next/static/chunks/0-ynv9eqilv7x.js:0
[   41744ms] [LOG] Player X: 0.00 Y: 6.00 Z: 5.00 @ http://localhost:3000/_next/static/chunks/0-ynv9eqilv7x.js:0
[   41747ms] [LOG] Player X: 0.00 Y: 6.00 Z: 5.00 @ http://localhost:3000/_next/static/chunks/0-ynv9eqilv7x.js:0
[   41751ms] [LOG] Player X: 0.00 Y: 6.00 Z: 5.00 @ http://localhost:3000/_next/static/chunks/0-ynv9eqilv7x.js:0
[   41754ms] [LOG] Player X: 0.00 Y: 6.00 Z: 5.00 @ http://localhost:3000/_next/static/chunks/0-ynv9eqilv7x.js:0
[   41758ms] [LOG] Player X: 0.00 Y: 6.00 Z: 5.00 @ http://localhost:3000/_next/static/chunks/0-ynv9eqilv7x.js:0
[   41761ms] [LOG] Player X: 0.00 Y: 6.00 Z: 5.00 @ http://localhost:3000/_next/static/chunks/0-ynv9eqilv7x.js:0
[   41764ms] [LOG] Player X: 0.00 Y: 6.00 Z: 5.00 @ http://localhost:3000/_next/static/chunks/0-ynv9eqilv7x.js:0
[   41767ms] [LOG] Player X: 0.00 Y: 6.00 Z: 5.00 @ http://localhost:3000/_next/static/chunks/0-ynv9eqilv7x.js:0
[   41771ms] [LOG] Player X: 0.00 Y: 6.00 Z: 5.00 @ http://localhost:3000/_next/static/chunks/0-ynv9eqilv7x.js:0
[   41774ms] [LOG] Player X: 0.00 Y: 6.00 Z: 5.00 @ http://localhost:3000/_next/static/chunks/0-ynv9eqilv7x.js:0
[   41777ms] [LOG] Player X: 0.00 Y: 6.00 Z: 5.00 @ http://localhost:3000/_next/static/chunks/0-ynv9eqilv7x.js:0
[   41781ms] [LOG] Player X: 0.00 Y: 6.00 Z: 5.00 @ http://localhost:3000/_next/static/chunks/0-ynv9eqilv7x.js:0
[   41784ms] [LOG] Player X: 0.00 Y: 6.00 Z: 5.00 @ http://localhost:3000/_next/static/chunks/0-ynv9eqilv7x.js:0
[   41787ms] [LOG] Player X: 0.00 Y: 6.00 Z: 5.00 @ http://localhost:3000/_next/static/chunks/0-ynv9eqilv7x.js:0
[   41791ms] [LOG] Player X: 0.00 Y: 6.00 Z: 5.00 @ http://localhost:3000/_next/static/chunks/0-ynv9eqilv7x.js:0
[   41794ms] [LOG] Player X: 0.00 Y: 6.00 Z: 5.00 @ http://localhost:3000/_next/static/chunks/0-ynv9eqilv7x.js:0
[   41797ms] [LOG] Player X: 0.00 Y: 6.00 Z: 5.00 @ http://localhost:3000/_next/static/chunks/0-ynv9eqilv7x.js:0
[   41801ms] [LOG] Player X: 0.00 Y: 6.00 Z: 5.00 @ http://localhost:3000/_next/static/chunks/0-ynv9eqilv7x.js:0
[   41804ms] [LOG] Player X: 0.00 Y: 6.00 Z: 5.00 @ http://localhost:3000/_next/static/chunks/0-ynv9eqilv7x.js:0
[   41807ms] [LOG] Player X: 0.00 Y: 6.00 Z: 5.00 @ http://localhost:3000/_next/static/chunks/0-ynv9eqilv7x.js:0
[   41811ms] [LOG] Player X: 0.00 Y: 6.00 Z: 5.00 @ http://localhost:3000/_next/static/chunks/0-ynv9eqilv7x.js:0
[   41814ms] [LOG] Player X: 0.00 Y: 6.00 Z: 5.00 @ http://localhost:3000/_next/static/chunks/0-ynv9eqilv7x.js:0
[   41817ms] [LOG] Player X: 0.00 Y: 6.00 Z: 5.00 @ http://localhost:3000/_next/static/chunks/0-ynv9eqilv7x.js:0
[   41821ms] [LOG] Player X: 0.00 Y: 6.00 Z: 5.00 @ http://localhost:3000/_next/static/chunks/0-ynv9eqilv7x.js:0
[   41824ms] [LOG] Player X: 0.00 Y: 6.00 Z: 5.00 @ http://localhost:3000/_next/static/chunks/0-ynv9eqilv7x.js:0
[   41827ms] [LOG] Player X: 0.00 Y: 6.00 Z: 5.00 @ http://localhost:3000/_next/static/chunks/0-ynv9eqilv7x.js:0
[   41831ms] [LOG] Player X: 0.00 Y: 6.00 Z: 5.00 @ http://localhost:3000/_next/static/chunks/0-ynv9eqilv7x.js:0
[   41834ms] [LOG] Player X: 0.00 Y: 6.00 Z: 5.00 @ http://localhost:3000/_next/static/chunks/0-ynv9eqilv7x.js:0
[   41837ms] [LOG] Player X: 0.00 Y: 6.00 Z: 5.00 @ http://localhost:3000/_next/static/chunks/0-ynv9eqilv7x.js:0
[   41841ms] [LOG] Player X: 0.00 Y: 6.00 Z: 5.00 @ http://localhost:3000/_next/static/chunks/0-ynv9eqilv7x.js:0
[   41844ms] [LOG] Player X: 0.00 Y: 6.00 Z: 5.00 @ http://localhost:3000/_next/static/chunks/0-ynv9eqilv7x.js:0
[   41847ms] [LOG] Player X: 0.00 Y: 6.00 Z: 5.00 @ http://localhost:3000/_next/static/chunks/0-ynv9eqilv7x.js:0
[   41851ms] [LOG] Player X: 0.00 Y: 6.00 Z: 5.00 @ http://localhost:3000/_next/static/chunks/0-ynv9eqilv7x.js:0
[   41854ms] [LOG] Player X: 0.00 Y: 6.00 Z: 5.00 @ http://localhost:3000/_next/static/chunks/0-ynv9eqilv7x.js:0
[   41857ms] [LOG] Player X: 0.00 Y: 6.00 Z: 5.00 @ http://localhost:3000/_next/static/chunks/0-ynv9eqilv7x.js:0
[   41861ms] [LOG] Player X: 0.00 Y: 6.00 Z: 5.00 @ http://localhost:3000/_next/static/chunks/0-ynv9eqilv7x.js:0
[   41864ms] [LOG] Player X: 0.00 Y: 6.00 Z: 5.00 @ http://localhost:3000/_next/static/chunks/0-ynv9eqilv7x.js:0
[   41867ms] [LOG] Player X: 0.00 Y: 6.00 Z: 5.00 @ http://localhost:3000/_next/static/chunks/0-ynv9eqilv7x.js:0
[   41871ms] [LOG] Player X: 0.00 Y: 6.00 Z: 5.00 @ http://localhost:3000/_next/static/chunks/0-ynv9eqilv7x.js:0
[   41874ms] [LOG] Player X: 0.00 Y: 6.00 Z: 5.00 @ http://localhost:3000/_next/static/chunks/0-ynv9eqilv7x.js:0
[   41877ms] [LOG] Player X: 0.00 Y: 6.00 Z: 5.00 @ http://localhost:3000/_next/static/chunks/0-ynv9eqilv7x.js:0
[   41881ms] [LOG] Player X: 0.00 Y: 6.00 Z: 5.00 @ http://localhost:3000/_next/static/chunks/0-ynv9eqilv7x.js:0
[   41884ms] [LOG] Player X: 0.00 Y: 6.00 Z: 5.00 @ http://localhost:3000/_next/static/chunks/0-ynv9eqilv7x.js:0
[   41887ms] [LOG] Player X: 0.00 Y: 6.00 Z: 5.00 @ http://localhost:3000/_next/static/chunks/0-ynv9eqilv7x.js:0
[   41891ms] [LOG] Player X: 0.00 Y: 6.00 Z: 5.00 @ http://localhost:3000/_next/static/chunks/0-ynv9eqilv7x.js:0
[   41894ms] [LOG] Player X: 0.00 Y: 6.00 Z: 5.00 @ http://localhost:3000/_next/static/chunks/0-ynv9eqilv7x.js:0
[   41897ms] [LOG] Player X: 0.00 Y: 6.00 Z: 5.00 @ http://localhost:3000/_next/static/chunks/0-ynv9eqilv7x.js:0
[   41901ms] [LOG] Player X: 0.00 Y: 6.00 Z: 5.00 @ http://localhost:3000/_next/static/chunks/0-ynv9eqilv7x.js:0
[   41904ms] [LOG] Player X: 0.00 Y: 6.00 Z: 5.00 @ http://localhost:3000/_next/static/chunks/0-ynv9eqilv7x.js:0
[   41907ms] [LOG] Player X: 0.00 Y: 6.00 Z: 5.00 @ http://localhost:3000/_next/static/chunks/0-ynv9eqilv7x.js:0
[   41911ms] [LOG] Player X: 0.00 Y: 6.00 Z: 5.00 @ http://localhost:3000/_next/static/chunks/0-ynv9eqilv7x.js:0
[   41914ms] [LOG] Player X: 0.00 Y: 6.00 Z: 5.00 @ http://localhost:3000/_next/static/chunks/0-ynv9eqilv7x.js:0
[   41917ms] [LOG] Player X: 0.00 Y: 6.00 Z: 5.00 @ http://localhost:3000/_next/static/chunks/0-ynv9eqilv7x.js:0
[   41921ms] [LOG] Player X: 0.00 Y: 6.00 Z: 5.00 @ http://localhost:3000/_next/static/chunks/0-ynv9eqilv7x.js:0
[   41924ms] [LOG] Player X: 0.00 Y: 6.00 Z: 5.00 @ http://localhost:3000/_next/static/chunks/0-ynv9eqilv7x.js:0
[   41927ms] [LOG] Player X: 0.00 Y: 6.00 Z: 5.00 @ http://localhost:3000/_next/static/chunks/0-ynv9eqilv7x.js:0
[   41931ms] [LOG] Player X: 0.00 Y: 6.00 Z: 5.00 @ http://localhost:3000/_next/static/chunks/0-ynv9eqilv7x.js:0
[   41934ms] [LOG] Player X: 0.00 Y: 6.00 Z: 5.00 @ http://localhost:3000/_next/static/chunks/0-ynv9eqilv7x.js:0
[   41937ms] [LOG] Player X: 0.00 Y: 6.00 Z: 5.00 @ http://localhost:3000/_next/static/chunks/0-ynv9eqilv7x.js:0
[   41941ms] [LOG] Player X: 0.00 Y: 6.00 Z: 5.00 @ http://localhost:3000/_next/static/chunks/0-ynv9eqilv7x.js:0
[   41944ms] [LOG] Player X: 0.00 Y: 6.00 Z: 5.00 @ http://localhost:3000/_next/static/chunks/0-ynv9eqilv7x.js:0
[   41947ms] [LOG] Player X: 0.00 Y: 6.00 Z: 5.00 @ http://localhost:3000/_next/static/chunks/0-ynv9eqilv7x.js:0
[   41952ms] [LOG] Player X: 0.00 Y: 6.00 Z: 5.00 @ http://localhost:3000/_next/static/chunks/0-ynv9eqilv7x.js:0
[   41957ms] [LOG] Player X: 0.00 Y: 6.00 Z: 5.00 @ http://localhost:3000/_next/static/chunks/0-ynv9eqilv7x.js:0
[   41959ms] [LOG] Player X: 0.00 Y: 6.00 Z: 5.00 @ http://localhost:3000/_next/static/chunks/0-ynv9eqilv7x.js:0
[   41961ms] [LOG] Player X: 0.00 Y: 6.00 Z: 5.00 @ http://localhost:3000/_next/static/chunks/0-ynv9eqilv7x.js:0
[   41964ms] [LOG] Player X: 0.00 Y: 6.00 Z: 5.00 @ http://localhost:3000/_next/static/chunks/0-ynv9eqilv7x.js:0
[   41967ms] [LOG] Player X: 0.00 Y: 6.00 Z: 5.00 @ http://localhost:3000/_next/static/chunks/0-ynv9eqilv7x.js:0
[   41971ms] [LOG] Player X: 0.00 Y: 6.00 Z: 5.00 @ http://localhost:3000/_next/static/chunks/0-ynv9eqilv7x.js:0
[   41974ms] [LOG] Player X: 0.00 Y: 6.00 Z: 5.00 @ http://localhost:3000/_next/static/chunks/0-ynv9eqilv7x.js:0
[   41977ms] [LOG] Player X: 0.00 Y: 6.00 Z: 5.00 @ http://localhost:3000/_next/static/chunks/0-ynv9eqilv7x.js:0
[   41981ms] [LOG] Player X: 0.00 Y: 6.00 Z: 5.00 @ http://localhost:3000/_next/static/chunks/0-ynv9eqilv7x.js:0
[   41984ms] [LOG] Player X: 0.00 Y: 6.00 Z: 5.00 @ http://localhost:3000/_next/static/chunks/0-ynv9eqilv7x.js:0
[   41987ms] [LOG] Player X: 0.00 Y: 6.00 Z: 5.00 @ http://localhost:3000/_next/static/chunks/0-ynv9eqilv7x.js:0
[   41991ms] [LOG] Player X: 0.00 Y: 6.00 Z: 5.00 @ http://localhost:3000/_next/static/chunks/0-ynv9eqilv7x.js:0
[   41994ms] [LOG] Player X: 0.00 Y: 6.00 Z: 5.00 @ http://localhost:3000/_next/static/chunks/0-ynv9eqilv7x.js:0
[   41997ms] [LOG] Player X: 0.00 Y: 6.00 Z: 5.00 @ http://localhost:3000/_next/static/chunks/0-ynv9eqilv7x.js:0
[   42001ms] [LOG] Player X: 0.00 Y: 6.00 Z: 5.00 @ http://localhost:3000/_next/static/chunks/0-ynv9eqilv7x.js:0
[   42004ms] [LOG] Player X: 0.00 Y: 6.00 Z: 5.00 @ http://localhost:3000/_next/static/chunks/0-ynv9eqilv7x.js:0
[   42007ms] [LOG] Player X: 0.00 Y: 6.00 Z: 5.00 @ http://localhost:3000/_next/static/chunks/0-ynv9eqilv7x.js:0
[   42011ms] [LOG] Player X: 0.00 Y: 6.00 Z: 5.00 @ http://localhost:3000/_next/static/chunks/0-ynv9eqilv7x.js:0
[   42014ms] [LOG] Player X: 0.00 Y: 6.00 Z: 5.00 @ http://localhost:3000/_next/static/chunks/0-ynv9eqilv7x.js:0
[   42017ms] [LOG] Player X: 0.00 Y: 6.00 Z: 5.00 @ http://localhost:3000/_next/static/chunks/0-ynv9eqilv7x.js:0
[   42021ms] [LOG] Player X: 0.00 Y: 6.00 Z: 5.00 @ http://localhost:3000/_next/static/chunks/0-ynv9eqilv7x.js:0
[   42024ms] [LOG] Player X: 0.00 Y: 6.00 Z: 5.00 @ http://localhost:3000/_next/static/chunks/0-ynv9eqilv7x.js:0
[   42027ms] [LOG] Player X: 0.00 Y: 6.00 Z: 5.00 @ http://localhost:3000/_next/static/chunks/0-ynv9eqilv7x.js:0
[   42031ms] [LOG] Player X: 0.00 Y: 6.00 Z: 5.00 @ http://localhost:3000/_next/static/chunks/0-ynv9eqilv7x.js:0
[   42034ms] [LOG] Player X: 0.00 Y: 6.00 Z: 5.00 @ http://localhost:3000/_next/static/chunks/0-ynv9eqilv7x.js:0
[   42037ms] [LOG] Player X: 0.00 Y: 6.00 Z: 5.00 @ http://localhost:3000/_next/static/chunks/0-ynv9eqilv7x.js:0
[   42041ms] [LOG] Player X: 0.00 Y: 6.00 Z: 5.00 @ http://localhost:3000/_next/static/chunks/0-ynv9eqilv7x.js:0
[   42044ms] [LOG] Player X: 0.00 Y: 6.00 Z: 5.00 @ http://localhost:3000/_next/static/chunks/0-ynv9eqilv7x.js:0
[   42047ms] [LOG] Player X: 0.00 Y: 6.00 Z: 5.00 @ http://localhost:3000/_next/static/chunks/0-ynv9eqilv7x.js:0
[   42051ms] [LOG] Player X: 0.00 Y: 6.00 Z: 5.00 @ http://localhost:3000/_next/static/chunks/0-ynv9eqilv7x.js:0
[   42054ms] [LOG] Player X: 0.00 Y: 6.00 Z: 5.00 @ http://localhost:3000/_next/static/chunks/0-ynv9eqilv7x.js:0
[   42057ms] [LOG] Player X: 0.00 Y: 6.00 Z: 5.00 @ http://localhost:3000/_next/static/chunks/0-ynv9eqilv7x.js:0
[   42061ms] [LOG] Player X: 0.00 Y: 6.00 Z: 5.00 @ http://localhost:3000/_next/static/chunks/0-ynv9eqilv7x.js:0
[   42064ms] [LOG] Player X: 0.00 Y: 6.00 Z: 5.00 @ http://localhost:3000/_next/static/chunks/0-ynv9eqilv7x.js:0
[   42067ms] [LOG] Player X: 0.00 Y: 6.00 Z: 5.00 @ http://localhost:3000/_next/static/chunks/0-ynv9eqilv7x.js:0
[   42071ms] [LOG] Player X: 0.00 Y: 6.00 Z: 5.00 @ http://localhost:3000/_next/static/chunks/0-ynv9eqilv7x.js:0
[   42074ms] [LOG] Player X: 0.00 Y: 6.00 Z: 5.00 @ http://localhost:3000/_next/static/chunks/0-ynv9eqilv7x.js:0
[   42077ms] [LOG] Player X: 0.00 Y: 6.00 Z: 5.00 @ http://localhost:3000/_next/static/chunks/0-ynv9eqilv7x.js:0
[   42081ms] [LOG] Player X: 0.00 Y: 6.00 Z: 5.00 @ http://localhost:3000/_next/static/chunks/0-ynv9eqilv7x.js:0
[   42084ms] [LOG] Player X: 0.00 Y: 6.00 Z: 5.00 @ http://localhost:3000/_next/static/chunks/0-ynv9eqilv7x.js:0
[   42087ms] [LOG] Player X: 0.00 Y: 6.00 Z: 5.00 @ http://localhost:3000/_next/static/chunks/0-ynv9eqilv7x.js:0
[   42091ms] [LOG] Player X: 0.00 Y: 6.00 Z: 5.00 @ http://localhost:3000/_next/static/chunks/0-ynv9eqilv7x.js:0
[   42094ms] [LOG] Player X: 0.00 Y: 6.00 Z: 5.00 @ http://localhost:3000/_next/static/chunks/0-ynv9eqilv7x.js:0
[   42097ms] [LOG] Player X: 0.00 Y: 6.00 Z: 5.00 @ http://localhost:3000/_next/static/chunks/0-ynv9eqilv7x.js:0
[   42101ms] [LOG] Player X: 0.00 Y: 6.00 Z: 5.00 @ http://localhost:3000/_next/static/chunks/0-ynv9eqilv7x.js:0
[   42104ms] [LOG] Player X: 0.00 Y: 6.00 Z: 5.00 @ http://localhost:3000/_next/static/chunks/0-ynv9eqilv7x.js:0
[   42107ms] [LOG] Player X: 0.00 Y: 6.00 Z: 5.00 @ http://localhost:3000/_next/static/chunks/0-ynv9eqilv7x.js:0
[   42111ms] [LOG] Player X: 0.00 Y: 6.00 Z: 5.00 @ http://localhost:3000/_next/static/chunks/0-ynv9eqilv7x.js:0
[   42114ms] [LOG] Player X: 0.00 Y: 6.00 Z: 5.00 @ http://localhost:3000/_next/static/chunks/0-ynv9eqilv7x.js:0
[   42117ms] [LOG] Player X: 0.00 Y: 6.00 Z: 5.00 @ http://localhost:3000/_next/static/chunks/0-ynv9eqilv7x.js:0
[   42121ms] [LOG] Player X: 0.00 Y: 6.00 Z: 5.00 @ http://localhost:3000/_next/static/chunks/0-ynv9eqilv7x.js:0
[   42124ms] [LOG] Player X: 0.00 Y: 6.00 Z: 5.00 @ http://localhost:3000/_next/static/chunks/0-ynv9eqilv7x.js:0
[   42127ms] [LOG] Player X: 0.00 Y: 6.00 Z: 5.00 @ http://localhost:3000/_next/static/chunks/0-ynv9eqilv7x.js:0
[   42131ms] [LOG] Player X: 0.00 Y: 6.00 Z: 5.00 @ http://localhost:3000/_next/static/chunks/0-ynv9eqilv7x.js:0
[   42134ms] [LOG] Player X: 0.00 Y: 6.00 Z: 5.00 @ http://localhost:3000/_next/static/chunks/0-ynv9eqilv7x.js:0
[   42137ms] [LOG] Player X: 0.00 Y: 6.00 Z: 5.00 @ http://localhost:3000/_next/static/chunks/0-ynv9eqilv7x.js:0
[   42141ms] [LOG] Player X: 0.00 Y: 6.00 Z: 5.00 @ http://localhost:3000/_next/static/chunks/0-ynv9eqilv7x.js:0
[   42144ms] [LOG] Player X: 0.00 Y: 6.00 Z: 5.00 @ http://localhost:3000/_next/static/chunks/0-ynv9eqilv7x.js:0
[   42147ms] [LOG] Player X: 0.00 Y: 6.00 Z: 5.00 @ http://localhost:3000/_next/static/chunks/0-ynv9eqilv7x.js:0
[   42151ms] [LOG] Player X: 0.00 Y: 6.00 Z: 5.00 @ http://localhost:3000/_next/static/chunks/0-ynv9eqilv7x.js:0
[   42154ms] [LOG] Player X: 0.00 Y: 6.00 Z: 5.00 @ http://localhost:3000/_next/static/chunks/0-ynv9eqilv7x.js:0
[   42157ms] [LOG] Player X: 0.00 Y: 6.00 Z: 5.00 @ http://localhost:3000/_next/static/chunks/0-ynv9eqilv7x.js:0
[   42161ms] [LOG] Player X: 0.00 Y: 6.00 Z: 5.00 @ http://localhost:3000/_next/static/chunks/0-ynv9eqilv7x.js:0
[   42164ms] [LOG] Player X: 0.00 Y: 6.00 Z: 5.00 @ http://localhost:3000/_next/static/chunks/0-ynv9eqilv7x.js:0
[   42167ms] [LOG] Player X: 0.00 Y: 6.00 Z: 5.00 @ http://localhost:3000/_next/static/chunks/0-ynv9eqilv7x.js:0
[   42171ms] [LOG] Player X: 0.00 Y: 6.00 Z: 5.00 @ http://localhost:3000/_next/static/chunks/0-ynv9eqilv7x.js:0
[   42174ms] [LOG] Player X: 0.00 Y: 6.00 Z: 5.00 @ http://localhost:3000/_next/static/chunks/0-ynv9eqilv7x.js:0
[   42177ms] [LOG] Player X: 0.00 Y: 6.00 Z: 5.00 @ http://localhost:3000/_next/static/chunks/0-ynv9eqilv7x.js:0
[   42181ms] [LOG] Player X: 0.00 Y: 6.00 Z: 5.00 @ http://localhost:3000/_next/static/chunks/0-ynv9eqilv7x.js:0
[   42184ms] [LOG] Player X: 0.00 Y: 6.00 Z: 5.00 @ http://localhost:3000/_next/static/chunks/0-ynv9eqilv7x.js:0
[   42187ms] [LOG] Player X: 0.00 Y: 6.00 Z: 5.00 @ http://localhost:3000/_next/static/chunks/0-ynv9eqilv7x.js:0
[   42191ms] [LOG] Player X: 0.00 Y: 6.00 Z: 5.00 @ http://localhost:3000/_next/static/chunks/0-ynv9eqilv7x.js:0
[   42194ms] [LOG] Player X: 0.00 Y: 6.00 Z: 5.00 @ http://localhost:3000/_next/static/chunks/0-ynv9eqilv7x.js:0
[   42197ms] [LOG] Player X: 0.00 Y: 6.00 Z: 5.00 @ http://localhost:3000/_next/static/chunks/0-ynv9eqilv7x.js:0
[   42201ms] [LOG] Player X: 0.00 Y: 6.00 Z: 5.00 @ http://localhost:3000/_next/static/chunks/0-ynv9eqilv7x.js:0
[   42204ms] [LOG] Player X: 0.00 Y: 6.00 Z: 5.00 @ http://localhost:3000/_next/static/chunks/0-ynv9eqilv7x.js:0
[   42207ms] [LOG] Player X: 0.00 Y: 6.00 Z: 5.00 @ http://localhost:3000/_next/static/chunks/0-ynv9eqilv7x.js:0
[   42211ms] [LOG] Player X: 0.00 Y: 6.00 Z: 5.00 @ http://localhost:3000/_next/static/chunks/0-ynv9eqilv7x.js:0
[   42214ms] [LOG] Player X: 0.00 Y: 6.00 Z: 5.00 @ http://localhost:3000/_next/static/chunks/0-ynv9eqilv7x.js:0
[   42217ms] [LOG] Player X: 0.00 Y: 6.00 Z: 5.00 @ http://localhost:3000/_next/static/chunks/0-ynv9eqilv7x.js:0
[   42221ms] [LOG] Player X: 0.00 Y: 6.00 Z: 5.00 @ http://localhost:3000/_next/static/chunks/0-ynv9eqilv7x.js:0
[   42224ms] [LOG] Player X: 0.00 Y: 6.00 Z: 5.00 @ http://localhost:3000/_next/static/chunks/0-ynv9eqilv7x.js:0
[   42227ms] [LOG] Player X: 0.00 Y: 6.00 Z: 5.00 @ http://localhost:3000/_next/static/chunks/0-ynv9eqilv7x.js:0
[   42231ms] [LOG] Player X: 0.00 Y: 6.00 Z: 5.00 @ http://localhost:3000/_next/static/chunks/0-ynv9eqilv7x.js:0
[   42234ms] [LOG] Player X: 0.00 Y: 6.00 Z: 5.00 @ http://localhost:3000/_next/static/chunks/0-ynv9eqilv7x.js:0
[   42237ms] [LOG] Player X: 0.00 Y: 6.00 Z: 5.00 @ http://localhost:3000/_next/static/chunks/0-ynv9eqilv7x.js:0
[   42241ms] [LOG] Player X: 0.00 Y: 6.00 Z: 5.00 @ http://localhost:3000/_next/static/chunks/0-ynv9eqilv7x.js:0
[   42244ms] [LOG] Player X: 0.00 Y: 6.00 Z: 5.00 @ http://localhost:3000/_next/static/chunks/0-ynv9eqilv7x.js:0
[   42247ms] [LOG] Player X: 0.00 Y: 6.00 Z: 5.00 @ http://localhost:3000/_next/static/chunks/0-ynv9eqilv7x.js:0
[   42251ms] [LOG] Player X: 0.00 Y: 6.00 Z: 5.00 @ http://localhost:3000/_next/static/chunks/0-ynv9eqilv7x.js:0
[   42254ms] [LOG] Player X: 0.00 Y: 6.00 Z: 5.00 @ http://localhost:3000/_next/static/chunks/0-ynv9eqilv7x.js:0
[   42257ms] [LOG] Player X: 0.00 Y: 6.00 Z: 5.00 @ http://localhost:3000/_next/static/chunks/0-ynv9eqilv7x.js:0
[   42261ms] [LOG] Player X: 0.00 Y: 6.00 Z: 5.00 @ http://localhost:3000/_next/static/chunks/0-ynv9eqilv7x.js:0
[   42264ms] [LOG] Player X: 0.00 Y: 6.00 Z: 5.00 @ http://localhost:3000/_next/static/chunks/0-ynv9eqilv7x.js:0
[   42267ms] [LOG] Player X: 0.00 Y: 6.00 Z: 5.00 @ http://localhost:3000/_next/static/chunks/0-ynv9eqilv7x.js:0
[   42271ms] [LOG] Player X: 0.00 Y: 6.00 Z: 5.00 @ http://localhost:3000/_next/static/chunks/0-ynv9eqilv7x.js:0
[   42274ms] [LOG] Player X: 0.00 Y: 6.00 Z: 5.00 @ http://localhost:3000/_next/static/chunks/0-ynv9eqilv7x.js:0
[   42277ms] [LOG] Player X: 0.00 Y: 6.00 Z: 5.00 @ http://localhost:3000/_next/static/chunks/0-ynv9eqilv7x.js:0
[   42281ms] [LOG] Player X: 0.00 Y: 6.00 Z: 5.00 @ http://localhost:3000/_next/static/chunks/0-ynv9eqilv7x.js:0
[   42284ms] [LOG] Player X: 0.00 Y: 6.00 Z: 5.00 @ http://localhost:3000/_next/static/chunks/0-ynv9eqilv7x.js:0
[   42287ms] [LOG] Player X: 0.00 Y: 6.00 Z: 5.00 @ http://localhost:3000/_next/static/chunks/0-ynv9eqilv7x.js:0
[   42291ms] [LOG] Player X: 0.00 Y: 6.00 Z: 5.00 @ http://localhost:3000/_next/static/chunks/0-ynv9eqilv7x.js:0
[   42294ms] [LOG] Player X: 0.00 Y: 6.00 Z: 5.00 @ http://localhost:3000/_next/static/chunks/0-ynv9eqilv7x.js:0
[   42297ms] [LOG] Player X: 0.00 Y: 6.00 Z: 5.00 @ http://localhost:3000/_next/static/chunks/0-ynv9eqilv7x.js:0
[   42301ms] [LOG] Player X: 0.00 Y: 6.00 Z: 5.00 @ http://localhost:3000/_next/static/chunks/0-ynv9eqilv7x.js:0
[   42304ms] [LOG] Player X: 0.00 Y: 6.00 Z: 5.00 @ http://localhost:3000/_next/static/chunks/0-ynv9eqilv7x.js:0
[   42307ms] [LOG] Player X: 0.00 Y: 6.00 Z: 5.00 @ http://localhost:3000/_next/static/chunks/0-ynv9eqilv7x.js:0
[   42311ms] [LOG] Player X: 0.00 Y: 6.00 Z: 5.00 @ http://localhost:3000/_next/static/chunks/0-ynv9eqilv7x.js:0
[   42314ms] [LOG] Player X: 0.00 Y: 6.00 Z: 5.00 @ http://localhost:3000/_next/static/chunks/0-ynv9eqilv7x.js:0
[   42317ms] [LOG] Player X: 0.00 Y: 6.00 Z: 5.00 @ http://localhost:3000/_next/static/chunks/0-ynv9eqilv7x.js:0
[   42321ms] [LOG] Player X: 0.00 Y: 6.00 Z: 5.00 @ http://localhost:3000/_next/static/chunks/0-ynv9eqilv7x.js:0
[   42324ms] [LOG] Player X: 0.00 Y: 6.00 Z: 5.00 @ http://localhost:3000/_next/static/chunks/0-ynv9eqilv7x.js:0
[   42327ms] [LOG] Player X: 0.00 Y: 6.00 Z: 5.00 @ http://localhost:3000/_next/static/chunks/0-ynv9eqilv7x.js:0
[   42331ms] [LOG] Player X: 0.00 Y: 6.00 Z: 5.00 @ http://localhost:3000/_next/static/chunks/0-ynv9eqilv7x.js:0
[   42334ms] [LOG] Player X: 0.00 Y: 6.00 Z: 5.00 @ http://localhost:3000/_next/static/chunks/0-ynv9eqilv7x.js:0
[   42337ms] [LOG] Player X: 0.00 Y: 6.00 Z: 5.00 @ http://localhost:3000/_next/static/chunks/0-ynv9eqilv7x.js:0
[   42341ms] [LOG] Player X: 0.00 Y: 6.00 Z: 5.00 @ http://localhost:3000/_next/static/chunks/0-ynv9eqilv7x.js:0
[   42344ms] [LOG] Player X: 0.00 Y: 6.00 Z: 5.00 @ http://localhost:3000/_next/static/chunks/0-ynv9eqilv7x.js:0
[   42347ms] [LOG] Player X: 0.00 Y: 6.00 Z: 5.00 @ http://localhost:3000/_next/static/chunks/0-ynv9eqilv7x.js:0
[   42351ms] [LOG] Player X: 0.00 Y: 6.00 Z: 5.00 @ http://localhost:3000/_next/static/chunks/0-ynv9eqilv7x.js:0
[   42354ms] [LOG] Player X: 0.00 Y: 6.00 Z: 5.00 @ http://localhost:3000/_next/static/chunks/0-ynv9eqilv7x.js:0
[   42357ms] [LOG] Player X: 0.00 Y: 6.00 Z: 5.00 @ http://localhost:3000/_next/static/chunks/0-ynv9eqilv7x.js:0
[   42361ms] [LOG] Player X: 0.00 Y: 6.00 Z: 5.00 @ http://localhost:3000/_next/static/chunks/0-ynv9eqilv7x.js:0
[   42364ms] [LOG] Player X: 0.00 Y: 6.00 Z: 5.00 @ http://localhost:3000/_next/static/chunks/0-ynv9eqilv7x.js:0
[   42367ms] [LOG] Player X: 0.00 Y: 6.00 Z: 5.00 @ http://localhost:3000/_next/static/chunks/0-ynv9eqilv7x.js:0
[   42371ms] [LOG] Player X: 0.00 Y: 6.00 Z: 5.00 @ http://localhost:3000/_next/static/chunks/0-ynv9eqilv7x.js:0
[   42374ms] [LOG] Player X: 0.00 Y: 6.00 Z: 5.00 @ http://localhost:3000/_next/static/chunks/0-ynv9eqilv7x.js:0
[   42377ms] [LOG] Player X: 0.00 Y: 6.00 Z: 5.00 @ http://localhost:3000/_next/static/chunks/0-ynv9eqilv7x.js:0
[   42381ms] [LOG] Player X: 0.00 Y: 6.00 Z: 5.00 @ http://localhost:3000/_next/static/chunks/0-ynv9eqilv7x.js:0
[   42384ms] [LOG] Player X: 0.00 Y: 6.00 Z: 5.00 @ http://localhost:3000/_next/static/chunks/0-ynv9eqilv7x.js:0
[   42387ms] [LOG] Player X: 0.00 Y: 6.00 Z: 5.00 @ http://localhost:3000/_next/static/chunks/0-ynv9eqilv7x.js:0
[   42391ms] [LOG] Player X: 0.00 Y: 6.00 Z: 5.00 @ http://localhost:3000/_next/static/chunks/0-ynv9eqilv7x.js:0
[   42394ms] [LOG] Player X: 0.00 Y: 6.00 Z: 5.00 @ http://localhost:3000/_next/static/chunks/0-ynv9eqilv7x.js:0
[   42397ms] [LOG] Player X: 0.00 Y: 6.00 Z: 5.00 @ http://localhost:3000/_next/static/chunks/0-ynv9eqilv7x.js:0
[   42401ms] [LOG] Player X: 0.00 Y: 6.00 Z: 5.00 @ http://localhost:3000/_next/static/chunks/0-ynv9eqilv7x.js:0
[   42404ms] [LOG] Player X: 0.00 Y: 6.00 Z: 5.00 @ http://localhost:3000/_next/static/chunks/0-ynv9eqilv7x.js:0
[   42407ms] [LOG] Player X: 0.00 Y: 6.00 Z: 5.00 @ http://localhost:3000/_next/static/chunks/0-ynv9eqilv7x.js:0
[   42411ms] [LOG] Player X: 0.00 Y: 6.00 Z: 5.00 @ http://localhost:3000/_next/static/chunks/0-ynv9eqilv7x.js:0
[   42414ms] [LOG] Player X: 0.00 Y: 6.00 Z: 5.00 @ http://localhost:3000/_next/static/chunks/0-ynv9eqilv7x.js:0
[   42417ms] [LOG] Player X: 0.00 Y: 6.00 Z: 5.00 @ http://localhost:3000/_next/static/chunks/0-ynv9eqilv7x.js:0
[   42421ms] [LOG] Player X: 0.00 Y: 6.00 Z: 5.00 @ http://localhost:3000/_next/static/chunks/0-ynv9eqilv7x.js:0
[   42424ms] [LOG] Player X: 0.00 Y: 6.00 Z: 5.00 @ http://localhost:3000/_next/static/chunks/0-ynv9eqilv7x.js:0
[   42427ms] [LOG] Player X: 0.00 Y: 6.00 Z: 5.00 @ http://localhost:3000/_next/static/chunks/0-ynv9eqilv7x.js:0
[   42431ms] [LOG] Player X: 0.00 Y: 6.00 Z: 5.00 @ http://localhost:3000/_next/static/chunks/0-ynv9eqilv7x.js:0
[   42434ms] [LOG] Player X: 0.00 Y: 6.00 Z: 5.00 @ http://localhost:3000/_next/static/chunks/0-ynv9eqilv7x.js:0
[   42437ms] [LOG] Player X: 0.00 Y: 6.00 Z: 5.00 @ http://localhost:3000/_next/static/chunks/0-ynv9eqilv7x.js:0
[   42441ms] [LOG] Player X: 0.00 Y: 6.00 Z: 5.00 @ http://localhost:3000/_next/static/chunks/0-ynv9eqilv7x.js:0
[   42444ms] [LOG] Player X: 0.00 Y: 6.00 Z: 5.00 @ http://localhost:3000/_next/static/chunks/0-ynv9eqilv7x.js:0
[   42447ms] [LOG] Player X: 0.00 Y: 6.00 Z: 5.00 @ http://localhost:3000/_next/static/chunks/0-ynv9eqilv7x.js:0
[   42451ms] [LOG] Player X: 0.00 Y: 6.00 Z: 5.00 @ http://localhost:3000/_next/static/chunks/0-ynv9eqilv7x.js:0
[   42454ms] [LOG] Player X: 0.00 Y: 6.00 Z: 5.00 @ http://localhost:3000/_next/static/chunks/0-ynv9eqilv7x.js:0
[   42457ms] [LOG] Player X: 0.00 Y: 6.00 Z: 5.00 @ http://localhost:3000/_next/static/chunks/0-ynv9eqilv7x.js:0
[   42461ms] [LOG] Player X: 0.00 Y: 6.00 Z: 5.00 @ http://localhost:3000/_next/static/chunks/0-ynv9eqilv7x.js:0
[   42464ms] [LOG] Player X: 0.00 Y: 6.00 Z: 5.00 @ http://localhost:3000/_next/static/chunks/0-ynv9eqilv7x.js:0
[   42467ms] [LOG] Player X: 0.00 Y: 6.00 Z: 5.00 @ http://localhost:3000/_next/static/chunks/0-ynv9eqilv7x.js:0
[   42471ms] [LOG] Player X: 0.00 Y: 6.00 Z: 5.00 @ http://localhost:3000/_next/static/chunks/0-ynv9eqilv7x.js:0
[   42474ms] [LOG] Player X: 0.00 Y: 6.00 Z: 5.00 @ http://localhost:3000/_next/static/chunks/0-ynv9eqilv7x.js:0
[   42477ms] [LOG] Player X: 0.00 Y: 6.00 Z: 5.00 @ http://localhost:3000/_next/static/chunks/0-ynv9eqilv7x.js:0
[   42481ms] [LOG] Player X: 0.00 Y: 6.00 Z: 5.00 @ http://localhost:3000/_next/static/chunks/0-ynv9eqilv7x.js:0
[   42484ms] [LOG] Player X: 0.00 Y: 6.00 Z: 5.00 @ http://localhost:3000/_next/static/chunks/0-ynv9eqilv7x.js:0
[   42487ms] [LOG] Player X: 0.00 Y: 6.00 Z: 5.00 @ http://localhost:3000/_next/static/chunks/0-ynv9eqilv7x.js:0
[   42491ms] [LOG] Player X: 0.00 Y: 6.00 Z: 5.00 @ http://localhost:3000/_next/static/chunks/0-ynv9eqilv7x.js:0
[   42494ms] [LOG] Player X: 0.00 Y: 6.00 Z: 5.00 @ http://localhost:3000/_next/static/chunks/0-ynv9eqilv7x.js:0
[   42497ms] [LOG] Player X: 0.00 Y: 6.00 Z: 5.00 @ http://localhost:3000/_next/static/chunks/0-ynv9eqilv7x.js:0
[   42501ms] [LOG] Player X: 0.00 Y: 6.00 Z: 5.00 @ http://localhost:3000/_next/static/chunks/0-ynv9eqilv7x.js:0
[   42504ms] [LOG] Player X: 0.00 Y: 6.00 Z: 5.00 @ http://localhost:3000/_next/static/chunks/0-ynv9eqilv7x.js:0
[   42507ms] [LOG] Player X: 0.00 Y: 6.00 Z: 5.00 @ http://localhost:3000/_next/static/chunks/0-ynv9eqilv7x.js:0
[   42511ms] [LOG] Player X: 0.00 Y: 6.00 Z: 5.00 @ http://localhost:3000/_next/static/chunks/0-ynv9eqilv7x.js:0
[   42514ms] [LOG] Player X: 0.00 Y: 6.00 Z: 5.00 @ http://localhost:3000/_next/static/chunks/0-ynv9eqilv7x.js:0
[   42517ms] [LOG] Player X: 0.00 Y: 6.00 Z: 5.00 @ http://localhost:3000/_next/static/chunks/0-ynv9eqilv7x.js:0
[   42521ms] [LOG] Player X: 0.00 Y: 6.00 Z: 5.00 @ http://localhost:3000/_next/static/chunks/0-ynv9eqilv7x.js:0
[   42524ms] [LOG] Player X: 0.00 Y: 6.00 Z: 5.00 @ http://localhost:3000/_next/static/chunks/0-ynv9eqilv7x.js:0
[   42527ms] [LOG] Player X: 0.00 Y: 6.00 Z: 5.00 @ http://localhost:3000/_next/static/chunks/0-ynv9eqilv7x.js:0
[   42531ms] [LOG] Player X: 0.00 Y: 6.00 Z: 5.00 @ http://localhost:3000/_next/static/chunks/0-ynv9eqilv7x.js:0
[   42534ms] [LOG] Player X: 0.00 Y: 6.00 Z: 5.00 @ http://localhost:3000/_next/static/chunks/0-ynv9eqilv7x.js:0
[   42537ms] [LOG] Player X: 0.00 Y: 6.00 Z: 5.00 @ http://localhost:3000/_next/static/chunks/0-ynv9eqilv7x.js:0
[   42541ms] [LOG] Player X: 0.00 Y: 6.00 Z: 5.00 @ http://localhost:3000/_next/static/chunks/0-ynv9eqilv7x.js:0
[   42544ms] [LOG] Player X: 0.00 Y: 6.00 Z: 5.00 @ http://localhost:3000/_next/static/chunks/0-ynv9eqilv7x.js:0
[   42547ms] [LOG] Player X: 0.00 Y: 6.00 Z: 5.00 @ http://localhost:3000/_next/static/chunks/0-ynv9eqilv7x.js:0
[   42551ms] [LOG] Player X: 0.00 Y: 6.00 Z: 5.00 @ http://localhost:3000/_next/static/chunks/0-ynv9eqilv7x.js:0
[   42554ms] [LOG] Player X: 0.00 Y: 6.00 Z: 5.00 @ http://localhost:3000/_next/static/chunks/0-ynv9eqilv7x.js:0
[   42557ms] [LOG] Player X: 0.00 Y: 6.00 Z: 5.00 @ http://localhost:3000/_next/static/chunks/0-ynv9eqilv7x.js:0
[   42561ms] [LOG] Player X: 0.00 Y: 6.00 Z: 5.00 @ http://localhost:3000/_next/static/chunks/0-ynv9eqilv7x.js:0
[   42564ms] [LOG] Player X: 0.00 Y: 6.00 Z: 5.00 @ http://localhost:3000/_next/static/chunks/0-ynv9eqilv7x.js:0
[   42567ms] [LOG] Player X: 0.00 Y: 6.00 Z: 5.00 @ http://localhost:3000/_next/static/chunks/0-ynv9eqilv7x.js:0
[   42571ms] [LOG] Player X: 0.00 Y: 6.00 Z: 5.00 @ http://localhost:3000/_next/static/chunks/0-ynv9eqilv7x.js:0
[   42574ms] [LOG] Player X: 0.00 Y: 6.00 Z: 5.00 @ http://localhost:3000/_next/static/chunks/0-ynv9eqilv7x.js:0
[   42577ms] [LOG] Player X: 0.00 Y: 6.00 Z: 5.00 @ http://localhost:3000/_next/static/chunks/0-ynv9eqilv7x.js:0
[   42581ms] [LOG] Player X: 0.00 Y: 6.00 Z: 5.00 @ http://localhost:3000/_next/static/chunks/0-ynv9eqilv7x.js:0
[   42584ms] [LOG] Player X: 0.00 Y: 6.00 Z: 5.00 @ http://localhost:3000/_next/static/chunks/0-ynv9eqilv7x.js:0
[   42587ms] [LOG] Player X: 0.00 Y: 6.00 Z: 5.00 @ http://localhost:3000/_next/static/chunks/0-ynv9eqilv7x.js:0
[   42591ms] [LOG] Player X: 0.00 Y: 6.00 Z: 5.00 @ http://localhost:3000/_next/static/chunks/0-ynv9eqilv7x.js:0
[   42594ms] [LOG] Player X: 0.00 Y: 6.00 Z: 5.00 @ http://localhost:3000/_next/static/chunks/0-ynv9eqilv7x.js:0
[   42597ms] [LOG] Player X: 0.00 Y: 6.00 Z: 5.00 @ http://localhost:3000/_next/static/chunks/0-ynv9eqilv7x.js:0
[   42601ms] [LOG] Player X: 0.00 Y: 6.00 Z: 5.00 @ http://localhost:3000/_next/static/chunks/0-ynv9eqilv7x.js:0
[   42604ms] [LOG] Player X: 0.00 Y: 6.00 Z: 5.00 @ http://localhost:3000/_next/static/chunks/0-ynv9eqilv7x.js:0
[   42608ms] [LOG] Player X: 0.00 Y: 6.00 Z: 5.00 @ http://localhost:3000/_next/static/chunks/0-ynv9eqilv7x.js:0
[   42611ms] [LOG] Player X: 0.00 Y: 6.00 Z: 5.00 @ http://localhost:3000/_next/static/chunks/0-ynv9eqilv7x.js:0
[   42614ms] [LOG] Player X: 0.00 Y: 6.00 Z: 5.00 @ http://localhost:3000/_next/static/chunks/0-ynv9eqilv7x.js:0
[   42617ms] [LOG] Player X: 0.00 Y: 6.00 Z: 5.00 @ http://localhost:3000/_next/static/chunks/0-ynv9eqilv7x.js:0
[   42621ms] [LOG] Player X: 0.00 Y: 6.00 Z: 5.00 @ http://localhost:3000/_next/static/chunks/0-ynv9eqilv7x.js:0
[   42624ms] [LOG] Player X: 0.00 Y: 6.00 Z: 5.00 @ http://localhost:3000/_next/static/chunks/0-ynv9eqilv7x.js:0
[   42627ms] [LOG] Player X: 0.00 Y: 6.00 Z: 5.00 @ http://localhost:3000/_next/static/chunks/0-ynv9eqilv7x.js:0
[   42631ms] [LOG] Player X: 0.00 Y: 6.00 Z: 5.00 @ http://localhost:3000/_next/static/chunks/0-ynv9eqilv7x.js:0
[   42634ms] [LOG] Player X: 0.00 Y: 6.00 Z: 5.00 @ http://localhost:3000/_next/static/chunks/0-ynv9eqilv7x.js:0
[   42637ms] [LOG] Player X: 0.00 Y: 6.00 Z: 5.00 @ http://localhost:3000/_next/static/chunks/0-ynv9eqilv7x.js:0
[   42641ms] [LOG] Player X: 0.00 Y: 6.00 Z: 5.00 @ http://localhost:3000/_next/static/chunks/0-ynv9eqilv7x.js:0
[   42644ms] [LOG] Player X: 0.00 Y: 6.00 Z: 5.00 @ http://localhost:3000/_next/static/chunks/0-ynv9eqilv7x.js:0
[   42647ms] [LOG] Player X: 0.00 Y: 6.00 Z: 5.00 @ http://localhost:3000/_next/static/chunks/0-ynv9eqilv7x.js:0
[   42651ms] [LOG] Player X: 0.00 Y: 6.00 Z: 5.00 @ http://localhost:3000/_next/static/chunks/0-ynv9eqilv7x.js:0
[   42654ms] [LOG] Player X: 0.00 Y: 6.00 Z: 5.00 @ http://localhost:3000/_next/static/chunks/0-ynv9eqilv7x.js:0
[   42657ms] [LOG] Player X: 0.00 Y: 6.00 Z: 5.00 @ http://localhost:3000/_next/static/chunks/0-ynv9eqilv7x.js:0
[   42661ms] [LOG] Player X: 0.00 Y: 6.00 Z: 5.00 @ http://localhost:3000/_next/static/chunks/0-ynv9eqilv7x.js:0
[   42664ms] [LOG] Player X: 0.00 Y: 6.00 Z: 5.00 @ http://localhost:3000/_next/static/chunks/0-ynv9eqilv7x.js:0
[   42667ms] [LOG] Player X: 0.00 Y: 6.00 Z: 5.00 @ http://localhost:3000/_next/static/chunks/0-ynv9eqilv7x.js:0
[   42671ms] [LOG] Player X: 0.00 Y: 6.00 Z: 5.00 @ http://localhost:3000/_next/static/chunks/0-ynv9eqilv7x.js:0
[   42674ms] [LOG] Player X: 0.00 Y: 6.00 Z: 5.00 @ http://localhost:3000/_next/static/chunks/0-ynv9eqilv7x.js:0
[   42677ms] [LOG] Player X: 0.00 Y: 6.00 Z: 5.00 @ http://localhost:3000/_next/static/chunks/0-ynv9eqilv7x.js:0
[   42681ms] [LOG] Player X: 0.00 Y: 6.00 Z: 5.00 @ http://localhost:3000/_next/static/chunks/0-ynv9eqilv7x.js:0
[   42684ms] [LOG] Player X: 0.00 Y: 6.00 Z: 5.00 @ http://localhost:3000/_next/static/chunks/0-ynv9eqilv7x.js:0
[   42687ms] [LOG] Player X: 0.00 Y: 6.00 Z: 5.00 @ http://localhost:3000/_next/static/chunks/0-ynv9eqilv7x.js:0
[   42691ms] [LOG] Player X: 0.00 Y: 6.00 Z: 5.00 @ http://localhost:3000/_next/static/chunks/0-ynv9eqilv7x.js:0
[   42694ms] [LOG] Player X: 0.00 Y: 6.00 Z: 5.00 @ http://localhost:3000/_next/static/chunks/0-ynv9eqilv7x.js:0
[   42697ms] [LOG] Player X: 0.00 Y: 6.00 Z: 5.00 @ http://localhost:3000/_next/static/chunks/0-ynv9eqilv7x.js:0
[   42701ms] [LOG] Player X: 0.00 Y: 6.00 Z: 5.00 @ http://localhost:3000/_next/static/chunks/0-ynv9eqilv7x.js:0
[   42704ms] [LOG] Player X: 0.00 Y: 6.00 Z: 5.00 @ http://localhost:3000/_next/static/chunks/0-ynv9eqilv7x.js:0
[   42707ms] [LOG] Player X: 0.00 Y: 6.00 Z: 5.00 @ http://localhost:3000/_next/static/chunks/0-ynv9eqilv7x.js:0
[   42711ms] [LOG] Player X: 0.00 Y: 6.00 Z: 5.00 @ http://localhost:3000/_next/static/chunks/0-ynv9eqilv7x.js:0
[   42714ms] [LOG] Player X: 0.00 Y: 6.00 Z: 5.00 @ http://localhost:3000/_next/static/chunks/0-ynv9eqilv7x.js:0
[   42717ms] [LOG] Player X: 0.00 Y: 6.00 Z: 5.00 @ http://localhost:3000/_next/static/chunks/0-ynv9eqilv7x.js:0
[   42721ms] [LOG] Player X: 0.00 Y: 6.00 Z: 5.00 @ http://localhost:3000/_next/static/chunks/0-ynv9eqilv7x.js:0
[   42724ms] [LOG] Player X: 0.00 Y: 6.00 Z: 5.00 @ http://localhost:3000/_next/static/chunks/0-ynv9eqilv7x.js:0
[   42727ms] [LOG] Player X: 0.00 Y: 6.00 Z: 5.00 @ http://localhost:3000/_next/static/chunks/0-ynv9eqilv7x.js:0
[   42731ms] [LOG] Player X: 0.00 Y: 6.00 Z: 5.00 @ http://localhost:3000/_next/static/chunks/0-ynv9eqilv7x.js:0
[   42734ms] [LOG] Player X: 0.00 Y: 6.00 Z: 5.00 @ http://localhost:3000/_next/static/chunks/0-ynv9eqilv7x.js:0
[   42737ms] [LOG] Player X: 0.00 Y: 6.00 Z: 5.00 @ http://localhost:3000/_next/static/chunks/0-ynv9eqilv7x.js:0
[   42741ms] [LOG] Player X: 0.00 Y: 6.00 Z: 5.00 @ http://localhost:3000/_next/static/chunks/0-ynv9eqilv7x.js:0
[   42744ms] [LOG] Player X: 0.00 Y: 6.00 Z: 5.00 @ http://localhost:3000/_next/static/chunks/0-ynv9eqilv7x.js:0
[   42748ms] [LOG] Player X: 0.00 Y: 6.00 Z: 5.00 @ http://localhost:3000/_next/static/chunks/0-ynv9eqilv7x.js:0
[   42751ms] [LOG] Player X: 0.00 Y: 6.00 Z: 5.00 @ http://localhost:3000/_next/static/chunks/0-ynv9eqilv7x.js:0
[   42754ms] [LOG] Player X: 0.00 Y: 6.00 Z: 5.00 @ http://localhost:3000/_next/static/chunks/0-ynv9eqilv7x.js:0
[   42758ms] [LOG] Player X: 0.00 Y: 6.00 Z: 5.00 @ http://localhost:3000/_next/static/chunks/0-ynv9eqilv7x.js:0
[   42761ms] [LOG] Player X: 0.00 Y: 6.00 Z: 5.00 @ http://localhost:3000/_next/static/chunks/0-ynv9eqilv7x.js:0
[   42764ms] [LOG] Player X: 0.00 Y: 6.00 Z: 5.00 @ http://localhost:3000/_next/static/chunks/0-ynv9eqilv7x.js:0
[   42767ms] [LOG] Player X: 0.00 Y: 6.00 Z: 5.00 @ http://localhost:3000/_next/static/chunks/0-ynv9eqilv7x.js:0
[   42771ms] [LOG] Player X: 0.00 Y: 6.00 Z: 5.00 @ http://localhost:3000/_next/static/chunks/0-ynv9eqilv7x.js:0
[   42774ms] [LOG] Player X: 0.00 Y: 6.00 Z: 5.00 @ http://localhost:3000/_next/static/chunks/0-ynv9eqilv7x.js:0
[   42777ms] [LOG] Player X: 0.00 Y: 6.00 Z: 5.00 @ http://localhost:3000/_next/static/chunks/0-ynv9eqilv7x.js:0
[   42781ms] [LOG] Player X: 0.00 Y: 6.00 Z: 5.00 @ http://localhost:3000/_next/static/chunks/0-ynv9eqilv7x.js:0
[   42784ms] [LOG] Player X: 0.00 Y: 6.00 Z: 5.00 @ http://localhost:3000/_next/static/chunks/0-ynv9eqilv7x.js:0
[   42787ms] [LOG] Player X: 0.00 Y: 6.00 Z: 5.00 @ http://localhost:3000/_next/static/chunks/0-ynv9eqilv7x.js:0
[   42791ms] [LOG] Player X: 0.00 Y: 6.00 Z: 5.00 @ http://localhost:3000/_next/static/chunks/0-ynv9eqilv7x.js:0
[   42794ms] [LOG] Player X: 0.00 Y: 6.00 Z: 5.00 @ http://localhost:3000/_next/static/chunks/0-ynv9eqilv7x.js:0
[   42797ms] [LOG] Player X: 0.00 Y: 6.00 Z: 5.00 @ http://localhost:3000/_next/static/chunks/0-ynv9eqilv7x.js:0
[   42801ms] [LOG] Player X: 0.00 Y: 6.00 Z: 5.00 @ http://localhost:3000/_next/static/chunks/0-ynv9eqilv7x.js:0
[   42804ms] [LOG] Player X: 0.00 Y: 6.00 Z: 5.00 @ http://localhost:3000/_next/static/chunks/0-ynv9eqilv7x.js:0
[   42807ms] [LOG] Player X: 0.00 Y: 6.00 Z: 5.00 @ http://localhost:3000/_next/static/chunks/0-ynv9eqilv7x.js:0
[   42811ms] [LOG] Player X: 0.00 Y: 6.00 Z: 5.00 @ http://localhost:3000/_next/static/chunks/0-ynv9eqilv7x.js:0
[   42814ms] [LOG] Player X: 0.00 Y: 6.00 Z: 5.00 @ http://localhost:3000/_next/static/chunks/0-ynv9eqilv7x.js:0
[   42817ms] [LOG] Player X: 0.00 Y: 6.00 Z: 5.00 @ http://localhost:3000/_next/static/chunks/0-ynv9eqilv7x.js:0
[   42821ms] [LOG] Player X: 0.00 Y: 6.00 Z: 5.00 @ http://localhost:3000/_next/static/chunks/0-ynv9eqilv7x.js:0
[   42824ms] [LOG] Player X: 0.00 Y: 6.00 Z: 5.00 @ http://localhost:3000/_next/static/chunks/0-ynv9eqilv7x.js:0
[   42827ms] [LOG] Player X: 0.00 Y: 6.00 Z: 5.00 @ http://localhost:3000/_next/static/chunks/0-ynv9eqilv7x.js:0
[   42831ms] [LOG] Player X: 0.00 Y: 6.00 Z: 5.00 @ http://localhost:3000/_next/static/chunks/0-ynv9eqilv7x.js:0
[   42834ms] [LOG] Player X: 0.00 Y: 6.00 Z: 5.00 @ http://localhost:3000/_next/static/chunks/0-ynv9eqilv7x.js:0
[   42837ms] [LOG] Player X: 0.00 Y: 6.00 Z: 5.00 @ http://localhost:3000/_next/static/chunks/0-ynv9eqilv7x.js:0
[   42841ms] [LOG] Player X: 0.00 Y: 6.00 Z: 5.00 @ http://localhost:3000/_next/static/chunks/0-ynv9eqilv7x.js:0
[   42844ms] [LOG] Player X: 0.00 Y: 6.00 Z: 5.00 @ http://localhost:3000/_next/static/chunks/0-ynv9eqilv7x.js:0
[   42847ms] [LOG] Player X: 0.00 Y: 6.00 Z: 5.00 @ http://localhost:3000/_next/static/chunks/0-ynv9eqilv7x.js:0
[   42851ms] [LOG] Player X: 0.00 Y: 6.00 Z: 5.00 @ http://localhost:3000/_next/static/chunks/0-ynv9eqilv7x.js:0
[   42854ms] [LOG] Player X: 0.00 Y: 6.00 Z: 5.00 @ http://localhost:3000/_next/static/chunks/0-ynv9eqilv7x.js:0
[   42857ms] [LOG] Player X: 0.00 Y: 6.00 Z: 5.00 @ http://localhost:3000/_next/static/chunks/0-ynv9eqilv7x.js:0
[   42861ms] [LOG] Player X: 0.00 Y: 6.00 Z: 5.00 @ http://localhost:3000/_next/static/chunks/0-ynv9eqilv7x.js:0
[   42864ms] [LOG] Player X: 0.00 Y: 6.00 Z: 5.00 @ http://localhost:3000/_next/static/chunks/0-ynv9eqilv7x.js:0
[   42867ms] [LOG] Player X: 0.00 Y: 6.00 Z: 5.00 @ http://localhost:3000/_next/static/chunks/0-ynv9eqilv7x.js:0
[   42871ms] [LOG] Player X: 0.00 Y: 6.00 Z: 5.00 @ http://localhost:3000/_next/static/chunks/0-ynv9eqilv7x.js:0
[   42874ms] [LOG] Player X: 0.00 Y: 6.00 Z: 5.00 @ http://localhost:3000/_next/static/chunks/0-ynv9eqilv7x.js:0
[   42877ms] [LOG] Player X: 0.00 Y: 6.00 Z: 5.00 @ http://localhost:3000/_next/static/chunks/0-ynv9eqilv7x.js:0
[   42881ms] [LOG] Player X: 0.00 Y: 6.00 Z: 5.00 @ http://localhost:3000/_next/static/chunks/0-ynv9eqilv7x.js:0
[   42884ms] [LOG] Player X: 0.00 Y: 6.00 Z: 5.00 @ http://localhost:3000/_next/static/chunks/0-ynv9eqilv7x.js:0
[   42887ms] [LOG] Player X: 0.00 Y: 6.00 Z: 5.00 @ http://localhost:3000/_next/static/chunks/0-ynv9eqilv7x.js:0
[   42891ms] [LOG] Player X: 0.00 Y: 6.00 Z: 5.00 @ http://localhost:3000/_next/static/chunks/0-ynv9eqilv7x.js:0
[   42894ms] [LOG] Player X: 0.00 Y: 6.00 Z: 5.00 @ http://localhost:3000/_next/static/chunks/0-ynv9eqilv7x.js:0
[   42897ms] [LOG] Player X: 0.00 Y: 6.00 Z: 5.00 @ http://localhost:3000/_next/static/chunks/0-ynv9eqilv7x.js:0
[   42901ms] [LOG] Player X: 0.00 Y: 6.00 Z: 5.00 @ http://localhost:3000/_next/static/chunks/0-ynv9eqilv7x.js:0
[   42904ms] [LOG] Player X: 0.00 Y: 6.00 Z: 5.00 @ http://localhost:3000/_next/static/chunks/0-ynv9eqilv7x.js:0
[   42907ms] [LOG] Player X: 0.00 Y: 6.00 Z: 5.00 @ http://localhost:3000/_next/static/chunks/0-ynv9eqilv7x.js:0
[   42911ms] [LOG] Player X: 0.00 Y: 6.00 Z: 5.00 @ http://localhost:3000/_next/static/chunks/0-ynv9eqilv7x.js:0
[   42914ms] [LOG] Player X: 0.00 Y: 6.00 Z: 5.00 @ http://localhost:3000/_next/static/chunks/0-ynv9eqilv7x.js:0
[   42917ms] [LOG] Player X: 0.00 Y: 6.00 Z: 5.00 @ http://localhost:3000/_next/static/chunks/0-ynv9eqilv7x.js:0
[   42921ms] [LOG] Player X: 0.00 Y: 6.00 Z: 5.00 @ http://localhost:3000/_next/static/chunks/0-ynv9eqilv7x.js:0
[   42924ms] [LOG] Player X: 0.00 Y: 6.00 Z: 5.00 @ http://localhost:3000/_next/static/chunks/0-ynv9eqilv7x.js:0
[   42927ms] [LOG] Player X: 0.00 Y: 6.00 Z: 5.00 @ http://localhost:3000/_next/static/chunks/0-ynv9eqilv7x.js:0
[   42931ms] [LOG] Player X: 0.00 Y: 6.00 Z: 5.00 @ http://localhost:3000/_next/static/chunks/0-ynv9eqilv7x.js:0
[   42934ms] [LOG] Player X: 0.00 Y: 6.00 Z: 5.00 @ http://localhost:3000/_next/static/chunks/0-ynv9eqilv7x.js:0
[   42937ms] [LOG] Player X: 0.00 Y: 6.00 Z: 5.00 @ http://localhost:3000/_next/static/chunks/0-ynv9eqilv7x.js:0
[   42941ms] [LOG] Player X: 0.00 Y: 6.00 Z: 5.00 @ http://localhost:3000/_next/static/chunks/0-ynv9eqilv7x.js:0
[   42944ms] [LOG] Player X: 0.00 Y: 6.00 Z: 5.00 @ http://localhost:3000/_next/static/chunks/0-ynv9eqilv7x.js:0
[   42947ms] [LOG] Player X: 0.00 Y: 6.00 Z: 5.00 @ http://localhost:3000/_next/static/chunks/0-ynv9eqilv7x.js:0
[   42951ms] [LOG] Player X: 0.00 Y: 6.00 Z: 5.00 @ http://localhost:3000/_next/static/chunks/0-ynv9eqilv7x.js:0
[   42954ms] [LOG] Player X: 0.00 Y: 6.00 Z: 5.00 @ http://localhost:3000/_next/static/chunks/0-ynv9eqilv7x.js:0
[   42957ms] [LOG] Player X: 0.00 Y: 6.00 Z: 5.00 @ http://localhost:3000/_next/static/chunks/0-ynv9eqilv7x.js:0
[   42961ms] [LOG] Player X: 0.00 Y: 6.00 Z: 5.00 @ http://localhost:3000/_next/static/chunks/0-ynv9eqilv7x.js:0
[   42964ms] [LOG] Player X: 0.00 Y: 6.00 Z: 5.00 @ http://localhost:3000/_next/static/chunks/0-ynv9eqilv7x.js:0
[   42967ms] [LOG] Player X: 0.00 Y: 6.00 Z: 5.00 @ http://localhost:3000/_next/static/chunks/0-ynv9eqilv7x.js:0
[   42971ms] [LOG] Player X: 0.00 Y: 6.00 Z: 5.00 @ http://localhost:3000/_next/static/chunks/0-ynv9eqilv7x.js:0
[   42974ms] [LOG] Player X: 0.00 Y: 6.00 Z: 5.00 @ http://localhost:3000/_next/static/chunks/0-ynv9eqilv7x.js:0
[   42977ms] [LOG] Player X: 0.00 Y: 6.00 Z: 5.00 @ http://localhost:3000/_next/static/chunks/0-ynv9eqilv7x.js:0
[   42981ms] [LOG] Player X: 0.00 Y: 6.00 Z: 5.00 @ http://localhost:3000/_next/static/chunks/0-ynv9eqilv7x.js:0
[   42984ms] [LOG] Player X: 0.00 Y: 6.00 Z: 5.00 @ http://localhost:3000/_next/static/chunks/0-ynv9eqilv7x.js:0
[   42987ms] [LOG] Player X: 0.00 Y: 6.00 Z: 5.00 @ http://localhost:3000/_next/static/chunks/0-ynv9eqilv7x.js:0
[   42991ms] [LOG] Player X: 0.00 Y: 6.00 Z: 5.00 @ http://localhost:3000/_next/static/chunks/0-ynv9eqilv7x.js:0
[   42994ms] [LOG] Player X: 0.00 Y: 6.00 Z: 5.00 @ http://localhost:3000/_next/static/chunks/0-ynv9eqilv7x.js:0
[   42997ms] [LOG] Player X: 0.00 Y: 6.00 Z: 5.00 @ http://localhost:3000/_next/static/chunks/0-ynv9eqilv7x.js:0
[   43001ms] [LOG] Player X: 0.00 Y: 6.00 Z: 5.00 @ http://localhost:3000/_next/static/chunks/0-ynv9eqilv7x.js:0
[   43004ms] [LOG] Player X: 0.00 Y: 6.00 Z: 5.00 @ http://localhost:3000/_next/static/chunks/0-ynv9eqilv7x.js:0
[   43007ms] [LOG] Player X: 0.00 Y: 6.00 Z: 5.00 @ http://localhost:3000/_next/static/chunks/0-ynv9eqilv7x.js:0
[   43011ms] [LOG] Player X: 0.00 Y: 6.00 Z: 5.00 @ http://localhost:3000/_next/static/chunks/0-ynv9eqilv7x.js:0
[   43014ms] [LOG] Player X: 0.00 Y: 6.00 Z: 5.00 @ http://localhost:3000/_next/static/chunks/0-ynv9eqilv7x.js:0
[   43017ms] [LOG] Player X: 0.00 Y: 6.00 Z: 5.00 @ http://localhost:3000/_next/static/chunks/0-ynv9eqilv7x.js:0
[   43021ms] [LOG] Player X: 0.00 Y: 6.00 Z: 5.00 @ http://localhost:3000/_next/static/chunks/0-ynv9eqilv7x.js:0
[   43024ms] [LOG] Player X: 0.00 Y: 6.00 Z: 5.00 @ http://localhost:3000/_next/static/chunks/0-ynv9eqilv7x.js:0
[   43027ms] [LOG] Player X: 0.00 Y: 6.00 Z: 5.00 @ http://localhost:3000/_next/static/chunks/0-ynv9eqilv7x.js:0
[   43031ms] [LOG] Player X: 0.00 Y: 6.00 Z: 5.00 @ http://localhost:3000/_next/static/chunks/0-ynv9eqilv7x.js:0
[   43034ms] [LOG] Player X: 0.00 Y: 6.00 Z: 5.00 @ http://localhost:3000/_next/static/chunks/0-ynv9eqilv7x.js:0
[   43037ms] [LOG] Player X: 0.00 Y: 6.00 Z: 5.00 @ http://localhost:3000/_next/static/chunks/0-ynv9eqilv7x.js:0
[   43041ms] [LOG] Player X: 0.00 Y: 6.00 Z: 5.00 @ http://localhost:3000/_next/static/chunks/0-ynv9eqilv7x.js:0
[   43044ms] [LOG] Player X: 0.00 Y: 6.00 Z: 5.00 @ http://localhost:3000/_next/static/chunks/0-ynv9eqilv7x.js:0
[   43047ms] [LOG] Player X: 0.00 Y: 6.00 Z: 5.00 @ http://localhost:3000/_next/static/chunks/0-ynv9eqilv7x.js:0
[   43051ms] [LOG] Player X: 0.00 Y: 6.00 Z: 5.00 @ http://localhost:3000/_next/static/chunks/0-ynv9eqilv7x.js:0
[   43054ms] [LOG] Player X: 0.00 Y: 6.00 Z: 5.00 @ http://localhost:3000/_next/static/chunks/0-ynv9eqilv7x.js:0
[   43057ms] [LOG] Player X: 0.00 Y: 6.00 Z: 5.00 @ http://localhost:3000/_next/static/chunks/0-ynv9eqilv7x.js:0
[   43061ms] [LOG] Player X: 0.00 Y: 6.00 Z: 5.00 @ http://localhost:3000/_next/static/chunks/0-ynv9eqilv7x.js:0
[   43064ms] [LOG] Player X: 0.00 Y: 6.00 Z: 5.00 @ http://localhost:3000/_next/static/chunks/0-ynv9eqilv7x.js:0
[   43067ms] [LOG] Player X: 0.00 Y: 6.00 Z: 5.00 @ http://localhost:3000/_next/static/chunks/0-ynv9eqilv7x.js:0
[   43071ms] [LOG] Player X: 0.00 Y: 6.00 Z: 5.00 @ http://localhost:3000/_next/static/chunks/0-ynv9eqilv7x.js:0
[   43074ms] [LOG] Player X: 0.00 Y: 6.00 Z: 5.00 @ http://localhost:3000/_next/static/chunks/0-ynv9eqilv7x.js:0
[   43077ms] [LOG] Player X: 0.00 Y: 6.00 Z: 5.00 @ http://localhost:3000/_next/static/chunks/0-ynv9eqilv7x.js:0
[   43081ms] [LOG] Player X: 0.00 Y: 6.00 Z: 5.00 @ http://localhost:3000/_next/static/chunks/0-ynv9eqilv7x.js:0
[   43084ms] [LOG] Player X: 0.00 Y: 6.00 Z: 5.00 @ http://localhost:3000/_next/static/chunks/0-ynv9eqilv7x.js:0
[   43087ms] [LOG] Player X: 0.00 Y: 6.00 Z: 5.00 @ http://localhost:3000/_next/static/chunks/0-ynv9eqilv7x.js:0
[   43091ms] [LOG] Player X: 0.00 Y: 6.00 Z: 5.00 @ http://localhost:3000/_next/static/chunks/0-ynv9eqilv7x.js:0
[   43094ms] [LOG] Player X: 0.00 Y: 6.00 Z: 5.00 @ http://localhost:3000/_next/static/chunks/0-ynv9eqilv7x.js:0
[   43097ms] [LOG] Player X: 0.00 Y: 6.00 Z: 5.00 @ http://localhost:3000/_next/static/chunks/0-ynv9eqilv7x.js:0
[   43101ms] [LOG] Player X: 0.00 Y: 6.00 Z: 5.00 @ http://localhost:3000/_next/static/chunks/0-ynv9eqilv7x.js:0
[   43104ms] [LOG] Player X: 0.00 Y: 6.00 Z: 5.00 @ http://localhost:3000/_next/static/chunks/0-ynv9eqilv7x.js:0
[   43107ms] [LOG] Player X: 0.00 Y: 6.00 Z: 5.00 @ http://localhost:3000/_next/static/chunks/0-ynv9eqilv7x.js:0
[   43111ms] [LOG] Player X: 0.00 Y: 6.00 Z: 5.00 @ http://localhost:3000/_next/static/chunks/0-ynv9eqilv7x.js:0
[   43114ms] [LOG] Player X: 0.00 Y: 6.00 Z: 5.00 @ http://localhost:3000/_next/static/chunks/0-ynv9eqilv7x.js:0
[   43117ms] [LOG] Player X: 0.00 Y: 6.00 Z: 5.00 @ http://localhost:3000/_next/static/chunks/0-ynv9eqilv7x.js:0
[   43121ms] [LOG] Player X: 0.00 Y: 6.00 Z: 5.00 @ http://localhost:3000/_next/static/chunks/0-ynv9eqilv7x.js:0
[   43124ms] [LOG] Player X: 0.00 Y: 6.00 Z: 5.00 @ http://localhost:3000/_next/static/chunks/0-ynv9eqilv7x.js:0
[   43127ms] [LOG] Player X: 0.00 Y: 6.00 Z: 5.00 @ http://localhost:3000/_next/static/chunks/0-ynv9eqilv7x.js:0
[   43131ms] [LOG] Player X: 0.00 Y: 6.00 Z: 5.00 @ http://localhost:3000/_next/static/chunks/0-ynv9eqilv7x.js:0
[   43134ms] [LOG] Player X: 0.00 Y: 6.00 Z: 5.00 @ http://localhost:3000/_next/static/chunks/0-ynv9eqilv7x.js:0
[   43137ms] [LOG] Player X: 0.00 Y: 6.00 Z: 5.00 @ http://localhost:3000/_next/static/chunks/0-ynv9eqilv7x.js:0
[   43141ms] [LOG] Player X: 0.00 Y: 6.00 Z: 5.00 @ http://localhost:3000/_next/static/chunks/0-ynv9eqilv7x.js:0
[   43144ms] [LOG] Player X: 0.00 Y: 6.00 Z: 5.00 @ http://localhost:3000/_next/static/chunks/0-ynv9eqilv7x.js:0
[   43147ms] [LOG] Player X: 0.00 Y: 6.00 Z: 5.00 @ http://localhost:3000/_next/static/chunks/0-ynv9eqilv7x.js:0
[   43151ms] [LOG] Player X: 0.00 Y: 6.00 Z: 5.00 @ http://localhost:3000/_next/static/chunks/0-ynv9eqilv7x.js:0
[   43154ms] [LOG] Player X: 0.00 Y: 6.00 Z: 5.00 @ http://localhost:3000/_next/static/chunks/0-ynv9eqilv7x.js:0
[   43157ms] [LOG] Player X: 0.00 Y: 6.00 Z: 5.00 @ http://localhost:3000/_next/static/chunks/0-ynv9eqilv7x.js:0
[   43161ms] [LOG] Player X: 0.00 Y: 6.00 Z: 5.00 @ http://localhost:3000/_next/static/chunks/0-ynv9eqilv7x.js:0
[   43164ms] [LOG] Player X: 0.00 Y: 6.00 Z: 5.00 @ http://localhost:3000/_next/static/chunks/0-ynv9eqilv7x.js:0
[   43167ms] [LOG] Player X: 0.00 Y: 6.00 Z: 5.00 @ http://localhost:3000/_next/static/chunks/0-ynv9eqilv7x.js:0
[   43171ms] [LOG] Player X: 0.00 Y: 6.00 Z: 5.00 @ http://localhost:3000/_next/static/chunks/0-ynv9eqilv7x.js:0
[   43174ms] [LOG] Player X: 0.00 Y: 6.00 Z: 5.00 @ http://localhost:3000/_next/static/chunks/0-ynv9eqilv7x.js:0
[   43177ms] [LOG] Player X: 0.00 Y: 6.00 Z: 5.00 @ http://localhost:3000/_next/static/chunks/0-ynv9eqilv7x.js:0
[   43181ms] [LOG] Player X: 0.00 Y: 6.00 Z: 5.00 @ http://localhost:3000/_next/static/chunks/0-ynv9eqilv7x.js:0
[   43184ms] [LOG] Player X: 0.00 Y: 6.00 Z: 5.00 @ http://localhost:3000/_next/static/chunks/0-ynv9eqilv7x.js:0
[   43188ms] [LOG] Player X: 0.00 Y: 6.00 Z: 5.00 @ http://localhost:3000/_next/static/chunks/0-ynv9eqilv7x.js:0
[   43191ms] [LOG] Player X: 0.00 Y: 6.00 Z: 5.00 @ http://localhost:3000/_next/static/chunks/0-ynv9eqilv7x.js:0
[   43194ms] [LOG] Player X: 0.00 Y: 6.00 Z: 5.00 @ http://localhost:3000/_next/static/chunks/0-ynv9eqilv7x.js:0
[   43197ms] [LOG] Player X: 0.00 Y: 6.00 Z: 5.00 @ http://localhost:3000/_next/static/chunks/0-ynv9eqilv7x.js:0
[   43201ms] [LOG] Player X: 0.00 Y: 6.00 Z: 5.00 @ http://localhost:3000/_next/static/chunks/0-ynv9eqilv7x.js:0
[   43204ms] [LOG] Player X: 0.00 Y: 6.00 Z: 5.00 @ http://localhost:3000/_next/static/chunks/0-ynv9eqilv7x.js:0
[   43207ms] [LOG] Player X: 0.00 Y: 6.00 Z: 5.00 @ http://localhost:3000/_next/static/chunks/0-ynv9eqilv7x.js:0
[   43211ms] [LOG] Player X: 0.00 Y: 6.00 Z: 5.00 @ http://localhost:3000/_next/static/chunks/0-ynv9eqilv7x.js:0
[   43214ms] [LOG] Player X: 0.00 Y: 6.00 Z: 5.00 @ http://localhost:3000/_next/static/chunks/0-ynv9eqilv7x.js:0
[   43217ms] [LOG] Player X: 0.00 Y: 6.00 Z: 5.00 @ http://localhost:3000/_next/static/chunks/0-ynv9eqilv7x.js:0
[   43221ms] [LOG] Player X: 0.00 Y: 6.00 Z: 5.00 @ http://localhost:3000/_next/static/chunks/0-ynv9eqilv7x.js:0
[   43224ms] [LOG] Player X: 0.00 Y: 6.00 Z: 5.00 @ http://localhost:3000/_next/static/chunks/0-ynv9eqilv7x.js:0
[   43227ms] [LOG] Player X: 0.00 Y: 6.00 Z: 5.00 @ http://localhost:3000/_next/static/chunks/0-ynv9eqilv7x.js:0
[   43231ms] [LOG] Player X: 0.00 Y: 6.00 Z: 5.00 @ http://localhost:3000/_next/static/chunks/0-ynv9eqilv7x.js:0
[   43234ms] [LOG] Player X: 0.00 Y: 6.00 Z: 5.00 @ http://localhost:3000/_next/static/chunks/0-ynv9eqilv7x.js:0
[   43237ms] [LOG] Player X: 0.00 Y: 6.00 Z: 5.00 @ http://localhost:3000/_next/static/chunks/0-ynv9eqilv7x.js:0
[   43241ms] [LOG] Player X: 0.00 Y: 6.00 Z: 5.00 @ http://localhost:3000/_next/static/chunks/0-ynv9eqilv7x.js:0
[   43244ms] [LOG] Player X: 0.00 Y: 6.00 Z: 5.00 @ http://localhost:3000/_next/static/chunks/0-ynv9eqilv7x.js:0
[   43247ms] [LOG] Player X: 0.00 Y: 6.00 Z: 5.00 @ http://localhost:3000/_next/static/chunks/0-ynv9eqilv7x.js:0
[   43251ms] [LOG] Player X: 0.00 Y: 6.00 Z: 5.00 @ http://localhost:3000/_next/static/chunks/0-ynv9eqilv7x.js:0
[   43254ms] [LOG] Player X: 0.00 Y: 6.00 Z: 5.00 @ http://localhost:3000/_next/static/chunks/0-ynv9eqilv7x.js:0
[   43257ms] [LOG] Player X: 0.00 Y: 6.00 Z: 5.00 @ http://localhost:3000/_next/static/chunks/0-ynv9eqilv7x.js:0
[   43261ms] [LOG] Player X: 0.00 Y: 6.00 Z: 5.00 @ http://localhost:3000/_next/static/chunks/0-ynv9eqilv7x.js:0
[   43264ms] [LOG] Player X: 0.00 Y: 6.00 Z: 5.00 @ http://localhost:3000/_next/static/chunks/0-ynv9eqilv7x.js:0
[   43267ms] [LOG] Player X: 0.00 Y: 6.00 Z: 5.00 @ http://localhost:3000/_next/static/chunks/0-ynv9eqilv7x.js:0
[   43271ms] [LOG] Player X: 0.00 Y: 6.00 Z: 5.00 @ http://localhost:3000/_next/static/chunks/0-ynv9eqilv7x.js:0
[   43274ms] [LOG] Player X: 0.00 Y: 6.00 Z: 5.00 @ http://localhost:3000/_next/static/chunks/0-ynv9eqilv7x.js:0
[   43277ms] [LOG] Player X: 0.00 Y: 6.00 Z: 5.00 @ http://localhost:3000/_next/static/chunks/0-ynv9eqilv7x.js:0
[   43281ms] [LOG] Player X: 0.00 Y: 6.00 Z: 5.00 @ http://localhost:3000/_next/static/chunks/0-ynv9eqilv7x.js:0
[   43284ms] [LOG] Player X: 0.00 Y: 6.00 Z: 5.00 @ http://localhost:3000/_next/static/chunks/0-ynv9eqilv7x.js:0
[   43287ms] [LOG] Player X: 0.00 Y: 6.00 Z: 5.00 @ http://localhost:3000/_next/static/chunks/0-ynv9eqilv7x.js:0
[   43291ms] [LOG] Player X: 0.00 Y: 6.00 Z: 5.00 @ http://localhost:3000/_next/static/chunks/0-ynv9eqilv7x.js:0
[   43294ms] [LOG] Player X: 0.00 Y: 6.00 Z: 5.00 @ http://localhost:3000/_next/static/chunks/0-ynv9eqilv7x.js:0
[   43297ms] [LOG] Player X: 0.00 Y: 6.00 Z: 5.00 @ http://localhost:3000/_next/static/chunks/0-ynv9eqilv7x.js:0
[   43301ms] [LOG] Player X: 0.00 Y: 6.00 Z: 5.00 @ http://localhost:3000/_next/static/chunks/0-ynv9eqilv7x.js:0
[   43304ms] [LOG] Player X: 0.00 Y: 6.00 Z: 5.00 @ http://localhost:3000/_next/static/chunks/0-ynv9eqilv7x.js:0
[   43307ms] [LOG] Player X: 0.00 Y: 6.00 Z: 5.00 @ http://localhost:3000/_next/static/chunks/0-ynv9eqilv7x.js:0
[   43311ms] [LOG] Player X: 0.00 Y: 6.00 Z: 5.00 @ http://localhost:3000/_next/static/chunks/0-ynv9eqilv7x.js:0
[   43314ms] [LOG] Player X: 0.00 Y: 6.00 Z: 5.00 @ http://localhost:3000/_next/static/chunks/0-ynv9eqilv7x.js:0
[   43317ms] [LOG] Player X: 0.00 Y: 6.00 Z: 5.00 @ http://localhost:3000/_next/static/chunks/0-ynv9eqilv7x.js:0
[   43321ms] [LOG] Player X: 0.00 Y: 6.00 Z: 5.00 @ http://localhost:3000/_next/static/chunks/0-ynv9eqilv7x.js:0
[   43324ms] [LOG] Player X: 0.00 Y: 6.00 Z: 5.00 @ http://localhost:3000/_next/static/chunks/0-ynv9eqilv7x.js:0
[   43327ms] [LOG] Player X: 0.00 Y: 6.00 Z: 5.00 @ http://localhost:3000/_next/static/chunks/0-ynv9eqilv7x.js:0
[   43331ms] [LOG] Player X: 0.00 Y: 6.00 Z: 5.00 @ http://localhost:3000/_next/static/chunks/0-ynv9eqilv7x.js:0
[   43334ms] [LOG] Player X: 0.00 Y: 6.00 Z: 5.00 @ http://localhost:3000/_next/static/chunks/0-ynv9eqilv7x.js:0
[   43337ms] [LOG] Player X: 0.00 Y: 6.00 Z: 5.00 @ http://localhost:3000/_next/static/chunks/0-ynv9eqilv7x.js:0
[   43341ms] [LOG] Player X: 0.00 Y: 6.00 Z: 5.00 @ http://localhost:3000/_next/static/chunks/0-ynv9eqilv7x.js:0
[   43344ms] [LOG] Player X: 0.00 Y: 6.00 Z: 5.00 @ http://localhost:3000/_next/static/chunks/0-ynv9eqilv7x.js:0
[   43347ms] [LOG] Player X: 0.00 Y: 6.00 Z: 5.00 @ http://localhost:3000/_next/static/chunks/0-ynv9eqilv7x.js:0
[   43351ms] [LOG] Player X: 0.00 Y: 6.00 Z: 5.00 @ http://localhost:3000/_next/static/chunks/0-ynv9eqilv7x.js:0
[   43354ms] [LOG] Player X: 0.00 Y: 6.00 Z: 5.00 @ http://localhost:3000/_next/static/chunks/0-ynv9eqilv7x.js:0
[   43357ms] [LOG] Player X: 0.00 Y: 6.00 Z: 5.00 @ http://localhost:3000/_next/static/chunks/0-ynv9eqilv7x.js:0
[   43361ms] [LOG] Player X: 0.00 Y: 6.00 Z: 5.00 @ http://localhost:3000/_next/static/chunks/0-ynv9eqilv7x.js:0
[   43364ms] [LOG] Player X: 0.00 Y: 6.00 Z: 5.00 @ http://localhost:3000/_next/static/chunks/0-ynv9eqilv7x.js:0
[   43367ms] [LOG] Player X: 0.00 Y: 6.00 Z: 5.00 @ http://localhost:3000/_next/static/chunks/0-ynv9eqilv7x.js:0
[   43371ms] [LOG] Player X: 0.00 Y: 6.00 Z: 5.00 @ http://localhost:3000/_next/static/chunks/0-ynv9eqilv7x.js:0
[   43374ms] [LOG] Player X: 0.00 Y: 6.00 Z: 5.00 @ http://localhost:3000/_next/static/chunks/0-ynv9eqilv7x.js:0
[   43377ms] [LOG] Player X: 0.00 Y: 6.00 Z: 5.00 @ http://localhost:3000/_next/static/chunks/0-ynv9eqilv7x.js:0
[   43381ms] [LOG] Player X: 0.00 Y: 6.00 Z: 5.00 @ http://localhost:3000/_next/static/chunks/0-ynv9eqilv7x.js:0
[   43384ms] [LOG] Player X: 0.00 Y: 6.00 Z: 5.00 @ http://localhost:3000/_next/static/chunks/0-ynv9eqilv7x.js:0
[   43387ms] [LOG] Player X: 0.00 Y: 6.00 Z: 5.00 @ http://localhost:3000/_next/static/chunks/0-ynv9eqilv7x.js:0
[   43391ms] [LOG] Player X: 0.00 Y: 6.00 Z: 5.00 @ http://localhost:3000/_next/static/chunks/0-ynv9eqilv7x.js:0
[   43394ms] [LOG] Player X: 0.00 Y: 6.00 Z: 5.00 @ http://localhost:3000/_next/static/chunks/0-ynv9eqilv7x.js:0
[   43397ms] [LOG] Player X: 0.00 Y: 6.00 Z: 5.00 @ http://localhost:3000/_next/static/chunks/0-ynv9eqilv7x.js:0
[   43401ms] [LOG] Player X: 0.00 Y: 6.00 Z: 5.00 @ http://localhost:3000/_next/static/chunks/0-ynv9eqilv7x.js:0
[   43404ms] [LOG] Player X: 0.00 Y: 6.00 Z: 5.00 @ http://localhost:3000/_next/static/chunks/0-ynv9eqilv7x.js:0
[   43407ms] [LOG] Player X: 0.00 Y: 6.00 Z: 5.00 @ http://localhost:3000/_next/static/chunks/0-ynv9eqilv7x.js:0
[   43411ms] [LOG] Player X: 0.00 Y: 6.00 Z: 5.00 @ http://localhost:3000/_next/static/chunks/0-ynv9eqilv7x.js:0
[   43414ms] [LOG] Player X: 0.00 Y: 6.00 Z: 5.00 @ http://localhost:3000/_next/static/chunks/0-ynv9eqilv7x.js:0
[   43417ms] [LOG] Player X: 0.00 Y: 6.00 Z: 5.00 @ http://localhost:3000/_next/static/chunks/0-ynv9eqilv7x.js:0
[   43421ms] [LOG] Player X: 0.00 Y: 6.00 Z: 5.00 @ http://localhost:3000/_next/static/chunks/0-ynv9eqilv7x.js:0
[   43424ms] [LOG] Player X: 0.00 Y: 6.00 Z: 5.00 @ http://localhost:3000/_next/static/chunks/0-ynv9eqilv7x.js:0
[   43427ms] [LOG] Player X: 0.00 Y: 6.00 Z: 5.00 @ http://localhost:3000/_next/static/chunks/0-ynv9eqilv7x.js:0
[   43431ms] [LOG] Player X: 0.00 Y: 6.00 Z: 5.00 @ http://localhost:3000/_next/static/chunks/0-ynv9eqilv7x.js:0
[   43434ms] [LOG] Player X: 0.00 Y: 6.00 Z: 5.00 @ http://localhost:3000/_next/static/chunks/0-ynv9eqilv7x.js:0
[   43437ms] [LOG] Player X: 0.00 Y: 6.00 Z: 5.00 @ http://localhost:3000/_next/static/chunks/0-ynv9eqilv7x.js:0
[   43441ms] [LOG] Player X: 0.00 Y: 6.00 Z: 5.00 @ http://localhost:3000/_next/static/chunks/0-ynv9eqilv7x.js:0
[   43444ms] [LOG] Player X: 0.00 Y: 6.00 Z: 5.00 @ http://localhost:3000/_next/static/chunks/0-ynv9eqilv7x.js:0
[   43447ms] [LOG] Player X: 0.00 Y: 6.00 Z: 5.00 @ http://localhost:3000/_next/static/chunks/0-ynv9eqilv7x.js:0
[   43451ms] [LOG] Player X: 0.00 Y: 6.00 Z: 5.00 @ http://localhost:3000/_next/static/chunks/0-ynv9eqilv7x.js:0
[   43454ms] [LOG] Player X: 0.00 Y: 6.00 Z: 5.00 @ http://localhost:3000/_next/static/chunks/0-ynv9eqilv7x.js:0
[   43457ms] [LOG] Player X: 0.00 Y: 6.00 Z: 5.00 @ http://localhost:3000/_next/static/chunks/0-ynv9eqilv7x.js:0
[   43461ms] [LOG] Player X: 0.00 Y: 6.00 Z: 5.00 @ http://localhost:3000/_next/static/chunks/0-ynv9eqilv7x.js:0
[   43464ms] [LOG] Player X: 0.00 Y: 6.00 Z: 5.00 @ http://localhost:3000/_next/static/chunks/0-ynv9eqilv7x.js:0
[   43467ms] [LOG] Player X: 0.00 Y: 6.00 Z: 5.00 @ http://localhost:3000/_next/static/chunks/0-ynv9eqilv7x.js:0
[   43471ms] [LOG] Player X: 0.00 Y: 6.00 Z: 5.00 @ http://localhost:3000/_next/static/chunks/0-ynv9eqilv7x.js:0
[   43474ms] [LOG] Player X: 0.00 Y: 6.00 Z: 5.00 @ http://localhost:3000/_next/static/chunks/0-ynv9eqilv7x.js:0
[   43477ms] [LOG] Player X: 0.00 Y: 6.00 Z: 5.00 @ http://localhost:3000/_next/static/chunks/0-ynv9eqilv7x.js:0
[   43481ms] [LOG] Player X: 0.00 Y: 6.00 Z: 5.00 @ http://localhost:3000/_next/static/chunks/0-ynv9eqilv7x.js:0
[   43484ms] [LOG] Player X: 0.00 Y: 6.00 Z: 5.00 @ http://localhost:3000/_next/static/chunks/0-ynv9eqilv7x.js:0
[   43487ms] [LOG] Player X: 0.00 Y: 6.00 Z: 5.00 @ http://localhost:3000/_next/static/chunks/0-ynv9eqilv7x.js:0
[   43491ms] [LOG] Player X: 0.00 Y: 6.00 Z: 5.00 @ http://localhost:3000/_next/static/chunks/0-ynv9eqilv7x.js:0
[   43494ms] [LOG] Player X: 0.00 Y: 6.00 Z: 5.00 @ http://localhost:3000/_next/static/chunks/0-ynv9eqilv7x.js:0
[   43497ms] [LOG] Player X: 0.00 Y: 6.00 Z: 5.00 @ http://localhost:3000/_next/static/chunks/0-ynv9eqilv7x.js:0
[   43501ms] [LOG] Player X: 0.00 Y: 6.00 Z: 5.00 @ http://localhost:3000/_next/static/chunks/0-ynv9eqilv7x.js:0
[   43504ms] [LOG] Player X: 0.00 Y: 6.00 Z: 5.00 @ http://localhost:3000/_next/static/chunks/0-ynv9eqilv7x.js:0
[   43507ms] [LOG] Player X: 0.00 Y: 6.00 Z: 5.00 @ http://localhost:3000/_next/static/chunks/0-ynv9eqilv7x.js:0
[   43511ms] [LOG] Player X: 0.00 Y: 6.00 Z: 5.00 @ http://localhost:3000/_next/static/chunks/0-ynv9eqilv7x.js:0
[   43514ms] [LOG] Player X: 0.00 Y: 6.00 Z: 5.00 @ http://localhost:3000/_next/static/chunks/0-ynv9eqilv7x.js:0
[   43517ms] [LOG] Player X: 0.00 Y: 6.00 Z: 5.00 @ http://localhost:3000/_next/static/chunks/0-ynv9eqilv7x.js:0
[   43521ms] [LOG] Player X: 0.00 Y: 6.00 Z: 5.00 @ http://localhost:3000/_next/static/chunks/0-ynv9eqilv7x.js:0
[   43524ms] [LOG] Player X: 0.00 Y: 6.00 Z: 5.00 @ http://localhost:3000/_next/static/chunks/0-ynv9eqilv7x.js:0
[   43527ms] [LOG] Player X: 0.00 Y: 6.00 Z: 5.00 @ http://localhost:3000/_next/static/chunks/0-ynv9eqilv7x.js:0
[   43531ms] [LOG] Player X: 0.00 Y: 6.00 Z: 5.00 @ http://localhost:3000/_next/static/chunks/0-ynv9eqilv7x.js:0
[   43534ms] [LOG] Player X: 0.00 Y: 6.00 Z: 5.00 @ http://localhost:3000/_next/static/chunks/0-ynv9eqilv7x.js:0
[   43537ms] [LOG] Player X: 0.00 Y: 6.00 Z: 5.00 @ http://localhost:3000/_next/static/chunks/0-ynv9eqilv7x.js:0
[   43541ms] [LOG] Player X: 0.00 Y: 6.00 Z: 5.00 @ http://localhost:3000/_next/static/chunks/0-ynv9eqilv7x.js:0
[   43544ms] [LOG] Player X: 0.00 Y: 6.00 Z: 5.00 @ http://localhost:3000/_next/static/chunks/0-ynv9eqilv7x.js:0
[   43547ms] [LOG] Player X: 0.00 Y: 6.00 Z: 5.00 @ http://localhost:3000/_next/static/chunks/0-ynv9eqilv7x.js:0
[   43551ms] [LOG] Player X: 0.00 Y: 6.00 Z: 5.00 @ http://localhost:3000/_next/static/chunks/0-ynv9eqilv7x.js:0
[   43554ms] [LOG] Player X: 0.00 Y: 6.00 Z: 5.00 @ http://localhost:3000/_next/static/chunks/0-ynv9eqilv7x.js:0
[   43557ms] [LOG] Player X: 0.00 Y: 6.00 Z: 5.00 @ http://localhost:3000/_next/static/chunks/0-ynv9eqilv7x.js:0
[   43561ms] [LOG] Player X: 0.00 Y: 6.00 Z: 5.00 @ http://localhost:3000/_next/static/chunks/0-ynv9eqilv7x.js:0
[   43564ms] [LOG] Player X: 0.00 Y: 6.00 Z: 5.00 @ http://localhost:3000/_next/static/chunks/0-ynv9eqilv7x.js:0
[   43567ms] [LOG] Player X: 0.00 Y: 6.00 Z: 5.00 @ http://localhost:3000/_next/static/chunks/0-ynv9eqilv7x.js:0
[   43571ms] [LOG] Player X: 0.00 Y: 6.00 Z: 5.00 @ http://localhost:3000/_next/static/chunks/0-ynv9eqilv7x.js:0
[   43574ms] [LOG] Player X: 0.00 Y: 6.00 Z: 5.00 @ http://localhost:3000/_next/static/chunks/0-ynv9eqilv7x.js:0
[   43577ms] [LOG] Player X: 0.00 Y: 6.00 Z: 5.00 @ http://localhost:3000/_next/static/chunks/0-ynv9eqilv7x.js:0
[   43581ms] [LOG] Player X: 0.00 Y: 6.00 Z: 5.00 @ http://localhost:3000/_next/static/chunks/0-ynv9eqilv7x.js:0
[   43584ms] [LOG] Player X: 0.00 Y: 6.00 Z: 5.00 @ http://localhost:3000/_next/static/chunks/0-ynv9eqilv7x.js:0
[   43587ms] [LOG] Player X: 0.00 Y: 6.00 Z: 5.00 @ http://localhost:3000/_next/static/chunks/0-ynv9eqilv7x.js:0
[   43591ms] [LOG] Player X: 0.00 Y: 6.00 Z: 5.00 @ http://localhost:3000/_next/static/chunks/0-ynv9eqilv7x.js:0
[   43594ms] [LOG] Player X: 0.00 Y: 6.00 Z: 5.00 @ http://localhost:3000/_next/static/chunks/0-ynv9eqilv7x.js:0
[   43597ms] [LOG] Player X: 0.00 Y: 6.00 Z: 5.00 @ http://localhost:3000/_next/static/chunks/0-ynv9eqilv7x.js:0
[   43601ms] [LOG] Player X: 0.00 Y: 6.00 Z: 5.00 @ http://localhost:3000/_next/static/chunks/0-ynv9eqilv7x.js:0
[   43604ms] [LOG] Player X: 0.00 Y: 6.00 Z: 5.00 @ http://localhost:3000/_next/static/chunks/0-ynv9eqilv7x.js:0
[   43607ms] [LOG] Player X: 0.00 Y: 6.00 Z: 5.00 @ http://localhost:3000/_next/static/chunks/0-ynv9eqilv7x.js:0
[   43611ms] [LOG] Player X: 0.00 Y: 6.00 Z: 5.00 @ http://localhost:3000/_next/static/chunks/0-ynv9eqilv7x.js:0
[   43614ms] [LOG] Player X: 0.00 Y: 6.00 Z: 5.00 @ http://localhost:3000/_next/static/chunks/0-ynv9eqilv7x.js:0
[   43617ms] [LOG] Player X: 0.00 Y: 6.00 Z: 5.00 @ http://localhost:3000/_next/static/chunks/0-ynv9eqilv7x.js:0
[   43621ms] [LOG] Player X: 0.00 Y: 6.00 Z: 5.00 @ http://localhost:3000/_next/static/chunks/0-ynv9eqilv7x.js:0
[   43624ms] [LOG] Player X: 0.00 Y: 6.00 Z: 5.00 @ http://localhost:3000/_next/static/chunks/0-ynv9eqilv7x.js:0
[   43627ms] [LOG] Player X: 0.00 Y: 6.00 Z: 5.00 @ http://localhost:3000/_next/static/chunks/0-ynv9eqilv7x.js:0
[   43631ms] [LOG] Player X: 0.00 Y: 6.00 Z: 5.00 @ http://localhost:3000/_next/static/chunks/0-ynv9eqilv7x.js:0
[   43634ms] [LOG] Player X: 0.00 Y: 6.00 Z: 5.00 @ http://localhost:3000/_next/static/chunks/0-ynv9eqilv7x.js:0
[   43637ms] [LOG] Player X: 0.00 Y: 6.00 Z: 5.00 @ http://localhost:3000/_next/static/chunks/0-ynv9eqilv7x.js:0
[   43641ms] [LOG] Player X: 0.00 Y: 6.00 Z: 5.00 @ http://localhost:3000/_next/static/chunks/0-ynv9eqilv7x.js:0
[   43644ms] [LOG] Player X: 0.00 Y: 6.00 Z: 5.00 @ http://localhost:3000/_next/static/chunks/0-ynv9eqilv7x.js:0
[   43647ms] [LOG] Player X: 0.00 Y: 6.00 Z: 5.00 @ http://localhost:3000/_next/static/chunks/0-ynv9eqilv7x.js:0
[   43651ms] [LOG] Player X: 0.00 Y: 6.00 Z: 5.00 @ http://localhost:3000/_next/static/chunks/0-ynv9eqilv7x.js:0
[   43654ms] [LOG] Player X: 0.00 Y: 6.00 Z: 5.00 @ http://localhost:3000/_next/static/chunks/0-ynv9eqilv7x.js:0
[   43657ms] [LOG] Player X: 0.00 Y: 6.00 Z: 5.00 @ http://localhost:3000/_next/static/chunks/0-ynv9eqilv7x.js:0
[   43661ms] [LOG] Player X: 0.00 Y: 6.00 Z: 5.00 @ http://localhost:3000/_next/static/chunks/0-ynv9eqilv7x.js:0
[   43664ms] [LOG] Player X: 0.00 Y: 6.00 Z: 5.00 @ http://localhost:3000/_next/static/chunks/0-ynv9eqilv7x.js:0
[   43668ms] [LOG] Player X: 0.00 Y: 6.00 Z: 5.00 @ http://localhost:3000/_next/static/chunks/0-ynv9eqilv7x.js:0
[   43671ms] [LOG] Player X: 0.00 Y: 6.00 Z: 5.00 @ http://localhost:3000/_next/static/chunks/0-ynv9eqilv7x.js:0
[   43674ms] [LOG] Player X: 0.00 Y: 6.00 Z: 5.00 @ http://localhost:3000/_next/static/chunks/0-ynv9eqilv7x.js:0
[   43677ms] [LOG] Player X: 0.00 Y: 6.00 Z: 5.00 @ http://localhost:3000/_next/static/chunks/0-ynv9eqilv7x.js:0
[   43681ms] [LOG] Player X: 0.00 Y: 6.00 Z: 5.00 @ http://localhost:3000/_next/static/chunks/0-ynv9eqilv7x.js:0
[   43684ms] [LOG] Player X: 0.00 Y: 6.00 Z: 5.00 @ http://localhost:3000/_next/static/chunks/0-ynv9eqilv7x.js:0
[   43687ms] [LOG] Player X: 0.00 Y: 6.00 Z: 5.00 @ http://localhost:3000/_next/static/chunks/0-ynv9eqilv7x.js:0
[   43691ms] [LOG] Player X: 0.00 Y: 6.00 Z: 5.00 @ http://localhost:3000/_next/static/chunks/0-ynv9eqilv7x.js:0
[   43694ms] [LOG] Player X: 0.00 Y: 6.00 Z: 5.00 @ http://localhost:3000/_next/static/chunks/0-ynv9eqilv7x.js:0
[   43697ms] [LOG] Player X: 0.00 Y: 6.00 Z: 5.00 @ http://localhost:3000/_next/static/chunks/0-ynv9eqilv7x.js:0
[   43701ms] [LOG] Player X: 0.00 Y: 6.00 Z: 5.00 @ http://localhost:3000/_next/static/chunks/0-ynv9eqilv7x.js:0
[   43704ms] [LOG] Player X: 0.00 Y: 6.00 Z: 5.00 @ http://localhost:3000/_next/static/chunks/0-ynv9eqilv7x.js:0
[   43707ms] [LOG] Player X: 0.00 Y: 6.00 Z: 5.00 @ http://localhost:3000/_next/static/chunks/0-ynv9eqilv7x.js:0
[   43711ms] [LOG] Player X: 0.00 Y: 6.00 Z: 5.00 @ http://localhost:3000/_next/static/chunks/0-ynv9eqilv7x.js:0
[   43714ms] [LOG] Player X: 0.00 Y: 6.00 Z: 5.00 @ http://localhost:3000/_next/static/chunks/0-ynv9eqilv7x.js:0
[   43718ms] [LOG] Player X: 0.00 Y: 6.00 Z: 5.00 @ http://localhost:3000/_next/static/chunks/0-ynv9eqilv7x.js:0
[   43721ms] [LOG] Player X: 0.00 Y: 6.00 Z: 5.00 @ http://localhost:3000/_next/static/chunks/0-ynv9eqilv7x.js:0
[   43724ms] [LOG] Player X: 0.00 Y: 6.00 Z: 5.00 @ http://localhost:3000/_next/static/chunks/0-ynv9eqilv7x.js:0
[   43727ms] [LOG] Player X: 0.00 Y: 6.00 Z: 5.00 @ http://localhost:3000/_next/static/chunks/0-ynv9eqilv7x.js:0
[   43731ms] [LOG] Player X: 0.00 Y: 6.00 Z: 5.00 @ http://localhost:3000/_next/static/chunks/0-ynv9eqilv7x.js:0
[   43734ms] [LOG] Player X: 0.00 Y: 6.00 Z: 5.00 @ http://localhost:3000/_next/static/chunks/0-ynv9eqilv7x.js:0
[   43737ms] [LOG] Player X: 0.00 Y: 6.00 Z: 5.00 @ http://localhost:3000/_next/static/chunks/0-ynv9eqilv7x.js:0
[   43741ms] [LOG] Player X: 0.00 Y: 6.00 Z: 5.00 @ http://localhost:3000/_next/static/chunks/0-ynv9eqilv7x.js:0
[   43744ms] [LOG] Player X: 0.00 Y: 6.00 Z: 5.00 @ http://localhost:3000/_next/static/chunks/0-ynv9eqilv7x.js:0
[   43748ms] [LOG] Player X: 0.00 Y: 6.00 Z: 5.00 @ http://localhost:3000/_next/static/chunks/0-ynv9eqilv7x.js:0
[   43751ms] [LOG] Player X: 0.00 Y: 6.00 Z: 5.00 @ http://localhost:3000/_next/static/chunks/0-ynv9eqilv7x.js:0
[   43754ms] [LOG] Player X: 0.00 Y: 6.00 Z: 5.00 @ http://localhost:3000/_next/static/chunks/0-ynv9eqilv7x.js:0
[   43757ms] [LOG] Player X: 0.00 Y: 6.00 Z: 5.00 @ http://localhost:3000/_next/static/chunks/0-ynv9eqilv7x.js:0
[   43761ms] [LOG] Player X: 0.00 Y: 6.00 Z: 5.00 @ http://localhost:3000/_next/static/chunks/0-ynv9eqilv7x.js:0
[   43764ms] [LOG] Player X: 0.00 Y: 6.00 Z: 5.00 @ http://localhost:3000/_next/static/chunks/0-ynv9eqilv7x.js:0
[   43767ms] [LOG] Player X: 0.00 Y: 6.00 Z: 5.00 @ http://localhost:3000/_next/static/chunks/0-ynv9eqilv7x.js:0
[   43771ms] [LOG] Player X: 0.00 Y: 6.00 Z: 5.00 @ http://localhost:3000/_next/static/chunks/0-ynv9eqilv7x.js:0
[   43774ms] [LOG] Player X: 0.00 Y: 6.00 Z: 5.00 @ http://localhost:3000/_next/static/chunks/0-ynv9eqilv7x.js:0
[   43777ms] [LOG] Player X: 0.00 Y: 6.00 Z: 5.00 @ http://localhost:3000/_next/static/chunks/0-ynv9eqilv7x.js:0
[   43781ms] [LOG] Player X: 0.00 Y: 6.00 Z: 5.00 @ http://localhost:3000/_next/static/chunks/0-ynv9eqilv7x.js:0
[   43784ms] [LOG] Player X: 0.00 Y: 6.00 Z: 5.00 @ http://localhost:3000/_next/static/chunks/0-ynv9eqilv7x.js:0
[   43787ms] [LOG] Player X: 0.00 Y: 6.00 Z: 5.00 @ http://localhost:3000/_next/static/chunks/0-ynv9eqilv7x.js:0
[   43791ms] [LOG] Player X: 0.00 Y: 6.00 Z: 5.00 @ http://localhost:3000/_next/static/chunks/0-ynv9eqilv7x.js:0
[   43794ms] [LOG] Player X: 0.00 Y: 6.00 Z: 5.00 @ http://localhost:3000/_next/static/chunks/0-ynv9eqilv7x.js:0
[   43797ms] [LOG] Player X: 0.00 Y: 6.00 Z: 5.00 @ http://localhost:3000/_next/static/chunks/0-ynv9eqilv7x.js:0
[   43801ms] [LOG] Player X: 0.00 Y: 6.00 Z: 5.00 @ http://localhost:3000/_next/static/chunks/0-ynv9eqilv7x.js:0
[   43804ms] [LOG] Player X: 0.00 Y: 6.00 Z: 5.00 @ http://localhost:3000/_next/static/chunks/0-ynv9eqilv7x.js:0
[   43807ms] [LOG] Player X: 0.00 Y: 6.00 Z: 5.00 @ http://localhost:3000/_next/static/chunks/0-ynv9eqilv7x.js:0
[   43811ms] [LOG] Player X: 0.00 Y: 6.00 Z: 5.00 @ http://localhost:3000/_next/static/chunks/0-ynv9eqilv7x.js:0
[   43814ms] [LOG] Player X: 0.00 Y: 6.00 Z: 5.00 @ http://localhost:3000/_next/static/chunks/0-ynv9eqilv7x.js:0
[   43817ms] [LOG] Player X: 0.00 Y: 6.00 Z: 5.00 @ http://localhost:3000/_next/static/chunks/0-ynv9eqilv7x.js:0
[   43821ms] [LOG] Player X: 0.00 Y: 6.00 Z: 5.00 @ http://localhost:3000/_next/static/chunks/0-ynv9eqilv7x.js:0
[   43824ms] [LOG] Player X: 0.00 Y: 6.00 Z: 5.00 @ http://localhost:3000/_next/static/chunks/0-ynv9eqilv7x.js:0
[   43827ms] [LOG] Player X: 0.00 Y: 6.00 Z: 5.00 @ http://localhost:3000/_next/static/chunks/0-ynv9eqilv7x.js:0
[   43831ms] [LOG] Player X: 0.00 Y: 6.00 Z: 5.00 @ http://localhost:3000/_next/static/chunks/0-ynv9eqilv7x.js:0
[   43834ms] [LOG] Player X: 0.00 Y: 6.00 Z: 5.00 @ http://localhost:3000/_next/static/chunks/0-ynv9eqilv7x.js:0
[   43837ms] [LOG] Player X: 0.00 Y: 6.00 Z: 5.00 @ http://localhost:3000/_next/static/chunks/0-ynv9eqilv7x.js:0
[   43841ms] [LOG] Player X: 0.00 Y: 6.00 Z: 5.00 @ http://localhost:3000/_next/static/chunks/0-ynv9eqilv7x.js:0
[   43844ms] [LOG] Player X: 0.00 Y: 6.00 Z: 5.00 @ http://localhost:3000/_next/static/chunks/0-ynv9eqilv7x.js:0
[   43847ms] [LOG] Player X: 0.00 Y: 6.00 Z: 5.00 @ http://localhost:3000/_next/static/chunks/0-ynv9eqilv7x.js:0
[   43851ms] [LOG] Player X: 0.00 Y: 6.00 Z: 5.00 @ http://localhost:3000/_next/static/chunks/0-ynv9eqilv7x.js:0
[   43854ms] [LOG] Player X: 0.00 Y: 6.00 Z: 5.00 @ http://localhost:3000/_next/static/chunks/0-ynv9eqilv7x.js:0
[   43857ms] [LOG] Player X: 0.00 Y: 6.00 Z: 5.00 @ http://localhost:3000/_next/static/chunks/0-ynv9eqilv7x.js:0
[   43861ms] [LOG] Player X: 0.00 Y: 6.00 Z: 5.00 @ http://localhost:3000/_next/static/chunks/0-ynv9eqilv7x.js:0
[   43864ms] [LOG] Player X: 0.00 Y: 6.00 Z: 5.00 @ http://localhost:3000/_next/static/chunks/0-ynv9eqilv7x.js:0
[   43867ms] [LOG] Player X: 0.00 Y: 6.00 Z: 5.00 @ http://localhost:3000/_next/static/chunks/0-ynv9eqilv7x.js:0
[   43871ms] [LOG] Player X: 0.00 Y: 6.00 Z: 5.00 @ http://localhost:3000/_next/static/chunks/0-ynv9eqilv7x.js:0
[   43874ms] [LOG] Player X: 0.00 Y: 6.00 Z: 5.00 @ http://localhost:3000/_next/static/chunks/0-ynv9eqilv7x.js:0
[   43877ms] [LOG] Player X: 0.00 Y: 6.00 Z: 5.00 @ http://localhost:3000/_next/static/chunks/0-ynv9eqilv7x.js:0
[   43881ms] [LOG] Player X: 0.00 Y: 6.00 Z: 5.00 @ http://localhost:3000/_next/static/chunks/0-ynv9eqilv7x.js:0
[   43884ms] [LOG] Player X: 0.00 Y: 6.00 Z: 5.00 @ http://localhost:3000/_next/static/chunks/0-ynv9eqilv7x.js:0
[   43887ms] [LOG] Player X: 0.00 Y: 6.00 Z: 5.00 @ http://localhost:3000/_next/static/chunks/0-ynv9eqilv7x.js:0
[   43891ms] [LOG] Player X: 0.00 Y: 6.00 Z: 5.00 @ http://localhost:3000/_next/static/chunks/0-ynv9eqilv7x.js:0
[   43894ms] [LOG] Player X: 0.00 Y: 6.00 Z: 5.00 @ http://localhost:3000/_next/static/chunks/0-ynv9eqilv7x.js:0
[   43897ms] [LOG] Player X: 0.00 Y: 6.00 Z: 5.00 @ http://localhost:3000/_next/static/chunks/0-ynv9eqilv7x.js:0
[   43901ms] [LOG] Player X: 0.00 Y: 6.00 Z: 5.00 @ http://localhost:3000/_next/static/chunks/0-ynv9eqilv7x.js:0
[   43904ms] [LOG] Player X: 0.00 Y: 6.00 Z: 5.00 @ http://localhost:3000/_next/static/chunks/0-ynv9eqilv7x.js:0
[   43907ms] [LOG] Player X: 0.00 Y: 6.00 Z: 5.00 @ http://localhost:3000/_next/static/chunks/0-ynv9eqilv7x.js:0
[   43911ms] [LOG] Player X: 0.00 Y: 6.00 Z: 5.00 @ http://localhost:3000/_next/static/chunks/0-ynv9eqilv7x.js:0
[   43914ms] [LOG] Player X: 0.00 Y: 6.00 Z: 5.00 @ http://localhost:3000/_next/static/chunks/0-ynv9eqilv7x.js:0
[   43917ms] [LOG] Player X: 0.00 Y: 6.00 Z: 5.00 @ http://localhost:3000/_next/static/chunks/0-ynv9eqilv7x.js:0
[   43921ms] [LOG] Player X: 0.00 Y: 6.00 Z: 5.00 @ http://localhost:3000/_next/static/chunks/0-ynv9eqilv7x.js:0
[   43924ms] [LOG] Player X: 0.00 Y: 6.00 Z: 5.00 @ http://localhost:3000/_next/static/chunks/0-ynv9eqilv7x.js:0
[   43927ms] [LOG] Player X: 0.00 Y: 6.00 Z: 5.00 @ http://localhost:3000/_next/static/chunks/0-ynv9eqilv7x.js:0
[   43931ms] [LOG] Player X: 0.00 Y: 6.00 Z: 5.00 @ http://localhost:3000/_next/static/chunks/0-ynv9eqilv7x.js:0
[   43934ms] [LOG] Player X: 0.00 Y: 6.00 Z: 5.00 @ http://localhost:3000/_next/static/chunks/0-ynv9eqilv7x.js:0
[   43937ms] [LOG] Player X: 0.00 Y: 6.00 Z: 5.00 @ http://localhost:3000/_next/static/chunks/0-ynv9eqilv7x.js:0
[   43941ms] [LOG] Player X: 0.00 Y: 6.00 Z: 5.00 @ http://localhost:3000/_next/static/chunks/0-ynv9eqilv7x.js:0
[   43944ms] [LOG] Player X: 0.00 Y: 6.00 Z: 5.00 @ http://localhost:3000/_next/static/chunks/0-ynv9eqilv7x.js:0
[   43947ms] [LOG] Player X: 0.00 Y: 6.00 Z: 5.00 @ http://localhost:3000/_next/static/chunks/0-ynv9eqilv7x.js:0
[   43951ms] [LOG] Player X: 0.00 Y: 6.00 Z: 5.00 @ http://localhost:3000/_next/static/chunks/0-ynv9eqilv7x.js:0
[   43954ms] [LOG] Player X: 0.00 Y: 6.00 Z: 5.00 @ http://localhost:3000/_next/static/chunks/0-ynv9eqilv7x.js:0
[   43957ms] [LOG] Player X: 0.00 Y: 6.00 Z: 5.00 @ http://localhost:3000/_next/static/chunks/0-ynv9eqilv7x.js:0
[   43961ms] [LOG] Player X: 0.00 Y: 6.00 Z: 5.00 @ http://localhost:3000/_next/static/chunks/0-ynv9eqilv7x.js:0
[   43964ms] [LOG] Player X: 0.00 Y: 6.00 Z: 5.00 @ http://localhost:3000/_next/static/chunks/0-ynv9eqilv7x.js:0
[   43967ms] [LOG] Player X: 0.00 Y: 6.00 Z: 5.00 @ http://localhost:3000/_next/static/chunks/0-ynv9eqilv7x.js:0
[   43971ms] [LOG] Player X: 0.00 Y: 6.00 Z: 5.00 @ http://localhost:3000/_next/static/chunks/0-ynv9eqilv7x.js:0
[   43974ms] [LOG] Player X: 0.00 Y: 6.00 Z: 5.00 @ http://localhost:3000/_next/static/chunks/0-ynv9eqilv7x.js:0
[   43977ms] [LOG] Player X: 0.00 Y: 6.00 Z: 5.00 @ http://localhost:3000/_next/static/chunks/0-ynv9eqilv7x.js:0
[   43981ms] [LOG] Player X: 0.00 Y: 6.00 Z: 5.00 @ http://localhost:3000/_next/static/chunks/0-ynv9eqilv7x.js:0
[   43984ms] [LOG] Player X: 0.00 Y: 6.00 Z: 5.00 @ http://localhost:3000/_next/static/chunks/0-ynv9eqilv7x.js:0
[   43987ms] [LOG] Player X: 0.00 Y: 6.00 Z: 5.00 @ http://localhost:3000/_next/static/chunks/0-ynv9eqilv7x.js:0
[   43991ms] [LOG] Player X: 0.00 Y: 6.00 Z: 5.00 @ http://localhost:3000/_next/static/chunks/0-ynv9eqilv7x.js:0
[   43994ms] [LOG] Player X: 0.00 Y: 6.00 Z: 5.00 @ http://localhost:3000/_next/static/chunks/0-ynv9eqilv7x.js:0
[   43997ms] [LOG] Player X: 0.00 Y: 6.00 Z: 5.00 @ http://localhost:3000/_next/static/chunks/0-ynv9eqilv7x.js:0
[   44001ms] [LOG] Player X: 0.00 Y: 6.00 Z: 5.00 @ http://localhost:3000/_next/static/chunks/0-ynv9eqilv7x.js:0
[   44004ms] [LOG] Player X: 0.00 Y: 6.00 Z: 5.00 @ http://localhost:3000/_next/static/chunks/0-ynv9eqilv7x.js:0
[   44007ms] [LOG] Player X: 0.00 Y: 6.00 Z: 5.00 @ http://localhost:3000/_next/static/chunks/0-ynv9eqilv7x.js:0
[   44011ms] [LOG] Player X: 0.00 Y: 6.00 Z: 5.00 @ http://localhost:3000/_next/static/chunks/0-ynv9eqilv7x.js:0
[   44014ms] [LOG] Player X: 0.00 Y: 6.00 Z: 5.00 @ http://localhost:3000/_next/static/chunks/0-ynv9eqilv7x.js:0
[   44017ms] [LOG] Player X: 0.00 Y: 6.00 Z: 5.00 @ http://localhost:3000/_next/static/chunks/0-ynv9eqilv7x.js:0
[   44021ms] [LOG] Player X: 0.00 Y: 6.00 Z: 5.00 @ http://localhost:3000/_next/static/chunks/0-ynv9eqilv7x.js:0
[   44024ms] [LOG] Player X: 0.00 Y: 6.00 Z: 5.00 @ http://localhost:3000/_next/static/chunks/0-ynv9eqilv7x.js:0
[   44027ms] [LOG] Player X: 0.00 Y: 6.00 Z: 5.00 @ http://localhost:3000/_next/static/chunks/0-ynv9eqilv7x.js:0
[   44031ms] [LOG] Player X: 0.00 Y: 6.00 Z: 5.00 @ http://localhost:3000/_next/static/chunks/0-ynv9eqilv7x.js:0
[   44034ms] [LOG] Player X: 0.00 Y: 6.00 Z: 5.00 @ http://localhost:3000/_next/static/chunks/0-ynv9eqilv7x.js:0
[   44037ms] [LOG] Player X: 0.00 Y: 6.00 Z: 5.00 @ http://localhost:3000/_next/static/chunks/0-ynv9eqilv7x.js:0
[   44041ms] [LOG] Player X: 0.00 Y: 6.00 Z: 5.00 @ http://localhost:3000/_next/static/chunks/0-ynv9eqilv7x.js:0
[   44044ms] [LOG] Player X: 0.00 Y: 6.00 Z: 5.00 @ http://localhost:3000/_next/static/chunks/0-ynv9eqilv7x.js:0
[   44047ms] [LOG] Player X: 0.00 Y: 6.00 Z: 5.00 @ http://localhost:3000/_next/static/chunks/0-ynv9eqilv7x.js:0
[   44051ms] [LOG] Player X: 0.00 Y: 6.00 Z: 5.00 @ http://localhost:3000/_next/static/chunks/0-ynv9eqilv7x.js:0
[   44054ms] [LOG] Player X: 0.00 Y: 6.00 Z: 5.00 @ http://localhost:3000/_next/static/chunks/0-ynv9eqilv7x.js:0
[   44057ms] [LOG] Player X: 0.00 Y: 6.00 Z: 5.00 @ http://localhost:3000/_next/static/chunks/0-ynv9eqilv7x.js:0
[   44061ms] [LOG] Player X: 0.00 Y: 6.00 Z: 5.00 @ http://localhost:3000/_next/static/chunks/0-ynv9eqilv7x.js:0
[   44064ms] [LOG] Player X: 0.00 Y: 6.00 Z: 5.00 @ http://localhost:3000/_next/static/chunks/0-ynv9eqilv7x.js:0
[   44067ms] [LOG] Player X: 0.00 Y: 6.00 Z: 5.00 @ http://localhost:3000/_next/static/chunks/0-ynv9eqilv7x.js:0
[   44071ms] [LOG] Player X: 0.00 Y: 6.00 Z: 5.00 @ http://localhost:3000/_next/static/chunks/0-ynv9eqilv7x.js:0
[   44074ms] [LOG] Player X: 0.00 Y: 6.00 Z: 5.00 @ http://localhost:3000/_next/static/chunks/0-ynv9eqilv7x.js:0
[   44077ms] [LOG] Player X: 0.00 Y: 6.00 Z: 5.00 @ http://localhost:3000/_next/static/chunks/0-ynv9eqilv7x.js:0
[   44081ms] [LOG] Player X: 0.00 Y: 6.00 Z: 5.00 @ http://localhost:3000/_next/static/chunks/0-ynv9eqilv7x.js:0
[   44084ms] [LOG] Player X: 0.00 Y: 6.00 Z: 5.00 @ http://localhost:3000/_next/static/chunks/0-ynv9eqilv7x.js:0
[   44087ms] [LOG] Player X: 0.00 Y: 6.00 Z: 5.00 @ http://localhost:3000/_next/static/chunks/0-ynv9eqilv7x.js:0
[   44091ms] [LOG] Player X: 0.00 Y: 6.00 Z: 5.00 @ http://localhost:3000/_next/static/chunks/0-ynv9eqilv7x.js:0
[   44094ms] [LOG] Player X: 0.00 Y: 6.00 Z: 5.00 @ http://localhost:3000/_next/static/chunks/0-ynv9eqilv7x.js:0
[   44097ms] [LOG] Player X: 0.00 Y: 6.00 Z: 5.00 @ http://localhost:3000/_next/static/chunks/0-ynv9eqilv7x.js:0
[   44101ms] [LOG] Player X: 0.00 Y: 6.00 Z: 5.00 @ http://localhost:3000/_next/static/chunks/0-ynv9eqilv7x.js:0
[   44104ms] [LOG] Player X: 0.00 Y: 6.00 Z: 5.00 @ http://localhost:3000/_next/static/chunks/0-ynv9eqilv7x.js:0
[   44107ms] [LOG] Player X: 0.00 Y: 6.00 Z: 5.00 @ http://localhost:3000/_next/static/chunks/0-ynv9eqilv7x.js:0
[   44111ms] [LOG] Player X: 0.00 Y: 6.00 Z: 5.00 @ http://localhost:3000/_next/static/chunks/0-ynv9eqilv7x.js:0
[   44114ms] [LOG] Player X: 0.00 Y: 6.00 Z: 5.00 @ http://localhost:3000/_next/static/chunks/0-ynv9eqilv7x.js:0
[   44117ms] [LOG] Player X: 0.00 Y: 6.00 Z: 5.00 @ http://localhost:3000/_next/static/chunks/0-ynv9eqilv7x.js:0
[   44121ms] [LOG] Player X: 0.00 Y: 6.00 Z: 5.00 @ http://localhost:3000/_next/static/chunks/0-ynv9eqilv7x.js:0
[   44124ms] [LOG] Player X: 0.00 Y: 6.00 Z: 5.00 @ http://localhost:3000/_next/static/chunks/0-ynv9eqilv7x.js:0
[   44127ms] [LOG] Player X: 0.00 Y: 6.00 Z: 5.00 @ http://localhost:3000/_next/static/chunks/0-ynv9eqilv7x.js:0
[   44131ms] [LOG] Player X: 0.00 Y: 6.00 Z: 5.00 @ http://localhost:3000/_next/static/chunks/0-ynv9eqilv7x.js:0
[   44134ms] [LOG] Player X: 0.00 Y: 6.00 Z: 5.00 @ http://localhost:3000/_next/static/chunks/0-ynv9eqilv7x.js:0
[   44137ms] [LOG] Player X: 0.00 Y: 6.00 Z: 5.00 @ http://localhost:3000/_next/static/chunks/0-ynv9eqilv7x.js:0
[   44141ms] [LOG] Player X: 0.00 Y: 6.00 Z: 5.00 @ http://localhost:3000/_next/static/chunks/0-ynv9eqilv7x.js:0
[   44144ms] [LOG] Player X: 0.00 Y: 6.00 Z: 5.00 @ http://localhost:3000/_next/static/chunks/0-ynv9eqilv7x.js:0
[   44147ms] [LOG] Player X: 0.00 Y: 6.00 Z: 5.00 @ http://localhost:3000/_next/static/chunks/0-ynv9eqilv7x.js:0
[   44151ms] [LOG] Player X: 0.00 Y: 6.00 Z: 5.00 @ http://localhost:3000/_next/static/chunks/0-ynv9eqilv7x.js:0
[   44154ms] [LOG] Player X: 0.00 Y: 6.00 Z: 5.00 @ http://localhost:3000/_next/static/chunks/0-ynv9eqilv7x.js:0
[   44157ms] [LOG] Player X: 0.00 Y: 6.00 Z: 5.00 @ http://localhost:3000/_next/static/chunks/0-ynv9eqilv7x.js:0
[   44161ms] [LOG] Player X: 0.00 Y: 6.00 Z: 5.00 @ http://localhost:3000/_next/static/chunks/0-ynv9eqilv7x.js:0
[   44164ms] [LOG] Player X: 0.00 Y: 6.00 Z: 5.00 @ http://localhost:3000/_next/static/chunks/0-ynv9eqilv7x.js:0
[   44167ms] [LOG] Player X: 0.00 Y: 6.00 Z: 5.00 @ http://localhost:3000/_next/static/chunks/0-ynv9eqilv7x.js:0
[   44171ms] [LOG] Player X: 0.00 Y: 6.00 Z: 5.00 @ http://localhost:3000/_next/static/chunks/0-ynv9eqilv7x.js:0
[   44174ms] [LOG] Player X: 0.00 Y: 6.00 Z: 5.00 @ http://localhost:3000/_next/static/chunks/0-ynv9eqilv7x.js:0
[   44177ms] [LOG] Player X: 0.00 Y: 6.00 Z: 5.00 @ http://localhost:3000/_next/static/chunks/0-ynv9eqilv7x.js:0
[   44181ms] [LOG] Player X: 0.00 Y: 6.00 Z: 5.00 @ http://localhost:3000/_next/static/chunks/0-ynv9eqilv7x.js:0
[   44184ms] [LOG] Player X: 0.00 Y: 6.00 Z: 5.00 @ http://localhost:3000/_next/static/chunks/0-ynv9eqilv7x.js:0
[   44187ms] [LOG] Player X: 0.00 Y: 6.00 Z: 5.00 @ http://localhost:3000/_next/static/chunks/0-ynv9eqilv7x.js:0
[   44191ms] [LOG] Player X: 0.00 Y: 6.00 Z: 5.00 @ http://localhost:3000/_next/static/chunks/0-ynv9eqilv7x.js:0
[   44194ms] [LOG] Player X: 0.00 Y: 6.00 Z: 5.00 @ http://localhost:3000/_next/static/chunks/0-ynv9eqilv7x.js:0
[   44197ms] [LOG] Player X: 0.00 Y: 6.00 Z: 5.00 @ http://localhost:3000/_next/static/chunks/0-ynv9eqilv7x.js:0
[   44201ms] [LOG] Player X: 0.00 Y: 6.00 Z: 5.00 @ http://localhost:3000/_next/static/chunks/0-ynv9eqilv7x.js:0
[   44204ms] [LOG] Player X: 0.00 Y: 6.00 Z: 5.00 @ http://localhost:3000/_next/static/chunks/0-ynv9eqilv7x.js:0
[   44207ms] [LOG] Player X: 0.00 Y: 6.00 Z: 5.00 @ http://localhost:3000/_next/static/chunks/0-ynv9eqilv7x.js:0
[   44211ms] [LOG] Player X: 0.00 Y: 6.00 Z: 5.00 @ http://localhost:3000/_next/static/chunks/0-ynv9eqilv7x.js:0
[   44214ms] [LOG] Player X: 0.00 Y: 6.00 Z: 5.00 @ http://localhost:3000/_next/static/chunks/0-ynv9eqilv7x.js:0
[   44217ms] [LOG] Player X: 0.00 Y: 6.00 Z: 5.00 @ http://localhost:3000/_next/static/chunks/0-ynv9eqilv7x.js:0
[   44221ms] [LOG] Player X: 0.00 Y: 6.00 Z: 5.00 @ http://localhost:3000/_next/static/chunks/0-ynv9eqilv7x.js:0
[   44224ms] [LOG] Player X: 0.00 Y: 6.00 Z: 5.00 @ http://localhost:3000/_next/static/chunks/0-ynv9eqilv7x.js:0
[   44227ms] [LOG] Player X: 0.00 Y: 6.00 Z: 5.00 @ http://localhost:3000/_next/static/chunks/0-ynv9eqilv7x.js:0
[   44231ms] [LOG] Player X: 0.00 Y: 6.00 Z: 5.00 @ http://localhost:3000/_next/static/chunks/0-ynv9eqilv7x.js:0
[   44234ms] [LOG] Player X: 0.00 Y: 6.00 Z: 5.00 @ http://localhost:3000/_next/static/chunks/0-ynv9eqilv7x.js:0
[   44237ms] [LOG] Player X: 0.00 Y: 6.00 Z: 5.00 @ http://localhost:3000/_next/static/chunks/0-ynv9eqilv7x.js:0
[   44241ms] [LOG] Player X: 0.00 Y: 6.00 Z: 5.00 @ http://localhost:3000/_next/static/chunks/0-ynv9eqilv7x.js:0
[   44244ms] [LOG] Player X: 0.00 Y: 6.00 Z: 5.00 @ http://localhost:3000/_next/static/chunks/0-ynv9eqilv7x.js:0
[   44247ms] [LOG] Player X: 0.00 Y: 6.00 Z: 5.00 @ http://localhost:3000/_next/static/chunks/0-ynv9eqilv7x.js:0
[   44251ms] [LOG] Player X: 0.00 Y: 6.00 Z: 5.00 @ http://localhost:3000/_next/static/chunks/0-ynv9eqilv7x.js:0
[   44254ms] [LOG] Player X: 0.00 Y: 6.00 Z: 5.00 @ http://localhost:3000/_next/static/chunks/0-ynv9eqilv7x.js:0
[   44257ms] [LOG] Player X: 0.00 Y: 6.00 Z: 5.00 @ http://localhost:3000/_next/static/chunks/0-ynv9eqilv7x.js:0
[   44261ms] [LOG] Player X: 0.00 Y: 6.00 Z: 5.00 @ http://localhost:3000/_next/static/chunks/0-ynv9eqilv7x.js:0
[   44264ms] [LOG] Player X: 0.00 Y: 6.00 Z: 5.00 @ http://localhost:3000/_next/static/chunks/0-ynv9eqilv7x.js:0
[   44267ms] [LOG] Player X: 0.00 Y: 6.00 Z: 5.00 @ http://localhost:3000/_next/static/chunks/0-ynv9eqilv7x.js:0
[   44271ms] [LOG] Player X: 0.00 Y: 6.00 Z: 5.00 @ http://localhost:3000/_next/static/chunks/0-ynv9eqilv7x.js:0
[   44274ms] [LOG] Player X: 0.00 Y: 6.00 Z: 5.00 @ http://localhost:3000/_next/static/chunks/0-ynv9eqilv7x.js:0
[   44277ms] [LOG] Player X: 0.00 Y: 6.00 Z: 5.00 @ http://localhost:3000/_next/static/chunks/0-ynv9eqilv7x.js:0
[   44281ms] [LOG] Player X: 0.00 Y: 6.00 Z: 5.00 @ http://localhost:3000/_next/static/chunks/0-ynv9eqilv7x.js:0
[   44284ms] [LOG] Player X: 0.00 Y: 6.00 Z: 5.00 @ http://localhost:3000/_next/static/chunks/0-ynv9eqilv7x.js:0
[   44287ms] [LOG] Player X: 0.00 Y: 6.00 Z: 5.00 @ http://localhost:3000/_next/static/chunks/0-ynv9eqilv7x.js:0
[   44291ms] [LOG] Player X: 0.00 Y: 6.00 Z: 5.00 @ http://localhost:3000/_next/static/chunks/0-ynv9eqilv7x.js:0
[   44294ms] [LOG] Player X: 0.00 Y: 6.00 Z: 5.00 @ http://localhost:3000/_next/static/chunks/0-ynv9eqilv7x.js:0
[   44297ms] [LOG] Player X: 0.00 Y: 6.00 Z: 5.00 @ http://localhost:3000/_next/static/chunks/0-ynv9eqilv7x.js:0
[   44301ms] [LOG] Player X: 0.00 Y: 6.00 Z: 5.00 @ http://localhost:3000/_next/static/chunks/0-ynv9eqilv7x.js:0
[   44304ms] [LOG] Player X: 0.00 Y: 6.00 Z: 5.00 @ http://localhost:3000/_next/static/chunks/0-ynv9eqilv7x.js:0
[   44307ms] [LOG] Player X: 0.00 Y: 6.00 Z: 5.00 @ http://localhost:3000/_next/static/chunks/0-ynv9eqilv7x.js:0
[   44311ms] [LOG] Player X: 0.00 Y: 6.00 Z: 5.00 @ http://localhost:3000/_next/static/chunks/0-ynv9eqilv7x.js:0
[   44314ms] [LOG] Player X: 0.00 Y: 6.00 Z: 5.00 @ http://localhost:3000/_next/static/chunks/0-ynv9eqilv7x.js:0
[   44317ms] [LOG] Player X: 0.00 Y: 6.00 Z: 5.00 @ http://localhost:3000/_next/static/chunks/0-ynv9eqilv7x.js:0
[   44321ms] [LOG] Player X: 0.00 Y: 6.00 Z: 5.00 @ http://localhost:3000/_next/static/chunks/0-ynv9eqilv7x.js:0
[   44324ms] [LOG] Player X: 0.00 Y: 6.00 Z: 5.00 @ http://localhost:3000/_next/static/chunks/0-ynv9eqilv7x.js:0
[   44327ms] [LOG] Player X: 0.00 Y: 6.00 Z: 5.00 @ http://localhost:3000/_next/static/chunks/0-ynv9eqilv7x.js:0
[   44331ms] [LOG] Player X: 0.00 Y: 6.00 Z: 5.00 @ http://localhost:3000/_next/static/chunks/0-ynv9eqilv7x.js:0
[   44334ms] [LOG] Player X: 0.00 Y: 6.00 Z: 5.00 @ http://localhost:3000/_next/static/chunks/0-ynv9eqilv7x.js:0
[   44337ms] [LOG] Player X: 0.00 Y: 6.00 Z: 5.00 @ http://localhost:3000/_next/static/chunks/0-ynv9eqilv7x.js:0
[   44341ms] [LOG] Player X: 0.00 Y: 6.00 Z: 5.00 @ http://localhost:3000/_next/static/chunks/0-ynv9eqilv7x.js:0
[   44344ms] [LOG] Player X: 0.00 Y: 6.00 Z: 5.00 @ http://localhost:3000/_next/static/chunks/0-ynv9eqilv7x.js:0
[   44347ms] [LOG] Player X: 0.00 Y: 6.00 Z: 5.00 @ http://localhost:3000/_next/static/chunks/0-ynv9eqilv7x.js:0
[   44351ms] [LOG] Player X: 0.00 Y: 6.00 Z: 5.00 @ http://localhost:3000/_next/static/chunks/0-ynv9eqilv7x.js:0
[   44354ms] [LOG] Player X: 0.00 Y: 6.00 Z: 5.00 @ http://localhost:3000/_next/static/chunks/0-ynv9eqilv7x.js:0
[   44357ms] [LOG] Player X: 0.00 Y: 6.00 Z: 5.00 @ http://localhost:3000/_next/static/chunks/0-ynv9eqilv7x.js:0
[   44361ms] [LOG] Player X: 0.00 Y: 6.00 Z: 5.00 @ http://localhost:3000/_next/static/chunks/0-ynv9eqilv7x.js:0
[   44364ms] [LOG] Player X: 0.00 Y: 6.00 Z: 5.00 @ http://localhost:3000/_next/static/chunks/0-ynv9eqilv7x.js:0
[   44367ms] [LOG] Player X: 0.00 Y: 6.00 Z: 5.00 @ http://localhost:3000/_next/static/chunks/0-ynv9eqilv7x.js:0
[   44371ms] [LOG] Player X: 0.00 Y: 6.00 Z: 5.00 @ http://localhost:3000/_next/static/chunks/0-ynv9eqilv7x.js:0
[   44374ms] [LOG] Player X: 0.00 Y: 6.00 Z: 5.00 @ http://localhost:3000/_next/static/chunks/0-ynv9eqilv7x.js:0
[   44377ms] [LOG] Player X: 0.00 Y: 6.00 Z: 5.00 @ http://localhost:3000/_next/static/chunks/0-ynv9eqilv7x.js:0
[   44381ms] [LOG] Player X: 0.00 Y: 6.00 Z: 5.00 @ http://localhost:3000/_next/static/chunks/0-ynv9eqilv7x.js:0
[   44384ms] [LOG] Player X: 0.00 Y: 6.00 Z: 5.00 @ http://localhost:3000/_next/static/chunks/0-ynv9eqilv7x.js:0
[   44387ms] [LOG] Player X: 0.00 Y: 6.00 Z: 5.00 @ http://localhost:3000/_next/static/chunks/0-ynv9eqilv7x.js:0
[   44391ms] [LOG] Player X: 0.00 Y: 6.00 Z: 5.00 @ http://localhost:3000/_next/static/chunks/0-ynv9eqilv7x.js:0
[   44394ms] [LOG] Player X: 0.00 Y: 6.00 Z: 5.00 @ http://localhost:3000/_next/static/chunks/0-ynv9eqilv7x.js:0
[   44397ms] [LOG] Player X: 0.00 Y: 6.00 Z: 5.00 @ http://localhost:3000/_next/static/chunks/0-ynv9eqilv7x.js:0
[   44401ms] [LOG] Player X: 0.00 Y: 6.00 Z: 5.00 @ http://localhost:3000/_next/static/chunks/0-ynv9eqilv7x.js:0
[   44404ms] [LOG] Player X: 0.00 Y: 6.00 Z: 5.00 @ http://localhost:3000/_next/static/chunks/0-ynv9eqilv7x.js:0
[   44407ms] [LOG] Player X: 0.00 Y: 6.00 Z: 5.00 @ http://localhost:3000/_next/static/chunks/0-ynv9eqilv7x.js:0
[   44411ms] [LOG] Player X: 0.00 Y: 6.00 Z: 5.00 @ http://localhost:3000/_next/static/chunks/0-ynv9eqilv7x.js:0
[   44414ms] [LOG] Player X: 0.00 Y: 6.00 Z: 5.00 @ http://localhost:3000/_next/static/chunks/0-ynv9eqilv7x.js:0
[   44417ms] [LOG] Player X: 0.00 Y: 6.00 Z: 5.00 @ http://localhost:3000/_next/static/chunks/0-ynv9eqilv7x.js:0
[   44421ms] [LOG] Player X: 0.00 Y: 6.00 Z: 5.00 @ http://localhost:3000/_next/static/chunks/0-ynv9eqilv7x.js:0
[   44424ms] [LOG] Player X: 0.00 Y: 6.00 Z: 5.00 @ http://localhost:3000/_next/static/chunks/0-ynv9eqilv7x.js:0
[   44427ms] [LOG] Player X: 0.00 Y: 6.00 Z: 5.00 @ http://localhost:3000/_next/static/chunks/0-ynv9eqilv7x.js:0
[   44431ms] [LOG] Player X: 0.00 Y: 6.00 Z: 5.00 @ http://localhost:3000/_next/static/chunks/0-ynv9eqilv7x.js:0
[   44434ms] [LOG] Player X: 0.00 Y: 6.00 Z: 5.00 @ http://localhost:3000/_next/static/chunks/0-ynv9eqilv7x.js:0
[   44438ms] [LOG] Player X: 0.00 Y: 6.00 Z: 5.00 @ http://localhost:3000/_next/static/chunks/0-ynv9eqilv7x.js:0
[   44441ms] [LOG] Player X: 0.00 Y: 6.00 Z: 5.00 @ http://localhost:3000/_next/static/chunks/0-ynv9eqilv7x.js:0
[   44444ms] [LOG] Player X: 0.00 Y: 6.00 Z: 5.00 @ http://localhost:3000/_next/static/chunks/0-ynv9eqilv7x.js:0
[   44447ms] [LOG] Player X: 0.00 Y: 6.00 Z: 5.00 @ http://localhost:3000/_next/static/chunks/0-ynv9eqilv7x.js:0
[   44451ms] [LOG] Player X: 0.00 Y: 6.00 Z: 5.00 @ http://localhost:3000/_next/static/chunks/0-ynv9eqilv7x.js:0
[   44454ms] [LOG] Player X: 0.00 Y: 6.00 Z: 5.00 @ http://localhost:3000/_next/static/chunks/0-ynv9eqilv7x.js:0
[   44457ms] [LOG] Player X: 0.00 Y: 6.00 Z: 5.00 @ http://localhost:3000/_next/static/chunks/0-ynv9eqilv7x.js:0
[   44461ms] [LOG] Player X: 0.00 Y: 6.00 Z: 5.00 @ http://localhost:3000/_next/static/chunks/0-ynv9eqilv7x.js:0
[   44464ms] [LOG] Player X: 0.00 Y: 6.00 Z: 5.00 @ http://localhost:3000/_next/static/chunks/0-ynv9eqilv7x.js:0
[   44467ms] [LOG] Player X: 0.00 Y: 6.00 Z: 5.00 @ http://localhost:3000/_next/static/chunks/0-ynv9eqilv7x.js:0
[   44471ms] [LOG] Player X: 0.00 Y: 6.00 Z: 5.00 @ http://localhost:3000/_next/static/chunks/0-ynv9eqilv7x.js:0
[   44474ms] [LOG] Player X: 0.00 Y: 6.00 Z: 5.00 @ http://localhost:3000/_next/static/chunks/0-ynv9eqilv7x.js:0
[   44477ms] [LOG] Player X: 0.00 Y: 6.00 Z: 5.00 @ http://localhost:3000/_next/static/chunks/0-ynv9eqilv7x.js:0
[   44481ms] [LOG] Player X: 0.00 Y: 6.00 Z: 5.00 @ http://localhost:3000/_next/static/chunks/0-ynv9eqilv7x.js:0
[   44484ms] [LOG] Player X: 0.00 Y: 6.00 Z: 5.00 @ http://localhost:3000/_next/static/chunks/0-ynv9eqilv7x.js:0
[   44487ms] [LOG] Player X: 0.00 Y: 6.00 Z: 5.00 @ http://localhost:3000/_next/static/chunks/0-ynv9eqilv7x.js:0
[   44491ms] [LOG] Player X: 0.00 Y: 6.00 Z: 5.00 @ http://localhost:3000/_next/static/chunks/0-ynv9eqilv7x.js:0
[   44494ms] [LOG] Player X: 0.00 Y: 6.00 Z: 5.00 @ http://localhost:3000/_next/static/chunks/0-ynv9eqilv7x.js:0
[   44497ms] [LOG] Player X: 0.00 Y: 6.00 Z: 5.00 @ http://localhost:3000/_next/static/chunks/0-ynv9eqilv7x.js:0
[   44501ms] [LOG] Player X: 0.00 Y: 6.00 Z: 5.00 @ http://localhost:3000/_next/static/chunks/0-ynv9eqilv7x.js:0
[   44504ms] [LOG] Player X: 0.00 Y: 6.00 Z: 5.00 @ http://localhost:3000/_next/static/chunks/0-ynv9eqilv7x.js:0
[   44507ms] [LOG] Player X: 0.00 Y: 6.00 Z: 5.00 @ http://localhost:3000/_next/static/chunks/0-ynv9eqilv7x.js:0
[   44511ms] [LOG] Player X: 0.00 Y: 6.00 Z: 5.00 @ http://localhost:3000/_next/static/chunks/0-ynv9eqilv7x.js:0
[   44514ms] [LOG] Player X: 0.00 Y: 6.00 Z: 5.00 @ http://localhost:3000/_next/static/chunks/0-ynv9eqilv7x.js:0
[   44517ms] [LOG] Player X: 0.00 Y: 6.00 Z: 5.00 @ http://localhost:3000/_next/static/chunks/0-ynv9eqilv7x.js:0
[   44521ms] [LOG] Player X: 0.00 Y: 6.00 Z: 5.00 @ http://localhost:3000/_next/static/chunks/0-ynv9eqilv7x.js:0
[   44524ms] [LOG] Player X: 0.00 Y: 6.00 Z: 5.00 @ http://localhost:3000/_next/static/chunks/0-ynv9eqilv7x.js:0
[   44527ms] [LOG] Player X: 0.00 Y: 6.00 Z: 5.00 @ http://localhost:3000/_next/static/chunks/0-ynv9eqilv7x.js:0
[   44531ms] [LOG] Player X: 0.00 Y: 6.00 Z: 5.00 @ http://localhost:3000/_next/static/chunks/0-ynv9eqilv7x.js:0
[   44534ms] [LOG] Player X: 0.00 Y: 6.00 Z: 5.00 @ http://localhost:3000/_next/static/chunks/0-ynv9eqilv7x.js:0
[   44537ms] [LOG] Player X: 0.00 Y: 6.00 Z: 5.00 @ http://localhost:3000/_next/static/chunks/0-ynv9eqilv7x.js:0
[   44541ms] [LOG] Player X: 0.00 Y: 6.00 Z: 5.00 @ http://localhost:3000/_next/static/chunks/0-ynv9eqilv7x.js:0
[   44544ms] [LOG] Player X: 0.00 Y: 6.00 Z: 5.00 @ http://localhost:3000/_next/static/chunks/0-ynv9eqilv7x.js:0
[   44547ms] [LOG] Player X: 0.00 Y: 6.00 Z: 5.00 @ http://localhost:3000/_next/static/chunks/0-ynv9eqilv7x.js:0
[   44551ms] [LOG] Player X: 0.00 Y: 6.00 Z: 5.00 @ http://localhost:3000/_next/static/chunks/0-ynv9eqilv7x.js:0
[   44554ms] [LOG] Player X: 0.00 Y: 6.00 Z: 5.00 @ http://localhost:3000/_next/static/chunks/0-ynv9eqilv7x.js:0
[   44557ms] [LOG] Player X: 0.00 Y: 6.00 Z: 5.00 @ http://localhost:3000/_next/static/chunks/0-ynv9eqilv7x.js:0
[   44561ms] [LOG] Player X: 0.00 Y: 6.00 Z: 5.00 @ http://localhost:3000/_next/static/chunks/0-ynv9eqilv7x.js:0
[   44564ms] [LOG] Player X: 0.00 Y: 6.00 Z: 5.00 @ http://localhost:3000/_next/static/chunks/0-ynv9eqilv7x.js:0
[   44567ms] [LOG] Player X: 0.00 Y: 6.00 Z: 5.00 @ http://localhost:3000/_next/static/chunks/0-ynv9eqilv7x.js:0
[   44571ms] [LOG] Player X: 0.00 Y: 6.00 Z: 5.00 @ http://localhost:3000/_next/static/chunks/0-ynv9eqilv7x.js:0
[   44574ms] [LOG] Player X: 0.00 Y: 6.00 Z: 5.00 @ http://localhost:3000/_next/static/chunks/0-ynv9eqilv7x.js:0
[   44577ms] [LOG] Player X: 0.00 Y: 6.00 Z: 5.00 @ http://localhost:3000/_next/static/chunks/0-ynv9eqilv7x.js:0
[   44581ms] [LOG] Player X: 0.00 Y: 6.00 Z: 5.00 @ http://localhost:3000/_next/static/chunks/0-ynv9eqilv7x.js:0
[   44584ms] [LOG] Player X: 0.00 Y: 6.00 Z: 5.00 @ http://localhost:3000/_next/static/chunks/0-ynv9eqilv7x.js:0
[   44588ms] [LOG] Player X: 0.00 Y: 6.00 Z: 5.00 @ http://localhost:3000/_next/static/chunks/0-ynv9eqilv7x.js:0
[   44591ms] [LOG] Player X: 0.00 Y: 6.00 Z: 5.00 @ http://localhost:3000/_next/static/chunks/0-ynv9eqilv7x.js:0
[   44594ms] [LOG] Player X: 0.00 Y: 6.00 Z: 5.00 @ http://localhost:3000/_next/static/chunks/0-ynv9eqilv7x.js:0
[   44597ms] [LOG] Player X: 0.00 Y: 6.00 Z: 5.00 @ http://localhost:3000/_next/static/chunks/0-ynv9eqilv7x.js:0
[   44601ms] [LOG] Player X: 0.00 Y: 6.00 Z: 5.00 @ http://localhost:3000/_next/static/chunks/0-ynv9eqilv7x.js:0
[   44604ms] [LOG] Player X: 0.00 Y: 6.00 Z: 5.00 @ http://localhost:3000/_next/static/chunks/0-ynv9eqilv7x.js:0
[   44607ms] [LOG] Player X: 0.00 Y: 6.00 Z: 5.00 @ http://localhost:3000/_next/static/chunks/0-ynv9eqilv7x.js:0
[   44611ms] [LOG] Player X: 0.00 Y: 6.00 Z: 5.00 @ http://localhost:3000/_next/static/chunks/0-ynv9eqilv7x.js:0
[   44614ms] [LOG] Player X: 0.00 Y: 6.00 Z: 5.00 @ http://localhost:3000/_next/static/chunks/0-ynv9eqilv7x.js:0
[   44617ms] [LOG] Player X: 0.00 Y: 6.00 Z: 5.00 @ http://localhost:3000/_next/static/chunks/0-ynv9eqilv7x.js:0
[   44621ms] [LOG] Player X: 0.00 Y: 6.00 Z: 5.00 @ http://localhost:3000/_next/static/chunks/0-ynv9eqilv7x.js:0
[   44624ms] [LOG] Player X: 0.00 Y: 6.00 Z: 5.00 @ http://localhost:3000/_next/static/chunks/0-ynv9eqilv7x.js:0
[   44628ms] [LOG] Player X: 0.00 Y: 6.00 Z: 5.00 @ http://localhost:3000/_next/static/chunks/0-ynv9eqilv7x.js:0
[   44631ms] [LOG] Player X: 0.00 Y: 6.00 Z: 5.00 @ http://localhost:3000/_next/static/chunks/0-ynv9eqilv7x.js:0
[   44634ms] [LOG] Player X: 0.00 Y: 6.00 Z: 5.00 @ http://localhost:3000/_next/static/chunks/0-ynv9eqilv7x.js:0
[   44637ms] [LOG] Player X: 0.00 Y: 6.00 Z: 5.00 @ http://localhost:3000/_next/static/chunks/0-ynv9eqilv7x.js:0
[   44641ms] [LOG] Player X: 0.00 Y: 6.00 Z: 5.00 @ http://localhost:3000/_next/static/chunks/0-ynv9eqilv7x.js:0
[   44644ms] [LOG] Player X: 0.00 Y: 6.00 Z: 5.00 @ http://localhost:3000/_next/static/chunks/0-ynv9eqilv7x.js:0
[   44647ms] [LOG] Player X: 0.00 Y: 6.00 Z: 5.00 @ http://localhost:3000/_next/static/chunks/0-ynv9eqilv7x.js:0
[   44651ms] [LOG] Player X: 0.00 Y: 6.00 Z: 5.00 @ http://localhost:3000/_next/static/chunks/0-ynv9eqilv7x.js:0
[   44654ms] [LOG] Player X: 0.00 Y: 6.00 Z: 5.00 @ http://localhost:3000/_next/static/chunks/0-ynv9eqilv7x.js:0
[   44657ms] [LOG] Player X: 0.00 Y: 6.00 Z: 5.00 @ http://localhost:3000/_next/static/chunks/0-ynv9eqilv7x.js:0
[   44661ms] [LOG] Player X: 0.00 Y: 6.00 Z: 5.00 @ http://localhost:3000/_next/static/chunks/0-ynv9eqilv7x.js:0
[   44664ms] [LOG] Player X: 0.00 Y: 6.00 Z: 5.00 @ http://localhost:3000/_next/static/chunks/0-ynv9eqilv7x.js:0
[   44667ms] [LOG] Player X: 0.00 Y: 6.00 Z: 5.00 @ http://localhost:3000/_next/static/chunks/0-ynv9eqilv7x.js:0
[   44671ms] [LOG] Player X: 0.00 Y: 6.00 Z: 5.00 @ http://localhost:3000/_next/static/chunks/0-ynv9eqilv7x.js:0
[   44674ms] [LOG] Player X: 0.00 Y: 6.00 Z: 5.00 @ http://localhost:3000/_next/static/chunks/0-ynv9eqilv7x.js:0
[   44677ms] [LOG] Player X: 0.00 Y: 6.00 Z: 5.00 @ http://localhost:3000/_next/static/chunks/0-ynv9eqilv7x.js:0
[   44681ms] [LOG] Player X: 0.00 Y: 6.00 Z: 5.00 @ http://localhost:3000/_next/static/chunks/0-ynv9eqilv7x.js:0
[   44684ms] [LOG] Player X: 0.00 Y: 6.00 Z: 5.00 @ http://localhost:3000/_next/static/chunks/0-ynv9eqilv7x.js:0
[   44687ms] [LOG] Player X: 0.00 Y: 6.00 Z: 5.00 @ http://localhost:3000/_next/static/chunks/0-ynv9eqilv7x.js:0
[   44691ms] [LOG] Player X: 0.00 Y: 6.00 Z: 5.00 @ http://localhost:3000/_next/static/chunks/0-ynv9eqilv7x.js:0
[   44694ms] [LOG] Player X: 0.00 Y: 6.00 Z: 5.00 @ http://localhost:3000/_next/static/chunks/0-ynv9eqilv7x.js:0
[   44697ms] [LOG] Player X: 0.00 Y: 6.00 Z: 5.00 @ http://localhost:3000/_next/static/chunks/0-ynv9eqilv7x.js:0
[   44701ms] [LOG] Player X: 0.00 Y: 6.00 Z: 5.00 @ http://localhost:3000/_next/static/chunks/0-ynv9eqilv7x.js:0
[   44704ms] [LOG] Player X: 0.00 Y: 6.00 Z: 5.00 @ http://localhost:3000/_next/static/chunks/0-ynv9eqilv7x.js:0
[   44707ms] [LOG] Player X: 0.00 Y: 6.00 Z: 5.00 @ http://localhost:3000/_next/static/chunks/0-ynv9eqilv7x.js:0
[   44711ms] [LOG] Player X: 0.00 Y: 6.00 Z: 5.00 @ http://localhost:3000/_next/static/chunks/0-ynv9eqilv7x.js:0
[   44714ms] [LOG] Player X: 0.00 Y: 6.00 Z: 5.00 @ http://localhost:3000/_next/static/chunks/0-ynv9eqilv7x.js:0
[   44717ms] [LOG] Player X: 0.00 Y: 6.00 Z: 5.00 @ http://localhost:3000/_next/static/chunks/0-ynv9eqilv7x.js:0
[   44721ms] [LOG] Player X: 0.00 Y: 6.00 Z: 5.00 @ http://localhost:3000/_next/static/chunks/0-ynv9eqilv7x.js:0
[   44724ms] [LOG] Player X: 0.00 Y: 6.00 Z: 5.00 @ http://localhost:3000/_next/static/chunks/0-ynv9eqilv7x.js:0
[   44727ms] [LOG] Player X: 0.00 Y: 6.00 Z: 5.00 @ http://localhost:3000/_next/static/chunks/0-ynv9eqilv7x.js:0
[   44731ms] [LOG] Player X: 0.00 Y: 6.00 Z: 5.00 @ http://localhost:3000/_next/static/chunks/0-ynv9eqilv7x.js:0
[   44734ms] [LOG] Player X: 0.00 Y: 6.00 Z: 5.00 @ http://localhost:3000/_next/static/chunks/0-ynv9eqilv7x.js:0
[   44737ms] [LOG] Player X: 0.00 Y: 6.00 Z: 5.00 @ http://localhost:3000/_next/static/chunks/0-ynv9eqilv7x.js:0
[   44741ms] [LOG] Player X: 0.00 Y: 6.00 Z: 5.00 @ http://localhost:3000/_next/static/chunks/0-ynv9eqilv7x.js:0
[   44744ms] [LOG] Player X: 0.00 Y: 6.00 Z: 5.00 @ http://localhost:3000/_next/static/chunks/0-ynv9eqilv7x.js:0
[   44747ms] [LOG] Player X: 0.00 Y: 6.00 Z: 5.00 @ http://localhost:3000/_next/static/chunks/0-ynv9eqilv7x.js:0
[   44751ms] [LOG] Player X: 0.00 Y: 6.00 Z: 5.00 @ http://localhost:3000/_next/static/chunks/0-ynv9eqilv7x.js:0
[   44754ms] [LOG] Player X: 0.00 Y: 6.00 Z: 5.00 @ http://localhost:3000/_next/static/chunks/0-ynv9eqilv7x.js:0
[   44757ms] [LOG] Player X: 0.00 Y: 6.00 Z: 5.00 @ http://localhost:3000/_next/static/chunks/0-ynv9eqilv7x.js:0
[   44761ms] [LOG] Player X: 0.00 Y: 6.00 Z: 5.00 @ http://localhost:3000/_next/static/chunks/0-ynv9eqilv7x.js:0
[   44764ms] [LOG] Player X: 0.00 Y: 6.00 Z: 5.00 @ http://localhost:3000/_next/static/chunks/0-ynv9eqilv7x.js:0
[   44767ms] [LOG] Player X: 0.00 Y: 6.00 Z: 5.00 @ http://localhost:3000/_next/static/chunks/0-ynv9eqilv7x.js:0
[   44771ms] [LOG] Player X: 0.00 Y: 6.00 Z: 5.00 @ http://localhost:3000/_next/static/chunks/0-ynv9eqilv7x.js:0
[   44774ms] [LOG] Player X: 0.00 Y: 6.00 Z: 5.00 @ http://localhost:3000/_next/static/chunks/0-ynv9eqilv7x.js:0
[   44777ms] [LOG] Player X: 0.00 Y: 6.00 Z: 5.00 @ http://localhost:3000/_next/static/chunks/0-ynv9eqilv7x.js:0
[   44781ms] [LOG] Player X: 0.00 Y: 6.00 Z: 5.00 @ http://localhost:3000/_next/static/chunks/0-ynv9eqilv7x.js:0
[   44784ms] [LOG] Player X: 0.00 Y: 6.00 Z: 5.00 @ http://localhost:3000/_next/static/chunks/0-ynv9eqilv7x.js:0
[   44787ms] [LOG] Player X: 0.00 Y: 6.00 Z: 5.00 @ http://localhost:3000/_next/static/chunks/0-ynv9eqilv7x.js:0
[   44791ms] [LOG] Player X: 0.00 Y: 6.00 Z: 5.00 @ http://localhost:3000/_next/static/chunks/0-ynv9eqilv7x.js:0
[   44794ms] [LOG] Player X: 0.00 Y: 6.00 Z: 5.00 @ http://localhost:3000/_next/static/chunks/0-ynv9eqilv7x.js:0
[   44797ms] [LOG] Player X: 0.00 Y: 6.00 Z: 5.00 @ http://localhost:3000/_next/static/chunks/0-ynv9eqilv7x.js:0
[   44801ms] [LOG] Player X: 0.00 Y: 6.00 Z: 5.00 @ http://localhost:3000/_next/static/chunks/0-ynv9eqilv7x.js:0
[   44804ms] [LOG] Player X: 0.00 Y: 6.00 Z: 5.00 @ http://localhost:3000/_next/static/chunks/0-ynv9eqilv7x.js:0
[   44807ms] [LOG] Player X: 0.00 Y: 6.00 Z: 5.00 @ http://localhost:3000/_next/static/chunks/0-ynv9eqilv7x.js:0
[   44811ms] [LOG] Player X: 0.00 Y: 6.00 Z: 5.00 @ http://localhost:3000/_next/static/chunks/0-ynv9eqilv7x.js:0
[   44814ms] [LOG] Player X: 0.00 Y: 6.00 Z: 5.00 @ http://localhost:3000/_next/static/chunks/0-ynv9eqilv7x.js:0
[   44817ms] [LOG] Player X: 0.00 Y: 6.00 Z: 5.00 @ http://localhost:3000/_next/static/chunks/0-ynv9eqilv7x.js:0
[   44821ms] [LOG] Player X: 0.00 Y: 6.00 Z: 5.00 @ http://localhost:3000/_next/static/chunks/0-ynv9eqilv7x.js:0
[   44824ms] [LOG] Player X: 0.00 Y: 6.00 Z: 5.00 @ http://localhost:3000/_next/static/chunks/0-ynv9eqilv7x.js:0
[   44827ms] [LOG] Player X: 0.00 Y: 6.00 Z: 5.00 @ http://localhost:3000/_next/static/chunks/0-ynv9eqilv7x.js:0
[   44831ms] [LOG] Player X: 0.00 Y: 6.00 Z: 5.00 @ http://localhost:3000/_next/static/chunks/0-ynv9eqilv7x.js:0
[   44834ms] [LOG] Player X: 0.00 Y: 6.00 Z: 5.00 @ http://localhost:3000/_next/static/chunks/0-ynv9eqilv7x.js:0
[   44837ms] [LOG] Player X: 0.00 Y: 6.00 Z: 5.00 @ http://localhost:3000/_next/static/chunks/0-ynv9eqilv7x.js:0
[   44841ms] [LOG] Player X: 0.00 Y: 6.00 Z: 5.00 @ http://localhost:3000/_next/static/chunks/0-ynv9eqilv7x.js:0
[   44844ms] [LOG] Player X: 0.00 Y: 6.00 Z: 5.00 @ http://localhost:3000/_next/static/chunks/0-ynv9eqilv7x.js:0
[   44847ms] [LOG] Player X: 0.00 Y: 6.00 Z: 5.00 @ http://localhost:3000/_next/static/chunks/0-ynv9eqilv7x.js:0
[   44851ms] [LOG] Player X: 0.00 Y: 6.00 Z: 5.00 @ http://localhost:3000/_next/static/chunks/0-ynv9eqilv7x.js:0
[   44854ms] [LOG] Player X: 0.00 Y: 6.00 Z: 5.00 @ http://localhost:3000/_next/static/chunks/0-ynv9eqilv7x.js:0
[   44857ms] [LOG] Player X: 0.00 Y: 6.00 Z: 5.00 @ http://localhost:3000/_next/static/chunks/0-ynv9eqilv7x.js:0
[   44861ms] [LOG] Player X: 0.00 Y: 6.00 Z: 5.00 @ http://localhost:3000/_next/static/chunks/0-ynv9eqilv7x.js:0
[   44864ms] [LOG] Player X: 0.00 Y: 6.00 Z: 5.00 @ http://localhost:3000/_next/static/chunks/0-ynv9eqilv7x.js:0
[   44867ms] [LOG] Player X: 0.00 Y: 6.00 Z: 5.00 @ http://localhost:3000/_next/static/chunks/0-ynv9eqilv7x.js:0
[   44871ms] [LOG] Player X: 0.00 Y: 6.00 Z: 5.00 @ http://localhost:3000/_next/static/chunks/0-ynv9eqilv7x.js:0
[   44874ms] [LOG] Player X: 0.00 Y: 6.00 Z: 5.00 @ http://localhost:3000/_next/static/chunks/0-ynv9eqilv7x.js:0
[   44877ms] [LOG] Player X: 0.00 Y: 6.00 Z: 5.00 @ http://localhost:3000/_next/static/chunks/0-ynv9eqilv7x.js:0
[   44881ms] [LOG] Player X: 0.00 Y: 6.00 Z: 5.00 @ http://localhost:3000/_next/static/chunks/0-ynv9eqilv7x.js:0
[   44884ms] [LOG] Player X: 0.00 Y: 6.00 Z: 5.00 @ http://localhost:3000/_next/static/chunks/0-ynv9eqilv7x.js:0
[   44887ms] [LOG] Player X: 0.00 Y: 6.00 Z: 5.00 @ http://localhost:3000/_next/static/chunks/0-ynv9eqilv7x.js:0
[   44891ms] [LOG] Player X: 0.00 Y: 6.00 Z: 5.00 @ http://localhost:3000/_next/static/chunks/0-ynv9eqilv7x.js:0
[   44894ms] [LOG] Player X: 0.00 Y: 6.00 Z: 5.00 @ http://localhost:3000/_next/static/chunks/0-ynv9eqilv7x.js:0
[   44897ms] [LOG] Player X: 0.00 Y: 6.00 Z: 5.00 @ http://localhost:3000/_next/static/chunks/0-ynv9eqilv7x.js:0
[   44901ms] [LOG] Player X: 0.00 Y: 6.00 Z: 5.00 @ http://localhost:3000/_next/static/chunks/0-ynv9eqilv7x.js:0
[   44904ms] [LOG] Player X: 0.00 Y: 6.00 Z: 5.00 @ http://localhost:3000/_next/static/chunks/0-ynv9eqilv7x.js:0
[   44907ms] [LOG] Player X: 0.00 Y: 6.00 Z: 5.00 @ http://localhost:3000/_next/static/chunks/0-ynv9eqilv7x.js:0
[   44911ms] [LOG] Player X: 0.00 Y: 6.00 Z: 5.00 @ http://localhost:3000/_next/static/chunks/0-ynv9eqilv7x.js:0
[   44914ms] [LOG] Player X: 0.00 Y: 6.00 Z: 5.00 @ http://localhost:3000/_next/static/chunks/0-ynv9eqilv7x.js:0
[   44917ms] [LOG] Player X: 0.00 Y: 6.00 Z: 5.00 @ http://localhost:3000/_next/static/chunks/0-ynv9eqilv7x.js:0
[   44921ms] [LOG] Player X: 0.00 Y: 6.00 Z: 5.00 @ http://localhost:3000/_next/static/chunks/0-ynv9eqilv7x.js:0
[   44924ms] [LOG] Player X: 0.00 Y: 6.00 Z: 5.00 @ http://localhost:3000/_next/static/chunks/0-ynv9eqilv7x.js:0
[   44927ms] [LOG] Player X: 0.00 Y: 6.00 Z: 5.00 @ http://localhost:3000/_next/static/chunks/0-ynv9eqilv7x.js:0
[   44931ms] [LOG] Player X: 0.00 Y: 6.00 Z: 5.00 @ http://localhost:3000/_next/static/chunks/0-ynv9eqilv7x.js:0
[   44934ms] [LOG] Player X: 0.00 Y: 6.00 Z: 5.00 @ http://localhost:3000/_next/static/chunks/0-ynv9eqilv7x.js:0
[   44937ms] [LOG] Player X: 0.00 Y: 6.00 Z: 5.00 @ http://localhost:3000/_next/static/chunks/0-ynv9eqilv7x.js:0
[   44941ms] [LOG] Player X: 0.00 Y: 6.00 Z: 5.00 @ http://localhost:3000/_next/static/chunks/0-ynv9eqilv7x.js:0
[   44944ms] [LOG] Player X: 0.00 Y: 6.00 Z: 5.00 @ http://localhost:3000/_next/static/chunks/0-ynv9eqilv7x.js:0
[   44947ms] [LOG] Player X: 0.00 Y: 6.00 Z: 5.00 @ http://localhost:3000/_next/static/chunks/0-ynv9eqilv7x.js:0
[   44951ms] [LOG] Player X: 0.00 Y: 6.00 Z: 5.00 @ http://localhost:3000/_next/static/chunks/0-ynv9eqilv7x.js:0
[   44954ms] [LOG] Player X: 0.00 Y: 6.00 Z: 5.00 @ http://localhost:3000/_next/static/chunks/0-ynv9eqilv7x.js:0
[   44957ms] [LOG] Player X: 0.00 Y: 6.00 Z: 5.00 @ http://localhost:3000/_next/static/chunks/0-ynv9eqilv7x.js:0
[   44961ms] [LOG] Player X: 0.00 Y: 6.00 Z: 5.00 @ http://localhost:3000/_next/static/chunks/0-ynv9eqilv7x.js:0
[   44964ms] [LOG] Player X: 0.00 Y: 6.00 Z: 5.00 @ http://localhost:3000/_next/static/chunks/0-ynv9eqilv7x.js:0
[   44967ms] [LOG] Player X: 0.00 Y: 6.00 Z: 5.00 @ http://localhost:3000/_next/static/chunks/0-ynv9eqilv7x.js:0
[   44971ms] [LOG] Player X: 0.00 Y: 6.00 Z: 5.00 @ http://localhost:3000/_next/static/chunks/0-ynv9eqilv7x.js:0
[   44974ms] [LOG] Player X: 0.00 Y: 6.00 Z: 5.00 @ http://localhost:3000/_next/static/chunks/0-ynv9eqilv7x.js:0
[   44977ms] [LOG] Player X: 0.00 Y: 6.00 Z: 5.00 @ http://localhost:3000/_next/static/chunks/0-ynv9eqilv7x.js:0
[   44981ms] [LOG] Player X: 0.00 Y: 6.00 Z: 5.00 @ http://localhost:3000/_next/static/chunks/0-ynv9eqilv7x.js:0
[   44984ms] [LOG] Player X: 0.00 Y: 6.00 Z: 5.00 @ http://localhost:3000/_next/static/chunks/0-ynv9eqilv7x.js:0
[   44987ms] [LOG] Player X: 0.00 Y: 6.00 Z: 5.00 @ http://localhost:3000/_next/static/chunks/0-ynv9eqilv7x.js:0
[   44991ms] [LOG] Player X: 0.00 Y: 6.00 Z: 5.00 @ http://localhost:3000/_next/static/chunks/0-ynv9eqilv7x.js:0
[   44994ms] [LOG] Player X: 0.00 Y: 6.00 Z: 5.00 @ http://localhost:3000/_next/static/chunks/0-ynv9eqilv7x.js:0
[   44997ms] [LOG] Player X: 0.00 Y: 6.00 Z: 5.00 @ http://localhost:3000/_next/static/chunks/0-ynv9eqilv7x.js:0
[   45001ms] [LOG] Player X: 0.00 Y: 6.00 Z: 5.00 @ http://localhost:3000/_next/static/chunks/0-ynv9eqilv7x.js:0
[   45004ms] [LOG] Player X: 0.00 Y: 6.00 Z: 5.00 @ http://localhost:3000/_next/static/chunks/0-ynv9eqilv7x.js:0
[   45007ms] [LOG] Player X: 0.00 Y: 6.00 Z: 5.00 @ http://localhost:3000/_next/static/chunks/0-ynv9eqilv7x.js:0
[   45011ms] [LOG] Player X: 0.00 Y: 6.00 Z: 5.00 @ http://localhost:3000/_next/static/chunks/0-ynv9eqilv7x.js:0
[   45014ms] [LOG] Player X: 0.00 Y: 6.00 Z: 5.00 @ http://localhost:3000/_next/static/chunks/0-ynv9eqilv7x.js:0
[   45017ms] [LOG] Player X: 0.00 Y: 6.00 Z: 5.00 @ http://localhost:3000/_next/static/chunks/0-ynv9eqilv7x.js:0
[   45021ms] [LOG] Player X: 0.00 Y: 6.00 Z: 5.00 @ http://localhost:3000/_next/static/chunks/0-ynv9eqilv7x.js:0
[   45024ms] [LOG] Player X: 0.00 Y: 6.00 Z: 5.00 @ http://localhost:3000/_next/static/chunks/0-ynv9eqilv7x.js:0
[   45027ms] [LOG] Player X: 0.00 Y: 6.00 Z: 5.00 @ http://localhost:3000/_next/static/chunks/0-ynv9eqilv7x.js:0
[   45031ms] [LOG] Player X: 0.00 Y: 6.00 Z: 5.00 @ http://localhost:3000/_next/static/chunks/0-ynv9eqilv7x.js:0
[   45034ms] [LOG] Player X: 0.00 Y: 6.00 Z: 5.00 @ http://localhost:3000/_next/static/chunks/0-ynv9eqilv7x.js:0
[   45037ms] [LOG] Player X: 0.00 Y: 6.00 Z: 5.00 @ http://localhost:3000/_next/static/chunks/0-ynv9eqilv7x.js:0
[   45041ms] [LOG] Player X: 0.00 Y: 6.00 Z: 5.00 @ http://localhost:3000/_next/static/chunks/0-ynv9eqilv7x.js:0
[   45044ms] [LOG] Player X: 0.00 Y: 6.00 Z: 5.00 @ http://localhost:3000/_next/static/chunks/0-ynv9eqilv7x.js:0
[   45047ms] [LOG] Player X: 0.00 Y: 6.00 Z: 5.00 @ http://localhost:3000/_next/static/chunks/0-ynv9eqilv7x.js:0
[   45051ms] [LOG] Player X: 0.00 Y: 6.00 Z: 5.00 @ http://localhost:3000/_next/static/chunks/0-ynv9eqilv7x.js:0
[   45054ms] [LOG] Player X: 0.00 Y: 6.00 Z: 5.00 @ http://localhost:3000/_next/static/chunks/0-ynv9eqilv7x.js:0
[   45057ms] [LOG] Player X: 0.00 Y: 6.00 Z: 5.00 @ http://localhost:3000/_next/static/chunks/0-ynv9eqilv7x.js:0
[   45061ms] [LOG] Player X: 0.00 Y: 6.00 Z: 5.00 @ http://localhost:3000/_next/static/chunks/0-ynv9eqilv7x.js:0
[   45064ms] [LOG] Player X: 0.00 Y: 6.00 Z: 5.00 @ http://localhost:3000/_next/static/chunks/0-ynv9eqilv7x.js:0
[   45067ms] [LOG] Player X: 0.00 Y: 6.00 Z: 5.00 @ http://localhost:3000/_next/static/chunks/0-ynv9eqilv7x.js:0
[   45071ms] [LOG] Player X: 0.00 Y: 6.00 Z: 5.00 @ http://localhost:3000/_next/static/chunks/0-ynv9eqilv7x.js:0
[   45074ms] [LOG] Player X: 0.00 Y: 6.00 Z: 5.00 @ http://localhost:3000/_next/static/chunks/0-ynv9eqilv7x.js:0
[   45077ms] [LOG] Player X: 0.00 Y: 6.00 Z: 5.00 @ http://localhost:3000/_next/static/chunks/0-ynv9eqilv7x.js:0
[   45081ms] [LOG] Player X: 0.00 Y: 6.00 Z: 5.00 @ http://localhost:3000/_next/static/chunks/0-ynv9eqilv7x.js:0
[   45084ms] [LOG] Player X: 0.00 Y: 6.00 Z: 5.00 @ http://localhost:3000/_next/static/chunks/0-ynv9eqilv7x.js:0
[   45087ms] [LOG] Player X: 0.00 Y: 6.00 Z: 5.00 @ http://localhost:3000/_next/static/chunks/0-ynv9eqilv7x.js:0
[   45091ms] [LOG] Player X: 0.00 Y: 6.00 Z: 5.00 @ http://localhost:3000/_next/static/chunks/0-ynv9eqilv7x.js:0
[   45094ms] [LOG] Player X: 0.00 Y: 6.00 Z: 5.00 @ http://localhost:3000/_next/static/chunks/0-ynv9eqilv7x.js:0
[   45097ms] [LOG] Player X: 0.00 Y: 6.00 Z: 5.00 @ http://localhost:3000/_next/static/chunks/0-ynv9eqilv7x.js:0
[   45101ms] [LOG] Player X: 0.00 Y: 6.00 Z: 5.00 @ http://localhost:3000/_next/static/chunks/0-ynv9eqilv7x.js:0
[   45104ms] [LOG] Player X: 0.00 Y: 6.00 Z: 5.00 @ http://localhost:3000/_next/static/chunks/0-ynv9eqilv7x.js:0
[   45107ms] [LOG] Player X: 0.00 Y: 6.00 Z: 5.00 @ http://localhost:3000/_next/static/chunks/0-ynv9eqilv7x.js:0
[   45111ms] [LOG] Player X: 0.00 Y: 6.00 Z: 5.00 @ http://localhost:3000/_next/static/chunks/0-ynv9eqilv7x.js:0
[   45114ms] [LOG] Player X: 0.00 Y: 6.00 Z: 5.00 @ http://localhost:3000/_next/static/chunks/0-ynv9eqilv7x.js:0
[   45118ms] [LOG] Player X: 0.00 Y: 6.00 Z: 5.00 @ http://localhost:3000/_next/static/chunks/0-ynv9eqilv7x.js:0
[   45121ms] [LOG] Player X: 0.00 Y: 6.00 Z: 5.00 @ http://localhost:3000/_next/static/chunks/0-ynv9eqilv7x.js:0
[   45124ms] [LOG] Player X: 0.00 Y: 6.00 Z: 5.00 @ http://localhost:3000/_next/static/chunks/0-ynv9eqilv7x.js:0
[   45127ms] [LOG] Player X: 0.00 Y: 6.00 Z: 5.00 @ http://localhost:3000/_next/static/chunks/0-ynv9eqilv7x.js:0
[   45131ms] [LOG] Player X: 0.00 Y: 6.00 Z: 5.00 @ http://localhost:3000/_next/static/chunks/0-ynv9eqilv7x.js:0
[   45134ms] [LOG] Player X: 0.00 Y: 6.00 Z: 5.00 @ http://localhost:3000/_next/static/chunks/0-ynv9eqilv7x.js:0
[   45137ms] [LOG] Player X: 0.00 Y: 6.00 Z: 5.00 @ http://localhost:3000/_next/static/chunks/0-ynv9eqilv7x.js:0
[   45141ms] [LOG] Player X: 0.00 Y: 6.00 Z: 5.00 @ http://localhost:3000/_next/static/chunks/0-ynv9eqilv7x.js:0
[   45144ms] [LOG] Player X: 0.00 Y: 6.00 Z: 5.00 @ http://localhost:3000/_next/static/chunks/0-ynv9eqilv7x.js:0
[   45147ms] [LOG] Player X: 0.00 Y: 6.00 Z: 5.00 @ http://localhost:3000/_next/static/chunks/0-ynv9eqilv7x.js:0
[   45151ms] [LOG] Player X: 0.00 Y: 6.00 Z: 5.00 @ http://localhost:3000/_next/static/chunks/0-ynv9eqilv7x.js:0
[   45154ms] [LOG] Player X: 0.00 Y: 6.00 Z: 5.00 @ http://localhost:3000/_next/static/chunks/0-ynv9eqilv7x.js:0
[   45157ms] [LOG] Player X: 0.00 Y: 6.00 Z: 5.00 @ http://localhost:3000/_next/static/chunks/0-ynv9eqilv7x.js:0
[   45161ms] [LOG] Player X: 0.00 Y: 6.00 Z: 5.00 @ http://localhost:3000/_next/static/chunks/0-ynv9eqilv7x.js:0
[   45164ms] [LOG] Player X: 0.00 Y: 6.00 Z: 5.00 @ http://localhost:3000/_next/static/chunks/0-ynv9eqilv7x.js:0
[   45167ms] [LOG] Player X: 0.00 Y: 6.00 Z: 5.00 @ http://localhost:3000/_next/static/chunks/0-ynv9eqilv7x.js:0
[   45171ms] [LOG] Player X: 0.00 Y: 6.00 Z: 5.00 @ http://localhost:3000/_next/static/chunks/0-ynv9eqilv7x.js:0
[   45174ms] [LOG] Player X: 0.00 Y: 6.00 Z: 5.00 @ http://localhost:3000/_next/static/chunks/0-ynv9eqilv7x.js:0
[   45177ms] [LOG] Player X: 0.00 Y: 6.00 Z: 5.00 @ http://localhost:3000/_next/static/chunks/0-ynv9eqilv7x.js:0
[   45181ms] [LOG] Player X: 0.00 Y: 6.00 Z: 5.00 @ http://localhost:3000/_next/static/chunks/0-ynv9eqilv7x.js:0
[   45184ms] [LOG] Player X: 0.00 Y: 6.00 Z: 5.00 @ http://localhost:3000/_next/static/chunks/0-ynv9eqilv7x.js:0
[   45187ms] [LOG] Player X: 0.00 Y: 6.00 Z: 5.00 @ http://localhost:3000/_next/static/chunks/0-ynv9eqilv7x.js:0
[   45191ms] [LOG] Player X: 0.00 Y: 6.00 Z: 5.00 @ http://localhost:3000/_next/static/chunks/0-ynv9eqilv7x.js:0
[   45194ms] [LOG] Player X: 0.00 Y: 6.00 Z: 5.00 @ http://localhost:3000/_next/static/chunks/0-ynv9eqilv7x.js:0
[   45197ms] [LOG] Player X: 0.00 Y: 6.00 Z: 5.00 @ http://localhost:3000/_next/static/chunks/0-ynv9eqilv7x.js:0
[   45201ms] [LOG] Player X: 0.00 Y: 6.00 Z: 5.00 @ http://localhost:3000/_next/static/chunks/0-ynv9eqilv7x.js:0
[   45204ms] [LOG] Player X: 0.00 Y: 6.00 Z: 5.00 @ http://localhost:3000/_next/static/chunks/0-ynv9eqilv7x.js:0
[   45207ms] [LOG] Player X: 0.00 Y: 6.00 Z: 5.00 @ http://localhost:3000/_next/static/chunks/0-ynv9eqilv7x.js:0
[   45211ms] [LOG] Player X: 0.00 Y: 6.00 Z: 5.00 @ http://localhost:3000/_next/static/chunks/0-ynv9eqilv7x.js:0
[   45214ms] [LOG] Player X: 0.00 Y: 6.00 Z: 5.00 @ http://localhost:3000/_next/static/chunks/0-ynv9eqilv7x.js:0
[   45217ms] [LOG] Player X: 0.00 Y: 6.00 Z: 5.00 @ http://localhost:3000/_next/static/chunks/0-ynv9eqilv7x.js:0
[   45221ms] [LOG] Player X: 0.00 Y: 6.00 Z: 5.00 @ http://localhost:3000/_next/static/chunks/0-ynv9eqilv7x.js:0
[   45224ms] [LOG] Player X: 0.00 Y: 6.00 Z: 5.00 @ http://localhost:3000/_next/static/chunks/0-ynv9eqilv7x.js:0
[   45227ms] [LOG] Player X: 0.00 Y: 6.00 Z: 5.00 @ http://localhost:3000/_next/static/chunks/0-ynv9eqilv7x.js:0
[   45231ms] [LOG] Player X: 0.00 Y: 6.00 Z: 5.00 @ http://localhost:3000/_next/static/chunks/0-ynv9eqilv7x.js:0
[   45234ms] [LOG] Player X: 0.00 Y: 6.00 Z: 5.00 @ http://localhost:3000/_next/static/chunks/0-ynv9eqilv7x.js:0
[   45237ms] [LOG] Player X: 0.00 Y: 6.00 Z: 5.00 @ http://localhost:3000/_next/static/chunks/0-ynv9eqilv7x.js:0
[   45241ms] [LOG] Player X: 0.00 Y: 6.00 Z: 5.00 @ http://localhost:3000/_next/static/chunks/0-ynv9eqilv7x.js:0
[   45244ms] [LOG] Player X: 0.00 Y: 6.00 Z: 5.00 @ http://localhost:3000/_next/static/chunks/0-ynv9eqilv7x.js:0
[   45247ms] [LOG] Player X: 0.00 Y: 6.00 Z: 5.00 @ http://localhost:3000/_next/static/chunks/0-ynv9eqilv7x.js:0
[   45251ms] [LOG] Player X: 0.00 Y: 6.00 Z: 5.00 @ http://localhost:3000/_next/static/chunks/0-ynv9eqilv7x.js:0
[   45254ms] [LOG] Player X: 0.00 Y: 6.00 Z: 5.00 @ http://localhost:3000/_next/static/chunks/0-ynv9eqilv7x.js:0
[   45257ms] [LOG] Player X: 0.00 Y: 6.00 Z: 5.00 @ http://localhost:3000/_next/static/chunks/0-ynv9eqilv7x.js:0
[   45261ms] [LOG] Player X: 0.00 Y: 6.00 Z: 5.00 @ http://localhost:3000/_next/static/chunks/0-ynv9eqilv7x.js:0
[   45264ms] [LOG] Player X: 0.00 Y: 6.00 Z: 5.00 @ http://localhost:3000/_next/static/chunks/0-ynv9eqilv7x.js:0
[   45267ms] [LOG] Player X: 0.00 Y: 6.00 Z: 5.00 @ http://localhost:3000/_next/static/chunks/0-ynv9eqilv7x.js:0
[   45271ms] [LOG] Player X: 0.00 Y: 6.00 Z: 5.00 @ http://localhost:3000/_next/static/chunks/0-ynv9eqilv7x.js:0
[   45274ms] [LOG] Player X: 0.00 Y: 6.00 Z: 5.00 @ http://localhost:3000/_next/static/chunks/0-ynv9eqilv7x.js:0
[   45277ms] [LOG] Player X: 0.00 Y: 6.00 Z: 5.00 @ http://localhost:3000/_next/static/chunks/0-ynv9eqilv7x.js:0
[   45281ms] [LOG] Player X: 0.00 Y: 6.00 Z: 5.00 @ http://localhost:3000/_next/static/chunks/0-ynv9eqilv7x.js:0
[   45284ms] [LOG] Player X: 0.00 Y: 6.00 Z: 5.00 @ http://localhost:3000/_next/static/chunks/0-ynv9eqilv7x.js:0
[   45287ms] [LOG] Player X: 0.00 Y: 6.00 Z: 5.00 @ http://localhost:3000/_next/static/chunks/0-ynv9eqilv7x.js:0
[   45291ms] [LOG] Player X: 0.00 Y: 6.00 Z: 5.00 @ http://localhost:3000/_next/static/chunks/0-ynv9eqilv7x.js:0
[   45294ms] [LOG] Player X: 0.00 Y: 6.00 Z: 5.00 @ http://localhost:3000/_next/static/chunks/0-ynv9eqilv7x.js:0
[   45297ms] [LOG] Player X: 0.00 Y: 6.00 Z: 5.00 @ http://localhost:3000/_next/static/chunks/0-ynv9eqilv7x.js:0
[   45301ms] [LOG] Player X: 0.00 Y: 6.00 Z: 5.00 @ http://localhost:3000/_next/static/chunks/0-ynv9eqilv7x.js:0
[   45304ms] [LOG] Player X: 0.00 Y: 6.00 Z: 5.00 @ http://localhost:3000/_next/static/chunks/0-ynv9eqilv7x.js:0
[   45307ms] [LOG] Player X: 0.00 Y: 6.00 Z: 5.00 @ http://localhost:3000/_next/static/chunks/0-ynv9eqilv7x.js:0
[   45311ms] [LOG] Player X: 0.00 Y: 6.00 Z: 5.00 @ http://localhost:3000/_next/static/chunks/0-ynv9eqilv7x.js:0
[   45314ms] [LOG] Player X: 0.00 Y: 6.00 Z: 5.00 @ http://localhost:3000/_next/static/chunks/0-ynv9eqilv7x.js:0
[   45317ms] [LOG] Player X: 0.00 Y: 6.00 Z: 5.00 @ http://localhost:3000/_next/static/chunks/0-ynv9eqilv7x.js:0
[   45321ms] [LOG] Player X: 0.00 Y: 6.00 Z: 5.00 @ http://localhost:3000/_next/static/chunks/0-ynv9eqilv7x.js:0
[   45324ms] [LOG] Player X: 0.00 Y: 6.00 Z: 5.00 @ http://localhost:3000/_next/static/chunks/0-ynv9eqilv7x.js:0
[   45327ms] [LOG] Player X: 0.00 Y: 6.00 Z: 5.00 @ http://localhost:3000/_next/static/chunks/0-ynv9eqilv7x.js:0
[   45331ms] [LOG] Player X: 0.00 Y: 6.00 Z: 5.00 @ http://localhost:3000/_next/static/chunks/0-ynv9eqilv7x.js:0
[   45334ms] [LOG] Player X: 0.00 Y: 6.00 Z: 5.00 @ http://localhost:3000/_next/static/chunks/0-ynv9eqilv7x.js:0
[   45337ms] [LOG] Player X: 0.00 Y: 6.00 Z: 5.00 @ http://localhost:3000/_next/static/chunks/0-ynv9eqilv7x.js:0
[   45341ms] [LOG] Player X: 0.00 Y: 6.00 Z: 5.00 @ http://localhost:3000/_next/static/chunks/0-ynv9eqilv7x.js:0
[   45344ms] [LOG] Player X: 0.00 Y: 6.00 Z: 5.00 @ http://localhost:3000/_next/static/chunks/0-ynv9eqilv7x.js:0
[   45347ms] [LOG] Player X: 0.00 Y: 6.00 Z: 5.00 @ http://localhost:3000/_next/static/chunks/0-ynv9eqilv7x.js:0
[   45351ms] [LOG] Player X: 0.00 Y: 6.00 Z: 5.00 @ http://localhost:3000/_next/static/chunks/0-ynv9eqilv7x.js:0
[   45354ms] [LOG] Player X: 0.00 Y: 6.00 Z: 5.00 @ http://localhost:3000/_next/static/chunks/0-ynv9eqilv7x.js:0
[   45357ms] [LOG] Player X: 0.00 Y: 6.00 Z: 5.00 @ http://localhost:3000/_next/static/chunks/0-ynv9eqilv7x.js:0
[   45361ms] [LOG] Player X: 0.00 Y: 6.00 Z: 5.00 @ http://localhost:3000/_next/static/chunks/0-ynv9eqilv7x.js:0
[   45364ms] [LOG] Player X: 0.00 Y: 6.00 Z: 5.00 @ http://localhost:3000/_next/static/chunks/0-ynv9eqilv7x.js:0
[   45367ms] [LOG] Player X: 0.00 Y: 6.00 Z: 5.00 @ http://localhost:3000/_next/static/chunks/0-ynv9eqilv7x.js:0
[   45371ms] [LOG] Player X: 0.00 Y: 6.00 Z: 5.00 @ http://localhost:3000/_next/static/chunks/0-ynv9eqilv7x.js:0
[   45374ms] [LOG] Player X: 0.00 Y: 6.00 Z: 5.00 @ http://localhost:3000/_next/static/chunks/0-ynv9eqilv7x.js:0
[   45377ms] [LOG] Player X: 0.00 Y: 6.00 Z: 5.00 @ http://localhost:3000/_next/static/chunks/0-ynv9eqilv7x.js:0
[   45381ms] [LOG] Player X: 0.00 Y: 6.00 Z: 5.00 @ http://localhost:3000/_next/static/chunks/0-ynv9eqilv7x.js:0
[   45384ms] [LOG] Player X: 0.00 Y: 6.00 Z: 5.00 @ http://localhost:3000/_next/static/chunks/0-ynv9eqilv7x.js:0
[   45387ms] [LOG] Player X: 0.00 Y: 6.00 Z: 5.00 @ http://localhost:3000/_next/static/chunks/0-ynv9eqilv7x.js:0
[   45391ms] [LOG] Player X: 0.00 Y: 6.00 Z: 5.00 @ http://localhost:3000/_next/static/chunks/0-ynv9eqilv7x.js:0
[   45394ms] [LOG] Player X: 0.00 Y: 6.00 Z: 5.00 @ http://localhost:3000/_next/static/chunks/0-ynv9eqilv7x.js:0
[   45397ms] [LOG] Player X: 0.00 Y: 6.00 Z: 5.00 @ http://localhost:3000/_next/static/chunks/0-ynv9eqilv7x.js:0
[   45401ms] [LOG] Player X: 0.00 Y: 6.00 Z: 5.00 @ http://localhost:3000/_next/static/chunks/0-ynv9eqilv7x.js:0
[   45404ms] [LOG] Player X: 0.00 Y: 6.00 Z: 5.00 @ http://localhost:3000/_next/static/chunks/0-ynv9eqilv7x.js:0
[   45407ms] [LOG] Player X: 0.00 Y: 6.00 Z: 5.00 @ http://localhost:3000/_next/static/chunks/0-ynv9eqilv7x.js:0
[   45411ms] [LOG] Player X: 0.00 Y: 6.00 Z: 5.00 @ http://localhost:3000/_next/static/chunks/0-ynv9eqilv7x.js:0
[   45414ms] [LOG] Player X: 0.00 Y: 6.00 Z: 5.00 @ http://localhost:3000/_next/static/chunks/0-ynv9eqilv7x.js:0
[   45417ms] [LOG] Player X: 0.00 Y: 6.00 Z: 5.00 @ http://localhost:3000/_next/static/chunks/0-ynv9eqilv7x.js:0
[   45421ms] [LOG] Player X: 0.00 Y: 6.00 Z: 5.00 @ http://localhost:3000/_next/static/chunks/0-ynv9eqilv7x.js:0
[   45424ms] [LOG] Player X: 0.00 Y: 6.00 Z: 5.00 @ http://localhost:3000/_next/static/chunks/0-ynv9eqilv7x.js:0
[   45427ms] [LOG] Player X: 0.00 Y: 6.00 Z: 5.00 @ http://localhost:3000/_next/static/chunks/0-ynv9eqilv7x.js:0
[   45431ms] [LOG] Player X: 0.00 Y: 6.00 Z: 5.00 @ http://localhost:3000/_next/static/chunks/0-ynv9eqilv7x.js:0
[   45434ms] [LOG] Player X: 0.00 Y: 6.00 Z: 5.00 @ http://localhost:3000/_next/static/chunks/0-ynv9eqilv7x.js:0
[   45437ms] [LOG] Player X: 0.00 Y: 6.00 Z: 5.00 @ http://localhost:3000/_next/static/chunks/0-ynv9eqilv7x.js:0
[   45441ms] [LOG] Player X: 0.00 Y: 6.00 Z: 5.00 @ http://localhost:3000/_next/static/chunks/0-ynv9eqilv7x.js:0
[   45444ms] [LOG] Player X: 0.00 Y: 6.00 Z: 5.00 @ http://localhost:3000/_next/static/chunks/0-ynv9eqilv7x.js:0
[   45447ms] [LOG] Player X: 0.00 Y: 6.00 Z: 5.00 @ http://localhost:3000/_next/static/chunks/0-ynv9eqilv7x.js:0
[   45451ms] [LOG] Player X: 0.00 Y: 6.00 Z: 5.00 @ http://localhost:3000/_next/static/chunks/0-ynv9eqilv7x.js:0
[   45454ms] [LOG] Player X: 0.00 Y: 6.00 Z: 5.00 @ http://localhost:3000/_next/static/chunks/0-ynv9eqilv7x.js:0
[   45458ms] [LOG] Player X: 0.00 Y: 6.00 Z: 5.00 @ http://localhost:3000/_next/static/chunks/0-ynv9eqilv7x.js:0
[   45461ms] [LOG] Player X: 0.00 Y: 6.00 Z: 5.00 @ http://localhost:3000/_next/static/chunks/0-ynv9eqilv7x.js:0
[   45464ms] [LOG] Player X: 0.00 Y: 6.00 Z: 5.00 @ http://localhost:3000/_next/static/chunks/0-ynv9eqilv7x.js:0
[   45468ms] [LOG] Player X: 0.00 Y: 6.00 Z: 5.00 @ http://localhost:3000/_next/static/chunks/0-ynv9eqilv7x.js:0
[   45471ms] [LOG] Player X: 0.00 Y: 6.00 Z: 5.00 @ http://localhost:3000/_next/static/chunks/0-ynv9eqilv7x.js:0
[   45474ms] [LOG] Player X: 0.00 Y: 6.00 Z: 5.00 @ http://localhost:3000/_next/static/chunks/0-ynv9eqilv7x.js:0
[   45477ms] [LOG] Player X: 0.00 Y: 6.00 Z: 5.00 @ http://localhost:3000/_next/static/chunks/0-ynv9eqilv7x.js:0
[   45481ms] [LOG] Player X: 0.00 Y: 6.00 Z: 5.00 @ http://localhost:3000/_next/static/chunks/0-ynv9eqilv7x.js:0
[   45484ms] [LOG] Player X: 0.00 Y: 6.00 Z: 5.00 @ http://localhost:3000/_next/static/chunks/0-ynv9eqilv7x.js:0
[   45487ms] [LOG] Player X: 0.00 Y: 6.00 Z: 5.00 @ http://localhost:3000/_next/static/chunks/0-ynv9eqilv7x.js:0
[   45491ms] [LOG] Player X: 0.00 Y: 6.00 Z: 5.00 @ http://localhost:3000/_next/static/chunks/0-ynv9eqilv7x.js:0
[   45494ms] [LOG] Player X: 0.00 Y: 6.00 Z: 5.00 @ http://localhost:3000/_next/static/chunks/0-ynv9eqilv7x.js:0
[   45497ms] [LOG] Player X: 0.00 Y: 6.00 Z: 5.00 @ http://localhost:3000/_next/static/chunks/0-ynv9eqilv7x.js:0
[   45501ms] [LOG] Player X: 0.00 Y: 6.00 Z: 5.00 @ http://localhost:3000/_next/static/chunks/0-ynv9eqilv7x.js:0
[   45504ms] [LOG] Player X: 0.00 Y: 6.00 Z: 5.00 @ http://localhost:3000/_next/static/chunks/0-ynv9eqilv7x.js:0
[   45507ms] [LOG] Player X: 0.00 Y: 6.00 Z: 5.00 @ http://localhost:3000/_next/static/chunks/0-ynv9eqilv7x.js:0
[   45511ms] [LOG] Player X: 0.00 Y: 6.00 Z: 5.00 @ http://localhost:3000/_next/static/chunks/0-ynv9eqilv7x.js:0
[   45514ms] [LOG] Player X: 0.00 Y: 6.00 Z: 5.00 @ http://localhost:3000/_next/static/chunks/0-ynv9eqilv7x.js:0
[   45517ms] [LOG] Player X: 0.00 Y: 6.00 Z: 5.00 @ http://localhost:3000/_next/static/chunks/0-ynv9eqilv7x.js:0
[   45521ms] [LOG] Player X: 0.00 Y: 6.00 Z: 5.00 @ http://localhost:3000/_next/static/chunks/0-ynv9eqilv7x.js:0
[   45524ms] [LOG] Player X: 0.00 Y: 6.00 Z: 5.00 @ http://localhost:3000/_next/static/chunks/0-ynv9eqilv7x.js:0
[   45527ms] [LOG] Player X: 0.00 Y: 6.00 Z: 5.00 @ http://localhost:3000/_next/static/chunks/0-ynv9eqilv7x.js:0
[   45531ms] [LOG] Player X: 0.00 Y: 6.00 Z: 5.00 @ http://localhost:3000/_next/static/chunks/0-ynv9eqilv7x.js:0
[   45534ms] [LOG] Player X: 0.00 Y: 6.00 Z: 5.00 @ http://localhost:3000/_next/static/chunks/0-ynv9eqilv7x.js:0
[   45537ms] [LOG] Player X: 0.00 Y: 6.00 Z: 5.00 @ http://localhost:3000/_next/static/chunks/0-ynv9eqilv7x.js:0
[   45541ms] [LOG] Player X: 0.00 Y: 6.00 Z: 5.00 @ http://localhost:3000/_next/static/chunks/0-ynv9eqilv7x.js:0
[   45544ms] [LOG] Player X: 0.00 Y: 6.00 Z: 5.00 @ http://localhost:3000/_next/static/chunks/0-ynv9eqilv7x.js:0
[   45547ms] [LOG] Player X: 0.00 Y: 6.00 Z: 5.00 @ http://localhost:3000/_next/static/chunks/0-ynv9eqilv7x.js:0
[   45551ms] [LOG] Player X: 0.00 Y: 6.00 Z: 5.00 @ http://localhost:3000/_next/static/chunks/0-ynv9eqilv7x.js:0
[   45554ms] [LOG] Player X: 0.00 Y: 6.00 Z: 5.00 @ http://localhost:3000/_next/static/chunks/0-ynv9eqilv7x.js:0
[   45557ms] [LOG] Player X: 0.00 Y: 6.00 Z: 5.00 @ http://localhost:3000/_next/static/chunks/0-ynv9eqilv7x.js:0
[   45561ms] [LOG] Player X: 0.00 Y: 6.00 Z: 5.00 @ http://localhost:3000/_next/static/chunks/0-ynv9eqilv7x.js:0
[   45564ms] [LOG] Player X: 0.00 Y: 6.00 Z: 5.00 @ http://localhost:3000/_next/static/chunks/0-ynv9eqilv7x.js:0
[   45567ms] [LOG] Player X: 0.00 Y: 6.00 Z: 5.00 @ http://localhost:3000/_next/static/chunks/0-ynv9eqilv7x.js:0
[   45571ms] [LOG] Player X: 0.00 Y: 6.00 Z: 5.00 @ http://localhost:3000/_next/static/chunks/0-ynv9eqilv7x.js:0
[   45574ms] [LOG] Player X: 0.00 Y: 6.00 Z: 5.00 @ http://localhost:3000/_next/static/chunks/0-ynv9eqilv7x.js:0
[   45577ms] [LOG] Player X: 0.00 Y: 6.00 Z: 5.00 @ http://localhost:3000/_next/static/chunks/0-ynv9eqilv7x.js:0
[   45581ms] [LOG] Player X: 0.00 Y: 6.00 Z: 5.00 @ http://localhost:3000/_next/static/chunks/0-ynv9eqilv7x.js:0
[   45584ms] [LOG] Player X: 0.00 Y: 6.00 Z: 5.00 @ http://localhost:3000/_next/static/chunks/0-ynv9eqilv7x.js:0
[   45587ms] [LOG] Player X: 0.00 Y: 6.00 Z: 5.00 @ http://localhost:3000/_next/static/chunks/0-ynv9eqilv7x.js:0
[   45591ms] [LOG] Player X: 0.00 Y: 6.00 Z: 5.00 @ http://localhost:3000/_next/static/chunks/0-ynv9eqilv7x.js:0
[   45594ms] [LOG] Player X: 0.00 Y: 6.00 Z: 5.00 @ http://localhost:3000/_next/static/chunks/0-ynv9eqilv7x.js:0
[   45597ms] [LOG] Player X: 0.00 Y: 6.00 Z: 5.00 @ http://localhost:3000/_next/static/chunks/0-ynv9eqilv7x.js:0
[   45601ms] [LOG] Player X: 0.00 Y: 6.00 Z: 5.00 @ http://localhost:3000/_next/static/chunks/0-ynv9eqilv7x.js:0
[   45604ms] [LOG] Player X: 0.00 Y: 6.00 Z: 5.00 @ http://localhost:3000/_next/static/chunks/0-ynv9eqilv7x.js:0
[   45607ms] [LOG] Player X: 0.00 Y: 6.00 Z: 5.00 @ http://localhost:3000/_next/static/chunks/0-ynv9eqilv7x.js:0
[   45611ms] [LOG] Player X: 0.00 Y: 6.00 Z: 5.00 @ http://localhost:3000/_next/static/chunks/0-ynv9eqilv7x.js:0
[   45614ms] [LOG] Player X: 0.00 Y: 6.00 Z: 5.00 @ http://localhost:3000/_next/static/chunks/0-ynv9eqilv7x.js:0
[   45617ms] [LOG] Player X: 0.00 Y: 6.00 Z: 5.00 @ http://localhost:3000/_next/static/chunks/0-ynv9eqilv7x.js:0
[   45621ms] [LOG] Player X: 0.00 Y: 6.00 Z: 5.00 @ http://localhost:3000/_next/static/chunks/0-ynv9eqilv7x.js:0
[   45624ms] [LOG] Player X: 0.00 Y: 6.00 Z: 5.00 @ http://localhost:3000/_next/static/chunks/0-ynv9eqilv7x.js:0
[   45627ms] [LOG] Player X: 0.00 Y: 6.00 Z: 5.00 @ http://localhost:3000/_next/static/chunks/0-ynv9eqilv7x.js:0
[   45631ms] [LOG] Player X: 0.00 Y: 6.00 Z: 5.00 @ http://localhost:3000/_next/static/chunks/0-ynv9eqilv7x.js:0
[   45634ms] [LOG] Player X: 0.00 Y: 6.00 Z: 5.00 @ http://localhost:3000/_next/static/chunks/0-ynv9eqilv7x.js:0
[   45637ms] [LOG] Player X: 0.00 Y: 6.00 Z: 5.00 @ http://localhost:3000/_next/static/chunks/0-ynv9eqilv7x.js:0
[   45641ms] [LOG] Player X: 0.00 Y: 6.00 Z: 5.00 @ http://localhost:3000/_next/static/chunks/0-ynv9eqilv7x.js:0
[   45644ms] [LOG] Player X: 0.00 Y: 6.00 Z: 5.00 @ http://localhost:3000/_next/static/chunks/0-ynv9eqilv7x.js:0
[   45647ms] [LOG] Player X: 0.00 Y: 6.00 Z: 5.00 @ http://localhost:3000/_next/static/chunks/0-ynv9eqilv7x.js:0
[   45651ms] [LOG] Player X: 0.00 Y: 6.00 Z: 5.00 @ http://localhost:3000/_next/static/chunks/0-ynv9eqilv7x.js:0
[   45654ms] [LOG] Player X: 0.00 Y: 6.00 Z: 5.00 @ http://localhost:3000/_next/static/chunks/0-ynv9eqilv7x.js:0
[   45657ms] [LOG] Player X: 0.00 Y: 6.00 Z: 5.00 @ http://localhost:3000/_next/static/chunks/0-ynv9eqilv7x.js:0
[   45661ms] [LOG] Player X: 0.00 Y: 6.00 Z: 5.00 @ http://localhost:3000/_next/static/chunks/0-ynv9eqilv7x.js:0
[   45664ms] [LOG] Player X: 0.00 Y: 6.00 Z: 5.00 @ http://localhost:3000/_next/static/chunks/0-ynv9eqilv7x.js:0
[   45667ms] [LOG] Player X: 0.00 Y: 6.00 Z: 5.00 @ http://localhost:3000/_next/static/chunks/0-ynv9eqilv7x.js:0
[   45671ms] [LOG] Player X: 0.00 Y: 6.00 Z: 5.00 @ http://localhost:3000/_next/static/chunks/0-ynv9eqilv7x.js:0
[   45674ms] [LOG] Player X: 0.00 Y: 6.00 Z: 5.00 @ http://localhost:3000/_next/static/chunks/0-ynv9eqilv7x.js:0
[   45677ms] [LOG] Player X: 0.00 Y: 6.00 Z: 5.00 @ http://localhost:3000/_next/static/chunks/0-ynv9eqilv7x.js:0
[   45681ms] [LOG] Player X: 0.00 Y: 6.00 Z: 5.00 @ http://localhost:3000/_next/static/chunks/0-ynv9eqilv7x.js:0
[   45684ms] [LOG] Player X: 0.00 Y: 6.00 Z: 5.00 @ http://localhost:3000/_next/static/chunks/0-ynv9eqilv7x.js:0
[   45687ms] [LOG] Player X: 0.00 Y: 6.00 Z: 5.00 @ http://localhost:3000/_next/static/chunks/0-ynv9eqilv7x.js:0
[   45691ms] [LOG] Player X: 0.00 Y: 6.00 Z: 5.00 @ http://localhost:3000/_next/static/chunks/0-ynv9eqilv7x.js:0
[   45694ms] [LOG] Player X: 0.00 Y: 6.00 Z: 5.00 @ http://localhost:3000/_next/static/chunks/0-ynv9eqilv7x.js:0
[   45697ms] [LOG] Player X: 0.00 Y: 6.00 Z: 5.00 @ http://localhost:3000/_next/static/chunks/0-ynv9eqilv7x.js:0
[   45701ms] [LOG] Player X: 0.00 Y: 6.00 Z: 5.00 @ http://localhost:3000/_next/static/chunks/0-ynv9eqilv7x.js:0
[   45704ms] [LOG] Player X: 0.00 Y: 6.00 Z: 5.00 @ http://localhost:3000/_next/static/chunks/0-ynv9eqilv7x.js:0
[   45707ms] [LOG] Player X: 0.00 Y: 6.00 Z: 5.00 @ http://localhost:3000/_next/static/chunks/0-ynv9eqilv7x.js:0
[   45711ms] [LOG] Player X: 0.00 Y: 6.00 Z: 5.00 @ http://localhost:3000/_next/static/chunks/0-ynv9eqilv7x.js:0
[   45714ms] [LOG] Player X: 0.00 Y: 6.00 Z: 5.00 @ http://localhost:3000/_next/static/chunks/0-ynv9eqilv7x.js:0
[   45717ms] [LOG] Player X: 0.00 Y: 6.00 Z: 5.00 @ http://localhost:3000/_next/static/chunks/0-ynv9eqilv7x.js:0
[   45721ms] [LOG] Player X: 0.00 Y: 6.00 Z: 5.00 @ http://localhost:3000/_next/static/chunks/0-ynv9eqilv7x.js:0
[   45724ms] [LOG] Player X: 0.00 Y: 6.00 Z: 5.00 @ http://localhost:3000/_next/static/chunks/0-ynv9eqilv7x.js:0
[   45727ms] [LOG] Player X: 0.00 Y: 6.00 Z: 5.00 @ http://localhost:3000/_next/static/chunks/0-ynv9eqilv7x.js:0
[   45731ms] [LOG] Player X: 0.00 Y: 6.00 Z: 5.00 @ http://localhost:3000/_next/static/chunks/0-ynv9eqilv7x.js:0
[   45734ms] [LOG] Player X: 0.00 Y: 6.00 Z: 5.00 @ http://localhost:3000/_next/static/chunks/0-ynv9eqilv7x.js:0
[   45737ms] [LOG] Player X: 0.00 Y: 6.00 Z: 5.00 @ http://localhost:3000/_next/static/chunks/0-ynv9eqilv7x.js:0
[   45741ms] [LOG] Player X: 0.00 Y: 6.00 Z: 5.00 @ http://localhost:3000/_next/static/chunks/0-ynv9eqilv7x.js:0
[   45744ms] [LOG] Player X: 0.00 Y: 6.00 Z: 5.00 @ http://localhost:3000/_next/static/chunks/0-ynv9eqilv7x.js:0
[   45747ms] [LOG] Player X: 0.00 Y: 6.00 Z: 5.00 @ http://localhost:3000/_next/static/chunks/0-ynv9eqilv7x.js:0
[   45751ms] [LOG] Player X: 0.00 Y: 6.00 Z: 5.00 @ http://localhost:3000/_next/static/chunks/0-ynv9eqilv7x.js:0
[   45754ms] [LOG] Player X: 0.00 Y: 6.00 Z: 5.00 @ http://localhost:3000/_next/static/chunks/0-ynv9eqilv7x.js:0
[   45757ms] [LOG] Player X: 0.00 Y: 6.00 Z: 5.00 @ http://localhost:3000/_next/static/chunks/0-ynv9eqilv7x.js:0
[   45761ms] [LOG] Player X: 0.00 Y: 6.00 Z: 5.00 @ http://localhost:3000/_next/static/chunks/0-ynv9eqilv7x.js:0
[   45764ms] [LOG] Player X: 0.00 Y: 6.00 Z: 5.00 @ http://localhost:3000/_next/static/chunks/0-ynv9eqilv7x.js:0
[   45767ms] [LOG] Player X: 0.00 Y: 6.00 Z: 5.00 @ http://localhost:3000/_next/static/chunks/0-ynv9eqilv7x.js:0
[   45771ms] [LOG] Player X: 0.00 Y: 6.00 Z: 5.00 @ http://localhost:3000/_next/static/chunks/0-ynv9eqilv7x.js:0
[   45774ms] [LOG] Player X: 0.00 Y: 6.00 Z: 5.00 @ http://localhost:3000/_next/static/chunks/0-ynv9eqilv7x.js:0
[   45777ms] [LOG] Player X: 0.00 Y: 6.00 Z: 5.00 @ http://localhost:3000/_next/static/chunks/0-ynv9eqilv7x.js:0
[   45781ms] [LOG] Player X: 0.00 Y: 6.00 Z: 5.00 @ http://localhost:3000/_next/static/chunks/0-ynv9eqilv7x.js:0
[   45784ms] [LOG] Player X: 0.00 Y: 6.00 Z: 5.00 @ http://localhost:3000/_next/static/chunks/0-ynv9eqilv7x.js:0
[   45787ms] [LOG] Player X: 0.00 Y: 6.00 Z: 5.00 @ http://localhost:3000/_next/static/chunks/0-ynv9eqilv7x.js:0
[   45791ms] [LOG] Player X: 0.00 Y: 6.00 Z: 5.00 @ http://localhost:3000/_next/static/chunks/0-ynv9eqilv7x.js:0
[   45794ms] [LOG] Player X: 0.00 Y: 6.00 Z: 5.00 @ http://localhost:3000/_next/static/chunks/0-ynv9eqilv7x.js:0
[   45797ms] [LOG] Player X: 0.00 Y: 6.00 Z: 5.00 @ http://localhost:3000/_next/static/chunks/0-ynv9eqilv7x.js:0
[   45801ms] [LOG] Player X: 0.00 Y: 6.00 Z: 5.00 @ http://localhost:3000/_next/static/chunks/0-ynv9eqilv7x.js:0
[   45804ms] [LOG] Player X: 0.00 Y: 6.00 Z: 5.00 @ http://localhost:3000/_next/static/chunks/0-ynv9eqilv7x.js:0
[   45807ms] [LOG] Player X: 0.00 Y: 6.00 Z: 5.00 @ http://localhost:3000/_next/static/chunks/0-ynv9eqilv7x.js:0
[   45811ms] [LOG] Player X: 0.00 Y: 6.00 Z: 5.00 @ http://localhost:3000/_next/static/chunks/0-ynv9eqilv7x.js:0
[   45814ms] [LOG] Player X: 0.00 Y: 6.00 Z: 5.00 @ http://localhost:3000/_next/static/chunks/0-ynv9eqilv7x.js:0
[   45817ms] [LOG] Player X: 0.00 Y: 6.00 Z: 5.00 @ http://localhost:3000/_next/static/chunks/0-ynv9eqilv7x.js:0
[   45821ms] [LOG] Player X: 0.00 Y: 6.00 Z: 5.00 @ http://localhost:3000/_next/static/chunks/0-ynv9eqilv7x.js:0
[   45824ms] [LOG] Player X: 0.00 Y: 6.00 Z: 5.00 @ http://localhost:3000/_next/static/chunks/0-ynv9eqilv7x.js:0
[   45827ms] [LOG] Player X: 0.00 Y: 6.00 Z: 5.00 @ http://localhost:3000/_next/static/chunks/0-ynv9eqilv7x.js:0
[   45831ms] [LOG] Player X: 0.00 Y: 6.00 Z: 5.00 @ http://localhost:3000/_next/static/chunks/0-ynv9eqilv7x.js:0
[   45834ms] [LOG] Player X: 0.00 Y: 6.00 Z: 5.00 @ http://localhost:3000/_next/static/chunks/0-ynv9eqilv7x.js:0
[   45837ms] [LOG] Player X: 0.00 Y: 6.00 Z: 5.00 @ http://localhost:3000/_next/static/chunks/0-ynv9eqilv7x.js:0
[   45841ms] [LOG] Player X: 0.00 Y: 6.00 Z: 5.00 @ http://localhost:3000/_next/static/chunks/0-ynv9eqilv7x.js:0
[   45844ms] [LOG] Player X: 0.00 Y: 6.00 Z: 5.00 @ http://localhost:3000/_next/static/chunks/0-ynv9eqilv7x.js:0
[   45848ms] [LOG] Player X: 0.00 Y: 6.00 Z: 5.00 @ http://localhost:3000/_next/static/chunks/0-ynv9eqilv7x.js:0
[   45851ms] [LOG] Player X: 0.00 Y: 6.00 Z: 5.00 @ http://localhost:3000/_next/static/chunks/0-ynv9eqilv7x.js:0
[   45854ms] [LOG] Player X: 0.00 Y: 6.00 Z: 5.00 @ http://localhost:3000/_next/static/chunks/0-ynv9eqilv7x.js:0
[   45857ms] [LOG] Player X: 0.00 Y: 6.00 Z: 5.00 @ http://localhost:3000/_next/static/chunks/0-ynv9eqilv7x.js:0
[   45861ms] [LOG] Player X: 0.00 Y: 6.00 Z: 5.00 @ http://localhost:3000/_next/static/chunks/0-ynv9eqilv7x.js:0
[   45864ms] [LOG] Player X: 0.00 Y: 6.00 Z: 5.00 @ http://localhost:3000/_next/static/chunks/0-ynv9eqilv7x.js:0
[   45867ms] [LOG] Player X: 0.00 Y: 6.00 Z: 5.00 @ http://localhost:3000/_next/static/chunks/0-ynv9eqilv7x.js:0
[   45871ms] [LOG] Player X: 0.00 Y: 6.00 Z: 5.00 @ http://localhost:3000/_next/static/chunks/0-ynv9eqilv7x.js:0
[   45874ms] [LOG] Player X: 0.00 Y: 6.00 Z: 5.00 @ http://localhost:3000/_next/static/chunks/0-ynv9eqilv7x.js:0
[   45877ms] [LOG] Player X: 0.00 Y: 6.00 Z: 5.00 @ http://localhost:3000/_next/static/chunks/0-ynv9eqilv7x.js:0
[   45881ms] [LOG] Player X: 0.00 Y: 6.00 Z: 5.00 @ http://localhost:3000/_next/static/chunks/0-ynv9eqilv7x.js:0
[   45884ms] [LOG] Player X: 0.00 Y: 6.00 Z: 5.00 @ http://localhost:3000/_next/static/chunks/0-ynv9eqilv7x.js:0
[   45887ms] [LOG] Player X: 0.00 Y: 6.00 Z: 5.00 @ http://localhost:3000/_next/static/chunks/0-ynv9eqilv7x.js:0
[   45891ms] [LOG] Player X: 0.00 Y: 6.00 Z: 5.00 @ http://localhost:3000/_next/static/chunks/0-ynv9eqilv7x.js:0
[   45894ms] [LOG] Player X: 0.00 Y: 6.00 Z: 5.00 @ http://localhost:3000/_next/static/chunks/0-ynv9eqilv7x.js:0
[   45897ms] [LOG] Player X: 0.00 Y: 6.00 Z: 5.00 @ http://localhost:3000/_next/static/chunks/0-ynv9eqilv7x.js:0
[   45901ms] [LOG] Player X: 0.00 Y: 6.00 Z: 5.00 @ http://localhost:3000/_next/static/chunks/0-ynv9eqilv7x.js:0
[   45904ms] [LOG] Player X: 0.00 Y: 6.00 Z: 5.00 @ http://localhost:3000/_next/static/chunks/0-ynv9eqilv7x.js:0
[   45907ms] [LOG] Player X: 0.00 Y: 6.00 Z: 5.00 @ http://localhost:3000/_next/static/chunks/0-ynv9eqilv7x.js:0
[   45911ms] [LOG] Player X: 0.00 Y: 6.00 Z: 5.00 @ http://localhost:3000/_next/static/chunks/0-ynv9eqilv7x.js:0
[   45914ms] [LOG] Player X: 0.00 Y: 6.00 Z: 5.00 @ http://localhost:3000/_next/static/chunks/0-ynv9eqilv7x.js:0
[   45917ms] [LOG] Player X: 0.00 Y: 6.00 Z: 5.00 @ http://localhost:3000/_next/static/chunks/0-ynv9eqilv7x.js:0
[   45921ms] [LOG] Player X: 0.00 Y: 6.00 Z: 5.00 @ http://localhost:3000/_next/static/chunks/0-ynv9eqilv7x.js:0
[   45924ms] [LOG] Player X: 0.00 Y: 6.00 Z: 5.00 @ http://localhost:3000/_next/static/chunks/0-ynv9eqilv7x.js:0
[   45927ms] [LOG] Player X: 0.00 Y: 6.00 Z: 5.00 @ http://localhost:3000/_next/static/chunks/0-ynv9eqilv7x.js:0
[   45931ms] [LOG] Player X: 0.00 Y: 6.00 Z: 5.00 @ http://localhost:3000/_next/static/chunks/0-ynv9eqilv7x.js:0
[   45934ms] [LOG] Player X: 0.00 Y: 6.00 Z: 5.00 @ http://localhost:3000/_next/static/chunks/0-ynv9eqilv7x.js:0
[   45937ms] [LOG] Player X: 0.00 Y: 6.00 Z: 5.00 @ http://localhost:3000/_next/static/chunks/0-ynv9eqilv7x.js:0
[   45941ms] [LOG] Player X: 0.00 Y: 6.00 Z: 5.00 @ http://localhost:3000/_next/static/chunks/0-ynv9eqilv7x.js:0
[   45944ms] [LOG] Player X: 0.00 Y: 6.00 Z: 5.00 @ http://localhost:3000/_next/static/chunks/0-ynv9eqilv7x.js:0
[   45947ms] [LOG] Player X: 0.00 Y: 6.00 Z: 5.00 @ http://localhost:3000/_next/static/chunks/0-ynv9eqilv7x.js:0
[   45951ms] [LOG] Player X: 0.00 Y: 6.00 Z: 5.00 @ http://localhost:3000/_next/static/chunks/0-ynv9eqilv7x.js:0
[   45954ms] [LOG] Player X: 0.00 Y: 6.00 Z: 5.00 @ http://localhost:3000/_next/static/chunks/0-ynv9eqilv7x.js:0
[   45957ms] [LOG] Player X: 0.00 Y: 6.00 Z: 5.00 @ http://localhost:3000/_next/static/chunks/0-ynv9eqilv7x.js:0
[   45961ms] [LOG] Player X: 0.00 Y: 6.00 Z: 5.00 @ http://localhost:3000/_next/static/chunks/0-ynv9eqilv7x.js:0
[   45964ms] [LOG] Player X: 0.00 Y: 6.00 Z: 5.00 @ http://localhost:3000/_next/static/chunks/0-ynv9eqilv7x.js:0
[   45967ms] [LOG] Player X: 0.00 Y: 6.00 Z: 5.00 @ http://localhost:3000/_next/static/chunks/0-ynv9eqilv7x.js:0
[   45971ms] [LOG] Player X: 0.00 Y: 6.00 Z: 5.00 @ http://localhost:3000/_next/static/chunks/0-ynv9eqilv7x.js:0
[   45974ms] [LOG] Player X: 0.00 Y: 6.00 Z: 5.00 @ http://localhost:3000/_next/static/chunks/0-ynv9eqilv7x.js:0
[   45977ms] [LOG] Player X: 0.00 Y: 6.00 Z: 5.00 @ http://localhost:3000/_next/static/chunks/0-ynv9eqilv7x.js:0
[   45981ms] [LOG] Player X: 0.00 Y: 6.00 Z: 5.00 @ http://localhost:3000/_next/static/chunks/0-ynv9eqilv7x.js:0
[   45984ms] [LOG] Player X: 0.00 Y: 6.00 Z: 5.00 @ http://localhost:3000/_next/static/chunks/0-ynv9eqilv7x.js:0
[   45987ms] [LOG] Player X: 0.00 Y: 6.00 Z: 5.00 @ http://localhost:3000/_next/static/chunks/0-ynv9eqilv7x.js:0
[   45991ms] [LOG] Player X: 0.00 Y: 6.00 Z: 5.00 @ http://localhost:3000/_next/static/chunks/0-ynv9eqilv7x.js:0
[   45994ms] [LOG] Player X: 0.00 Y: 6.00 Z: 5.00 @ http://localhost:3000/_next/static/chunks/0-ynv9eqilv7x.js:0
[   45997ms] [LOG] Player X: 0.00 Y: 6.00 Z: 5.00 @ http://localhost:3000/_next/static/chunks/0-ynv9eqilv7x.js:0
[   46001ms] [LOG] Player X: 0.00 Y: 6.00 Z: 5.00 @ http://localhost:3000/_next/static/chunks/0-ynv9eqilv7x.js:0
[   46004ms] [LOG] Player X: 0.00 Y: 6.00 Z: 5.00 @ http://localhost:3000/_next/static/chunks/0-ynv9eqilv7x.js:0
[   46007ms] [LOG] Player X: 0.00 Y: 6.00 Z: 5.00 @ http://localhost:3000/_next/static/chunks/0-ynv9eqilv7x.js:0
[   46011ms] [LOG] Player X: 0.00 Y: 6.00 Z: 5.00 @ http://localhost:3000/_next/static/chunks/0-ynv9eqilv7x.js:0
[   46014ms] [LOG] Player X: 0.00 Y: 6.00 Z: 5.00 @ http://localhost:3000/_next/static/chunks/0-ynv9eqilv7x.js:0
[   46017ms] [LOG] Player X: 0.00 Y: 6.00 Z: 5.00 @ http://localhost:3000/_next/static/chunks/0-ynv9eqilv7x.js:0
[   46021ms] [LOG] Player X: 0.00 Y: 6.00 Z: 5.00 @ http://localhost:3000/_next/static/chunks/0-ynv9eqilv7x.js:0
[   46024ms] [LOG] Player X: 0.00 Y: 6.00 Z: 5.00 @ http://localhost:3000/_next/static/chunks/0-ynv9eqilv7x.js:0
[   46027ms] [LOG] Player X: 0.00 Y: 6.00 Z: 5.00 @ http://localhost:3000/_next/static/chunks/0-ynv9eqilv7x.js:0
[   46031ms] [LOG] Player X: 0.00 Y: 6.00 Z: 5.00 @ http://localhost:3000/_next/static/chunks/0-ynv9eqilv7x.js:0
[   46034ms] [LOG] Player X: 0.00 Y: 6.00 Z: 5.00 @ http://localhost:3000/_next/static/chunks/0-ynv9eqilv7x.js:0
[   46037ms] [LOG] Player X: 0.00 Y: 6.00 Z: 5.00 @ http://localhost:3000/_next/static/chunks/0-ynv9eqilv7x.js:0
[   46041ms] [LOG] Player X: 0.00 Y: 6.00 Z: 5.00 @ http://localhost:3000/_next/static/chunks/0-ynv9eqilv7x.js:0
[   46044ms] [LOG] Player X: 0.00 Y: 6.00 Z: 5.00 @ http://localhost:3000/_next/static/chunks/0-ynv9eqilv7x.js:0
[   46047ms] [LOG] Player X: 0.00 Y: 6.00 Z: 5.00 @ http://localhost:3000/_next/static/chunks/0-ynv9eqilv7x.js:0
[   46051ms] [LOG] Player X: 0.00 Y: 6.00 Z: 5.00 @ http://localhost:3000/_next/static/chunks/0-ynv9eqilv7x.js:0
[   46054ms] [LOG] Player X: 0.00 Y: 6.00 Z: 5.00 @ http://localhost:3000/_next/static/chunks/0-ynv9eqilv7x.js:0
[   46057ms] [LOG] Player X: 0.00 Y: 6.00 Z: 5.00 @ http://localhost:3000/_next/static/chunks/0-ynv9eqilv7x.js:0
[   46061ms] [LOG] Player X: 0.00 Y: 6.00 Z: 5.00 @ http://localhost:3000/_next/static/chunks/0-ynv9eqilv7x.js:0
[   46064ms] [LOG] Player X: 0.00 Y: 6.00 Z: 5.00 @ http://localhost:3000/_next/static/chunks/0-ynv9eqilv7x.js:0
[   46067ms] [LOG] Player X: 0.00 Y: 6.00 Z: 5.00 @ http://localhost:3000/_next/static/chunks/0-ynv9eqilv7x.js:0
[   46071ms] [LOG] Player X: 0.00 Y: 6.00 Z: 5.00 @ http://localhost:3000/_next/static/chunks/0-ynv9eqilv7x.js:0
[   46074ms] [LOG] Player X: 0.00 Y: 6.00 Z: 5.00 @ http://localhost:3000/_next/static/chunks/0-ynv9eqilv7x.js:0
[   46077ms] [LOG] Player X: 0.00 Y: 6.00 Z: 5.00 @ http://localhost:3000/_next/static/chunks/0-ynv9eqilv7x.js:0
[   46081ms] [LOG] Player X: 0.00 Y: 6.00 Z: 5.00 @ http://localhost:3000/_next/static/chunks/0-ynv9eqilv7x.js:0
[   46084ms] [LOG] Player X: 0.00 Y: 6.00 Z: 5.00 @ http://localhost:3000/_next/static/chunks/0-ynv9eqilv7x.js:0
[   46087ms] [LOG] Player X: 0.00 Y: 6.00 Z: 5.00 @ http://localhost:3000/_next/static/chunks/0-ynv9eqilv7x.js:0
[   46091ms] [LOG] Player X: 0.00 Y: 6.00 Z: 5.00 @ http://localhost:3000/_next/static/chunks/0-ynv9eqilv7x.js:0
[   46094ms] [LOG] Player X: 0.00 Y: 6.00 Z: 5.00 @ http://localhost:3000/_next/static/chunks/0-ynv9eqilv7x.js:0
[   46097ms] [LOG] Player X: 0.00 Y: 6.00 Z: 5.00 @ http://localhost:3000/_next/static/chunks/0-ynv9eqilv7x.js:0
[   46101ms] [LOG] Player X: 0.00 Y: 6.00 Z: 5.00 @ http://localhost:3000/_next/static/chunks/0-ynv9eqilv7x.js:0
[   46104ms] [LOG] Player X: 0.00 Y: 6.00 Z: 5.00 @ http://localhost:3000/_next/static/chunks/0-ynv9eqilv7x.js:0
[   46107ms] [LOG] Player X: 0.00 Y: 6.00 Z: 5.00 @ http://localhost:3000/_next/static/chunks/0-ynv9eqilv7x.js:0
[   46111ms] [LOG] Player X: 0.00 Y: 6.00 Z: 5.00 @ http://localhost:3000/_next/static/chunks/0-ynv9eqilv7x.js:0
[   46114ms] [LOG] Player X: 0.00 Y: 6.00 Z: 5.00 @ http://localhost:3000/_next/static/chunks/0-ynv9eqilv7x.js:0
[   46117ms] [LOG] Player X: 0.00 Y: 6.00 Z: 5.00 @ http://localhost:3000/_next/static/chunks/0-ynv9eqilv7x.js:0
[   46121ms] [LOG] Player X: 0.00 Y: 6.00 Z: 5.00 @ http://localhost:3000/_next/static/chunks/0-ynv9eqilv7x.js:0
[   46124ms] [LOG] Player X: 0.00 Y: 6.00 Z: 5.00 @ http://localhost:3000/_next/static/chunks/0-ynv9eqilv7x.js:0
[   46127ms] [LOG] Player X: 0.00 Y: 6.00 Z: 5.00 @ http://localhost:3000/_next/static/chunks/0-ynv9eqilv7x.js:0
[   46131ms] [LOG] Player X: 0.00 Y: 6.00 Z: 5.00 @ http://localhost:3000/_next/static/chunks/0-ynv9eqilv7x.js:0
[   46134ms] [LOG] Player X: 0.00 Y: 6.00 Z: 5.00 @ http://localhost:3000/_next/static/chunks/0-ynv9eqilv7x.js:0
[   46137ms] [LOG] Player X: 0.00 Y: 6.00 Z: 5.00 @ http://localhost:3000/_next/static/chunks/0-ynv9eqilv7x.js:0
[   46141ms] [LOG] Player X: 0.00 Y: 6.00 Z: 5.00 @ http://localhost:3000/_next/static/chunks/0-ynv9eqilv7x.js:0
[   46144ms] [LOG] Player X: 0.00 Y: 6.00 Z: 5.00 @ http://localhost:3000/_next/static/chunks/0-ynv9eqilv7x.js:0
[   46147ms] [LOG] Player X: 0.00 Y: 6.00 Z: 5.00 @ http://localhost:3000/_next/static/chunks/0-ynv9eqilv7x.js:0
[   46151ms] [LOG] Player X: 0.00 Y: 6.00 Z: 5.00 @ http://localhost:3000/_next/static/chunks/0-ynv9eqilv7x.js:0
[   46154ms] [LOG] Player X: 0.00 Y: 6.00 Z: 5.00 @ http://localhost:3000/_next/static/chunks/0-ynv9eqilv7x.js:0
[   46157ms] [LOG] Player X: 0.00 Y: 6.00 Z: 5.00 @ http://localhost:3000/_next/static/chunks/0-ynv9eqilv7x.js:0
[   46161ms] [LOG] Player X: 0.00 Y: 6.00 Z: 5.00 @ http://localhost:3000/_next/static/chunks/0-ynv9eqilv7x.js:0
[   46164ms] [LOG] Player X: 0.00 Y: 6.00 Z: 5.00 @ http://localhost:3000/_next/static/chunks/0-ynv9eqilv7x.js:0
[   46167ms] [LOG] Player X: 0.00 Y: 6.00 Z: 5.00 @ http://localhost:3000/_next/static/chunks/0-ynv9eqilv7x.js:0
[   46171ms] [LOG] Player X: 0.00 Y: 6.00 Z: 5.00 @ http://localhost:3000/_next/static/chunks/0-ynv9eqilv7x.js:0
[   46174ms] [LOG] Player X: 0.00 Y: 6.00 Z: 5.00 @ http://localhost:3000/_next/static/chunks/0-ynv9eqilv7x.js:0
[   46177ms] [LOG] Player X: 0.00 Y: 6.00 Z: 5.00 @ http://localhost:3000/_next/static/chunks/0-ynv9eqilv7x.js:0
[   46181ms] [LOG] Player X: 0.00 Y: 6.00 Z: 5.00 @ http://localhost:3000/_next/static/chunks/0-ynv9eqilv7x.js:0
[   46184ms] [LOG] Player X: 0.00 Y: 6.00 Z: 5.00 @ http://localhost:3000/_next/static/chunks/0-ynv9eqilv7x.js:0
[   46187ms] [LOG] Player X: 0.00 Y: 6.00 Z: 5.00 @ http://localhost:3000/_next/static/chunks/0-ynv9eqilv7x.js:0
[   46191ms] [LOG] Player X: 0.00 Y: 6.00 Z: 5.00 @ http://localhost:3000/_next/static/chunks/0-ynv9eqilv7x.js:0
[   46194ms] [LOG] Player X: 0.00 Y: 6.00 Z: 5.00 @ http://localhost:3000/_next/static/chunks/0-ynv9eqilv7x.js:0
[   46197ms] [LOG] Player X: 0.00 Y: 6.00 Z: 5.00 @ http://localhost:3000/_next/static/chunks/0-ynv9eqilv7x.js:0
[   46201ms] [LOG] Player X: 0.00 Y: 6.00 Z: 5.00 @ http://localhost:3000/_next/static/chunks/0-ynv9eqilv7x.js:0
[   46204ms] [LOG] Player X: 0.00 Y: 6.00 Z: 5.00 @ http://localhost:3000/_next/static/chunks/0-ynv9eqilv7x.js:0
[   46207ms] [LOG] Player X: 0.00 Y: 6.00 Z: 5.00 @ http://localhost:3000/_next/static/chunks/0-ynv9eqilv7x.js:0
[   46211ms] [LOG] Player X: 0.00 Y: 6.00 Z: 5.00 @ http://localhost:3000/_next/static/chunks/0-ynv9eqilv7x.js:0
[   46214ms] [LOG] Player X: 0.00 Y: 6.00 Z: 5.00 @ http://localhost:3000/_next/static/chunks/0-ynv9eqilv7x.js:0
[   46217ms] [LOG] Player X: 0.00 Y: 6.00 Z: 5.00 @ http://localhost:3000/_next/static/chunks/0-ynv9eqilv7x.js:0
[   46221ms] [LOG] Player X: 0.00 Y: 6.00 Z: 5.00 @ http://localhost:3000/_next/static/chunks/0-ynv9eqilv7x.js:0
[   46224ms] [LOG] Player X: 0.00 Y: 6.00 Z: 5.00 @ http://localhost:3000/_next/static/chunks/0-ynv9eqilv7x.js:0
[   46228ms] [LOG] Player X: 0.00 Y: 6.00 Z: 5.00 @ http://localhost:3000/_next/static/chunks/0-ynv9eqilv7x.js:0
[   46231ms] [LOG] Player X: 0.00 Y: 6.00 Z: 5.00 @ http://localhost:3000/_next/static/chunks/0-ynv9eqilv7x.js:0
[   46234ms] [LOG] Player X: 0.00 Y: 6.00 Z: 5.00 @ http://localhost:3000/_next/static/chunks/0-ynv9eqilv7x.js:0
[   46237ms] [LOG] Player X: 0.00 Y: 6.00 Z: 5.00 @ http://localhost:3000/_next/static/chunks/0-ynv9eqilv7x.js:0
[   46241ms] [LOG] Player X: 0.00 Y: 6.00 Z: 5.00 @ http://localhost:3000/_next/static/chunks/0-ynv9eqilv7x.js:0
[   46244ms] [LOG] Player X: 0.00 Y: 6.00 Z: 5.00 @ http://localhost:3000/_next/static/chunks/0-ynv9eqilv7x.js:0
[   46247ms] [LOG] Player X: 0.00 Y: 6.00 Z: 5.00 @ http://localhost:3000/_next/static/chunks/0-ynv9eqilv7x.js:0
[   46251ms] [LOG] Player X: 0.00 Y: 6.00 Z: 5.00 @ http://localhost:3000/_next/static/chunks/0-ynv9eqilv7x.js:0
[   46254ms] [LOG] Player X: 0.00 Y: 6.00 Z: 5.00 @ http://localhost:3000/_next/static/chunks/0-ynv9eqilv7x.js:0
[   46257ms] [LOG] Player X: 0.00 Y: 6.00 Z: 5.00 @ http://localhost:3000/_next/static/chunks/0-ynv9eqilv7x.js:0
[   46261ms] [LOG] Player X: 0.00 Y: 6.00 Z: 5.00 @ http://localhost:3000/_next/static/chunks/0-ynv9eqilv7x.js:0
[   46264ms] [LOG] Player X: 0.00 Y: 6.00 Z: 5.00 @ http://localhost:3000/_next/static/chunks/0-ynv9eqilv7x.js:0
[   46267ms] [LOG] Player X: 0.00 Y: 6.00 Z: 5.00 @ http://localhost:3000/_next/static/chunks/0-ynv9eqilv7x.js:0
[   46271ms] [LOG] Player X: 0.00 Y: 6.00 Z: 5.00 @ http://localhost:3000/_next/static/chunks/0-ynv9eqilv7x.js:0
[   46274ms] [LOG] Player X: 0.00 Y: 6.00 Z: 5.00 @ http://localhost:3000/_next/static/chunks/0-ynv9eqilv7x.js:0
[   46277ms] [LOG] Player X: 0.00 Y: 6.00 Z: 5.00 @ http://localhost:3000/_next/static/chunks/0-ynv9eqilv7x.js:0
[   46281ms] [LOG] Player X: 0.00 Y: 6.00 Z: 5.00 @ http://localhost:3000/_next/static/chunks/0-ynv9eqilv7x.js:0
[   46284ms] [LOG] Player X: 0.00 Y: 6.00 Z: 5.00 @ http://localhost:3000/_next/static/chunks/0-ynv9eqilv7x.js:0
[   46287ms] [LOG] Player X: 0.00 Y: 6.00 Z: 5.00 @ http://localhost:3000/_next/static/chunks/0-ynv9eqilv7x.js:0
[   46291ms] [LOG] Player X: 0.00 Y: 6.00 Z: 5.00 @ http://localhost:3000/_next/static/chunks/0-ynv9eqilv7x.js:0
[   46294ms] [LOG] Player X: 0.00 Y: 6.00 Z: 5.00 @ http://localhost:3000/_next/static/chunks/0-ynv9eqilv7x.js:0
[   46297ms] [LOG] Player X: 0.00 Y: 6.00 Z: 5.00 @ http://localhost:3000/_next/static/chunks/0-ynv9eqilv7x.js:0
[   46301ms] [LOG] Player X: 0.00 Y: 6.00 Z: 5.00 @ http://localhost:3000/_next/static/chunks/0-ynv9eqilv7x.js:0
[   46304ms] [LOG] Player X: 0.00 Y: 6.00 Z: 5.00 @ http://localhost:3000/_next/static/chunks/0-ynv9eqilv7x.js:0
[   46307ms] [LOG] Player X: 0.00 Y: 6.00 Z: 5.00 @ http://localhost:3000/_next/static/chunks/0-ynv9eqilv7x.js:0
[   46311ms] [LOG] Player X: 0.00 Y: 6.00 Z: 5.00 @ http://localhost:3000/_next/static/chunks/0-ynv9eqilv7x.js:0
[   46314ms] [LOG] Player X: 0.00 Y: 6.00 Z: 5.00 @ http://localhost:3000/_next/static/chunks/0-ynv9eqilv7x.js:0
[   46317ms] [LOG] Player X: 0.00 Y: 6.00 Z: 5.00 @ http://localhost:3000/_next/static/chunks/0-ynv9eqilv7x.js:0
[   46321ms] [LOG] Player X: 0.00 Y: 6.00 Z: 5.00 @ http://localhost:3000/_next/static/chunks/0-ynv9eqilv7x.js:0
[   46324ms] [LOG] Player X: 0.00 Y: 6.00 Z: 5.00 @ http://localhost:3000/_next/static/chunks/0-ynv9eqilv7x.js:0
[   46328ms] [LOG] Player X: 0.00 Y: 6.00 Z: 5.00 @ http://localhost:3000/_next/static/chunks/0-ynv9eqilv7x.js:0
[   46331ms] [LOG] Player X: 0.00 Y: 6.00 Z: 5.00 @ http://localhost:3000/_next/static/chunks/0-ynv9eqilv7x.js:0
[   46334ms] [LOG] Player X: 0.00 Y: 6.00 Z: 5.00 @ http://localhost:3000/_next/static/chunks/0-ynv9eqilv7x.js:0
[   46337ms] [LOG] Player X: 0.00 Y: 6.00 Z: 5.00 @ http://localhost:3000/_next/static/chunks/0-ynv9eqilv7x.js:0
[   46341ms] [LOG] Player X: 0.00 Y: 6.00 Z: 5.00 @ http://localhost:3000/_next/static/chunks/0-ynv9eqilv7x.js:0
[   46344ms] [LOG] Player X: 0.00 Y: 6.00 Z: 5.00 @ http://localhost:3000/_next/static/chunks/0-ynv9eqilv7x.js:0
[   46347ms] [LOG] Player X: 0.00 Y: 6.00 Z: 5.00 @ http://localhost:3000/_next/static/chunks/0-ynv9eqilv7x.js:0
[   46351ms] [LOG] Player X: 0.00 Y: 6.00 Z: 5.00 @ http://localhost:3000/_next/static/chunks/0-ynv9eqilv7x.js:0
[   46354ms] [LOG] Player X: 0.00 Y: 6.00 Z: 5.00 @ http://localhost:3000/_next/static/chunks/0-ynv9eqilv7x.js:0
[   46357ms] [LOG] Player X: 0.00 Y: 6.00 Z: 5.00 @ http://localhost:3000/_next/static/chunks/0-ynv9eqilv7x.js:0
[   46361ms] [LOG] Player X: 0.00 Y: 6.00 Z: 5.00 @ http://localhost:3000/_next/static/chunks/0-ynv9eqilv7x.js:0
[   46364ms] [LOG] Player X: 0.00 Y: 6.00 Z: 5.00 @ http://localhost:3000/_next/static/chunks/0-ynv9eqilv7x.js:0
[   46368ms] [LOG] Player X: 0.00 Y: 6.00 Z: 5.00 @ http://localhost:3000/_next/static/chunks/0-ynv9eqilv7x.js:0
[   46371ms] [LOG] Player X: 0.00 Y: 6.00 Z: 5.00 @ http://localhost:3000/_next/static/chunks/0-ynv9eqilv7x.js:0
[   46374ms] [LOG] Player X: 0.00 Y: 6.00 Z: 5.00 @ http://localhost:3000/_next/static/chunks/0-ynv9eqilv7x.js:0
[   46377ms] [LOG] Player X: 0.00 Y: 6.00 Z: 5.00 @ http://localhost:3000/_next/static/chunks/0-ynv9eqilv7x.js:0
[   46381ms] [LOG] Player X: 0.00 Y: 6.00 Z: 5.00 @ http://localhost:3000/_next/static/chunks/0-ynv9eqilv7x.js:0
[   46384ms] [LOG] Player X: 0.00 Y: 6.00 Z: 5.00 @ http://localhost:3000/_next/static/chunks/0-ynv9eqilv7x.js:0
[   46387ms] [LOG] Player X: 0.00 Y: 6.00 Z: 5.00 @ http://localhost:3000/_next/static/chunks/0-ynv9eqilv7x.js:0
[   46391ms] [LOG] Player X: 0.00 Y: 6.00 Z: 5.00 @ http://localhost:3000/_next/static/chunks/0-ynv9eqilv7x.js:0
[   46394ms] [LOG] Player X: 0.00 Y: 6.00 Z: 5.00 @ http://localhost:3000/_next/static/chunks/0-ynv9eqilv7x.js:0
[   46397ms] [LOG] Player X: 0.00 Y: 6.00 Z: 5.00 @ http://localhost:3000/_next/static/chunks/0-ynv9eqilv7x.js:0
[   46401ms] [LOG] Player X: 0.00 Y: 6.00 Z: 5.00 @ http://localhost:3000/_next/static/chunks/0-ynv9eqilv7x.js:0
[   46404ms] [LOG] Player X: 0.00 Y: 6.00 Z: 5.00 @ http://localhost:3000/_next/static/chunks/0-ynv9eqilv7x.js:0
[   46407ms] [LOG] Player X: 0.00 Y: 6.00 Z: 5.00 @ http://localhost:3000/_next/static/chunks/0-ynv9eqilv7x.js:0
[   46411ms] [LOG] Player X: 0.00 Y: 6.00 Z: 5.00 @ http://localhost:3000/_next/static/chunks/0-ynv9eqilv7x.js:0
[   46414ms] [LOG] Player X: 0.00 Y: 6.00 Z: 5.00 @ http://localhost:3000/_next/static/chunks/0-ynv9eqilv7x.js:0
[   46417ms] [LOG] Player X: 0.00 Y: 6.00 Z: 5.00 @ http://localhost:3000/_next/static/chunks/0-ynv9eqilv7x.js:0
[   46421ms] [LOG] Player X: 0.00 Y: 6.00 Z: 5.00 @ http://localhost:3000/_next/static/chunks/0-ynv9eqilv7x.js:0
[   46424ms] [LOG] Player X: 0.00 Y: 6.00 Z: 5.00 @ http://localhost:3000/_next/static/chunks/0-ynv9eqilv7x.js:0
[   46427ms] [LOG] Player X: 0.00 Y: 6.00 Z: 5.00 @ http://localhost:3000/_next/static/chunks/0-ynv9eqilv7x.js:0
[   46431ms] [LOG] Player X: 0.00 Y: 6.00 Z: 5.00 @ http://localhost:3000/_next/static/chunks/0-ynv9eqilv7x.js:0
[   46434ms] [LOG] Player X: 0.00 Y: 6.00 Z: 5.00 @ http://localhost:3000/_next/static/chunks/0-ynv9eqilv7x.js:0
[   46437ms] [LOG] Player X: 0.00 Y: 6.00 Z: 5.00 @ http://localhost:3000/_next/static/chunks/0-ynv9eqilv7x.js:0
[   46441ms] [LOG] Player X: 0.00 Y: 6.00 Z: 5.00 @ http://localhost:3000/_next/static/chunks/0-ynv9eqilv7x.js:0
[   46444ms] [LOG] Player X: 0.00 Y: 6.00 Z: 5.00 @ http://localhost:3000/_next/static/chunks/0-ynv9eqilv7x.js:0
[   46447ms] [LOG] Player X: 0.00 Y: 6.00 Z: 5.00 @ http://localhost:3000/_next/static/chunks/0-ynv9eqilv7x.js:0
[   46451ms] [LOG] Player X: 0.00 Y: 6.00 Z: 5.00 @ http://localhost:3000/_next/static/chunks/0-ynv9eqilv7x.js:0
[   46454ms] [LOG] Player X: 0.00 Y: 6.00 Z: 5.00 @ http://localhost:3000/_next/static/chunks/0-ynv9eqilv7x.js:0
[   46457ms] [LOG] Player X: 0.00 Y: 6.00 Z: 5.00 @ http://localhost:3000/_next/static/chunks/0-ynv9eqilv7x.js:0
[   46461ms] [LOG] Player X: 0.00 Y: 6.00 Z: 5.00 @ http://localhost:3000/_next/static/chunks/0-ynv9eqilv7x.js:0
[   46464ms] [LOG] Player X: 0.00 Y: 6.00 Z: 5.00 @ http://localhost:3000/_next/static/chunks/0-ynv9eqilv7x.js:0
[   46467ms] [LOG] Player X: 0.00 Y: 6.00 Z: 5.00 @ http://localhost:3000/_next/static/chunks/0-ynv9eqilv7x.js:0
[   46471ms] [LOG] Player X: 0.00 Y: 6.00 Z: 5.00 @ http://localhost:3000/_next/static/chunks/0-ynv9eqilv7x.js:0
[   46474ms] [LOG] Player X: 0.00 Y: 6.00 Z: 5.00 @ http://localhost:3000/_next/static/chunks/0-ynv9eqilv7x.js:0
[   46477ms] [LOG] Player X: 0.00 Y: 6.00 Z: 5.00 @ http://localhost:3000/_next/static/chunks/0-ynv9eqilv7x.js:0
[   46481ms] [LOG] Player X: 0.00 Y: 6.00 Z: 5.00 @ http://localhost:3000/_next/static/chunks/0-ynv9eqilv7x.js:0
[   46484ms] [LOG] Player X: 0.00 Y: 6.00 Z: 5.00 @ http://localhost:3000/_next/static/chunks/0-ynv9eqilv7x.js:0
[   46487ms] [LOG] Player X: 0.00 Y: 6.00 Z: 5.00 @ http://localhost:3000/_next/static/chunks/0-ynv9eqilv7x.js:0
[   46491ms] [LOG] Player X: 0.00 Y: 6.00 Z: 5.00 @ http://localhost:3000/_next/static/chunks/0-ynv9eqilv7x.js:0
[   46494ms] [LOG] Player X: 0.00 Y: 6.00 Z: 5.00 @ http://localhost:3000/_next/static/chunks/0-ynv9eqilv7x.js:0
[   46497ms] [LOG] Player X: 0.00 Y: 6.00 Z: 5.00 @ http://localhost:3000/_next/static/chunks/0-ynv9eqilv7x.js:0
[   46501ms] [LOG] Player X: 0.00 Y: 6.00 Z: 5.00 @ http://localhost:3000/_next/static/chunks/0-ynv9eqilv7x.js:0
[   46504ms] [LOG] Player X: 0.00 Y: 6.00 Z: 5.00 @ http://localhost:3000/_next/static/chunks/0-ynv9eqilv7x.js:0
[   46507ms] [LOG] Player X: 0.00 Y: 6.00 Z: 5.00 @ http://localhost:3000/_next/static/chunks/0-ynv9eqilv7x.js:0
[   46511ms] [LOG] Player X: 0.00 Y: 6.00 Z: 5.00 @ http://localhost:3000/_next/static/chunks/0-ynv9eqilv7x.js:0
[   46514ms] [LOG] Player X: 0.00 Y: 6.00 Z: 5.00 @ http://localhost:3000/_next/static/chunks/0-ynv9eqilv7x.js:0
[   46517ms] [LOG] Player X: 0.00 Y: 6.00 Z: 5.00 @ http://localhost:3000/_next/static/chunks/0-ynv9eqilv7x.js:0
[   46521ms] [LOG] Player X: 0.00 Y: 6.00 Z: 5.00 @ http://localhost:3000/_next/static/chunks/0-ynv9eqilv7x.js:0
[   46524ms] [LOG] Player X: 0.00 Y: 6.00 Z: 5.00 @ http://localhost:3000/_next/static/chunks/0-ynv9eqilv7x.js:0
[   46527ms] [LOG] Player X: 0.00 Y: 6.00 Z: 5.00 @ http://localhost:3000/_next/static/chunks/0-ynv9eqilv7x.js:0
[   46531ms] [LOG] Player X: 0.00 Y: 6.00 Z: 5.00 @ http://localhost:3000/_next/static/chunks/0-ynv9eqilv7x.js:0
[   46534ms] [LOG] Player X: 0.00 Y: 6.00 Z: 5.00 @ http://localhost:3000/_next/static/chunks/0-ynv9eqilv7x.js:0
[   46537ms] [LOG] Player X: 0.00 Y: 6.00 Z: 5.00 @ http://localhost:3000/_next/static/chunks/0-ynv9eqilv7x.js:0
[   46541ms] [LOG] Player X: 0.00 Y: 6.00 Z: 5.00 @ http://localhost:3000/_next/static/chunks/0-ynv9eqilv7x.js:0
[   46544ms] [LOG] Player X: 0.00 Y: 6.00 Z: 5.00 @ http://localhost:3000/_next/static/chunks/0-ynv9eqilv7x.js:0
[   46547ms] [LOG] Player X: 0.00 Y: 6.00 Z: 5.00 @ http://localhost:3000/_next/static/chunks/0-ynv9eqilv7x.js:0
[   46551ms] [LOG] Player X: 0.00 Y: 6.00 Z: 5.00 @ http://localhost:3000/_next/static/chunks/0-ynv9eqilv7x.js:0
[   46554ms] [LOG] Player X: 0.00 Y: 6.00 Z: 5.00 @ http://localhost:3000/_next/static/chunks/0-ynv9eqilv7x.js:0
[   46557ms] [LOG] Player X: 0.00 Y: 6.00 Z: 5.00 @ http://localhost:3000/_next/static/chunks/0-ynv9eqilv7x.js:0
[   46561ms] [LOG] Player X: 0.00 Y: 6.00 Z: 5.00 @ http://localhost:3000/_next/static/chunks/0-ynv9eqilv7x.js:0
[   46564ms] [LOG] Player X: 0.00 Y: 6.00 Z: 5.00 @ http://localhost:3000/_next/static/chunks/0-ynv9eqilv7x.js:0
[   46567ms] [LOG] Player X: 0.00 Y: 6.00 Z: 5.00 @ http://localhost:3000/_next/static/chunks/0-ynv9eqilv7x.js:0
[   46571ms] [LOG] Player X: 0.00 Y: 6.00 Z: 5.00 @ http://localhost:3000/_next/static/chunks/0-ynv9eqilv7x.js:0
[   46574ms] [LOG] Player X: 0.00 Y: 6.00 Z: 5.00 @ http://localhost:3000/_next/static/chunks/0-ynv9eqilv7x.js:0
[   46577ms] [LOG] Player X: 0.00 Y: 6.00 Z: 5.00 @ http://localhost:3000/_next/static/chunks/0-ynv9eqilv7x.js:0
[   46581ms] [LOG] Player X: 0.00 Y: 6.00 Z: 5.00 @ http://localhost:3000/_next/static/chunks/0-ynv9eqilv7x.js:0
[   46584ms] [LOG] Player X: 0.00 Y: 6.00 Z: 5.00 @ http://localhost:3000/_next/static/chunks/0-ynv9eqilv7x.js:0
[   46587ms] [LOG] Player X: 0.00 Y: 6.00 Z: 5.00 @ http://localhost:3000/_next/static/chunks/0-ynv9eqilv7x.js:0
[   46591ms] [LOG] Player X: 0.00 Y: 6.00 Z: 5.00 @ http://localhost:3000/_next/static/chunks/0-ynv9eqilv7x.js:0
[   46594ms] [LOG] Player X: 0.00 Y: 6.00 Z: 5.00 @ http://localhost:3000/_next/static/chunks/0-ynv9eqilv7x.js:0
[   46598ms] [LOG] Player X: 0.00 Y: 6.00 Z: 5.00 @ http://localhost:3000/_next/static/chunks/0-ynv9eqilv7x.js:0
[   46601ms] [LOG] Player X: 0.00 Y: 6.00 Z: 5.00 @ http://localhost:3000/_next/static/chunks/0-ynv9eqilv7x.js:0
[   46604ms] [LOG] Player X: 0.00 Y: 6.00 Z: 5.00 @ http://localhost:3000/_next/static/chunks/0-ynv9eqilv7x.js:0
[   46607ms] [LOG] Player X: 0.00 Y: 6.00 Z: 5.00 @ http://localhost:3000/_next/static/chunks/0-ynv9eqilv7x.js:0
[   46611ms] [LOG] Player X: 0.00 Y: 6.00 Z: 5.00 @ http://localhost:3000/_next/static/chunks/0-ynv9eqilv7x.js:0
[   46614ms] [LOG] Player X: 0.00 Y: 6.00 Z: 5.00 @ http://localhost:3000/_next/static/chunks/0-ynv9eqilv7x.js:0
[   46617ms] [LOG] Player X: 0.00 Y: 6.00 Z: 5.00 @ http://localhost:3000/_next/static/chunks/0-ynv9eqilv7x.js:0
[   46621ms] [LOG] Player X: 0.00 Y: 6.00 Z: 5.00 @ http://localhost:3000/_next/static/chunks/0-ynv9eqilv7x.js:0
[   46624ms] [LOG] Player X: 0.00 Y: 6.00 Z: 5.00 @ http://localhost:3000/_next/static/chunks/0-ynv9eqilv7x.js:0
[   46627ms] [LOG] Player X: 0.00 Y: 6.00 Z: 5.00 @ http://localhost:3000/_next/static/chunks/0-ynv9eqilv7x.js:0
[   46631ms] [LOG] Player X: 0.00 Y: 6.00 Z: 5.00 @ http://localhost:3000/_next/static/chunks/0-ynv9eqilv7x.js:0
[   46634ms] [LOG] Player X: 0.00 Y: 6.00 Z: 5.00 @ http://localhost:3000/_next/static/chunks/0-ynv9eqilv7x.js:0
[   46637ms] [LOG] Player X: 0.00 Y: 6.00 Z: 5.00 @ http://localhost:3000/_next/static/chunks/0-ynv9eqilv7x.js:0
[   46641ms] [LOG] Player X: 0.00 Y: 6.00 Z: 5.00 @ http://localhost:3000/_next/static/chunks/0-ynv9eqilv7x.js:0
[   46644ms] [LOG] Player X: 0.00 Y: 6.00 Z: 5.00 @ http://localhost:3000/_next/static/chunks/0-ynv9eqilv7x.js:0
[   46647ms] [LOG] Player X: 0.00 Y: 6.00 Z: 5.00 @ http://localhost:3000/_next/static/chunks/0-ynv9eqilv7x.js:0
[   46651ms] [LOG] Player X: 0.00 Y: 6.00 Z: 5.00 @ http://localhost:3000/_next/static/chunks/0-ynv9eqilv7x.js:0
[   46654ms] [LOG] Player X: 0.00 Y: 6.00 Z: 5.00 @ http://localhost:3000/_next/static/chunks/0-ynv9eqilv7x.js:0
[   46657ms] [LOG] Player X: 0.00 Y: 6.00 Z: 5.00 @ http://localhost:3000/_next/static/chunks/0-ynv9eqilv7x.js:0
[   46661ms] [LOG] Player X: 0.00 Y: 6.00 Z: 5.00 @ http://localhost:3000/_next/static/chunks/0-ynv9eqilv7x.js:0
[   46664ms] [LOG] Player X: 0.00 Y: 6.00 Z: 5.00 @ http://localhost:3000/_next/static/chunks/0-ynv9eqilv7x.js:0
[   46667ms] [LOG] Player X: 0.00 Y: 6.00 Z: 5.00 @ http://localhost:3000/_next/static/chunks/0-ynv9eqilv7x.js:0
[   46671ms] [LOG] Player X: 0.00 Y: 6.00 Z: 5.00 @ http://localhost:3000/_next/static/chunks/0-ynv9eqilv7x.js:0
[   46674ms] [LOG] Player X: 0.00 Y: 6.00 Z: 5.00 @ http://localhost:3000/_next/static/chunks/0-ynv9eqilv7x.js:0
[   46677ms] [LOG] Player X: 0.00 Y: 6.00 Z: 5.00 @ http://localhost:3000/_next/static/chunks/0-ynv9eqilv7x.js:0
[   46681ms] [LOG] Player X: 0.00 Y: 6.00 Z: 5.00 @ http://localhost:3000/_next/static/chunks/0-ynv9eqilv7x.js:0
[   46684ms] [LOG] Player X: 0.00 Y: 6.00 Z: 5.00 @ http://localhost:3000/_next/static/chunks/0-ynv9eqilv7x.js:0
[   46687ms] [LOG] Player X: 0.00 Y: 6.00 Z: 5.00 @ http://localhost:3000/_next/static/chunks/0-ynv9eqilv7x.js:0
[   46691ms] [LOG] Player X: 0.00 Y: 6.00 Z: 5.00 @ http://localhost:3000/_next/static/chunks/0-ynv9eqilv7x.js:0
[   46694ms] [LOG] Player X: 0.00 Y: 6.00 Z: 5.00 @ http://localhost:3000/_next/static/chunks/0-ynv9eqilv7x.js:0
[   46697ms] [LOG] Player X: 0.00 Y: 6.00 Z: 5.00 @ http://localhost:3000/_next/static/chunks/0-ynv9eqilv7x.js:0
[   46701ms] [LOG] Player X: 0.00 Y: 6.00 Z: 5.00 @ http://localhost:3000/_next/static/chunks/0-ynv9eqilv7x.js:0
[   46704ms] [LOG] Player X: 0.00 Y: 6.00 Z: 5.00 @ http://localhost:3000/_next/static/chunks/0-ynv9eqilv7x.js:0
[   46707ms] [LOG] Player X: 0.00 Y: 6.00 Z: 5.00 @ http://localhost:3000/_next/static/chunks/0-ynv9eqilv7x.js:0
[   46711ms] [LOG] Player X: 0.00 Y: 6.00 Z: 5.00 @ http://localhost:3000/_next/static/chunks/0-ynv9eqilv7x.js:0
[   46714ms] [LOG] Player X: 0.00 Y: 6.00 Z: 5.00 @ http://localhost:3000/_next/static/chunks/0-ynv9eqilv7x.js:0
[   46717ms] [LOG] Player X: 0.00 Y: 6.00 Z: 5.00 @ http://localhost:3000/_next/static/chunks/0-ynv9eqilv7x.js:0
[   46721ms] [LOG] Player X: 0.00 Y: 6.00 Z: 5.00 @ http://localhost:3000/_next/static/chunks/0-ynv9eqilv7x.js:0
[   46724ms] [LOG] Player X: 0.00 Y: 6.00 Z: 5.00 @ http://localhost:3000/_next/static/chunks/0-ynv9eqilv7x.js:0
[   46727ms] [LOG] Player X: 0.00 Y: 6.00 Z: 5.00 @ http://localhost:3000/_next/static/chunks/0-ynv9eqilv7x.js:0
[   46731ms] [LOG] Player X: 0.00 Y: 6.00 Z: 5.00 @ http://localhost:3000/_next/static/chunks/0-ynv9eqilv7x.js:0
[   46734ms] [LOG] Player X: 0.00 Y: 6.00 Z: 5.00 @ http://localhost:3000/_next/static/chunks/0-ynv9eqilv7x.js:0
[   46737ms] [LOG] Player X: 0.00 Y: 6.00 Z: 5.00 @ http://localhost:3000/_next/static/chunks/0-ynv9eqilv7x.js:0
[   46741ms] [LOG] Player X: 0.00 Y: 6.00 Z: 5.00 @ http://localhost:3000/_next/static/chunks/0-ynv9eqilv7x.js:0
[   46744ms] [LOG] Player X: 0.00 Y: 6.00 Z: 5.00 @ http://localhost:3000/_next/static/chunks/0-ynv9eqilv7x.js:0
[   46747ms] [LOG] Player X: 0.00 Y: 6.00 Z: 5.00 @ http://localhost:3000/_next/static/chunks/0-ynv9eqilv7x.js:0
[   46751ms] [LOG] Player X: 0.00 Y: 6.00 Z: 5.00 @ http://localhost:3000/_next/static/chunks/0-ynv9eqilv7x.js:0
[   46754ms] [LOG] Player X: 0.00 Y: 6.00 Z: 5.00 @ http://localhost:3000/_next/static/chunks/0-ynv9eqilv7x.js:0
[   46757ms] [LOG] Player X: 0.00 Y: 6.00 Z: 5.00 @ http://localhost:3000/_next/static/chunks/0-ynv9eqilv7x.js:0
[   46761ms] [LOG] Player X: 0.00 Y: 6.00 Z: 5.00 @ http://localhost:3000/_next/static/chunks/0-ynv9eqilv7x.js:0
[   46764ms] [LOG] Player X: 0.00 Y: 6.00 Z: 5.00 @ http://localhost:3000/_next/static/chunks/0-ynv9eqilv7x.js:0
[   46767ms] [LOG] Player X: 0.00 Y: 6.00 Z: 5.00 @ http://localhost:3000/_next/static/chunks/0-ynv9eqilv7x.js:0
[   46771ms] [LOG] Player X: 0.00 Y: 6.00 Z: 5.00 @ http://localhost:3000/_next/static/chunks/0-ynv9eqilv7x.js:0
[   46774ms] [LOG] Player X: 0.00 Y: 6.00 Z: 5.00 @ http://localhost:3000/_next/static/chunks/0-ynv9eqilv7x.js:0
[   46777ms] [LOG] Player X: 0.00 Y: 6.00 Z: 5.00 @ http://localhost:3000/_next/static/chunks/0-ynv9eqilv7x.js:0
[   46781ms] [LOG] Player X: 0.00 Y: 6.00 Z: 5.00 @ http://localhost:3000/_next/static/chunks/0-ynv9eqilv7x.js:0
[   46784ms] [LOG] Player X: 0.00 Y: 6.00 Z: 5.00 @ http://localhost:3000/_next/static/chunks/0-ynv9eqilv7x.js:0
[   46787ms] [LOG] Player X: 0.00 Y: 6.00 Z: 5.00 @ http://localhost:3000/_next/static/chunks/0-ynv9eqilv7x.js:0
[   46791ms] [LOG] Player X: 0.00 Y: 6.00 Z: 5.00 @ http://localhost:3000/_next/static/chunks/0-ynv9eqilv7x.js:0
[   46794ms] [LOG] Player X: 0.00 Y: 6.00 Z: 5.00 @ http://localhost:3000/_next/static/chunks/0-ynv9eqilv7x.js:0
[   46797ms] [LOG] Player X: 0.00 Y: 6.00 Z: 5.00 @ http://localhost:3000/_next/static/chunks/0-ynv9eqilv7x.js:0
[   46801ms] [LOG] Player X: 0.00 Y: 6.00 Z: 5.00 @ http://localhost:3000/_next/static/chunks/0-ynv9eqilv7x.js:0
[   46804ms] [LOG] Player X: 0.00 Y: 6.00 Z: 5.00 @ http://localhost:3000/_next/static/chunks/0-ynv9eqilv7x.js:0
[   46807ms] [LOG] Player X: 0.00 Y: 6.00 Z: 5.00 @ http://localhost:3000/_next/static/chunks/0-ynv9eqilv7x.js:0
[   46811ms] [LOG] Player X: 0.00 Y: 6.00 Z: 5.00 @ http://localhost:3000/_next/static/chunks/0-ynv9eqilv7x.js:0
[   46814ms] [LOG] Player X: 0.00 Y: 6.00 Z: 5.00 @ http://localhost:3000/_next/static/chunks/0-ynv9eqilv7x.js:0
[   46817ms] [LOG] Player X: 0.00 Y: 6.00 Z: 5.00 @ http://localhost:3000/_next/static/chunks/0-ynv9eqilv7x.js:0
[   46821ms] [LOG] Player X: 0.00 Y: 6.00 Z: 5.00 @ http://localhost:3000/_next/static/chunks/0-ynv9eqilv7x.js:0
[   46824ms] [LOG] Player X: 0.00 Y: 6.00 Z: 5.00 @ http://localhost:3000/_next/static/chunks/0-ynv9eqilv7x.js:0
[   46827ms] [LOG] Player X: 0.00 Y: 6.00 Z: 5.00 @ http://localhost:3000/_next/static/chunks/0-ynv9eqilv7x.js:0
[   46831ms] [LOG] Player X: 0.00 Y: 6.00 Z: 5.00 @ http://localhost:3000/_next/static/chunks/0-ynv9eqilv7x.js:0
[   46834ms] [LOG] Player X: 0.00 Y: 6.00 Z: 5.00 @ http://localhost:3000/_next/static/chunks/0-ynv9eqilv7x.js:0
[   46837ms] [LOG] Player X: 0.00 Y: 6.00 Z: 5.00 @ http://localhost:3000/_next/static/chunks/0-ynv9eqilv7x.js:0
[   46841ms] [LOG] Player X: 0.00 Y: 6.00 Z: 5.00 @ http://localhost:3000/_next/static/chunks/0-ynv9eqilv7x.js:0
[   46844ms] [LOG] Player X: 0.00 Y: 6.00 Z: 5.00 @ http://localhost:3000/_next/static/chunks/0-ynv9eqilv7x.js:0
[   46847ms] [LOG] Player X: 0.00 Y: 6.00 Z: 5.00 @ http://localhost:3000/_next/static/chunks/0-ynv9eqilv7x.js:0
[   46851ms] [LOG] Player X: 0.00 Y: 6.00 Z: 5.00 @ http://localhost:3000/_next/static/chunks/0-ynv9eqilv7x.js:0
[   46854ms] [LOG] Player X: 0.00 Y: 6.00 Z: 5.00 @ http://localhost:3000/_next/static/chunks/0-ynv9eqilv7x.js:0
[   46857ms] [LOG] Player X: 0.00 Y: 6.00 Z: 5.00 @ http://localhost:3000/_next/static/chunks/0-ynv9eqilv7x.js:0
[   46861ms] [LOG] Player X: 0.00 Y: 6.00 Z: 5.00 @ http://localhost:3000/_next/static/chunks/0-ynv9eqilv7x.js:0
[   46864ms] [LOG] Player X: 0.00 Y: 6.00 Z: 5.00 @ http://localhost:3000/_next/static/chunks/0-ynv9eqilv7x.js:0
[   46867ms] [LOG] Player X: 0.00 Y: 6.00 Z: 5.00 @ http://localhost:3000/_next/static/chunks/0-ynv9eqilv7x.js:0
[   46871ms] [LOG] Player X: 0.00 Y: 6.00 Z: 5.00 @ http://localhost:3000/_next/static/chunks/0-ynv9eqilv7x.js:0
[   46874ms] [LOG] Player X: 0.00 Y: 6.00 Z: 5.00 @ http://localhost:3000/_next/static/chunks/0-ynv9eqilv7x.js:0
[   46877ms] [LOG] Player X: 0.00 Y: 6.00 Z: 5.00 @ http://localhost:3000/_next/static/chunks/0-ynv9eqilv7x.js:0
[   46881ms] [LOG] Player X: 0.00 Y: 6.00 Z: 5.00 @ http://localhost:3000/_next/static/chunks/0-ynv9eqilv7x.js:0
[   46884ms] [LOG] Player X: 0.00 Y: 6.00 Z: 5.00 @ http://localhost:3000/_next/static/chunks/0-ynv9eqilv7x.js:0
[   46887ms] [LOG] Player X: 0.00 Y: 6.00 Z: 5.00 @ http://localhost:3000/_next/static/chunks/0-ynv9eqilv7x.js:0
