[       4ms] [ERROR] Blocked attempt to show a 'beforeunload' confirmation panel for a frame that never had a user gesture since its load. https://www.chromestatus.com/feature/5082396709879808 @ http://localhost:3000/asteroid:0
[      89ms] [LOG] ServiceWorker registered with scope / @ http://localhost:3000/register-sw.js:7
[     219ms] [WARNING] THREE.Clock: This module has been deprecated. Please use THREE.Timer instead. @ http://localhost:3000/_next/static/chunks/1m9yay70r86x-.js:0
[     271ms] [LOG] Player X: 0.00 Y: 6.00 Z: 5.00 @ http://localhost:3000/_next/static/chunks/0-ynv9eqilv7x.js:0
[     277ms] [WARNING] THREE.WebGLShadowMap: PCFSoftShadowMap has been deprecated. Using PCFShadowMap instead. @ http://localhost:3000/_next/static/chunks/1m9yay70r86x-.js:0
[     373ms] [ERROR] Failed to load resource: the server responded with a status of 404 (Not Found) @ http://localhost:3000/_components/objects/terrain003.exr:0
[     375ms] [ERROR] An error occurred loading the EXR heightmap: nm: fetch for "http://localhost:3000/_components/objects/terrain003.exr" responded with 404: Not Found
    at http://localhost:3000/_next/static/chunks/1m9yay70r86x-.js:1:247739 @ http://localhost:3000/_next/static/chunks/34vwx9mowqe8j.js:0
[     380ms] [LOG] Player X: 0.00 Y: 6.00 Z: 5.00 @ http://localhost:3000/_next/static/chunks/0-ynv9eqilv7x.js:0
[     388ms] [LOG] Player X: 0.00 Y: 6.00 Z: 5.00 @ http://localhost:3000/_next/static/chunks/0-ynv9eqilv7x.js:0
[     412ms] [LOG] Player X: 0.00 Y: 6.00 Z: 5.00 @ http://localhost:3000/_next/static/chunks/0-ynv9eqilv7x.js:0
[     416ms] [LOG] Player X: 0.00 Y: 6.00 Z: 5.00 @ http://localhost:3000/_next/static/chunks/0-ynv9eqilv7x.js:0
[     423ms] [LOG] Player X: 0.00 Y: 6.00 Z: 5.00 @ http://localhost:3000/_next/static/chunks/0-ynv9eqilv7x.js:0
[     428ms] [LOG] Player X: 0.00 Y: 6.00 Z: 5.00 @ http://localhost:3000/_next/static/chunks/0-ynv9eqilv7x.js:0
[     434ms] [LOG] Player X: 0.00 Y: 6.00 Z: 5.00 @ http://localhost:3000/_next/static/chunks/0-ynv9eqilv7x.js:0
[     438ms] [LOG] Player X: 0.00 Y: 6.00 Z: 5.00 @ http://localhost:3000/_next/static/chunks/0-ynv9eqilv7x.js:0
[     441ms] [LOG] Player X: 0.00 Y: 6.00 Z: 5.00 @ http://localhost:3000/_next/static/chunks/0-ynv9eqilv7x.js:0
[     445ms] [LOG] Player X: 0.00 Y: 6.00 Z: 5.00 @ http://localhost:3000/_next/static/chunks/0-ynv9eqilv7x.js:0
[     449ms] [LOG] Player X: 0.00 Y: 6.00 Z: 5.00 @ http://localhost:3000/_next/static/chunks/0-ynv9eqilv7x.js:0
[     453ms] [LOG] Player X: 0.00 Y: 6.00 Z: 5.00 @ http://localhost:3000/_next/static/chunks/0-ynv9eqilv7x.js:0
[     455ms] [LOG] Player X: 0.00 Y: 6.00 Z: 5.00 @ http://localhost:3000/_next/static/chunks/0-ynv9eqilv7x.js:0
[     458ms] [LOG] Player X: 0.00 Y: 6.00 Z: 5.00 @ http://localhost:3000/_next/static/chunks/0-ynv9eqilv7x.js:0
[     460ms] [LOG] Player X: 0.00 Y: 6.00 Z: 5.00 @ http://localhost:3000/_next/static/chunks/0-ynv9eqilv7x.js:0
[     464ms] [LOG] Player X: 0.00 Y: 6.00 Z: 5.00 @ http://localhost:3000/_next/static/chunks/0-ynv9eqilv7x.js:0
[     467ms] [LOG] Player X: 0.00 Y: 6.00 Z: 5.00 @ http://localhost:3000/_next/static/chunks/0-ynv9eqilv7x.js:0
[     469ms] [LOG] Player X: 0.00 Y: 6.00 Z: 5.00 @ http://localhost:3000/_next/static/chunks/0-ynv9eqilv7x.js:0
[     471ms] [LOG] Player X: 0.00 Y: 6.00 Z: 5.00 @ http://localhost:3000/_next/static/chunks/0-ynv9eqilv7x.js:0
[     475ms] [LOG] Player X: 0.00 Y: 6.00 Z: 5.00 @ http://localhost:3000/_next/static/chunks/0-ynv9eqilv7x.js:0
[     478ms] [LOG] Player X: 0.00 Y: 6.00 Z: 5.00 @ http://localhost:3000/_next/static/chunks/0-ynv9eqilv7x.js:0
[     481ms] [LOG] Player X: 0.00 Y: 6.00 Z: 5.00 @ http://localhost:3000/_next/static/chunks/0-ynv9eqilv7x.js:0
[     485ms] [LOG] Player X: 0.00 Y: 6.00 Z: 5.00 @ http://localhost:3000/_next/static/chunks/0-ynv9eqilv7x.js:0
[     488ms] [LOG] Player X: 0.00 Y: 6.00 Z: 5.00 @ http://localhost:3000/_next/static/chunks/0-ynv9eqilv7x.js:0
[     491ms] [LOG] Player X: 0.00 Y: 6.00 Z: 5.00 @ http://localhost:3000/_next/static/chunks/0-ynv9eqilv7x.js:0
[     495ms] [LOG] Player X: 0.00 Y: 6.00 Z: 5.00 @ http://localhost:3000/_next/static/chunks/0-ynv9eqilv7x.js:0
[     498ms] [LOG] Player X: 0.00 Y: 6.00 Z: 5.00 @ http://localhost:3000/_next/static/chunks/0-ynv9eqilv7x.js:0
[     502ms] [LOG] Player X: 0.00 Y: 6.00 Z: 5.00 @ http://localhost:3000/_next/static/chunks/0-ynv9eqilv7x.js:0
[     505ms] [LOG] Player X: 0.00 Y: 6.00 Z: 5.00 @ http://localhost:3000/_next/static/chunks/0-ynv9eqilv7x.js:0
[     508ms] [LOG] Player X: 0.00 Y: 6.00 Z: 5.00 @ http://localhost:3000/_next/static/chunks/0-ynv9eqilv7x.js:0
[     512ms] [LOG] Player X: 0.00 Y: 6.00 Z: 5.00 @ http://localhost:3000/_next/static/chunks/0-ynv9eqilv7x.js:0
[     516ms] [LOG] Player X: 0.00 Y: 6.00 Z: 5.00 @ http://localhost:3000/_next/static/chunks/0-ynv9eqilv7x.js:0
[     519ms] [LOG] Player X: 0.00 Y: 6.00 Z: 5.00 @ http://localhost:3000/_next/static/chunks/0-ynv9eqilv7x.js:0
[     522ms] [LOG] Player X: 0.00 Y: 6.00 Z: 5.00 @ http://localhost:3000/_next/static/chunks/0-ynv9eqilv7x.js:0
[     525ms] [LOG] Player X: 0.00 Y: 6.00 Z: 5.00 @ http://localhost:3000/_next/static/chunks/0-ynv9eqilv7x.js:0
[     528ms] [LOG] Player X: 0.00 Y: 6.00 Z: 5.00 @ http://localhost:3000/_next/static/chunks/0-ynv9eqilv7x.js:0
[     531ms] [LOG] Player X: 0.00 Y: 6.00 Z: 5.00 @ http://localhost:3000/_next/static/chunks/0-ynv9eqilv7x.js:0
[     535ms] [LOG] Player X: 0.00 Y: 6.00 Z: 5.00 @ http://localhost:3000/_next/static/chunks/0-ynv9eqilv7x.js:0
[     538ms] [LOG] Player X: 0.00 Y: 6.00 Z: 5.00 @ http://localhost:3000/_next/static/chunks/0-ynv9eqilv7x.js:0
[     541ms] [LOG] Player X: 0.00 Y: 6.00 Z: 5.00 @ http://localhost:3000/_next/static/chunks/0-ynv9eqilv7x.js:0
[     545ms] [LOG] Player X: 0.00 Y: 6.00 Z: 5.00 @ http://localhost:3000/_next/static/chunks/0-ynv9eqilv7x.js:0
[     548ms] [LOG] Player X: 0.00 Y: 6.00 Z: 5.00 @ http://localhost:3000/_next/static/chunks/0-ynv9eqilv7x.js:0
[     551ms] [LOG] Player X: 0.00 Y: 6.00 Z: 5.00 @ http://localhost:3000/_next/static/chunks/0-ynv9eqilv7x.js:0
[     555ms] [LOG] Player X: 0.00 Y: 6.00 Z: 5.00 @ http://localhost:3000/_next/static/chunks/0-ynv9eqilv7x.js:0
[     558ms] [LOG] Player X: 0.00 Y: 6.00 Z: 5.00 @ http://localhost:3000/_next/static/chunks/0-ynv9eqilv7x.js:0
[     561ms] [LOG] Player X: 0.00 Y: 6.00 Z: 5.00 @ http://localhost:3000/_next/static/chunks/0-ynv9eqilv7x.js:0
[     565ms] [LOG] Player X: 0.00 Y: 6.00 Z: 5.00 @ http://localhost:3000/_next/static/chunks/0-ynv9eqilv7x.js:0
[     569ms] [LOG] Player X: 0.00 Y: 6.00 Z: 5.00 @ http://localhost:3000/_next/static/chunks/0-ynv9eqilv7x.js:0
[     572ms] [LOG] Player X: 0.00 Y: 6.00 Z: 5.00 @ http://localhost:3000/_next/static/chunks/0-ynv9eqilv7x.js:0
[     575ms] [LOG] Player X: 0.00 Y: 6.00 Z: 5.00 @ http://localhost:3000/_next/static/chunks/0-ynv9eqilv7x.js:0
[     579ms] [LOG] Player X: 0.00 Y: 6.00 Z: 5.00 @ http://localhost:3000/_next/static/chunks/0-ynv9eqilv7x.js:0
[     583ms] [LOG] Player X: 0.00 Y: 6.00 Z: 5.00 @ http://localhost:3000/_next/static/chunks/0-ynv9eqilv7x.js:0
[     585ms] [LOG] Player X: 0.00 Y: 6.00 Z: 5.00 @ http://localhost:3000/_next/static/chunks/0-ynv9eqilv7x.js:0
[     589ms] [LOG] Player X: 0.00 Y: 6.00 Z: 5.00 @ http://localhost:3000/_next/static/chunks/0-ynv9eqilv7x.js:0
[     591ms] [LOG] Player X: 0.00 Y: 6.00 Z: 5.00 @ http://localhost:3000/_next/static/chunks/0-ynv9eqilv7x.js:0
[     595ms] [LOG] Player X: 0.00 Y: 6.00 Z: 5.00 @ http://localhost:3000/_next/static/chunks/0-ynv9eqilv7x.js:0
[     598ms] [LOG] Player X: 0.00 Y: 6.00 Z: 5.00 @ http://localhost:3000/_next/static/chunks/0-ynv9eqilv7x.js:0
[     601ms] [LOG] Player X: 0.00 Y: 6.00 Z: 5.00 @ http://localhost:3000/_next/static/chunks/0-ynv9eqilv7x.js:0
[     605ms] [LOG] Player X: 0.00 Y: 6.00 Z: 5.00 @ http://localhost:3000/_next/static/chunks/0-ynv9eqilv7x.js:0
[     608ms] [LOG] Player X: 0.00 Y: 6.00 Z: 5.00 @ http://localhost:3000/_next/static/chunks/0-ynv9eqilv7x.js:0
[     611ms] [LOG] Player X: 0.00 Y: 6.00 Z: 5.00 @ http://localhost:3000/_next/static/chunks/0-ynv9eqilv7x.js:0
[     615ms] [LOG] Player X: 0.00 Y: 6.00 Z: 5.00 @ http://localhost:3000/_next/static/chunks/0-ynv9eqilv7x.js:0
[     618ms] [LOG] Player X: 0.00 Y: 6.00 Z: 5.00 @ http://localhost:3000/_next/static/chunks/0-ynv9eqilv7x.js:0
[     621ms] [LOG] Player X: 0.00 Y: 6.00 Z: 5.00 @ http://localhost:3000/_next/static/chunks/0-ynv9eqilv7x.js:0
[     625ms] [LOG] Player X: 0.00 Y: 6.00 Z: 5.00 @ http://localhost:3000/_next/static/chunks/0-ynv9eqilv7x.js:0
[     628ms] [LOG] Player X: 0.00 Y: 6.00 Z: 5.00 @ http://localhost:3000/_next/static/chunks/0-ynv9eqilv7x.js:0
[     631ms] [LOG] Player X: 0.00 Y: 6.00 Z: 5.00 @ http://localhost:3000/_next/static/chunks/0-ynv9eqilv7x.js:0
[     635ms] [LOG] Player X: 0.00 Y: 6.00 Z: 5.00 @ http://localhost:3000/_next/static/chunks/0-ynv9eqilv7x.js:0
[     638ms] [LOG] Player X: 0.00 Y: 6.00 Z: 5.00 @ http://localhost:3000/_next/static/chunks/0-ynv9eqilv7x.js:0
[     641ms] [LOG] Player X: 0.00 Y: 6.00 Z: 5.00 @ http://localhost:3000/_next/static/chunks/0-ynv9eqilv7x.js:0
[     645ms] [LOG] Player X: 0.00 Y: 6.00 Z: 5.00 @ http://localhost:3000/_next/static/chunks/0-ynv9eqilv7x.js:0
[     648ms] [LOG] Player X: 0.00 Y: 6.00 Z: 5.00 @ http://localhost:3000/_next/static/chunks/0-ynv9eqilv7x.js:0
[     652ms] [LOG] Player X: 0.00 Y: 6.00 Z: 5.00 @ http://localhost:3000/_next/static/chunks/0-ynv9eqilv7x.js:0
[     656ms] [LOG] Player X: 0.00 Y: 6.00 Z: 5.00 @ http://localhost:3000/_next/static/chunks/0-ynv9eqilv7x.js:0
[     660ms] [LOG] Player X: 0.00 Y: 6.00 Z: 5.00 @ http://localhost:3000/_next/static/chunks/0-ynv9eqilv7x.js:0
[     664ms] [LOG] Player X: 0.00 Y: 6.00 Z: 5.00 @ http://localhost:3000/_next/static/chunks/0-ynv9eqilv7x.js:0
[     669ms] [LOG] Player X: 0.00 Y: 6.00 Z: 5.00 @ http://localhost:3000/_next/static/chunks/0-ynv9eqilv7x.js:0
[     672ms] [LOG] Player X: 0.00 Y: 6.00 Z: 5.00 @ http://localhost:3000/_next/static/chunks/0-ynv9eqilv7x.js:0
[     675ms] [LOG] Player X: 0.00 Y: 6.00 Z: 5.00 @ http://localhost:3000/_next/static/chunks/0-ynv9eqilv7x.js:0
[     678ms] [LOG] Player X: 0.00 Y: 6.00 Z: 5.00 @ http://localhost:3000/_next/static/chunks/0-ynv9eqilv7x.js:0
[     704ms] [LOG] Player X: 0.00 Y: 6.00 Z: 5.00 @ http://localhost:3000/_next/static/chunks/0-ynv9eqilv7x.js:0
[     706ms] [LOG] Player X: 0.00 Y: 6.00 Z: 5.00 @ http://localhost:3000/_next/static/chunks/0-ynv9eqilv7x.js:0
[     709ms] [LOG] Player X: 0.00 Y: 6.00 Z: 5.00 @ http://localhost:3000/_next/static/chunks/0-ynv9eqilv7x.js:0
[     712ms] [LOG] Player X: 0.00 Y: 6.00 Z: 5.00 @ http://localhost:3000/_next/static/chunks/0-ynv9eqilv7x.js:0
[     715ms] [LOG] Player X: 0.00 Y: 6.00 Z: 5.00 @ http://localhost:3000/_next/static/chunks/0-ynv9eqilv7x.js:0
[     720ms] [LOG] Player X: 0.00 Y: 6.00 Z: 5.00 @ http://localhost:3000/_next/static/chunks/0-ynv9eqilv7x.js:0
[     722ms] [LOG] Player X: 0.00 Y: 6.00 Z: 5.00 @ http://localhost:3000/_next/static/chunks/0-ynv9eqilv7x.js:0
[     725ms] [LOG] Player X: 0.00 Y: 6.00 Z: 5.00 @ http://localhost:3000/_next/static/chunks/0-ynv9eqilv7x.js:0
[     728ms] [LOG] Player X: 0.00 Y: 6.00 Z: 5.00 @ http://localhost:3000/_next/static/chunks/0-ynv9eqilv7x.js:0
[     732ms] [LOG] Player X: 0.00 Y: 6.00 Z: 5.00 @ http://localhost:3000/_next/static/chunks/0-ynv9eqilv7x.js:0
[     735ms] [LOG] Player X: 0.00 Y: 6.00 Z: 5.00 @ http://localhost:3000/_next/static/chunks/0-ynv9eqilv7x.js:0
[     738ms] [LOG] Player X: 0.00 Y: 6.00 Z: 5.00 @ http://localhost:3000/_next/static/chunks/0-ynv9eqilv7x.js:0
[     742ms] [LOG] Player X: 0.00 Y: 6.00 Z: 5.00 @ http://localhost:3000/_next/static/chunks/0-ynv9eqilv7x.js:0
[     745ms] [LOG] Player X: 0.00 Y: 6.00 Z: 5.00 @ http://localhost:3000/_next/static/chunks/0-ynv9eqilv7x.js:0
[     748ms] [LOG] Player X: 0.00 Y: 6.00 Z: 5.00 @ http://localhost:3000/_next/static/chunks/0-ynv9eqilv7x.js:0
[     751ms] [LOG] Player X: 0.00 Y: 6.00 Z: 5.00 @ http://localhost:3000/_next/static/chunks/0-ynv9eqilv7x.js:0
[     755ms] [LOG] Player X: 0.00 Y: 6.00 Z: 5.00 @ http://localhost:3000/_next/static/chunks/0-ynv9eqilv7x.js:0
[     758ms] [LOG] Player X: 0.00 Y: 6.00 Z: 5.00 @ http://localhost:3000/_next/static/chunks/0-ynv9eqilv7x.js:0
[     762ms] [LOG] Player X: 0.00 Y: 6.00 Z: 5.00 @ http://localhost:3000/_next/static/chunks/0-ynv9eqilv7x.js:0
[     765ms] [LOG] Player X: 0.00 Y: 6.00 Z: 5.00 @ http://localhost:3000/_next/static/chunks/0-ynv9eqilv7x.js:0
[     768ms] [LOG] Player X: 0.00 Y: 6.00 Z: 5.00 @ http://localhost:3000/_next/static/chunks/0-ynv9eqilv7x.js:0
[     771ms] [LOG] Player X: 0.00 Y: 6.00 Z: 5.00 @ http://localhost:3000/_next/static/chunks/0-ynv9eqilv7x.js:0
[     775ms] [LOG] Player X: 0.00 Y: 6.00 Z: 5.00 @ http://localhost:3000/_next/static/chunks/0-ynv9eqilv7x.js:0
[     778ms] [LOG] Player X: 0.00 Y: 6.00 Z: 5.00 @ http://localhost:3000/_next/static/chunks/0-ynv9eqilv7x.js:0
[     781ms] [LOG] Player X: 0.00 Y: 6.00 Z: 5.00 @ http://localhost:3000/_next/static/chunks/0-ynv9eqilv7x.js:0
[     785ms] [LOG] Player X: 0.00 Y: 6.00 Z: 5.00 @ http://localhost:3000/_next/static/chunks/0-ynv9eqilv7x.js:0
[     788ms] [LOG] Player X: 0.00 Y: 6.00 Z: 5.00 @ http://localhost:3000/_next/static/chunks/0-ynv9eqilv7x.js:0
[     791ms] [LOG] Player X: 0.00 Y: 6.00 Z: 5.00 @ http://localhost:3000/_next/static/chunks/0-ynv9eqilv7x.js:0
[     795ms] [LOG] Player X: 0.00 Y: 6.00 Z: 5.00 @ http://localhost:3000/_next/static/chunks/0-ynv9eqilv7x.js:0
[     798ms] [LOG] Player X: 0.00 Y: 6.00 Z: 5.00 @ http://localhost:3000/_next/static/chunks/0-ynv9eqilv7x.js:0
[     801ms] [LOG] Player X: 0.00 Y: 6.00 Z: 5.00 @ http://localhost:3000/_next/static/chunks/0-ynv9eqilv7x.js:0
[     805ms] [LOG] Player X: 0.00 Y: 6.00 Z: 5.00 @ http://localhost:3000/_next/static/chunks/0-ynv9eqilv7x.js:0
[     808ms] [LOG] Player X: 0.00 Y: 6.00 Z: 5.00 @ http://localhost:3000/_next/static/chunks/0-ynv9eqilv7x.js:0
[     811ms] [LOG] Player X: 0.00 Y: 6.00 Z: 5.00 @ http://localhost:3000/_next/static/chunks/0-ynv9eqilv7x.js:0
[     815ms] [LOG] Player X: 0.00 Y: 6.00 Z: 5.00 @ http://localhost:3000/_next/static/chunks/0-ynv9eqilv7x.js:0
[     818ms] [LOG] Player X: 0.00 Y: 6.00 Z: 5.00 @ http://localhost:3000/_next/static/chunks/0-ynv9eqilv7x.js:0
[     821ms] [LOG] Player X: 0.00 Y: 6.00 Z: 5.00 @ http://localhost:3000/_next/static/chunks/0-ynv9eqilv7x.js:0
[     825ms] [LOG] Player X: 0.00 Y: 6.00 Z: 5.00 @ http://localhost:3000/_next/static/chunks/0-ynv9eqilv7x.js:0
[     828ms] [LOG] Player X: 0.00 Y: 6.00 Z: 5.00 @ http://localhost:3000/_next/static/chunks/0-ynv9eqilv7x.js:0
[     831ms] [LOG] Player X: 0.00 Y: 6.00 Z: 5.00 @ http://localhost:3000/_next/static/chunks/0-ynv9eqilv7x.js:0
[     835ms] [LOG] Player X: 0.00 Y: 6.00 Z: 5.00 @ http://localhost:3000/_next/static/chunks/0-ynv9eqilv7x.js:0
[     838ms] [LOG] Player X: 0.00 Y: 6.00 Z: 5.00 @ http://localhost:3000/_next/static/chunks/0-ynv9eqilv7x.js:0
[     841ms] [LOG] Player X: 0.00 Y: 6.00 Z: 5.00 @ http://localhost:3000/_next/static/chunks/0-ynv9eqilv7x.js:0
[     844ms] [LOG] Player X: 0.00 Y: 6.00 Z: 5.00 @ http://localhost:3000/_next/static/chunks/0-ynv9eqilv7x.js:0
[     848ms] [LOG] Player X: 0.00 Y: 6.00 Z: 5.00 @ http://localhost:3000/_next/static/chunks/0-ynv9eqilv7x.js:0
[     851ms] [LOG] Player X: 0.00 Y: 6.00 Z: 5.00 @ http://localhost:3000/_next/static/chunks/0-ynv9eqilv7x.js:0
[     855ms] [LOG] Player X: 0.00 Y: 6.00 Z: 5.00 @ http://localhost:3000/_next/static/chunks/0-ynv9eqilv7x.js:0
[     858ms] [LOG] Player X: 0.00 Y: 6.00 Z: 5.00 @ http://localhost:3000/_next/static/chunks/0-ynv9eqilv7x.js:0
[     861ms] [LOG] Player X: 0.00 Y: 6.00 Z: 5.00 @ http://localhost:3000/_next/static/chunks/0-ynv9eqilv7x.js:0
[     865ms] [LOG] Player X: 0.00 Y: 6.00 Z: 5.00 @ http://localhost:3000/_next/static/chunks/0-ynv9eqilv7x.js:0
[     868ms] [LOG] Player X: 0.00 Y: 6.00 Z: 5.00 @ http://localhost:3000/_next/static/chunks/0-ynv9eqilv7x.js:0
[     871ms] [LOG] Player X: 0.00 Y: 6.00 Z: 5.00 @ http://localhost:3000/_next/static/chunks/0-ynv9eqilv7x.js:0
[     875ms] [LOG] Player X: 0.00 Y: 6.00 Z: 5.00 @ http://localhost:3000/_next/static/chunks/0-ynv9eqilv7x.js:0
[     878ms] [LOG] Player X: 0.00 Y: 6.00 Z: 5.00 @ http://localhost:3000/_next/static/chunks/0-ynv9eqilv7x.js:0
[     881ms] [LOG] Player X: 0.00 Y: 6.00 Z: 5.00 @ http://localhost:3000/_next/static/chunks/0-ynv9eqilv7x.js:0
[     885ms] [LOG] Player X: 0.00 Y: 6.00 Z: 5.00 @ http://localhost:3000/_next/static/chunks/0-ynv9eqilv7x.js:0
[     888ms] [LOG] Player X: 0.00 Y: 6.00 Z: 5.00 @ http://localhost:3000/_next/static/chunks/0-ynv9eqilv7x.js:0
[     891ms] [LOG] Player X: 0.00 Y: 6.00 Z: 5.00 @ http://localhost:3000/_next/static/chunks/0-ynv9eqilv7x.js:0
[     894ms] [LOG] Player X: 0.00 Y: 6.00 Z: 5.00 @ http://localhost:3000/_next/static/chunks/0-ynv9eqilv7x.js:0
[     898ms] [LOG] Player X: 0.00 Y: 6.00 Z: 5.00 @ http://localhost:3000/_next/static/chunks/0-ynv9eqilv7x.js:0
[     901ms] [LOG] Player X: 0.00 Y: 6.00 Z: 5.00 @ http://localhost:3000/_next/static/chunks/0-ynv9eqilv7x.js:0
[     905ms] [LOG] Player X: 0.00 Y: 6.00 Z: 5.00 @ http://localhost:3000/_next/static/chunks/0-ynv9eqilv7x.js:0
[     908ms] [LOG] Player X: 0.00 Y: 6.00 Z: 5.00 @ http://localhost:3000/_next/static/chunks/0-ynv9eqilv7x.js:0
[     911ms] [LOG] Player X: 0.00 Y: 6.00 Z: 5.00 @ http://localhost:3000/_next/static/chunks/0-ynv9eqilv7x.js:0
[     915ms] [LOG] Player X: 0.00 Y: 6.00 Z: 5.00 @ http://localhost:3000/_next/static/chunks/0-ynv9eqilv7x.js:0
[     918ms] [LOG] Player X: 0.00 Y: 6.00 Z: 5.00 @ http://localhost:3000/_next/static/chunks/0-ynv9eqilv7x.js:0
[     921ms] [LOG] Player X: 0.00 Y: 6.00 Z: 5.00 @ http://localhost:3000/_next/static/chunks/0-ynv9eqilv7x.js:0
[     925ms] [LOG] Player X: 0.00 Y: 6.00 Z: 5.00 @ http://localhost:3000/_next/static/chunks/0-ynv9eqilv7x.js:0
[     928ms] [LOG] Player X: 0.00 Y: 6.00 Z: 5.00 @ http://localhost:3000/_next/static/chunks/0-ynv9eqilv7x.js:0
[     931ms] [LOG] Player X: 0.00 Y: 6.00 Z: 5.00 @ http://localhost:3000/_next/static/chunks/0-ynv9eqilv7x.js:0
[     935ms] [LOG] Player X: 0.00 Y: 6.00 Z: 5.00 @ http://localhost:3000/_next/static/chunks/0-ynv9eqilv7x.js:0
[     938ms] [LOG] Player X: 0.00 Y: 6.00 Z: 5.00 @ http://localhost:3000/_next/static/chunks/0-ynv9eqilv7x.js:0
[     942ms] [LOG] Player X: 0.00 Y: 6.00 Z: 5.00 @ http://localhost:3000/_next/static/chunks/0-ynv9eqilv7x.js:0
[     945ms] [LOG] Player X: 0.00 Y: 6.00 Z: 5.00 @ http://localhost:3000/_next/static/chunks/0-ynv9eqilv7x.js:0
[     948ms] [LOG] Player X: 0.00 Y: 6.00 Z: 5.00 @ http://localhost:3000/_next/static/chunks/0-ynv9eqilv7x.js:0
[     952ms] [LOG] Player X: 0.00 Y: 6.00 Z: 5.00 @ http://localhost:3000/_next/static/chunks/0-ynv9eqilv7x.js:0
[     955ms] [LOG] Player X: 0.00 Y: 6.00 Z: 5.00 @ http://localhost:3000/_next/static/chunks/0-ynv9eqilv7x.js:0
[     958ms] [LOG] Player X: 0.00 Y: 6.00 Z: 5.00 @ http://localhost:3000/_next/static/chunks/0-ynv9eqilv7x.js:0
[     962ms] [LOG] Player X: 0.00 Y: 6.00 Z: 5.00 @ http://localhost:3000/_next/static/chunks/0-ynv9eqilv7x.js:0
[     965ms] [LOG] Player X: 0.00 Y: 6.00 Z: 5.00 @ http://localhost:3000/_next/static/chunks/0-ynv9eqilv7x.js:0
[     968ms] [LOG] Player X: 0.00 Y: 6.00 Z: 5.00 @ http://localhost:3000/_next/static/chunks/0-ynv9eqilv7x.js:0
[     972ms] [LOG] Player X: 0.00 Y: 6.00 Z: 5.00 @ http://localhost:3000/_next/static/chunks/0-ynv9eqilv7x.js:0
[     975ms] [LOG] Player X: 0.00 Y: 6.00 Z: 5.00 @ http://localhost:3000/_next/static/chunks/0-ynv9eqilv7x.js:0
[     978ms] [LOG] Player X: 0.00 Y: 6.00 Z: 5.00 @ http://localhost:3000/_next/static/chunks/0-ynv9eqilv7x.js:0
[     982ms] [LOG] Player X: 0.00 Y: 6.00 Z: 5.00 @ http://localhost:3000/_next/static/chunks/0-ynv9eqilv7x.js:0
[     985ms] [LOG] Player X: 0.00 Y: 6.00 Z: 5.00 @ http://localhost:3000/_next/static/chunks/0-ynv9eqilv7x.js:0
[     988ms] [LOG] Player X: 0.00 Y: 6.00 Z: 5.00 @ http://localhost:3000/_next/static/chunks/0-ynv9eqilv7x.js:0
[     992ms] [LOG] Player X: 0.00 Y: 6.00 Z: 5.00 @ http://localhost:3000/_next/static/chunks/0-ynv9eqilv7x.js:0
[     995ms] [LOG] Player X: 0.00 Y: 6.00 Z: 5.00 @ http://localhost:3000/_next/static/chunks/0-ynv9eqilv7x.js:0
[     999ms] [LOG] Player X: 0.00 Y: 6.00 Z: 5.00 @ http://localhost:3000/_next/static/chunks/0-ynv9eqilv7x.js:0
[    1002ms] [LOG] Player X: 0.00 Y: 6.00 Z: 5.00 @ http://localhost:3000/_next/static/chunks/0-ynv9eqilv7x.js:0
[    1005ms] [LOG] Player X: 0.00 Y: 6.00 Z: 5.00 @ http://localhost:3000/_next/static/chunks/0-ynv9eqilv7x.js:0
[    1009ms] [LOG] Player X: 0.00 Y: 6.00 Z: 5.00 @ http://localhost:3000/_next/static/chunks/0-ynv9eqilv7x.js:0
[    1012ms] [LOG] Player X: 0.00 Y: 6.00 Z: 5.00 @ http://localhost:3000/_next/static/chunks/0-ynv9eqilv7x.js:0
[    1016ms] [LOG] Player X: 0.00 Y: 6.00 Z: 5.00 @ http://localhost:3000/_next/static/chunks/0-ynv9eqilv7x.js:0
[    1019ms] [LOG] Player X: 0.00 Y: 6.00 Z: 5.00 @ http://localhost:3000/_next/static/chunks/0-ynv9eqilv7x.js:0
[    1022ms] [LOG] Player X: 0.00 Y: 6.00 Z: 5.00 @ http://localhost:3000/_next/static/chunks/0-ynv9eqilv7x.js:0
[    1025ms] [LOG] Player X: 0.00 Y: 6.00 Z: 5.00 @ http://localhost:3000/_next/static/chunks/0-ynv9eqilv7x.js:0
[    1028ms] [LOG] Player X: 0.00 Y: 6.00 Z: 5.00 @ http://localhost:3000/_next/static/chunks/0-ynv9eqilv7x.js:0
[    1031ms] [LOG] Player X: 0.00 Y: 6.00 Z: 5.00 @ http://localhost:3000/_next/static/chunks/0-ynv9eqilv7x.js:0
[    1035ms] [LOG] Player X: 0.00 Y: 6.00 Z: 5.00 @ http://localhost:3000/_next/static/chunks/0-ynv9eqilv7x.js:0
[    1038ms] [LOG] Player X: 0.00 Y: 6.00 Z: 5.00 @ http://localhost:3000/_next/static/chunks/0-ynv9eqilv7x.js:0
[    1041ms] [LOG] Player X: 0.00 Y: 6.00 Z: 5.00 @ http://localhost:3000/_next/static/chunks/0-ynv9eqilv7x.js:0
[    1045ms] [LOG] Player X: 0.00 Y: 6.00 Z: 5.00 @ http://localhost:3000/_next/static/chunks/0-ynv9eqilv7x.js:0
[    1048ms] [LOG] Player X: 0.00 Y: 6.00 Z: 5.00 @ http://localhost:3000/_next/static/chunks/0-ynv9eqilv7x.js:0
[    1051ms] [LOG] Player X: 0.00 Y: 6.00 Z: 5.00 @ http://localhost:3000/_next/static/chunks/0-ynv9eqilv7x.js:0
[    1055ms] [LOG] Player X: 0.00 Y: 6.00 Z: 5.00 @ http://localhost:3000/_next/static/chunks/0-ynv9eqilv7x.js:0
[    1058ms] [LOG] Player X: 0.00 Y: 6.00 Z: 5.00 @ http://localhost:3000/_next/static/chunks/0-ynv9eqilv7x.js:0
[    1062ms] [LOG] Player X: 0.00 Y: 6.00 Z: 5.00 @ http://localhost:3000/_next/static/chunks/0-ynv9eqilv7x.js:0
[    1065ms] [LOG] Player X: 0.00 Y: 6.00 Z: 5.00 @ http://localhost:3000/_next/static/chunks/0-ynv9eqilv7x.js:0
[    1068ms] [LOG] Player X: 0.00 Y: 6.00 Z: 5.00 @ http://localhost:3000/_next/static/chunks/0-ynv9eqilv7x.js:0
[    1071ms] [LOG] Player X: 0.00 Y: 6.00 Z: 5.00 @ http://localhost:3000/_next/static/chunks/0-ynv9eqilv7x.js:0
[    1075ms] [LOG] Player X: 0.00 Y: 6.00 Z: 5.00 @ http://localhost:3000/_next/static/chunks/0-ynv9eqilv7x.js:0
[    1078ms] [LOG] Player X: 0.00 Y: 6.00 Z: 5.00 @ http://localhost:3000/_next/static/chunks/0-ynv9eqilv7x.js:0
[    1081ms] [LOG] Player X: 0.00 Y: 6.00 Z: 5.00 @ http://localhost:3000/_next/static/chunks/0-ynv9eqilv7x.js:0
[    1085ms] [LOG] Player X: 0.00 Y: 6.00 Z: 5.00 @ http://localhost:3000/_next/static/chunks/0-ynv9eqilv7x.js:0
[    1088ms] [LOG] Player X: 0.00 Y: 6.00 Z: 5.00 @ http://localhost:3000/_next/static/chunks/0-ynv9eqilv7x.js:0
[    1091ms] [LOG] Player X: 0.00 Y: 6.00 Z: 5.00 @ http://localhost:3000/_next/static/chunks/0-ynv9eqilv7x.js:0
[    1095ms] [LOG] Player X: 0.00 Y: 6.00 Z: 5.00 @ http://localhost:3000/_next/static/chunks/0-ynv9eqilv7x.js:0
[    1098ms] [LOG] Player X: 0.00 Y: 6.00 Z: 5.00 @ http://localhost:3000/_next/static/chunks/0-ynv9eqilv7x.js:0
[    1101ms] [LOG] Player X: 0.00 Y: 6.00 Z: 5.00 @ http://localhost:3000/_next/static/chunks/0-ynv9eqilv7x.js:0
[    1105ms] [LOG] Player X: 0.00 Y: 6.00 Z: 5.00 @ http://localhost:3000/_next/static/chunks/0-ynv9eqilv7x.js:0
[    1108ms] [LOG] Player X: 0.00 Y: 6.00 Z: 5.00 @ http://localhost:3000/_next/static/chunks/0-ynv9eqilv7x.js:0
[    1112ms] [LOG] Player X: 0.00 Y: 6.00 Z: 5.00 @ http://localhost:3000/_next/static/chunks/0-ynv9eqilv7x.js:0
[    1115ms] [LOG] Player X: 0.00 Y: 6.00 Z: 5.00 @ http://localhost:3000/_next/static/chunks/0-ynv9eqilv7x.js:0
[    1119ms] [LOG] Player X: 0.00 Y: 6.00 Z: 5.00 @ http://localhost:3000/_next/static/chunks/0-ynv9eqilv7x.js:0
[    1122ms] [LOG] Player X: 0.00 Y: 6.00 Z: 5.00 @ http://localhost:3000/_next/static/chunks/0-ynv9eqilv7x.js:0
[    1125ms] [LOG] Player X: 0.00 Y: 6.00 Z: 5.00 @ http://localhost:3000/_next/static/chunks/0-ynv9eqilv7x.js:0
[    1128ms] [LOG] Player X: 0.00 Y: 6.00 Z: 5.00 @ http://localhost:3000/_next/static/chunks/0-ynv9eqilv7x.js:0
[    1131ms] [LOG] Player X: 0.00 Y: 6.00 Z: 5.00 @ http://localhost:3000/_next/static/chunks/0-ynv9eqilv7x.js:0
[    1135ms] [LOG] Player X: 0.00 Y: 6.00 Z: 5.00 @ http://localhost:3000/_next/static/chunks/0-ynv9eqilv7x.js:0
[    1138ms] [LOG] Player X: 0.00 Y: 6.00 Z: 5.00 @ http://localhost:3000/_next/static/chunks/0-ynv9eqilv7x.js:0
[    1142ms] [LOG] Player X: 0.00 Y: 6.00 Z: 5.00 @ http://localhost:3000/_next/static/chunks/0-ynv9eqilv7x.js:0
[    1145ms] [LOG] Player X: 0.00 Y: 6.00 Z: 5.00 @ http://localhost:3000/_next/static/chunks/0-ynv9eqilv7x.js:0
[    1148ms] [LOG] Player X: 0.00 Y: 6.00 Z: 5.00 @ http://localhost:3000/_next/static/chunks/0-ynv9eqilv7x.js:0
[    1152ms] [LOG] Player X: 0.00 Y: 6.00 Z: 5.00 @ http://localhost:3000/_next/static/chunks/0-ynv9eqilv7x.js:0
[    1155ms] [LOG] Player X: 0.00 Y: 6.00 Z: 5.00 @ http://localhost:3000/_next/static/chunks/0-ynv9eqilv7x.js:0
[    1159ms] [LOG] Player X: 0.00 Y: 6.00 Z: 5.00 @ http://localhost:3000/_next/static/chunks/0-ynv9eqilv7x.js:0
[    1162ms] [LOG] Player X: 0.00 Y: 6.00 Z: 5.00 @ http://localhost:3000/_next/static/chunks/0-ynv9eqilv7x.js:0
[    1165ms] [LOG] Player X: 0.00 Y: 6.00 Z: 5.00 @ http://localhost:3000/_next/static/chunks/0-ynv9eqilv7x.js:0
[    1168ms] [LOG] Player X: 0.00 Y: 6.00 Z: 5.00 @ http://localhost:3000/_next/static/chunks/0-ynv9eqilv7x.js:0
[    1172ms] [LOG] Player X: 0.00 Y: 6.00 Z: 5.00 @ http://localhost:3000/_next/static/chunks/0-ynv9eqilv7x.js:0
[    1175ms] [LOG] Player X: 0.00 Y: 6.00 Z: 5.00 @ http://localhost:3000/_next/static/chunks/0-ynv9eqilv7x.js:0
[    1179ms] [LOG] Player X: 0.00 Y: 6.00 Z: 5.00 @ http://localhost:3000/_next/static/chunks/0-ynv9eqilv7x.js:0
[    1182ms] [LOG] Player X: 0.00 Y: 6.00 Z: 5.00 @ http://localhost:3000/_next/static/chunks/0-ynv9eqilv7x.js:0
[    1185ms] [LOG] Player X: 0.00 Y: 6.00 Z: 5.00 @ http://localhost:3000/_next/static/chunks/0-ynv9eqilv7x.js:0
[    1188ms] [LOG] Player X: 0.00 Y: 6.00 Z: 5.00 @ http://localhost:3000/_next/static/chunks/0-ynv9eqilv7x.js:0
[    1192ms] [LOG] Player X: 0.00 Y: 6.00 Z: 5.00 @ http://localhost:3000/_next/static/chunks/0-ynv9eqilv7x.js:0
[    1195ms] [LOG] Player X: 0.00 Y: 6.00 Z: 5.00 @ http://localhost:3000/_next/static/chunks/0-ynv9eqilv7x.js:0
[    1200ms] [LOG] Player X: 0.00 Y: 6.00 Z: 5.00 @ http://localhost:3000/_next/static/chunks/0-ynv9eqilv7x.js:0
[    1204ms] [LOG] Player X: 0.00 Y: 6.00 Z: 5.00 @ http://localhost:3000/_next/static/chunks/0-ynv9eqilv7x.js:0
[    1207ms] [LOG] Player X: 0.00 Y: 6.00 Z: 5.00 @ http://localhost:3000/_next/static/chunks/0-ynv9eqilv7x.js:0
[    1211ms] [LOG] Player X: 0.00 Y: 6.00 Z: 5.00 @ http://localhost:3000/_next/static/chunks/0-ynv9eqilv7x.js:0
[    1214ms] [LOG] Player X: 0.00 Y: 6.00 Z: 5.00 @ http://localhost:3000/_next/static/chunks/0-ynv9eqilv7x.js:0
[    1217ms] [LOG] Player X: 0.00 Y: 6.00 Z: 5.00 @ http://localhost:3000/_next/static/chunks/0-ynv9eqilv7x.js:0
[    1219ms] [LOG] Player X: 0.00 Y: 6.00 Z: 5.00 @ http://localhost:3000/_next/static/chunks/0-ynv9eqilv7x.js:0
[    1223ms] [LOG] Player X: 0.00 Y: 6.00 Z: 5.00 @ http://localhost:3000/_next/static/chunks/0-ynv9eqilv7x.js:0
[    1226ms] [LOG] Player X: 0.00 Y: 6.00 Z: 5.00 @ http://localhost:3000/_next/static/chunks/0-ynv9eqilv7x.js:0
[    1229ms] [LOG] Player X: 0.00 Y: 6.00 Z: 5.00 @ http://localhost:3000/_next/static/chunks/0-ynv9eqilv7x.js:0
[    1232ms] [LOG] Player X: 0.00 Y: 6.00 Z: 5.00 @ http://localhost:3000/_next/static/chunks/0-ynv9eqilv7x.js:0
[    1235ms] [LOG] Player X: 0.00 Y: 6.00 Z: 5.00 @ http://localhost:3000/_next/static/chunks/0-ynv9eqilv7x.js:0
[    1239ms] [LOG] Player X: 0.00 Y: 6.00 Z: 5.00 @ http://localhost:3000/_next/static/chunks/0-ynv9eqilv7x.js:0
[    1242ms] [LOG] Player X: 0.00 Y: 6.00 Z: 5.00 @ http://localhost:3000/_next/static/chunks/0-ynv9eqilv7x.js:0
[    1245ms] [LOG] Player X: 0.00 Y: 6.00 Z: 5.00 @ http://localhost:3000/_next/static/chunks/0-ynv9eqilv7x.js:0
[    1248ms] [LOG] Player X: 0.00 Y: 6.00 Z: 5.00 @ http://localhost:3000/_next/static/chunks/0-ynv9eqilv7x.js:0
[    1251ms] [LOG] Player X: 0.00 Y: 6.00 Z: 5.00 @ http://localhost:3000/_next/static/chunks/0-ynv9eqilv7x.js:0
[    1255ms] [LOG] Player X: 0.00 Y: 6.00 Z: 5.00 @ http://localhost:3000/_next/static/chunks/0-ynv9eqilv7x.js:0
[    1258ms] [LOG] Player X: 0.00 Y: 6.00 Z: 5.00 @ http://localhost:3000/_next/static/chunks/0-ynv9eqilv7x.js:0
[    1261ms] [LOG] Player X: 0.00 Y: 6.00 Z: 5.00 @ http://localhost:3000/_next/static/chunks/0-ynv9eqilv7x.js:0
[    1265ms] [LOG] Player X: 0.00 Y: 6.00 Z: 5.00 @ http://localhost:3000/_next/static/chunks/0-ynv9eqilv7x.js:0
[    1268ms] [LOG] Player X: 0.00 Y: 6.00 Z: 5.00 @ http://localhost:3000/_next/static/chunks/0-ynv9eqilv7x.js:0
[    1271ms] [LOG] Player X: 0.00 Y: 6.00 Z: 5.00 @ http://localhost:3000/_next/static/chunks/0-ynv9eqilv7x.js:0
[    1275ms] [LOG] Player X: 0.00 Y: 6.00 Z: 5.00 @ http://localhost:3000/_next/static/chunks/0-ynv9eqilv7x.js:0
[    1278ms] [LOG] Player X: 0.00 Y: 6.00 Z: 5.00 @ http://localhost:3000/_next/static/chunks/0-ynv9eqilv7x.js:0
[    1281ms] [LOG] Player X: 0.00 Y: 6.00 Z: 5.00 @ http://localhost:3000/_next/static/chunks/0-ynv9eqilv7x.js:0
[    1285ms] [LOG] Player X: 0.00 Y: 6.00 Z: 5.00 @ http://localhost:3000/_next/static/chunks/0-ynv9eqilv7x.js:0
[    1288ms] [LOG] Player X: 0.00 Y: 6.00 Z: 5.00 @ http://localhost:3000/_next/static/chunks/0-ynv9eqilv7x.js:0
[    1291ms] [LOG] Player X: 0.00 Y: 6.00 Z: 5.00 @ http://localhost:3000/_next/static/chunks/0-ynv9eqilv7x.js:0
[    1294ms] [LOG] Player X: 0.00 Y: 6.00 Z: 5.00 @ http://localhost:3000/_next/static/chunks/0-ynv9eqilv7x.js:0
[    1298ms] [LOG] Player X: 0.00 Y: 6.00 Z: 5.00 @ http://localhost:3000/_next/static/chunks/0-ynv9eqilv7x.js:0
[    1301ms] [LOG] Player X: 0.00 Y: 6.00 Z: 5.00 @ http://localhost:3000/_next/static/chunks/0-ynv9eqilv7x.js:0
[    1305ms] [LOG] Player X: 0.00 Y: 6.00 Z: 5.00 @ http://localhost:3000/_next/static/chunks/0-ynv9eqilv7x.js:0
[    1308ms] [LOG] Player X: 0.00 Y: 6.00 Z: 5.00 @ http://localhost:3000/_next/static/chunks/0-ynv9eqilv7x.js:0
[    1311ms] [LOG] Player X: 0.00 Y: 6.00 Z: 5.00 @ http://localhost:3000/_next/static/chunks/0-ynv9eqilv7x.js:0
[    1315ms] [LOG] Player X: 0.00 Y: 6.00 Z: 5.00 @ http://localhost:3000/_next/static/chunks/0-ynv9eqilv7x.js:0
[    1319ms] [LOG] Player X: 0.00 Y: 6.00 Z: 5.00 @ http://localhost:3000/_next/static/chunks/0-ynv9eqilv7x.js:0
[    1322ms] [LOG] Player X: 0.00 Y: 6.00 Z: 5.00 @ http://localhost:3000/_next/static/chunks/0-ynv9eqilv7x.js:0
[    1325ms] [LOG] Player X: 0.00 Y: 6.00 Z: 5.00 @ http://localhost:3000/_next/static/chunks/0-ynv9eqilv7x.js:0
[    1328ms] [LOG] Player X: 0.00 Y: 6.00 Z: 5.00 @ http://localhost:3000/_next/static/chunks/0-ynv9eqilv7x.js:0
[    1331ms] [LOG] Player X: 0.00 Y: 6.00 Z: 5.00 @ http://localhost:3000/_next/static/chunks/0-ynv9eqilv7x.js:0
[    1335ms] [LOG] Player X: 0.00 Y: 6.00 Z: 5.00 @ http://localhost:3000/_next/static/chunks/0-ynv9eqilv7x.js:0
[    1338ms] [LOG] Player X: 0.00 Y: 6.00 Z: 5.00 @ http://localhost:3000/_next/static/chunks/0-ynv9eqilv7x.js:0
[    1341ms] [LOG] Player X: 0.00 Y: 6.00 Z: 5.00 @ http://localhost:3000/_next/static/chunks/0-ynv9eqilv7x.js:0
[    1345ms] [LOG] Player X: 0.00 Y: 6.00 Z: 5.00 @ http://localhost:3000/_next/static/chunks/0-ynv9eqilv7x.js:0
[    1348ms] [LOG] Player X: 0.00 Y: 6.00 Z: 5.00 @ http://localhost:3000/_next/static/chunks/0-ynv9eqilv7x.js:0
[    1351ms] [LOG] Player X: 0.00 Y: 6.00 Z: 5.00 @ http://localhost:3000/_next/static/chunks/0-ynv9eqilv7x.js:0
[    1354ms] [LOG] Player X: 0.00 Y: 6.00 Z: 5.00 @ http://localhost:3000/_next/static/chunks/0-ynv9eqilv7x.js:0
[    1358ms] [LOG] Player X: 0.00 Y: 6.00 Z: 5.00 @ http://localhost:3000/_next/static/chunks/0-ynv9eqilv7x.js:0
[    1361ms] [LOG] Player X: 0.00 Y: 6.00 Z: 5.00 @ http://localhost:3000/_next/static/chunks/0-ynv9eqilv7x.js:0
[    1365ms] [LOG] Player X: 0.00 Y: 6.00 Z: 5.00 @ http://localhost:3000/_next/static/chunks/0-ynv9eqilv7x.js:0
[    1368ms] [LOG] Player X: 0.00 Y: 6.00 Z: 5.00 @ http://localhost:3000/_next/static/chunks/0-ynv9eqilv7x.js:0
[    1371ms] [LOG] Player X: 0.00 Y: 6.00 Z: 5.00 @ http://localhost:3000/_next/static/chunks/0-ynv9eqilv7x.js:0
[    1375ms] [LOG] Player X: 0.00 Y: 6.00 Z: 5.00 @ http://localhost:3000/_next/static/chunks/0-ynv9eqilv7x.js:0
[    1378ms] [LOG] Player X: 0.00 Y: 6.00 Z: 5.00 @ http://localhost:3000/_next/static/chunks/0-ynv9eqilv7x.js:0
[    1382ms] [LOG] Player X: 0.00 Y: 6.00 Z: 5.00 @ http://localhost:3000/_next/static/chunks/0-ynv9eqilv7x.js:0
[    1385ms] [LOG] Player X: 0.00 Y: 6.00 Z: 5.00 @ http://localhost:3000/_next/static/chunks/0-ynv9eqilv7x.js:0
[    1389ms] [LOG] Player X: 0.00 Y: 6.00 Z: 5.00 @ http://localhost:3000/_next/static/chunks/0-ynv9eqilv7x.js:0
[    1392ms] [LOG] Player X: 0.00 Y: 6.00 Z: 5.00 @ http://localhost:3000/_next/static/chunks/0-ynv9eqilv7x.js:0
[    1395ms] [LOG] Player X: 0.00 Y: 6.00 Z: 5.00 @ http://localhost:3000/_next/static/chunks/0-ynv9eqilv7x.js:0
[    1398ms] [LOG] Player X: 0.00 Y: 6.00 Z: 5.00 @ http://localhost:3000/_next/static/chunks/0-ynv9eqilv7x.js:0
[    1401ms] [LOG] Player X: 0.00 Y: 6.00 Z: 5.00 @ http://localhost:3000/_next/static/chunks/0-ynv9eqilv7x.js:0
[    1405ms] [LOG] Player X: 0.00 Y: 6.00 Z: 5.00 @ http://localhost:3000/_next/static/chunks/0-ynv9eqilv7x.js:0
[    1408ms] [LOG] Player X: 0.00 Y: 6.00 Z: 5.00 @ http://localhost:3000/_next/static/chunks/0-ynv9eqilv7x.js:0
[    1411ms] [LOG] Player X: 0.00 Y: 6.00 Z: 5.00 @ http://localhost:3000/_next/static/chunks/0-ynv9eqilv7x.js:0
[    1415ms] [LOG] Player X: 0.00 Y: 6.00 Z: 5.00 @ http://localhost:3000/_next/static/chunks/0-ynv9eqilv7x.js:0
[    1418ms] [LOG] Player X: 0.00 Y: 6.00 Z: 5.00 @ http://localhost:3000/_next/static/chunks/0-ynv9eqilv7x.js:0
[    1421ms] [LOG] Player X: 0.00 Y: 6.00 Z: 5.00 @ http://localhost:3000/_next/static/chunks/0-ynv9eqilv7x.js:0
[    1425ms] [LOG] Player X: 0.00 Y: 6.00 Z: 5.00 @ http://localhost:3000/_next/static/chunks/0-ynv9eqilv7x.js:0
[    1428ms] [LOG] Player X: 0.00 Y: 6.00 Z: 5.00 @ http://localhost:3000/_next/static/chunks/0-ynv9eqilv7x.js:0
[    1431ms] [LOG] Player X: 0.00 Y: 6.00 Z: 5.00 @ http://localhost:3000/_next/static/chunks/0-ynv9eqilv7x.js:0
[    1435ms] [LOG] Player X: 0.00 Y: 6.00 Z: 5.00 @ http://localhost:3000/_next/static/chunks/0-ynv9eqilv7x.js:0
[    1438ms] [LOG] Player X: 0.00 Y: 6.00 Z: 5.00 @ http://localhost:3000/_next/static/chunks/0-ynv9eqilv7x.js:0
[    1441ms] [LOG] Player X: 0.00 Y: 6.00 Z: 5.00 @ http://localhost:3000/_next/static/chunks/0-ynv9eqilv7x.js:0
[    1445ms] [LOG] Player X: 0.00 Y: 6.00 Z: 5.00 @ http://localhost:3000/_next/static/chunks/0-ynv9eqilv7x.js:0
[    1448ms] [LOG] Player X: 0.00 Y: 6.00 Z: 5.00 @ http://localhost:3000/_next/static/chunks/0-ynv9eqilv7x.js:0
[    1451ms] [LOG] Player X: 0.00 Y: 6.00 Z: 5.00 @ http://localhost:3000/_next/static/chunks/0-ynv9eqilv7x.js:0
[    1455ms] [LOG] Player X: 0.00 Y: 6.00 Z: 5.00 @ http://localhost:3000/_next/static/chunks/0-ynv9eqilv7x.js:0
[    1458ms] [LOG] Player X: 0.00 Y: 6.00 Z: 5.00 @ http://localhost:3000/_next/static/chunks/0-ynv9eqilv7x.js:0
[    1461ms] [LOG] Player X: 0.00 Y: 6.00 Z: 5.00 @ http://localhost:3000/_next/static/chunks/0-ynv9eqilv7x.js:0
[    1464ms] [LOG] Player X: 0.00 Y: 6.00 Z: 5.00 @ http://localhost:3000/_next/static/chunks/0-ynv9eqilv7x.js:0
[    1468ms] [LOG] Player X: 0.00 Y: 6.00 Z: 5.00 @ http://localhost:3000/_next/static/chunks/0-ynv9eqilv7x.js:0
[    1471ms] [LOG] Player X: 0.00 Y: 6.00 Z: 5.00 @ http://localhost:3000/_next/static/chunks/0-ynv9eqilv7x.js:0
[    1475ms] [LOG] Player X: 0.00 Y: 6.00 Z: 5.00 @ http://localhost:3000/_next/static/chunks/0-ynv9eqilv7x.js:0
[    1478ms] [LOG] Player X: 0.00 Y: 6.00 Z: 5.00 @ http://localhost:3000/_next/static/chunks/0-ynv9eqilv7x.js:0
[    1481ms] [LOG] Player X: 0.00 Y: 6.00 Z: 5.00 @ http://localhost:3000/_next/static/chunks/0-ynv9eqilv7x.js:0
[    1485ms] [LOG] Player X: 0.00 Y: 6.00 Z: 5.00 @ http://localhost:3000/_next/static/chunks/0-ynv9eqilv7x.js:0
[    1488ms] [LOG] Player X: 0.00 Y: 6.00 Z: 5.00 @ http://localhost:3000/_next/static/chunks/0-ynv9eqilv7x.js:0
[    1491ms] [LOG] Player X: 0.00 Y: 6.00 Z: 5.00 @ http://localhost:3000/_next/static/chunks/0-ynv9eqilv7x.js:0
[    1495ms] [LOG] Player X: 0.00 Y: 6.00 Z: 5.00 @ http://localhost:3000/_next/static/chunks/0-ynv9eqilv7x.js:0
[    1498ms] [LOG] Player X: 0.00 Y: 6.00 Z: 5.00 @ http://localhost:3000/_next/static/chunks/0-ynv9eqilv7x.js:0
[    1501ms] [LOG] Player X: 0.00 Y: 6.00 Z: 5.00 @ http://localhost:3000/_next/static/chunks/0-ynv9eqilv7x.js:0
[    1505ms] [LOG] Player X: 0.00 Y: 6.00 Z: 5.00 @ http://localhost:3000/_next/static/chunks/0-ynv9eqilv7x.js:0
[    1508ms] [LOG] Player X: 0.00 Y: 6.00 Z: 5.00 @ http://localhost:3000/_next/static/chunks/0-ynv9eqilv7x.js:0
[    1511ms] [LOG] Player X: 0.00 Y: 6.00 Z: 5.00 @ http://localhost:3000/_next/static/chunks/0-ynv9eqilv7x.js:0
[    1515ms] [LOG] Player X: 0.00 Y: 6.00 Z: 5.00 @ http://localhost:3000/_next/static/chunks/0-ynv9eqilv7x.js:0
[    1518ms] [LOG] Player X: 0.00 Y: 6.00 Z: 5.00 @ http://localhost:3000/_next/static/chunks/0-ynv9eqilv7x.js:0
[    1521ms] [LOG] Player X: 0.00 Y: 6.00 Z: 5.00 @ http://localhost:3000/_next/static/chunks/0-ynv9eqilv7x.js:0
[    1525ms] [LOG] Player X: 0.00 Y: 6.00 Z: 5.00 @ http://localhost:3000/_next/static/chunks/0-ynv9eqilv7x.js:0
[    1528ms] [LOG] Player X: 0.00 Y: 6.00 Z: 5.00 @ http://localhost:3000/_next/static/chunks/0-ynv9eqilv7x.js:0
[    1531ms] [LOG] Player X: 0.00 Y: 6.00 Z: 5.00 @ http://localhost:3000/_next/static/chunks/0-ynv9eqilv7x.js:0
[    1535ms] [LOG] Player X: 0.00 Y: 6.00 Z: 5.00 @ http://localhost:3000/_next/static/chunks/0-ynv9eqilv7x.js:0
[    1538ms] [LOG] Player X: 0.00 Y: 6.00 Z: 5.00 @ http://localhost:3000/_next/static/chunks/0-ynv9eqilv7x.js:0
[    1541ms] [LOG] Player X: 0.00 Y: 6.00 Z: 5.00 @ http://localhost:3000/_next/static/chunks/0-ynv9eqilv7x.js:0
[    1545ms] [LOG] Player X: 0.00 Y: 6.00 Z: 5.00 @ http://localhost:3000/_next/static/chunks/0-ynv9eqilv7x.js:0
[    1548ms] [LOG] Player X: 0.00 Y: 6.00 Z: 5.00 @ http://localhost:3000/_next/static/chunks/0-ynv9eqilv7x.js:0
[    1551ms] [LOG] Player X: 0.00 Y: 6.00 Z: 5.00 @ http://localhost:3000/_next/static/chunks/0-ynv9eqilv7x.js:0
[    1555ms] [LOG] Player X: 0.00 Y: 6.00 Z: 5.00 @ http://localhost:3000/_next/static/chunks/0-ynv9eqilv7x.js:0
[    1558ms] [LOG] Player X: 0.00 Y: 6.00 Z: 5.00 @ http://localhost:3000/_next/static/chunks/0-ynv9eqilv7x.js:0
[    1561ms] [LOG] Player X: 0.00 Y: 6.00 Z: 5.00 @ http://localhost:3000/_next/static/chunks/0-ynv9eqilv7x.js:0
[    1565ms] [LOG] Player X: 0.00 Y: 6.00 Z: 5.00 @ http://localhost:3000/_next/static/chunks/0-ynv9eqilv7x.js:0
[    1568ms] [LOG] Player X: 0.00 Y: 6.00 Z: 5.00 @ http://localhost:3000/_next/static/chunks/0-ynv9eqilv7x.js:0
[    1571ms] [LOG] Player X: 0.00 Y: 6.00 Z: 5.00 @ http://localhost:3000/_next/static/chunks/0-ynv9eqilv7x.js:0
[    1574ms] [LOG] Player X: 0.00 Y: 6.00 Z: 5.00 @ http://localhost:3000/_next/static/chunks/0-ynv9eqilv7x.js:0
[    1578ms] [LOG] Player X: 0.00 Y: 6.00 Z: 5.00 @ http://localhost:3000/_next/static/chunks/0-ynv9eqilv7x.js:0
[    1581ms] [LOG] Player X: 0.00 Y: 6.00 Z: 5.00 @ http://localhost:3000/_next/static/chunks/0-ynv9eqilv7x.js:0
[    1585ms] [LOG] Player X: 0.00 Y: 6.00 Z: 5.00 @ http://localhost:3000/_next/static/chunks/0-ynv9eqilv7x.js:0
[    1588ms] [LOG] Player X: 0.00 Y: 6.00 Z: 5.00 @ http://localhost:3000/_next/static/chunks/0-ynv9eqilv7x.js:0
[    1592ms] [LOG] Player X: 0.00 Y: 6.00 Z: 5.00 @ http://localhost:3000/_next/static/chunks/0-ynv9eqilv7x.js:0
[    1595ms] [LOG] Player X: 0.00 Y: 6.00 Z: 5.00 @ http://localhost:3000/_next/static/chunks/0-ynv9eqilv7x.js:0
[    1598ms] [LOG] Player X: 0.00 Y: 6.00 Z: 5.00 @ http://localhost:3000/_next/static/chunks/0-ynv9eqilv7x.js:0
[    1601ms] [LOG] Player X: 0.00 Y: 6.00 Z: 5.00 @ http://localhost:3000/_next/static/chunks/0-ynv9eqilv7x.js:0
[    1606ms] [LOG] Player X: 0.00 Y: 6.00 Z: 5.00 @ http://localhost:3000/_next/static/chunks/0-ynv9eqilv7x.js:0
[    1610ms] [LOG] Player X: 0.00 Y: 6.00 Z: 5.00 @ http://localhost:3000/_next/static/chunks/0-ynv9eqilv7x.js:0
[    1613ms] [LOG] Player X: 0.00 Y: 6.00 Z: 5.00 @ http://localhost:3000/_next/static/chunks/0-ynv9eqilv7x.js:0
[    1616ms] [LOG] Player X: 0.00 Y: 6.00 Z: 5.00 @ http://localhost:3000/_next/static/chunks/0-ynv9eqilv7x.js:0
[    1619ms] [LOG] Player X: 0.00 Y: 6.00 Z: 5.00 @ http://localhost:3000/_next/static/chunks/0-ynv9eqilv7x.js:0
[    1622ms] [LOG] Player X: 0.00 Y: 6.00 Z: 5.00 @ http://localhost:3000/_next/static/chunks/0-ynv9eqilv7x.js:0
[    1626ms] [LOG] Player X: 0.00 Y: 6.00 Z: 5.00 @ http://localhost:3000/_next/static/chunks/0-ynv9eqilv7x.js:0
[    1629ms] [LOG] Player X: 0.00 Y: 6.00 Z: 5.00 @ http://localhost:3000/_next/static/chunks/0-ynv9eqilv7x.js:0
[    1633ms] [LOG] Player X: 0.00 Y: 6.00 Z: 5.00 @ http://localhost:3000/_next/static/chunks/0-ynv9eqilv7x.js:0
[    1636ms] [LOG] Player X: 0.00 Y: 6.00 Z: 5.00 @ http://localhost:3000/_next/static/chunks/0-ynv9eqilv7x.js:0
[    1640ms] [LOG] Player X: 0.00 Y: 6.00 Z: 5.00 @ http://localhost:3000/_next/static/chunks/0-ynv9eqilv7x.js:0
[    1643ms] [LOG] Player X: 0.00 Y: 6.00 Z: 5.00 @ http://localhost:3000/_next/static/chunks/0-ynv9eqilv7x.js:0
[    1646ms] [LOG] Player X: 0.00 Y: 6.00 Z: 5.00 @ http://localhost:3000/_next/static/chunks/0-ynv9eqilv7x.js:0
[    1651ms] [LOG] Player X: 0.00 Y: 6.00 Z: 5.00 @ http://localhost:3000/_next/static/chunks/0-ynv9eqilv7x.js:0
[    1655ms] [LOG] Player X: 0.00 Y: 6.00 Z: 5.00 @ http://localhost:3000/_next/static/chunks/0-ynv9eqilv7x.js:0
[    1658ms] [LOG] Player X: 0.00 Y: 6.00 Z: 5.00 @ http://localhost:3000/_next/static/chunks/0-ynv9eqilv7x.js:0
[    1662ms] [LOG] Player X: 0.00 Y: 6.00 Z: 5.00 @ http://localhost:3000/_next/static/chunks/0-ynv9eqilv7x.js:0
[    1665ms] [LOG] Player X: 0.00 Y: 6.00 Z: 5.00 @ http://localhost:3000/_next/static/chunks/0-ynv9eqilv7x.js:0
[    1668ms] [LOG] Player X: 0.00 Y: 6.00 Z: 5.00 @ http://localhost:3000/_next/static/chunks/0-ynv9eqilv7x.js:0
[    1672ms] [LOG] Player X: 0.00 Y: 6.00 Z: 5.00 @ http://localhost:3000/_next/static/chunks/0-ynv9eqilv7x.js:0
[    1675ms] [LOG] Player X: 0.00 Y: 6.00 Z: 5.00 @ http://localhost:3000/_next/static/chunks/0-ynv9eqilv7x.js:0
[    1678ms] [LOG] Player X: 0.00 Y: 6.00 Z: 5.00 @ http://localhost:3000/_next/static/chunks/0-ynv9eqilv7x.js:0
[    1681ms] [LOG] Player X: 0.00 Y: 6.00 Z: 5.00 @ http://localhost:3000/_next/static/chunks/0-ynv9eqilv7x.js:0
[    1685ms] [LOG] Player X: 0.00 Y: 6.00 Z: 5.00 @ http://localhost:3000/_next/static/chunks/0-ynv9eqilv7x.js:0
[    1688ms] [LOG] Player X: 0.00 Y: 6.00 Z: 5.00 @ http://localhost:3000/_next/static/chunks/0-ynv9eqilv7x.js:0
[    1691ms] [LOG] Player X: 0.00 Y: 6.00 Z: 5.00 @ http://localhost:3000/_next/static/chunks/0-ynv9eqilv7x.js:0
[    1695ms] [LOG] Player X: 0.00 Y: 6.00 Z: 5.00 @ http://localhost:3000/_next/static/chunks/0-ynv9eqilv7x.js:0
[    1698ms] [LOG] Player X: 0.00 Y: 6.00 Z: 5.00 @ http://localhost:3000/_next/static/chunks/0-ynv9eqilv7x.js:0
[    1701ms] [LOG] Player X: 0.00 Y: 6.00 Z: 5.00 @ http://localhost:3000/_next/static/chunks/0-ynv9eqilv7x.js:0
[    1705ms] [LOG] Player X: 0.00 Y: 6.00 Z: 5.00 @ http://localhost:3000/_next/static/chunks/0-ynv9eqilv7x.js:0
[    1708ms] [LOG] Player X: 0.00 Y: 6.00 Z: 5.00 @ http://localhost:3000/_next/static/chunks/0-ynv9eqilv7x.js:0
[    1711ms] [LOG] Player X: 0.00 Y: 6.00 Z: 5.00 @ http://localhost:3000/_next/static/chunks/0-ynv9eqilv7x.js:0
[    1715ms] [LOG] Player X: 0.00 Y: 6.00 Z: 5.00 @ http://localhost:3000/_next/static/chunks/0-ynv9eqilv7x.js:0
[    1718ms] [LOG] Player X: 0.00 Y: 6.00 Z: 5.00 @ http://localhost:3000/_next/static/chunks/0-ynv9eqilv7x.js:0
[    1722ms] [LOG] Player X: 0.00 Y: 6.00 Z: 5.00 @ http://localhost:3000/_next/static/chunks/0-ynv9eqilv7x.js:0
[    1725ms] [LOG] Player X: 0.00 Y: 6.00 Z: 5.00 @ http://localhost:3000/_next/static/chunks/0-ynv9eqilv7x.js:0
[    1728ms] [LOG] Player X: 0.00 Y: 6.00 Z: 5.00 @ http://localhost:3000/_next/static/chunks/0-ynv9eqilv7x.js:0
[    1732ms] [LOG] Player X: 0.00 Y: 6.00 Z: 5.00 @ http://localhost:3000/_next/static/chunks/0-ynv9eqilv7x.js:0
[    1735ms] [LOG] Player X: 0.00 Y: 6.00 Z: 5.00 @ http://localhost:3000/_next/static/chunks/0-ynv9eqilv7x.js:0
[    1739ms] [LOG] Player X: 0.00 Y: 6.00 Z: 5.00 @ http://localhost:3000/_next/static/chunks/0-ynv9eqilv7x.js:0
[    1742ms] [LOG] Player X: 0.00 Y: 6.00 Z: 5.00 @ http://localhost:3000/_next/static/chunks/0-ynv9eqilv7x.js:0
[    1746ms] [LOG] Player X: 0.00 Y: 6.00 Z: 5.00 @ http://localhost:3000/_next/static/chunks/0-ynv9eqilv7x.js:0
[    1751ms] [LOG] Player X: 0.00 Y: 6.00 Z: 5.00 @ http://localhost:3000/_next/static/chunks/0-ynv9eqilv7x.js:0
[    1755ms] [LOG] Player X: 0.00 Y: 6.00 Z: 5.00 @ http://localhost:3000/_next/static/chunks/0-ynv9eqilv7x.js:0
[    1758ms] [LOG] Player X: 0.00 Y: 6.00 Z: 5.00 @ http://localhost:3000/_next/static/chunks/0-ynv9eqilv7x.js:0
[    1760ms] [LOG] Player X: 0.00 Y: 6.00 Z: 5.00 @ http://localhost:3000/_next/static/chunks/0-ynv9eqilv7x.js:0
[    1763ms] [LOG] Player X: 0.00 Y: 6.00 Z: 5.00 @ http://localhost:3000/_next/static/chunks/0-ynv9eqilv7x.js:0
[    1765ms] [LOG] Player X: 0.00 Y: 6.00 Z: 5.00 @ http://localhost:3000/_next/static/chunks/0-ynv9eqilv7x.js:0
[    1768ms] [LOG] Player X: 0.00 Y: 6.00 Z: 5.00 @ http://localhost:3000/_next/static/chunks/0-ynv9eqilv7x.js:0
[    1771ms] [LOG] Player X: 0.00 Y: 6.00 Z: 5.00 @ http://localhost:3000/_next/static/chunks/0-ynv9eqilv7x.js:0
[    1775ms] [LOG] Player X: 0.00 Y: 6.00 Z: 5.00 @ http://localhost:3000/_next/static/chunks/0-ynv9eqilv7x.js:0
[    1778ms] [LOG] Player X: 0.00 Y: 6.00 Z: 5.00 @ http://localhost:3000/_next/static/chunks/0-ynv9eqilv7x.js:0
[    1782ms] [LOG] Player X: 0.00 Y: 6.00 Z: 5.00 @ http://localhost:3000/_next/static/chunks/0-ynv9eqilv7x.js:0
[    1785ms] [LOG] Player X: 0.00 Y: 6.00 Z: 5.00 @ http://localhost:3000/_next/static/chunks/0-ynv9eqilv7x.js:0
[    1788ms] [LOG] Player X: 0.00 Y: 6.00 Z: 5.00 @ http://localhost:3000/_next/static/chunks/0-ynv9eqilv7x.js:0
[    1791ms] [LOG] Player X: 0.00 Y: 6.00 Z: 5.00 @ http://localhost:3000/_next/static/chunks/0-ynv9eqilv7x.js:0
[    1795ms] [LOG] Player X: 0.00 Y: 6.00 Z: 5.00 @ http://localhost:3000/_next/static/chunks/0-ynv9eqilv7x.js:0
[    1798ms] [LOG] Player X: 0.00 Y: 6.00 Z: 5.00 @ http://localhost:3000/_next/static/chunks/0-ynv9eqilv7x.js:0
[    1802ms] [LOG] Player X: 0.00 Y: 6.00 Z: 5.00 @ http://localhost:3000/_next/static/chunks/0-ynv9eqilv7x.js:0
[    1806ms] [LOG] Player X: 0.00 Y: 6.00 Z: 5.00 @ http://localhost:3000/_next/static/chunks/0-ynv9eqilv7x.js:0
[    1808ms] [LOG] Player X: 0.00 Y: 6.00 Z: 5.00 @ http://localhost:3000/_next/static/chunks/0-ynv9eqilv7x.js:0
[    1812ms] [LOG] Player X: 0.00 Y: 6.00 Z: 5.00 @ http://localhost:3000/_next/static/chunks/0-ynv9eqilv7x.js:0
[    1815ms] [LOG] Player X: 0.00 Y: 6.00 Z: 5.00 @ http://localhost:3000/_next/static/chunks/0-ynv9eqilv7x.js:0
[    1818ms] [LOG] Player X: 0.00 Y: 6.00 Z: 5.00 @ http://localhost:3000/_next/static/chunks/0-ynv9eqilv7x.js:0
[    1821ms] [LOG] Player X: 0.00 Y: 6.00 Z: 5.00 @ http://localhost:3000/_next/static/chunks/0-ynv9eqilv7x.js:0
[    1825ms] [LOG] Player X: 0.00 Y: 6.00 Z: 5.00 @ http://localhost:3000/_next/static/chunks/0-ynv9eqilv7x.js:0
[    1828ms] [LOG] Player X: 0.00 Y: 6.00 Z: 5.00 @ http://localhost:3000/_next/static/chunks/0-ynv9eqilv7x.js:0
[    1831ms] [LOG] Player X: 0.00 Y: 6.00 Z: 5.00 @ http://localhost:3000/_next/static/chunks/0-ynv9eqilv7x.js:0
[    1834ms] [LOG] Player X: 0.00 Y: 6.00 Z: 5.00 @ http://localhost:3000/_next/static/chunks/0-ynv9eqilv7x.js:0
[    1838ms] [LOG] Player X: 0.00 Y: 6.00 Z: 5.00 @ http://localhost:3000/_next/static/chunks/0-ynv9eqilv7x.js:0
[    1841ms] [LOG] Player X: 0.00 Y: 6.00 Z: 5.00 @ http://localhost:3000/_next/static/chunks/0-ynv9eqilv7x.js:0
[    1845ms] [LOG] Player X: 0.00 Y: 6.00 Z: 5.00 @ http://localhost:3000/_next/static/chunks/0-ynv9eqilv7x.js:0
[    1848ms] [LOG] Player X: 0.00 Y: 6.00 Z: 5.00 @ http://localhost:3000/_next/static/chunks/0-ynv9eqilv7x.js:0
[    1852ms] [LOG] Player X: 0.00 Y: 6.00 Z: 5.00 @ http://localhost:3000/_next/static/chunks/0-ynv9eqilv7x.js:0
[    1855ms] [LOG] Player X: 0.00 Y: 6.00 Z: 5.00 @ http://localhost:3000/_next/static/chunks/0-ynv9eqilv7x.js:0
[    1858ms] [LOG] Player X: 0.00 Y: 6.00 Z: 5.00 @ http://localhost:3000/_next/static/chunks/0-ynv9eqilv7x.js:0
[    1862ms] [LOG] Player X: 0.00 Y: 6.00 Z: 5.00 @ http://localhost:3000/_next/static/chunks/0-ynv9eqilv7x.js:0
[    1865ms] [LOG] Player X: 0.00 Y: 6.00 Z: 5.00 @ http://localhost:3000/_next/static/chunks/0-ynv9eqilv7x.js:0
[    1868ms] [LOG] Player X: 0.00 Y: 6.00 Z: 5.00 @ http://localhost:3000/_next/static/chunks/0-ynv9eqilv7x.js:0
[    1871ms] [LOG] Player X: 0.00 Y: 6.00 Z: 5.00 @ http://localhost:3000/_next/static/chunks/0-ynv9eqilv7x.js:0
[    1875ms] [LOG] Player X: 0.00 Y: 6.00 Z: 5.00 @ http://localhost:3000/_next/static/chunks/0-ynv9eqilv7x.js:0
[    1878ms] [LOG] Player X: 0.00 Y: 6.00 Z: 5.00 @ http://localhost:3000/_next/static/chunks/0-ynv9eqilv7x.js:0
[    1881ms] [LOG] Player X: 0.00 Y: 6.00 Z: 5.00 @ http://localhost:3000/_next/static/chunks/0-ynv9eqilv7x.js:0
[    1885ms] [LOG] Player X: 0.00 Y: 6.00 Z: 5.00 @ http://localhost:3000/_next/static/chunks/0-ynv9eqilv7x.js:0
[    1888ms] [LOG] Player X: 0.00 Y: 6.00 Z: 5.00 @ http://localhost:3000/_next/static/chunks/0-ynv9eqilv7x.js:0
[    1891ms] [LOG] Player X: 0.00 Y: 6.00 Z: 5.00 @ http://localhost:3000/_next/static/chunks/0-ynv9eqilv7x.js:0
[    1895ms] [LOG] Player X: 0.00 Y: 6.00 Z: 5.00 @ http://localhost:3000/_next/static/chunks/0-ynv9eqilv7x.js:0
[    1898ms] [LOG] Player X: 0.00 Y: 6.00 Z: 5.00 @ http://localhost:3000/_next/static/chunks/0-ynv9eqilv7x.js:0
[    1901ms] [LOG] Player X: 0.00 Y: 6.00 Z: 5.00 @ http://localhost:3000/_next/static/chunks/0-ynv9eqilv7x.js:0
[    1905ms] [LOG] Player X: 0.00 Y: 6.00 Z: 5.00 @ http://localhost:3000/_next/static/chunks/0-ynv9eqilv7x.js:0
[    1908ms] [LOG] Player X: 0.00 Y: 6.00 Z: 5.00 @ http://localhost:3000/_next/static/chunks/0-ynv9eqilv7x.js:0
[    1911ms] [LOG] Player X: 0.00 Y: 6.00 Z: 5.00 @ http://localhost:3000/_next/static/chunks/0-ynv9eqilv7x.js:0
[    1915ms] [LOG] Player X: 0.00 Y: 6.00 Z: 5.00 @ http://localhost:3000/_next/static/chunks/0-ynv9eqilv7x.js:0
[    1918ms] [LOG] Player X: 0.00 Y: 6.00 Z: 5.00 @ http://localhost:3000/_next/static/chunks/0-ynv9eqilv7x.js:0
[    1921ms] [LOG] Player X: 0.00 Y: 6.00 Z: 5.00 @ http://localhost:3000/_next/static/chunks/0-ynv9eqilv7x.js:0
[    1925ms] [LOG] Player X: 0.00 Y: 6.00 Z: 5.00 @ http://localhost:3000/_next/static/chunks/0-ynv9eqilv7x.js:0
[    1928ms] [LOG] Player X: 0.00 Y: 6.00 Z: 5.00 @ http://localhost:3000/_next/static/chunks/0-ynv9eqilv7x.js:0
[    1931ms] [LOG] Player X: 0.00 Y: 6.00 Z: 5.00 @ http://localhost:3000/_next/static/chunks/0-ynv9eqilv7x.js:0
[    1935ms] [LOG] Player X: 0.00 Y: 6.00 Z: 5.00 @ http://localhost:3000/_next/static/chunks/0-ynv9eqilv7x.js:0
[    1938ms] [LOG] Player X: 0.00 Y: 6.00 Z: 5.00 @ http://localhost:3000/_next/static/chunks/0-ynv9eqilv7x.js:0
[    1941ms] [LOG] Player X: 0.00 Y: 6.00 Z: 5.00 @ http://localhost:3000/_next/static/chunks/0-ynv9eqilv7x.js:0
[    1945ms] [LOG] Player X: 0.00 Y: 6.00 Z: 5.00 @ http://localhost:3000/_next/static/chunks/0-ynv9eqilv7x.js:0
[    1948ms] [LOG] Player X: 0.00 Y: 6.00 Z: 5.00 @ http://localhost:3000/_next/static/chunks/0-ynv9eqilv7x.js:0
[    1951ms] [LOG] Player X: 0.00 Y: 6.00 Z: 5.00 @ http://localhost:3000/_next/static/chunks/0-ynv9eqilv7x.js:0
[    1954ms] [LOG] Player X: 0.00 Y: 6.00 Z: 5.00 @ http://localhost:3000/_next/static/chunks/0-ynv9eqilv7x.js:0
[    1958ms] [LOG] Player X: 0.00 Y: 6.00 Z: 5.00 @ http://localhost:3000/_next/static/chunks/0-ynv9eqilv7x.js:0
[    1961ms] [LOG] Player X: 0.00 Y: 6.00 Z: 5.00 @ http://localhost:3000/_next/static/chunks/0-ynv9eqilv7x.js:0
[    1965ms] [LOG] Player X: 0.00 Y: 6.00 Z: 5.00 @ http://localhost:3000/_next/static/chunks/0-ynv9eqilv7x.js:0
[    1968ms] [LOG] Player X: 0.00 Y: 6.00 Z: 5.00 @ http://localhost:3000/_next/static/chunks/0-ynv9eqilv7x.js:0
[    1971ms] [LOG] Player X: 0.00 Y: 6.00 Z: 5.00 @ http://localhost:3000/_next/static/chunks/0-ynv9eqilv7x.js:0
[    1975ms] [LOG] Player X: 0.00 Y: 6.00 Z: 5.00 @ http://localhost:3000/_next/static/chunks/0-ynv9eqilv7x.js:0
[    1978ms] [LOG] Player X: 0.00 Y: 6.00 Z: 5.00 @ http://localhost:3000/_next/static/chunks/0-ynv9eqilv7x.js:0
[    1981ms] [LOG] Player X: 0.00 Y: 6.00 Z: 5.00 @ http://localhost:3000/_next/static/chunks/0-ynv9eqilv7x.js:0
[    1985ms] [LOG] Player X: 0.00 Y: 6.00 Z: 5.00 @ http://localhost:3000/_next/static/chunks/0-ynv9eqilv7x.js:0
[    1988ms] [LOG] Player X: 0.00 Y: 6.00 Z: 5.00 @ http://localhost:3000/_next/static/chunks/0-ynv9eqilv7x.js:0
[    1991ms] [LOG] Player X: 0.00 Y: 6.00 Z: 5.00 @ http://localhost:3000/_next/static/chunks/0-ynv9eqilv7x.js:0
[    1995ms] [LOG] Player X: 0.00 Y: 6.00 Z: 5.00 @ http://localhost:3000/_next/static/chunks/0-ynv9eqilv7x.js:0
[    1998ms] [LOG] Player X: 0.00 Y: 6.00 Z: 5.00 @ http://localhost:3000/_next/static/chunks/0-ynv9eqilv7x.js:0
[    2001ms] [LOG] Player X: 0.00 Y: 6.00 Z: 5.00 @ http://localhost:3000/_next/static/chunks/0-ynv9eqilv7x.js:0
[    2005ms] [LOG] Player X: 0.00 Y: 6.00 Z: 5.00 @ http://localhost:3000/_next/static/chunks/0-ynv9eqilv7x.js:0
[    2008ms] [LOG] Player X: 0.00 Y: 6.00 Z: 5.00 @ http://localhost:3000/_next/static/chunks/0-ynv9eqilv7x.js:0
[    2012ms] [LOG] Player X: 0.00 Y: 6.00 Z: 5.00 @ http://localhost:3000/_next/static/chunks/0-ynv9eqilv7x.js:0
[    2018ms] [LOG] Player X: 0.00 Y: 6.00 Z: 5.00 @ http://localhost:3000/_next/static/chunks/0-ynv9eqilv7x.js:0
[    2020ms] [LOG] Player X: 0.00 Y: 6.00 Z: 5.00 @ http://localhost:3000/_next/static/chunks/0-ynv9eqilv7x.js:0
[    2022ms] [LOG] Player X: 0.00 Y: 6.00 Z: 5.00 @ http://localhost:3000/_next/static/chunks/0-ynv9eqilv7x.js:0
[    2033ms] [LOG] Player X: 0.00 Y: 6.00 Z: 5.00 @ http://localhost:3000/_next/static/chunks/0-ynv9eqilv7x.js:0
[    2037ms] [LOG] Player X: 0.00 Y: 6.00 Z: 5.00 @ http://localhost:3000/_next/static/chunks/0-ynv9eqilv7x.js:0
[    2040ms] [LOG] Player X: 0.00 Y: 6.00 Z: 5.00 @ http://localhost:3000/_next/static/chunks/0-ynv9eqilv7x.js:0
[    2042ms] [LOG] Player X: 0.00 Y: 6.00 Z: 5.00 @ http://localhost:3000/_next/static/chunks/0-ynv9eqilv7x.js:0
[    2045ms] [LOG] Player X: 0.00 Y: 6.00 Z: 5.00 @ http://localhost:3000/_next/static/chunks/0-ynv9eqilv7x.js:0
[    2053ms] [LOG] Player X: 0.00 Y: 6.00 Z: 5.00 @ http://localhost:3000/_next/static/chunks/0-ynv9eqilv7x.js:0
[    2055ms] [LOG] Player X: 0.00 Y: 6.00 Z: 5.00 @ http://localhost:3000/_next/static/chunks/0-ynv9eqilv7x.js:0
[    2058ms] [LOG] Player X: 0.00 Y: 6.00 Z: 5.00 @ http://localhost:3000/_next/static/chunks/0-ynv9eqilv7x.js:0
[    2061ms] [LOG] Player X: 0.00 Y: 6.00 Z: 5.00 @ http://localhost:3000/_next/static/chunks/0-ynv9eqilv7x.js:0
[    2065ms] [LOG] Player X: 0.00 Y: 6.00 Z: 5.00 @ http://localhost:3000/_next/static/chunks/0-ynv9eqilv7x.js:0
[    2068ms] [LOG] Player X: 0.00 Y: 6.00 Z: 5.00 @ http://localhost:3000/_next/static/chunks/0-ynv9eqilv7x.js:0
[    2071ms] [LOG] Player X: 0.00 Y: 6.00 Z: 5.00 @ http://localhost:3000/_next/static/chunks/0-ynv9eqilv7x.js:0
[    2075ms] [LOG] Player X: 0.00 Y: 6.00 Z: 5.00 @ http://localhost:3000/_next/static/chunks/0-ynv9eqilv7x.js:0
[    2078ms] [LOG] Player X: 0.00 Y: 6.00 Z: 5.00 @ http://localhost:3000/_next/static/chunks/0-ynv9eqilv7x.js:0
[    2082ms] [LOG] Player X: 0.00 Y: 6.00 Z: 5.00 @ http://localhost:3000/_next/static/chunks/0-ynv9eqilv7x.js:0
[    2085ms] [LOG] Player X: 0.00 Y: 6.00 Z: 5.00 @ http://localhost:3000/_next/static/chunks/0-ynv9eqilv7x.js:0
[    2088ms] [LOG] Player X: 0.00 Y: 6.00 Z: 5.00 @ http://localhost:3000/_next/static/chunks/0-ynv9eqilv7x.js:0
[    2092ms] [LOG] Player X: 0.00 Y: 6.00 Z: 5.00 @ http://localhost:3000/_next/static/chunks/0-ynv9eqilv7x.js:0
[    2095ms] [LOG] Player X: 0.00 Y: 6.00 Z: 5.00 @ http://localhost:3000/_next/static/chunks/0-ynv9eqilv7x.js:0
[    2099ms] [LOG] Player X: 0.00 Y: 6.00 Z: 5.00 @ http://localhost:3000/_next/static/chunks/0-ynv9eqilv7x.js:0
[    2102ms] [LOG] Player X: 0.00 Y: 6.00 Z: 5.00 @ http://localhost:3000/_next/static/chunks/0-ynv9eqilv7x.js:0
[    2105ms] [LOG] Player X: 0.00 Y: 6.00 Z: 5.00 @ http://localhost:3000/_next/static/chunks/0-ynv9eqilv7x.js:0
[    2108ms] [LOG] Player X: 0.00 Y: 6.00 Z: 5.00 @ http://localhost:3000/_next/static/chunks/0-ynv9eqilv7x.js:0
[    2112ms] [LOG] Player X: 0.00 Y: 6.00 Z: 5.00 @ http://localhost:3000/_next/static/chunks/0-ynv9eqilv7x.js:0
[    2115ms] [LOG] Player X: 0.00 Y: 6.00 Z: 5.00 @ http://localhost:3000/_next/static/chunks/0-ynv9eqilv7x.js:0
[    2118ms] [LOG] Player X: 0.00 Y: 6.00 Z: 5.00 @ http://localhost:3000/_next/static/chunks/0-ynv9eqilv7x.js:0
[    2122ms] [LOG] Player X: 0.00 Y: 6.00 Z: 5.00 @ http://localhost:3000/_next/static/chunks/0-ynv9eqilv7x.js:0
[    2125ms] [LOG] Player X: 0.00 Y: 6.00 Z: 5.00 @ http://localhost:3000/_next/static/chunks/0-ynv9eqilv7x.js:0
[    2128ms] [LOG] Player X: 0.00 Y: 6.00 Z: 5.00 @ http://localhost:3000/_next/static/chunks/0-ynv9eqilv7x.js:0
[    2132ms] [LOG] Player X: 0.00 Y: 6.00 Z: 5.00 @ http://localhost:3000/_next/static/chunks/0-ynv9eqilv7x.js:0
[    2135ms] [LOG] Player X: 0.00 Y: 6.00 Z: 5.00 @ http://localhost:3000/_next/static/chunks/0-ynv9eqilv7x.js:0
[    2139ms] [LOG] Player X: 0.00 Y: 6.00 Z: 5.00 @ http://localhost:3000/_next/static/chunks/0-ynv9eqilv7x.js:0
[    2142ms] [LOG] Player X: 0.00 Y: 6.00 Z: 5.00 @ http://localhost:3000/_next/static/chunks/0-ynv9eqilv7x.js:0
[    2146ms] [LOG] Player X: 0.00 Y: 6.00 Z: 5.00 @ http://localhost:3000/_next/static/chunks/0-ynv9eqilv7x.js:0
[    2149ms] [LOG] Player X: 0.00 Y: 6.00 Z: 5.00 @ http://localhost:3000/_next/static/chunks/0-ynv9eqilv7x.js:0
[    2154ms] [LOG] Player X: 0.00 Y: 6.00 Z: 5.00 @ http://localhost:3000/_next/static/chunks/0-ynv9eqilv7x.js:0
[    2157ms] [LOG] Player X: 0.00 Y: 6.00 Z: 5.00 @ http://localhost:3000/_next/static/chunks/0-ynv9eqilv7x.js:0
[    2160ms] [LOG] Player X: 0.00 Y: 6.00 Z: 5.00 @ http://localhost:3000/_next/static/chunks/0-ynv9eqilv7x.js:0
[    2163ms] [LOG] Player X: 0.00 Y: 6.00 Z: 5.00 @ http://localhost:3000/_next/static/chunks/0-ynv9eqilv7x.js:0
[    2166ms] [LOG] Player X: 0.00 Y: 6.00 Z: 5.00 @ http://localhost:3000/_next/static/chunks/0-ynv9eqilv7x.js:0
[    2168ms] [LOG] Player X: 0.00 Y: 6.00 Z: 5.00 @ http://localhost:3000/_next/static/chunks/0-ynv9eqilv7x.js:0
[    2171ms] [LOG] Player X: 0.00 Y: 6.00 Z: 5.00 @ http://localhost:3000/_next/static/chunks/0-ynv9eqilv7x.js:0
[    2175ms] [LOG] Player X: 0.00 Y: 6.00 Z: 5.00 @ http://localhost:3000/_next/static/chunks/0-ynv9eqilv7x.js:0
[    2178ms] [LOG] Player X: 0.00 Y: 6.00 Z: 5.00 @ http://localhost:3000/_next/static/chunks/0-ynv9eqilv7x.js:0
[    2182ms] [LOG] Player X: 0.00 Y: 6.00 Z: 5.00 @ http://localhost:3000/_next/static/chunks/0-ynv9eqilv7x.js:0
[    2185ms] [LOG] Player X: 0.00 Y: 6.00 Z: 5.00 @ http://localhost:3000/_next/static/chunks/0-ynv9eqilv7x.js:0
[    2188ms] [LOG] Player X: 0.00 Y: 6.00 Z: 5.00 @ http://localhost:3000/_next/static/chunks/0-ynv9eqilv7x.js:0
[    2191ms] [LOG] Player X: 0.00 Y: 6.00 Z: 5.00 @ http://localhost:3000/_next/static/chunks/0-ynv9eqilv7x.js:0
[    2195ms] [LOG] Player X: 0.00 Y: 6.00 Z: 5.00 @ http://localhost:3000/_next/static/chunks/0-ynv9eqilv7x.js:0
[    2198ms] [LOG] Player X: 0.00 Y: 6.00 Z: 5.00 @ http://localhost:3000/_next/static/chunks/0-ynv9eqilv7x.js:0
[    2201ms] [LOG] Player X: 0.00 Y: 6.00 Z: 5.00 @ http://localhost:3000/_next/static/chunks/0-ynv9eqilv7x.js:0
[    2205ms] [LOG] Player X: 0.00 Y: 6.00 Z: 5.00 @ http://localhost:3000/_next/static/chunks/0-ynv9eqilv7x.js:0
[    2208ms] [LOG] Player X: 0.00 Y: 6.00 Z: 5.00 @ http://localhost:3000/_next/static/chunks/0-ynv9eqilv7x.js:0
[    2211ms] [LOG] Player X: 0.00 Y: 6.00 Z: 5.00 @ http://localhost:3000/_next/static/chunks/0-ynv9eqilv7x.js:0
[    2215ms] [LOG] Player X: 0.00 Y: 6.00 Z: 5.00 @ http://localhost:3000/_next/static/chunks/0-ynv9eqilv7x.js:0
[    2218ms] [LOG] Player X: 0.00 Y: 6.00 Z: 5.00 @ http://localhost:3000/_next/static/chunks/0-ynv9eqilv7x.js:0
[    2221ms] [LOG] Player X: 0.00 Y: 6.00 Z: 5.00 @ http://localhost:3000/_next/static/chunks/0-ynv9eqilv7x.js:0
[    2225ms] [LOG] Player X: 0.00 Y: 6.00 Z: 5.00 @ http://localhost:3000/_next/static/chunks/0-ynv9eqilv7x.js:0
[    2228ms] [LOG] Player X: 0.00 Y: 6.00 Z: 5.00 @ http://localhost:3000/_next/static/chunks/0-ynv9eqilv7x.js:0
[    2231ms] [LOG] Player X: 0.00 Y: 6.00 Z: 5.00 @ http://localhost:3000/_next/static/chunks/0-ynv9eqilv7x.js:0
[    2235ms] [LOG] Player X: 0.00 Y: 6.00 Z: 5.00 @ http://localhost:3000/_next/static/chunks/0-ynv9eqilv7x.js:0
[    2238ms] [LOG] Player X: 0.00 Y: 6.00 Z: 5.00 @ http://localhost:3000/_next/static/chunks/0-ynv9eqilv7x.js:0
[    2242ms] [LOG] Player X: 0.00 Y: 6.00 Z: 5.00 @ http://localhost:3000/_next/static/chunks/0-ynv9eqilv7x.js:0
[    2245ms] [LOG] Player X: 0.00 Y: 6.00 Z: 5.00 @ http://localhost:3000/_next/static/chunks/0-ynv9eqilv7x.js:0
[    2248ms] [LOG] Player X: 0.00 Y: 6.00 Z: 5.00 @ http://localhost:3000/_next/static/chunks/0-ynv9eqilv7x.js:0
[    2251ms] [LOG] Player X: 0.00 Y: 6.00 Z: 5.00 @ http://localhost:3000/_next/static/chunks/0-ynv9eqilv7x.js:0
[    2255ms] [LOG] Player X: 0.00 Y: 6.00 Z: 5.00 @ http://localhost:3000/_next/static/chunks/0-ynv9eqilv7x.js:0
[    2258ms] [LOG] Player X: 0.00 Y: 6.00 Z: 5.00 @ http://localhost:3000/_next/static/chunks/0-ynv9eqilv7x.js:0
[    2261ms] [LOG] Player X: 0.00 Y: 6.00 Z: 5.00 @ http://localhost:3000/_next/static/chunks/0-ynv9eqilv7x.js:0
[    2264ms] [LOG] Player X: 0.00 Y: 6.00 Z: 5.00 @ http://localhost:3000/_next/static/chunks/0-ynv9eqilv7x.js:0
[    2268ms] [LOG] Player X: 0.00 Y: 6.00 Z: 5.00 @ http://localhost:3000/_next/static/chunks/0-ynv9eqilv7x.js:0
[    2271ms] [LOG] Player X: 0.00 Y: 6.00 Z: 5.00 @ http://localhost:3000/_next/static/chunks/0-ynv9eqilv7x.js:0
[    2275ms] [LOG] Player X: 0.00 Y: 6.00 Z: 5.00 @ http://localhost:3000/_next/static/chunks/0-ynv9eqilv7x.js:0
[    2278ms] [LOG] Player X: 0.00 Y: 6.00 Z: 5.00 @ http://localhost:3000/_next/static/chunks/0-ynv9eqilv7x.js:0
[    2281ms] [LOG] Player X: 0.00 Y: 6.00 Z: 5.00 @ http://localhost:3000/_next/static/chunks/0-ynv9eqilv7x.js:0
[    2285ms] [LOG] Player X: 0.00 Y: 6.00 Z: 5.00 @ http://localhost:3000/_next/static/chunks/0-ynv9eqilv7x.js:0
[    2288ms] [LOG] Player X: 0.00 Y: 6.00 Z: 5.00 @ http://localhost:3000/_next/static/chunks/0-ynv9eqilv7x.js:0
[    2291ms] [LOG] Player X: 0.00 Y: 6.00 Z: 5.00 @ http://localhost:3000/_next/static/chunks/0-ynv9eqilv7x.js:0
[    2294ms] [LOG] Player X: 0.00 Y: 6.00 Z: 5.00 @ http://localhost:3000/_next/static/chunks/0-ynv9eqilv7x.js:0
[    2298ms] [LOG] Player X: 0.00 Y: 6.00 Z: 5.00 @ http://localhost:3000/_next/static/chunks/0-ynv9eqilv7x.js:0
[    2301ms] [LOG] Player X: 0.00 Y: 6.00 Z: 5.00 @ http://localhost:3000/_next/static/chunks/0-ynv9eqilv7x.js:0
[    2304ms] [LOG] Player X: 0.00 Y: 6.00 Z: 5.00 @ http://localhost:3000/_next/static/chunks/0-ynv9eqilv7x.js:0
[    2308ms] [LOG] Player X: 0.00 Y: 6.00 Z: 5.00 @ http://localhost:3000/_next/static/chunks/0-ynv9eqilv7x.js:0
[    2311ms] [LOG] Player X: 0.00 Y: 6.00 Z: 5.00 @ http://localhost:3000/_next/static/chunks/0-ynv9eqilv7x.js:0
[    2315ms] [LOG] Player X: 0.00 Y: 6.00 Z: 5.00 @ http://localhost:3000/_next/static/chunks/0-ynv9eqilv7x.js:0
[    2318ms] [LOG] Player X: 0.00 Y: 6.00 Z: 5.00 @ http://localhost:3000/_next/static/chunks/0-ynv9eqilv7x.js:0
[    2321ms] [LOG] Player X: 0.00 Y: 6.00 Z: 5.00 @ http://localhost:3000/_next/static/chunks/0-ynv9eqilv7x.js:0
[    2325ms] [LOG] Player X: 0.00 Y: 6.00 Z: 5.00 @ http://localhost:3000/_next/static/chunks/0-ynv9eqilv7x.js:0
[    2328ms] [LOG] Player X: 0.00 Y: 6.00 Z: 5.00 @ http://localhost:3000/_next/static/chunks/0-ynv9eqilv7x.js:0
[    2331ms] [LOG] Player X: 0.00 Y: 6.00 Z: 5.00 @ http://localhost:3000/_next/static/chunks/0-ynv9eqilv7x.js:0
[    2335ms] [LOG] Player X: 0.00 Y: 6.00 Z: 5.00 @ http://localhost:3000/_next/static/chunks/0-ynv9eqilv7x.js:0
[    2338ms] [LOG] Player X: 0.00 Y: 6.00 Z: 5.00 @ http://localhost:3000/_next/static/chunks/0-ynv9eqilv7x.js:0
[    2341ms] [LOG] Player X: 0.00 Y: 6.00 Z: 5.00 @ http://localhost:3000/_next/static/chunks/0-ynv9eqilv7x.js:0
[    2345ms] [LOG] Player X: 0.00 Y: 6.00 Z: 5.00 @ http://localhost:3000/_next/static/chunks/0-ynv9eqilv7x.js:0
[    2348ms] [LOG] Player X: 0.00 Y: 6.00 Z: 5.00 @ http://localhost:3000/_next/static/chunks/0-ynv9eqilv7x.js:0
[    2351ms] [LOG] Player X: 0.00 Y: 6.00 Z: 5.00 @ http://localhost:3000/_next/static/chunks/0-ynv9eqilv7x.js:0
[    2355ms] [LOG] Player X: 0.00 Y: 6.00 Z: 5.00 @ http://localhost:3000/_next/static/chunks/0-ynv9eqilv7x.js:0
[    2358ms] [LOG] Player X: 0.00 Y: 6.00 Z: 5.00 @ http://localhost:3000/_next/static/chunks/0-ynv9eqilv7x.js:0
[    2361ms] [LOG] Player X: 0.00 Y: 6.00 Z: 5.00 @ http://localhost:3000/_next/static/chunks/0-ynv9eqilv7x.js:0
[    2365ms] [LOG] Player X: 0.00 Y: 6.00 Z: 5.00 @ http://localhost:3000/_next/static/chunks/0-ynv9eqilv7x.js:0
[    2368ms] [LOG] Player X: 0.00 Y: 6.00 Z: 5.00 @ http://localhost:3000/_next/static/chunks/0-ynv9eqilv7x.js:0
[    2371ms] [LOG] Player X: 0.00 Y: 6.00 Z: 5.00 @ http://localhost:3000/_next/static/chunks/0-ynv9eqilv7x.js:0
[    2375ms] [LOG] Player X: 0.00 Y: 6.00 Z: 5.00 @ http://localhost:3000/_next/static/chunks/0-ynv9eqilv7x.js:0
[    2378ms] [LOG] Player X: 0.00 Y: 6.00 Z: 5.00 @ http://localhost:3000/_next/static/chunks/0-ynv9eqilv7x.js:0
[    2381ms] [LOG] Player X: 0.00 Y: 6.00 Z: 5.00 @ http://localhost:3000/_next/static/chunks/0-ynv9eqilv7x.js:0
[    2385ms] [LOG] Player X: 0.00 Y: 6.00 Z: 5.00 @ http://localhost:3000/_next/static/chunks/0-ynv9eqilv7x.js:0
[    2388ms] [LOG] Player X: 0.00 Y: 6.00 Z: 5.00 @ http://localhost:3000/_next/static/chunks/0-ynv9eqilv7x.js:0
[    2392ms] [LOG] Player X: 0.00 Y: 6.00 Z: 5.00 @ http://localhost:3000/_next/static/chunks/0-ynv9eqilv7x.js:0
[    2395ms] [LOG] Player X: 0.00 Y: 6.00 Z: 5.00 @ http://localhost:3000/_next/static/chunks/0-ynv9eqilv7x.js:0
[    2398ms] [LOG] Player X: 0.00 Y: 6.00 Z: 5.00 @ http://localhost:3000/_next/static/chunks/0-ynv9eqilv7x.js:0
[    2401ms] [LOG] Player X: 0.00 Y: 6.00 Z: 5.00 @ http://localhost:3000/_next/static/chunks/0-ynv9eqilv7x.js:0
[    2405ms] [LOG] Player X: 0.00 Y: 6.00 Z: 5.00 @ http://localhost:3000/_next/static/chunks/0-ynv9eqilv7x.js:0
[    2408ms] [LOG] Player X: 0.00 Y: 6.00 Z: 5.00 @ http://localhost:3000/_next/static/chunks/0-ynv9eqilv7x.js:0
[    2411ms] [LOG] Player X: 0.00 Y: 6.00 Z: 5.00 @ http://localhost:3000/_next/static/chunks/0-ynv9eqilv7x.js:0
[    2415ms] [LOG] Player X: 0.00 Y: 6.00 Z: 5.00 @ http://localhost:3000/_next/static/chunks/0-ynv9eqilv7x.js:0
[    2418ms] [LOG] Player X: 0.00 Y: 6.00 Z: 5.00 @ http://localhost:3000/_next/static/chunks/0-ynv9eqilv7x.js:0
[    2421ms] [LOG] Player X: 0.00 Y: 6.00 Z: 5.00 @ http://localhost:3000/_next/static/chunks/0-ynv9eqilv7x.js:0
[    2425ms] [LOG] Player X: 0.00 Y: 6.00 Z: 5.00 @ http://localhost:3000/_next/static/chunks/0-ynv9eqilv7x.js:0
[    2428ms] [LOG] Player X: 0.00 Y: 6.00 Z: 5.00 @ http://localhost:3000/_next/static/chunks/0-ynv9eqilv7x.js:0
[    2431ms] [LOG] Player X: 0.00 Y: 6.00 Z: 5.00 @ http://localhost:3000/_next/static/chunks/0-ynv9eqilv7x.js:0
[    2435ms] [LOG] Player X: 0.00 Y: 6.00 Z: 5.00 @ http://localhost:3000/_next/static/chunks/0-ynv9eqilv7x.js:0
[    2438ms] [LOG] Player X: 0.00 Y: 6.00 Z: 5.00 @ http://localhost:3000/_next/static/chunks/0-ynv9eqilv7x.js:0
[    2441ms] [LOG] Player X: 0.00 Y: 6.00 Z: 5.00 @ http://localhost:3000/_next/static/chunks/0-ynv9eqilv7x.js:0
[    2445ms] [LOG] Player X: 0.00 Y: 6.00 Z: 5.00 @ http://localhost:3000/_next/static/chunks/0-ynv9eqilv7x.js:0
[    2448ms] [LOG] Player X: 0.00 Y: 6.00 Z: 5.00 @ http://localhost:3000/_next/static/chunks/0-ynv9eqilv7x.js:0
[    2452ms] [LOG] Player X: 0.00 Y: 6.00 Z: 5.00 @ http://localhost:3000/_next/static/chunks/0-ynv9eqilv7x.js:0
[    2455ms] [LOG] Player X: 0.00 Y: 6.00 Z: 5.00 @ http://localhost:3000/_next/static/chunks/0-ynv9eqilv7x.js:0
[    2458ms] [LOG] Player X: 0.00 Y: 6.00 Z: 5.00 @ http://localhost:3000/_next/static/chunks/0-ynv9eqilv7x.js:0
[    2461ms] [LOG] Player X: 0.00 Y: 6.00 Z: 5.00 @ http://localhost:3000/_next/static/chunks/0-ynv9eqilv7x.js:0
[    2465ms] [LOG] Player X: 0.00 Y: 6.00 Z: 5.00 @ http://localhost:3000/_next/static/chunks/0-ynv9eqilv7x.js:0
[    2469ms] [LOG] Player X: 0.00 Y: 6.00 Z: 5.00 @ http://localhost:3000/_next/static/chunks/0-ynv9eqilv7x.js:0
[    2471ms] [LOG] Player X: 0.00 Y: 6.00 Z: 5.00 @ http://localhost:3000/_next/static/chunks/0-ynv9eqilv7x.js:0
[    2475ms] [LOG] Player X: 0.00 Y: 6.00 Z: 5.00 @ http://localhost:3000/_next/static/chunks/0-ynv9eqilv7x.js:0
[    2478ms] [LOG] Player X: 0.00 Y: 6.00 Z: 5.00 @ http://localhost:3000/_next/static/chunks/0-ynv9eqilv7x.js:0
[    2481ms] [LOG] Player X: 0.00 Y: 6.00 Z: 5.00 @ http://localhost:3000/_next/static/chunks/0-ynv9eqilv7x.js:0
[    2485ms] [LOG] Player X: 0.00 Y: 6.00 Z: 5.00 @ http://localhost:3000/_next/static/chunks/0-ynv9eqilv7x.js:0
[    2488ms] [LOG] Player X: 0.00 Y: 6.00 Z: 5.00 @ http://localhost:3000/_next/static/chunks/0-ynv9eqilv7x.js:0
[    2491ms] [LOG] Player X: 0.00 Y: 6.00 Z: 5.00 @ http://localhost:3000/_next/static/chunks/0-ynv9eqilv7x.js:0
[    2495ms] [LOG] Player X: 0.00 Y: 6.00 Z: 5.00 @ http://localhost:3000/_next/static/chunks/0-ynv9eqilv7x.js:0
[    2498ms] [LOG] Player X: 0.00 Y: 6.00 Z: 5.00 @ http://localhost:3000/_next/static/chunks/0-ynv9eqilv7x.js:0
[    2501ms] [LOG] Player X: 0.00 Y: 6.00 Z: 5.00 @ http://localhost:3000/_next/static/chunks/0-ynv9eqilv7x.js:0
[    2505ms] [LOG] Player X: 0.00 Y: 6.00 Z: 5.00 @ http://localhost:3000/_next/static/chunks/0-ynv9eqilv7x.js:0
[    2508ms] [LOG] Player X: 0.00 Y: 6.00 Z: 5.00 @ http://localhost:3000/_next/static/chunks/0-ynv9eqilv7x.js:0
[    2511ms] [LOG] Player X: 0.00 Y: 6.00 Z: 5.00 @ http://localhost:3000/_next/static/chunks/0-ynv9eqilv7x.js:0
[    2515ms] [LOG] Player X: 0.00 Y: 6.00 Z: 5.00 @ http://localhost:3000/_next/static/chunks/0-ynv9eqilv7x.js:0
[    2518ms] [LOG] Player X: 0.00 Y: 6.00 Z: 5.00 @ http://localhost:3000/_next/static/chunks/0-ynv9eqilv7x.js:0
[    2521ms] [LOG] Player X: 0.00 Y: 6.00 Z: 5.00 @ http://localhost:3000/_next/static/chunks/0-ynv9eqilv7x.js:0
[    2525ms] [LOG] Player X: 0.00 Y: 6.00 Z: 5.00 @ http://localhost:3000/_next/static/chunks/0-ynv9eqilv7x.js:0
[    2528ms] [LOG] Player X: 0.00 Y: 6.00 Z: 5.00 @ http://localhost:3000/_next/static/chunks/0-ynv9eqilv7x.js:0
[    2531ms] [LOG] Player X: 0.00 Y: 6.00 Z: 5.00 @ http://localhost:3000/_next/static/chunks/0-ynv9eqilv7x.js:0
[    2535ms] [LOG] Player X: 0.00 Y: 6.00 Z: 5.00 @ http://localhost:3000/_next/static/chunks/0-ynv9eqilv7x.js:0
[    2538ms] [LOG] Player X: 0.00 Y: 6.00 Z: 5.00 @ http://localhost:3000/_next/static/chunks/0-ynv9eqilv7x.js:0
[    2541ms] [LOG] Player X: 0.00 Y: 6.00 Z: 5.00 @ http://localhost:3000/_next/static/chunks/0-ynv9eqilv7x.js:0
[    2545ms] [LOG] Player X: 0.00 Y: 6.00 Z: 5.00 @ http://localhost:3000/_next/static/chunks/0-ynv9eqilv7x.js:0
[    2548ms] [LOG] Player X: 0.00 Y: 6.00 Z: 5.00 @ http://localhost:3000/_next/static/chunks/0-ynv9eqilv7x.js:0
[    2551ms] [LOG] Player X: 0.00 Y: 6.00 Z: 5.00 @ http://localhost:3000/_next/static/chunks/0-ynv9eqilv7x.js:0
[    2555ms] [LOG] Player X: 0.00 Y: 6.00 Z: 5.00 @ http://localhost:3000/_next/static/chunks/0-ynv9eqilv7x.js:0
[    2558ms] [LOG] Player X: 0.00 Y: 6.00 Z: 5.00 @ http://localhost:3000/_next/static/chunks/0-ynv9eqilv7x.js:0
[    2561ms] [LOG] Player X: 0.00 Y: 6.00 Z: 5.00 @ http://localhost:3000/_next/static/chunks/0-ynv9eqilv7x.js:0
[    2565ms] [LOG] Player X: 0.00 Y: 6.00 Z: 5.00 @ http://localhost:3000/_next/static/chunks/0-ynv9eqilv7x.js:0
[    2568ms] [LOG] Player X: 0.00 Y: 6.00 Z: 5.00 @ http://localhost:3000/_next/static/chunks/0-ynv9eqilv7x.js:0
[    2571ms] [LOG] Player X: 0.00 Y: 6.00 Z: 5.00 @ http://localhost:3000/_next/static/chunks/0-ynv9eqilv7x.js:0
[    2575ms] [LOG] Player X: 0.00 Y: 6.00 Z: 5.00 @ http://localhost:3000/_next/static/chunks/0-ynv9eqilv7x.js:0
[    2578ms] [LOG] Player X: 0.00 Y: 6.00 Z: 5.00 @ http://localhost:3000/_next/static/chunks/0-ynv9eqilv7x.js:0
[    2581ms] [LOG] Player X: 0.00 Y: 6.00 Z: 5.00 @ http://localhost:3000/_next/static/chunks/0-ynv9eqilv7x.js:0
[    2585ms] [LOG] Player X: 0.00 Y: 6.00 Z: 5.00 @ http://localhost:3000/_next/static/chunks/0-ynv9eqilv7x.js:0
[    2588ms] [LOG] Player X: 0.00 Y: 6.00 Z: 5.00 @ http://localhost:3000/_next/static/chunks/0-ynv9eqilv7x.js:0
[    2591ms] [LOG] Player X: 0.00 Y: 6.00 Z: 5.00 @ http://localhost:3000/_next/static/chunks/0-ynv9eqilv7x.js:0
[    2595ms] [LOG] Player X: 0.00 Y: 6.00 Z: 5.00 @ http://localhost:3000/_next/static/chunks/0-ynv9eqilv7x.js:0
[    2598ms] [LOG] Player X: 0.00 Y: 6.00 Z: 5.00 @ http://localhost:3000/_next/static/chunks/0-ynv9eqilv7x.js:0
[    2601ms] [LOG] Player X: 0.00 Y: 6.00 Z: 5.00 @ http://localhost:3000/_next/static/chunks/0-ynv9eqilv7x.js:0
[    2605ms] [LOG] Player X: 0.00 Y: 6.00 Z: 5.00 @ http://localhost:3000/_next/static/chunks/0-ynv9eqilv7x.js:0
[    2608ms] [LOG] Player X: 0.00 Y: 6.00 Z: 5.00 @ http://localhost:3000/_next/static/chunks/0-ynv9eqilv7x.js:0
[    2611ms] [LOG] Player X: 0.00 Y: 6.00 Z: 5.00 @ http://localhost:3000/_next/static/chunks/0-ynv9eqilv7x.js:0
[    2615ms] [LOG] Player X: 0.00 Y: 6.00 Z: 5.00 @ http://localhost:3000/_next/static/chunks/0-ynv9eqilv7x.js:0
[    2618ms] [LOG] Player X: 0.00 Y: 6.00 Z: 5.00 @ http://localhost:3000/_next/static/chunks/0-ynv9eqilv7x.js:0
[    2622ms] [LOG] Player X: 0.00 Y: 6.00 Z: 5.00 @ http://localhost:3000/_next/static/chunks/0-ynv9eqilv7x.js:0
[    2625ms] [LOG] Player X: 0.00 Y: 6.00 Z: 5.00 @ http://localhost:3000/_next/static/chunks/0-ynv9eqilv7x.js:0
[    2628ms] [LOG] Player X: 0.00 Y: 6.00 Z: 5.00 @ http://localhost:3000/_next/static/chunks/0-ynv9eqilv7x.js:0
[    2631ms] [LOG] Player X: 0.00 Y: 6.00 Z: 5.00 @ http://localhost:3000/_next/static/chunks/0-ynv9eqilv7x.js:0
[    2635ms] [LOG] Player X: 0.00 Y: 6.00 Z: 5.00 @ http://localhost:3000/_next/static/chunks/0-ynv9eqilv7x.js:0
[    2638ms] [LOG] Player X: 0.00 Y: 6.00 Z: 5.00 @ http://localhost:3000/_next/static/chunks/0-ynv9eqilv7x.js:0
[    2641ms] [LOG] Player X: 0.00 Y: 6.00 Z: 5.00 @ http://localhost:3000/_next/static/chunks/0-ynv9eqilv7x.js:0
[    2645ms] [LOG] Player X: 0.00 Y: 6.00 Z: 5.00 @ http://localhost:3000/_next/static/chunks/0-ynv9eqilv7x.js:0
[    2648ms] [LOG] Player X: 0.00 Y: 6.00 Z: 5.00 @ http://localhost:3000/_next/static/chunks/0-ynv9eqilv7x.js:0
[    2651ms] [LOG] Player X: 0.00 Y: 6.00 Z: 5.00 @ http://localhost:3000/_next/static/chunks/0-ynv9eqilv7x.js:0
[    2655ms] [LOG] Player X: 0.00 Y: 6.00 Z: 5.00 @ http://localhost:3000/_next/static/chunks/0-ynv9eqilv7x.js:0
[    2658ms] [LOG] Player X: 0.00 Y: 6.00 Z: 5.00 @ http://localhost:3000/_next/static/chunks/0-ynv9eqilv7x.js:0
[    2661ms] [LOG] Player X: 0.00 Y: 6.00 Z: 5.00 @ http://localhost:3000/_next/static/chunks/0-ynv9eqilv7x.js:0
[    2664ms] [LOG] Player X: 0.00 Y: 6.00 Z: 5.00 @ http://localhost:3000/_next/static/chunks/0-ynv9eqilv7x.js:0
[    2668ms] [LOG] Player X: 0.00 Y: 6.00 Z: 5.00 @ http://localhost:3000/_next/static/chunks/0-ynv9eqilv7x.js:0
[    2671ms] [LOG] Player X: 0.00 Y: 6.00 Z: 5.00 @ http://localhost:3000/_next/static/chunks/0-ynv9eqilv7x.js:0
[    2674ms] [LOG] Player X: 0.00 Y: 6.00 Z: 5.00 @ http://localhost:3000/_next/static/chunks/0-ynv9eqilv7x.js:0
[    2678ms] [LOG] Player X: 0.00 Y: 6.00 Z: 5.00 @ http://localhost:3000/_next/static/chunks/0-ynv9eqilv7x.js:0
[    2681ms] [LOG] Player X: 0.00 Y: 6.00 Z: 5.00 @ http://localhost:3000/_next/static/chunks/0-ynv9eqilv7x.js:0
[    2684ms] [LOG] Player X: 0.00 Y: 6.00 Z: 5.00 @ http://localhost:3000/_next/static/chunks/0-ynv9eqilv7x.js:0
[    2688ms] [LOG] Player X: 0.00 Y: 6.00 Z: 5.00 @ http://localhost:3000/_next/static/chunks/0-ynv9eqilv7x.js:0
[    2691ms] [LOG] Player X: 0.00 Y: 6.00 Z: 5.00 @ http://localhost:3000/_next/static/chunks/0-ynv9eqilv7x.js:0
[    2695ms] [LOG] Player X: 0.00 Y: 6.00 Z: 5.00 @ http://localhost:3000/_next/static/chunks/0-ynv9eqilv7x.js:0
[    2698ms] [LOG] Player X: 0.00 Y: 6.00 Z: 5.00 @ http://localhost:3000/_next/static/chunks/0-ynv9eqilv7x.js:0
[    2701ms] [LOG] Player X: 0.00 Y: 6.00 Z: 5.00 @ http://localhost:3000/_next/static/chunks/0-ynv9eqilv7x.js:0
[    2705ms] [LOG] Player X: 0.00 Y: 6.00 Z: 5.00 @ http://localhost:3000/_next/static/chunks/0-ynv9eqilv7x.js:0
[    2708ms] [LOG] Player X: 0.00 Y: 6.00 Z: 5.00 @ http://localhost:3000/_next/static/chunks/0-ynv9eqilv7x.js:0
[    2711ms] [LOG] Player X: 0.00 Y: 6.00 Z: 5.00 @ http://localhost:3000/_next/static/chunks/0-ynv9eqilv7x.js:0
[    2715ms] [LOG] Player X: 0.00 Y: 6.00 Z: 5.00 @ http://localhost:3000/_next/static/chunks/0-ynv9eqilv7x.js:0
[    2718ms] [LOG] Player X: 0.00 Y: 6.00 Z: 5.00 @ http://localhost:3000/_next/static/chunks/0-ynv9eqilv7x.js:0
[    2721ms] [LOG] Player X: 0.00 Y: 6.00 Z: 5.00 @ http://localhost:3000/_next/static/chunks/0-ynv9eqilv7x.js:0
[    2725ms] [LOG] Player X: 0.00 Y: 6.00 Z: 5.00 @ http://localhost:3000/_next/static/chunks/0-ynv9eqilv7x.js:0
[    2728ms] [LOG] Player X: 0.00 Y: 6.00 Z: 5.00 @ http://localhost:3000/_next/static/chunks/0-ynv9eqilv7x.js:0
[    2731ms] [LOG] Player X: 0.00 Y: 6.00 Z: 5.00 @ http://localhost:3000/_next/static/chunks/0-ynv9eqilv7x.js:0
[    2735ms] [LOG] Player X: 0.00 Y: 6.00 Z: 5.00 @ http://localhost:3000/_next/static/chunks/0-ynv9eqilv7x.js:0
[    2738ms] [LOG] Player X: 0.00 Y: 6.00 Z: 5.00 @ http://localhost:3000/_next/static/chunks/0-ynv9eqilv7x.js:0
[    2742ms] [LOG] Player X: 0.00 Y: 6.00 Z: 5.00 @ http://localhost:3000/_next/static/chunks/0-ynv9eqilv7x.js:0
[    2745ms] [LOG] Player X: 0.00 Y: 6.00 Z: 5.00 @ http://localhost:3000/_next/static/chunks/0-ynv9eqilv7x.js:0
[    2748ms] [LOG] Player X: 0.00 Y: 6.00 Z: 5.00 @ http://localhost:3000/_next/static/chunks/0-ynv9eqilv7x.js:0
[    2751ms] [LOG] Player X: 0.00 Y: 6.00 Z: 5.00 @ http://localhost:3000/_next/static/chunks/0-ynv9eqilv7x.js:0
[    2755ms] [LOG] Player X: 0.00 Y: 6.00 Z: 5.00 @ http://localhost:3000/_next/static/chunks/0-ynv9eqilv7x.js:0
[    2758ms] [LOG] Player X: 0.00 Y: 6.00 Z: 5.00 @ http://localhost:3000/_next/static/chunks/0-ynv9eqilv7x.js:0
[    2762ms] [LOG] Player X: 0.00 Y: 6.00 Z: 5.00 @ http://localhost:3000/_next/static/chunks/0-ynv9eqilv7x.js:0
[    2765ms] [LOG] Player X: 0.00 Y: 6.00 Z: 5.00 @ http://localhost:3000/_next/static/chunks/0-ynv9eqilv7x.js:0
[    2768ms] [LOG] Player X: 0.00 Y: 6.00 Z: 5.00 @ http://localhost:3000/_next/static/chunks/0-ynv9eqilv7x.js:0
[    2771ms] [LOG] Player X: 0.00 Y: 6.00 Z: 5.00 @ http://localhost:3000/_next/static/chunks/0-ynv9eqilv7x.js:0
[    2775ms] [LOG] Player X: 0.00 Y: 6.00 Z: 5.00 @ http://localhost:3000/_next/static/chunks/0-ynv9eqilv7x.js:0
[    2778ms] [LOG] Player X: 0.00 Y: 6.00 Z: 5.00 @ http://localhost:3000/_next/static/chunks/0-ynv9eqilv7x.js:0
[    2781ms] [LOG] Player X: 0.00 Y: 6.00 Z: 5.00 @ http://localhost:3000/_next/static/chunks/0-ynv9eqilv7x.js:0
[    2785ms] [LOG] Player X: 0.00 Y: 6.00 Z: 5.00 @ http://localhost:3000/_next/static/chunks/0-ynv9eqilv7x.js:0
[    2788ms] [LOG] Player X: 0.00 Y: 6.00 Z: 5.00 @ http://localhost:3000/_next/static/chunks/0-ynv9eqilv7x.js:0
[    2791ms] [LOG] Player X: 0.00 Y: 6.00 Z: 5.00 @ http://localhost:3000/_next/static/chunks/0-ynv9eqilv7x.js:0
[    2795ms] [LOG] Player X: 0.00 Y: 6.00 Z: 5.00 @ http://localhost:3000/_next/static/chunks/0-ynv9eqilv7x.js:0
[    2798ms] [LOG] Player X: 0.00 Y: 6.00 Z: 5.00 @ http://localhost:3000/_next/static/chunks/0-ynv9eqilv7x.js:0
[    2801ms] [LOG] Player X: 0.00 Y: 6.00 Z: 5.00 @ http://localhost:3000/_next/static/chunks/0-ynv9eqilv7x.js:0
[    2805ms] [LOG] Player X: 0.00 Y: 6.00 Z: 5.00 @ http://localhost:3000/_next/static/chunks/0-ynv9eqilv7x.js:0
[    2808ms] [LOG] Player X: 0.00 Y: 6.00 Z: 5.00 @ http://localhost:3000/_next/static/chunks/0-ynv9eqilv7x.js:0
[    2811ms] [LOG] Player X: 0.00 Y: 6.00 Z: 5.00 @ http://localhost:3000/_next/static/chunks/0-ynv9eqilv7x.js:0
[    2815ms] [LOG] Player X: 0.00 Y: 6.00 Z: 5.00 @ http://localhost:3000/_next/static/chunks/0-ynv9eqilv7x.js:0
[    2818ms] [LOG] Player X: 0.00 Y: 6.00 Z: 5.00 @ http://localhost:3000/_next/static/chunks/0-ynv9eqilv7x.js:0
[    2821ms] [LOG] Player X: 0.00 Y: 6.00 Z: 5.00 @ http://localhost:3000/_next/static/chunks/0-ynv9eqilv7x.js:0
[    2825ms] [LOG] Player X: 0.00 Y: 6.00 Z: 5.00 @ http://localhost:3000/_next/static/chunks/0-ynv9eqilv7x.js:0
[    2828ms] [LOG] Player X: 0.00 Y: 6.00 Z: 5.00 @ http://localhost:3000/_next/static/chunks/0-ynv9eqilv7x.js:0
[    2831ms] [LOG] Player X: 0.00 Y: 6.00 Z: 5.00 @ http://localhost:3000/_next/static/chunks/0-ynv9eqilv7x.js:0
[    2835ms] [LOG] Player X: 0.00 Y: 6.00 Z: 5.00 @ http://localhost:3000/_next/static/chunks/0-ynv9eqilv7x.js:0
[    2838ms] [LOG] Player X: 0.00 Y: 6.00 Z: 5.00 @ http://localhost:3000/_next/static/chunks/0-ynv9eqilv7x.js:0
[    2841ms] [LOG] Player X: 0.00 Y: 6.00 Z: 5.00 @ http://localhost:3000/_next/static/chunks/0-ynv9eqilv7x.js:0
[    2845ms] [LOG] Player X: 0.00 Y: 6.00 Z: 5.00 @ http://localhost:3000/_next/static/chunks/0-ynv9eqilv7x.js:0
[    2848ms] [LOG] Player X: 0.00 Y: 6.00 Z: 5.00 @ http://localhost:3000/_next/static/chunks/0-ynv9eqilv7x.js:0
[    2851ms] [LOG] Player X: 0.00 Y: 6.00 Z: 5.00 @ http://localhost:3000/_next/static/chunks/0-ynv9eqilv7x.js:0
[    2855ms] [LOG] Player X: 0.00 Y: 6.00 Z: 5.00 @ http://localhost:3000/_next/static/chunks/0-ynv9eqilv7x.js:0
[    2858ms] [LOG] Player X: 0.00 Y: 6.00 Z: 5.00 @ http://localhost:3000/_next/static/chunks/0-ynv9eqilv7x.js:0
[    2861ms] [LOG] Player X: 0.00 Y: 6.00 Z: 5.00 @ http://localhost:3000/_next/static/chunks/0-ynv9eqilv7x.js:0
[    2865ms] [LOG] Player X: 0.00 Y: 6.00 Z: 5.00 @ http://localhost:3000/_next/static/chunks/0-ynv9eqilv7x.js:0
[    2868ms] [LOG] Player X: 0.00 Y: 6.00 Z: 5.00 @ http://localhost:3000/_next/static/chunks/0-ynv9eqilv7x.js:0
[    2871ms] [LOG] Player X: 0.00 Y: 6.00 Z: 5.00 @ http://localhost:3000/_next/static/chunks/0-ynv9eqilv7x.js:0
[    2875ms] [LOG] Player X: 0.00 Y: 6.00 Z: 5.00 @ http://localhost:3000/_next/static/chunks/0-ynv9eqilv7x.js:0
[    2878ms] [LOG] Player X: 0.00 Y: 6.00 Z: 5.00 @ http://localhost:3000/_next/static/chunks/0-ynv9eqilv7x.js:0
[    2881ms] [LOG] Player X: 0.00 Y: 6.00 Z: 5.00 @ http://localhost:3000/_next/static/chunks/0-ynv9eqilv7x.js:0
[    2885ms] [LOG] Player X: 0.00 Y: 6.00 Z: 5.00 @ http://localhost:3000/_next/static/chunks/0-ynv9eqilv7x.js:0
[    2888ms] [LOG] Player X: 0.00 Y: 6.00 Z: 5.00 @ http://localhost:3000/_next/static/chunks/0-ynv9eqilv7x.js:0
[    2891ms] [LOG] Player X: 0.00 Y: 6.00 Z: 5.00 @ http://localhost:3000/_next/static/chunks/0-ynv9eqilv7x.js:0
[    2895ms] [LOG] Player X: 0.00 Y: 6.00 Z: 5.00 @ http://localhost:3000/_next/static/chunks/0-ynv9eqilv7x.js:0
[    2898ms] [LOG] Player X: 0.00 Y: 6.00 Z: 5.00 @ http://localhost:3000/_next/static/chunks/0-ynv9eqilv7x.js:0
[    2901ms] [LOG] Player X: 0.00 Y: 6.00 Z: 5.00 @ http://localhost:3000/_next/static/chunks/0-ynv9eqilv7x.js:0
[    2905ms] [LOG] Player X: 0.00 Y: 6.00 Z: 5.00 @ http://localhost:3000/_next/static/chunks/0-ynv9eqilv7x.js:0
[    2908ms] [LOG] Player X: 0.00 Y: 6.00 Z: 5.00 @ http://localhost:3000/_next/static/chunks/0-ynv9eqilv7x.js:0
[    2911ms] [LOG] Player X: 0.00 Y: 6.00 Z: 5.00 @ http://localhost:3000/_next/static/chunks/0-ynv9eqilv7x.js:0
[    2915ms] [LOG] Player X: 0.00 Y: 6.00 Z: 5.00 @ http://localhost:3000/_next/static/chunks/0-ynv9eqilv7x.js:0
[    2918ms] [LOG] Player X: 0.00 Y: 6.00 Z: 5.00 @ http://localhost:3000/_next/static/chunks/0-ynv9eqilv7x.js:0
[    2921ms] [LOG] Player X: 0.00 Y: 6.00 Z: 5.00 @ http://localhost:3000/_next/static/chunks/0-ynv9eqilv7x.js:0
[    2925ms] [LOG] Player X: 0.00 Y: 6.00 Z: 5.00 @ http://localhost:3000/_next/static/chunks/0-ynv9eqilv7x.js:0
[    2928ms] [LOG] Player X: 0.00 Y: 6.00 Z: 5.00 @ http://localhost:3000/_next/static/chunks/0-ynv9eqilv7x.js:0
[    2931ms] [LOG] Player X: 0.00 Y: 6.00 Z: 5.00 @ http://localhost:3000/_next/static/chunks/0-ynv9eqilv7x.js:0
[    2935ms] [LOG] Player X: 0.00 Y: 6.00 Z: 5.00 @ http://localhost:3000/_next/static/chunks/0-ynv9eqilv7x.js:0
[    2938ms] [LOG] Player X: 0.00 Y: 6.00 Z: 5.00 @ http://localhost:3000/_next/static/chunks/0-ynv9eqilv7x.js:0
[    2942ms] [LOG] Player X: 0.00 Y: 6.00 Z: 5.00 @ http://localhost:3000/_next/static/chunks/0-ynv9eqilv7x.js:0
[    2945ms] [LOG] Player X: 0.00 Y: 6.00 Z: 5.00 @ http://localhost:3000/_next/static/chunks/0-ynv9eqilv7x.js:0
[    2949ms] [LOG] Player X: 0.00 Y: 6.00 Z: 5.00 @ http://localhost:3000/_next/static/chunks/0-ynv9eqilv7x.js:0
[    2951ms] [LOG] Player X: 0.00 Y: 6.00 Z: 5.00 @ http://localhost:3000/_next/static/chunks/0-ynv9eqilv7x.js:0
[    2955ms] [LOG] Player X: 0.00 Y: 6.00 Z: 5.00 @ http://localhost:3000/_next/static/chunks/0-ynv9eqilv7x.js:0
[    2958ms] [LOG] Player X: 0.00 Y: 6.00 Z: 5.00 @ http://localhost:3000/_next/static/chunks/0-ynv9eqilv7x.js:0
[    2962ms] [LOG] Player X: 0.00 Y: 6.00 Z: 5.00 @ http://localhost:3000/_next/static/chunks/0-ynv9eqilv7x.js:0
[    2965ms] [LOG] Player X: 0.00 Y: 6.00 Z: 5.00 @ http://localhost:3000/_next/static/chunks/0-ynv9eqilv7x.js:0
[    2969ms] [LOG] Player X: 0.00 Y: 6.00 Z: 5.00 @ http://localhost:3000/_next/static/chunks/0-ynv9eqilv7x.js:0
[    2972ms] [LOG] Player X: 0.00 Y: 6.00 Z: 5.00 @ http://localhost:3000/_next/static/chunks/0-ynv9eqilv7x.js:0
[    2975ms] [LOG] Player X: 0.00 Y: 6.00 Z: 5.00 @ http://localhost:3000/_next/static/chunks/0-ynv9eqilv7x.js:0
[    2978ms] [LOG] Player X: 0.00 Y: 6.00 Z: 5.00 @ http://localhost:3000/_next/static/chunks/0-ynv9eqilv7x.js:0
[    2982ms] [LOG] Player X: 0.00 Y: 6.00 Z: 5.00 @ http://localhost:3000/_next/static/chunks/0-ynv9eqilv7x.js:0
[    2985ms] [LOG] Player X: 0.00 Y: 6.00 Z: 5.00 @ http://localhost:3000/_next/static/chunks/0-ynv9eqilv7x.js:0
[    2988ms] [LOG] Player X: 0.00 Y: 6.00 Z: 5.00 @ http://localhost:3000/_next/static/chunks/0-ynv9eqilv7x.js:0
[    2991ms] [LOG] Player X: 0.00 Y: 6.00 Z: 5.00 @ http://localhost:3000/_next/static/chunks/0-ynv9eqilv7x.js:0
[    2995ms] [LOG] Player X: 0.00 Y: 6.00 Z: 5.00 @ http://localhost:3000/_next/static/chunks/0-ynv9eqilv7x.js:0
[    2998ms] [LOG] Player X: 0.00 Y: 6.00 Z: 5.00 @ http://localhost:3000/_next/static/chunks/0-ynv9eqilv7x.js:0
[    3001ms] [LOG] Player X: 0.00 Y: 6.00 Z: 5.00 @ http://localhost:3000/_next/static/chunks/0-ynv9eqilv7x.js:0
[    3005ms] [LOG] Player X: 0.00 Y: 6.00 Z: 5.00 @ http://localhost:3000/_next/static/chunks/0-ynv9eqilv7x.js:0
[    3009ms] [LOG] Player X: 0.00 Y: 6.00 Z: 5.00 @ http://localhost:3000/_next/static/chunks/0-ynv9eqilv7x.js:0
[    3012ms] [LOG] Player X: 0.00 Y: 6.00 Z: 5.00 @ http://localhost:3000/_next/static/chunks/0-ynv9eqilv7x.js:0
[    3015ms] [LOG] Player X: 0.00 Y: 6.00 Z: 5.00 @ http://localhost:3000/_next/static/chunks/0-ynv9eqilv7x.js:0
[    3019ms] [LOG] Player X: 0.00 Y: 6.00 Z: 5.00 @ http://localhost:3000/_next/static/chunks/0-ynv9eqilv7x.js:0
[    3022ms] [LOG] Player X: 0.00 Y: 6.00 Z: 5.00 @ http://localhost:3000/_next/static/chunks/0-ynv9eqilv7x.js:0
[    3025ms] [LOG] Player X: 0.00 Y: 6.00 Z: 5.00 @ http://localhost:3000/_next/static/chunks/0-ynv9eqilv7x.js:0
[    3028ms] [LOG] Player X: 0.00 Y: 6.00 Z: 5.00 @ http://localhost:3000/_next/static/chunks/0-ynv9eqilv7x.js:0
[    3032ms] [LOG] Player X: 0.00 Y: 6.00 Z: 5.00 @ http://localhost:3000/_next/static/chunks/0-ynv9eqilv7x.js:0
[    3035ms] [LOG] Player X: 0.00 Y: 6.00 Z: 5.00 @ http://localhost:3000/_next/static/chunks/0-ynv9eqilv7x.js:0
[    3038ms] [LOG] Player X: 0.00 Y: 6.00 Z: 5.00 @ http://localhost:3000/_next/static/chunks/0-ynv9eqilv7x.js:0
[    3041ms] [LOG] Player X: 0.00 Y: 6.00 Z: 5.00 @ http://localhost:3000/_next/static/chunks/0-ynv9eqilv7x.js:0
[    3045ms] [LOG] Player X: 0.00 Y: 6.00 Z: 5.00 @ http://localhost:3000/_next/static/chunks/0-ynv9eqilv7x.js:0
[    3048ms] [LOG] Player X: 0.00 Y: 6.00 Z: 5.00 @ http://localhost:3000/_next/static/chunks/0-ynv9eqilv7x.js:0
[    3052ms] [LOG] Player X: 0.00 Y: 6.00 Z: 5.00 @ http://localhost:3000/_next/static/chunks/0-ynv9eqilv7x.js:0
[    3055ms] [LOG] Player X: 0.00 Y: 6.00 Z: 5.00 @ http://localhost:3000/_next/static/chunks/0-ynv9eqilv7x.js:0
[    3058ms] [LOG] Player X: 0.00 Y: 6.00 Z: 5.00 @ http://localhost:3000/_next/static/chunks/0-ynv9eqilv7x.js:0
[    3062ms] [LOG] Player X: 0.00 Y: 6.00 Z: 5.00 @ http://localhost:3000/_next/static/chunks/0-ynv9eqilv7x.js:0
[    3065ms] [LOG] Player X: 0.00 Y: 6.00 Z: 5.00 @ http://localhost:3000/_next/static/chunks/0-ynv9eqilv7x.js:0
[    3068ms] [LOG] Player X: 0.00 Y: 6.00 Z: 5.00 @ http://localhost:3000/_next/static/chunks/0-ynv9eqilv7x.js:0
[    3072ms] [LOG] Player X: 0.00 Y: 6.00 Z: 5.00 @ http://localhost:3000/_next/static/chunks/0-ynv9eqilv7x.js:0
[    3075ms] [LOG] Player X: 0.00 Y: 6.00 Z: 5.00 @ http://localhost:3000/_next/static/chunks/0-ynv9eqilv7x.js:0
[    3078ms] [LOG] Player X: 0.00 Y: 6.00 Z: 5.00 @ http://localhost:3000/_next/static/chunks/0-ynv9eqilv7x.js:0
[    3081ms] [LOG] Player X: 0.00 Y: 6.00 Z: 5.00 @ http://localhost:3000/_next/static/chunks/0-ynv9eqilv7x.js:0
[    3085ms] [LOG] Player X: 0.00 Y: 6.00 Z: 5.00 @ http://localhost:3000/_next/static/chunks/0-ynv9eqilv7x.js:0
[    3088ms] [LOG] Player X: 0.00 Y: 6.00 Z: 5.00 @ http://localhost:3000/_next/static/chunks/0-ynv9eqilv7x.js:0
[    3091ms] [LOG] Player X: 0.00 Y: 6.00 Z: 5.00 @ http://localhost:3000/_next/static/chunks/0-ynv9eqilv7x.js:0
[    3095ms] [LOG] Player X: 0.00 Y: 6.00 Z: 5.00 @ http://localhost:3000/_next/static/chunks/0-ynv9eqilv7x.js:0
[    3098ms] [LOG] Player X: 0.00 Y: 6.00 Z: 5.00 @ http://localhost:3000/_next/static/chunks/0-ynv9eqilv7x.js:0
[    3102ms] [LOG] Player X: 0.00 Y: 6.00 Z: 5.00 @ http://localhost:3000/_next/static/chunks/0-ynv9eqilv7x.js:0
[    3105ms] [LOG] Player X: 0.00 Y: 6.00 Z: 5.00 @ http://localhost:3000/_next/static/chunks/0-ynv9eqilv7x.js:0
[    3109ms] [LOG] Player X: 0.00 Y: 6.00 Z: 5.00 @ http://localhost:3000/_next/static/chunks/0-ynv9eqilv7x.js:0
[    3112ms] [LOG] Player X: 0.00 Y: 6.00 Z: 5.00 @ http://localhost:3000/_next/static/chunks/0-ynv9eqilv7x.js:0
[    3115ms] [LOG] Player X: 0.00 Y: 6.00 Z: 5.00 @ http://localhost:3000/_next/static/chunks/0-ynv9eqilv7x.js:0
[    3118ms] [LOG] Player X: 0.00 Y: 6.00 Z: 5.00 @ http://localhost:3000/_next/static/chunks/0-ynv9eqilv7x.js:0
[    3122ms] [LOG] Player X: 0.00 Y: 6.00 Z: 5.00 @ http://localhost:3000/_next/static/chunks/0-ynv9eqilv7x.js:0
[    3125ms] [LOG] Player X: 0.00 Y: 6.00 Z: 5.00 @ http://localhost:3000/_next/static/chunks/0-ynv9eqilv7x.js:0
[    3128ms] [LOG] Player X: 0.00 Y: 6.00 Z: 5.00 @ http://localhost:3000/_next/static/chunks/0-ynv9eqilv7x.js:0
[    3131ms] [LOG] Player X: 0.00 Y: 6.00 Z: 5.00 @ http://localhost:3000/_next/static/chunks/0-ynv9eqilv7x.js:0
[    3135ms] [LOG] Player X: 0.00 Y: 6.00 Z: 5.00 @ http://localhost:3000/_next/static/chunks/0-ynv9eqilv7x.js:0
[    3138ms] [LOG] Player X: 0.00 Y: 6.00 Z: 5.00 @ http://localhost:3000/_next/static/chunks/0-ynv9eqilv7x.js:0
[    3141ms] [LOG] Player X: 0.00 Y: 6.00 Z: 5.00 @ http://localhost:3000/_next/static/chunks/0-ynv9eqilv7x.js:0
[    3145ms] [LOG] Player X: 0.00 Y: 6.00 Z: 5.00 @ http://localhost:3000/_next/static/chunks/0-ynv9eqilv7x.js:0
[    3148ms] [LOG] Player X: 0.00 Y: 6.00 Z: 5.00 @ http://localhost:3000/_next/static/chunks/0-ynv9eqilv7x.js:0
[    3151ms] [LOG] Player X: 0.00 Y: 6.00 Z: 5.00 @ http://localhost:3000/_next/static/chunks/0-ynv9eqilv7x.js:0
[    3155ms] [LOG] Player X: 0.00 Y: 6.00 Z: 5.00 @ http://localhost:3000/_next/static/chunks/0-ynv9eqilv7x.js:0
[    3158ms] [LOG] Player X: 0.00 Y: 6.00 Z: 5.00 @ http://localhost:3000/_next/static/chunks/0-ynv9eqilv7x.js:0
[    3162ms] [LOG] Player X: 0.00 Y: 6.00 Z: 5.00 @ http://localhost:3000/_next/static/chunks/0-ynv9eqilv7x.js:0
[    3165ms] [LOG] Player X: 0.00 Y: 6.00 Z: 5.00 @ http://localhost:3000/_next/static/chunks/0-ynv9eqilv7x.js:0
[    3168ms] [LOG] Player X: 0.00 Y: 6.00 Z: 5.00 @ http://localhost:3000/_next/static/chunks/0-ynv9eqilv7x.js:0
[    3171ms] [LOG] Player X: 0.00 Y: 6.00 Z: 5.00 @ http://localhost:3000/_next/static/chunks/0-ynv9eqilv7x.js:0
[    3175ms] [LOG] Player X: 0.00 Y: 6.00 Z: 5.00 @ http://localhost:3000/_next/static/chunks/0-ynv9eqilv7x.js:0
[    3178ms] [LOG] Player X: 0.00 Y: 6.00 Z: 5.00 @ http://localhost:3000/_next/static/chunks/0-ynv9eqilv7x.js:0
[    3181ms] [LOG] Player X: 0.00 Y: 6.00 Z: 5.00 @ http://localhost:3000/_next/static/chunks/0-ynv9eqilv7x.js:0
[    3185ms] [LOG] Player X: 0.00 Y: 6.00 Z: 5.00 @ http://localhost:3000/_next/static/chunks/0-ynv9eqilv7x.js:0
[    3188ms] [LOG] Player X: 0.00 Y: 6.00 Z: 5.00 @ http://localhost:3000/_next/static/chunks/0-ynv9eqilv7x.js:0
[    3191ms] [LOG] Player X: 0.00 Y: 6.00 Z: 5.00 @ http://localhost:3000/_next/static/chunks/0-ynv9eqilv7x.js:0
[    3195ms] [LOG] Player X: 0.00 Y: 6.00 Z: 5.00 @ http://localhost:3000/_next/static/chunks/0-ynv9eqilv7x.js:0
[    3198ms] [LOG] Player X: 0.00 Y: 6.00 Z: 5.00 @ http://localhost:3000/_next/static/chunks/0-ynv9eqilv7x.js:0
[    3202ms] [LOG] Player X: 0.00 Y: 6.00 Z: 5.00 @ http://localhost:3000/_next/static/chunks/0-ynv9eqilv7x.js:0
[    3205ms] [LOG] Player X: 0.00 Y: 6.00 Z: 5.00 @ http://localhost:3000/_next/static/chunks/0-ynv9eqilv7x.js:0
[    3208ms] [LOG] Player X: 0.00 Y: 6.00 Z: 5.00 @ http://localhost:3000/_next/static/chunks/0-ynv9eqilv7x.js:0
[    3211ms] [LOG] Player X: 0.00 Y: 6.00 Z: 5.00 @ http://localhost:3000/_next/static/chunks/0-ynv9eqilv7x.js:0
[    3215ms] [LOG] Player X: 0.00 Y: 6.00 Z: 5.00 @ http://localhost:3000/_next/static/chunks/0-ynv9eqilv7x.js:0
[    3218ms] [LOG] Player X: 0.00 Y: 6.00 Z: 5.00 @ http://localhost:3000/_next/static/chunks/0-ynv9eqilv7x.js:0
[    3222ms] [LOG] Player X: 0.00 Y: 6.00 Z: 5.00 @ http://localhost:3000/_next/static/chunks/0-ynv9eqilv7x.js:0
[    3225ms] [LOG] Player X: 0.00 Y: 6.00 Z: 5.00 @ http://localhost:3000/_next/static/chunks/0-ynv9eqilv7x.js:0
[    3228ms] [LOG] Player X: 0.00 Y: 6.00 Z: 5.00 @ http://localhost:3000/_next/static/chunks/0-ynv9eqilv7x.js:0
[    3231ms] [LOG] Player X: 0.00 Y: 6.00 Z: 5.00 @ http://localhost:3000/_next/static/chunks/0-ynv9eqilv7x.js:0
[    3235ms] [LOG] Player X: 0.00 Y: 6.00 Z: 5.00 @ http://localhost:3000/_next/static/chunks/0-ynv9eqilv7x.js:0
[    3238ms] [LOG] Player X: 0.00 Y: 6.00 Z: 5.00 @ http://localhost:3000/_next/static/chunks/0-ynv9eqilv7x.js:0
[    3241ms] [LOG] Player X: 0.00 Y: 6.00 Z: 5.00 @ http://localhost:3000/_next/static/chunks/0-ynv9eqilv7x.js:0
[    3245ms] [LOG] Player X: 0.00 Y: 6.00 Z: 5.00 @ http://localhost:3000/_next/static/chunks/0-ynv9eqilv7x.js:0
[    3248ms] [LOG] Player X: 0.00 Y: 6.00 Z: 5.00 @ http://localhost:3000/_next/static/chunks/0-ynv9eqilv7x.js:0
[    3252ms] [LOG] Player X: 0.00 Y: 6.00 Z: 5.00 @ http://localhost:3000/_next/static/chunks/0-ynv9eqilv7x.js:0
[    3255ms] [LOG] Player X: 0.00 Y: 6.00 Z: 5.00 @ http://localhost:3000/_next/static/chunks/0-ynv9eqilv7x.js:0
[    3258ms] [LOG] Player X: 0.00 Y: 6.00 Z: 5.00 @ http://localhost:3000/_next/static/chunks/0-ynv9eqilv7x.js:0
[    3262ms] [LOG] Player X: 0.00 Y: 6.00 Z: 5.00 @ http://localhost:3000/_next/static/chunks/0-ynv9eqilv7x.js:0
[    3265ms] [LOG] Player X: 0.00 Y: 6.00 Z: 5.00 @ http://localhost:3000/_next/static/chunks/0-ynv9eqilv7x.js:0
[    3268ms] [LOG] Player X: 0.00 Y: 6.00 Z: 5.00 @ http://localhost:3000/_next/static/chunks/0-ynv9eqilv7x.js:0
[    3271ms] [LOG] Player X: 0.00 Y: 6.00 Z: 5.00 @ http://localhost:3000/_next/static/chunks/0-ynv9eqilv7x.js:0
[    3275ms] [LOG] Player X: 0.00 Y: 6.00 Z: 5.00 @ http://localhost:3000/_next/static/chunks/0-ynv9eqilv7x.js:0
[    3278ms] [LOG] Player X: 0.00 Y: 6.00 Z: 5.00 @ http://localhost:3000/_next/static/chunks/0-ynv9eqilv7x.js:0
[    3281ms] [LOG] Player X: 0.00 Y: 6.00 Z: 5.00 @ http://localhost:3000/_next/static/chunks/0-ynv9eqilv7x.js:0
[    3285ms] [LOG] Player X: 0.00 Y: 6.00 Z: 5.00 @ http://localhost:3000/_next/static/chunks/0-ynv9eqilv7x.js:0
[    3288ms] [LOG] Player X: 0.00 Y: 6.00 Z: 5.00 @ http://localhost:3000/_next/static/chunks/0-ynv9eqilv7x.js:0
[    3291ms] [LOG] Player X: 0.00 Y: 6.00 Z: 5.00 @ http://localhost:3000/_next/static/chunks/0-ynv9eqilv7x.js:0
[    3295ms] [LOG] Player X: 0.00 Y: 6.00 Z: 5.00 @ http://localhost:3000/_next/static/chunks/0-ynv9eqilv7x.js:0
[    3298ms] [LOG] Player X: 0.00 Y: 6.00 Z: 5.00 @ http://localhost:3000/_next/static/chunks/0-ynv9eqilv7x.js:0
[    3301ms] [LOG] Player X: 0.00 Y: 6.00 Z: 5.00 @ http://localhost:3000/_next/static/chunks/0-ynv9eqilv7x.js:0
[    3305ms] [LOG] Player X: 0.00 Y: 6.00 Z: 5.00 @ http://localhost:3000/_next/static/chunks/0-ynv9eqilv7x.js:0
[    3308ms] [LOG] Player X: 0.00 Y: 6.00 Z: 5.00 @ http://localhost:3000/_next/static/chunks/0-ynv9eqilv7x.js:0
[    3311ms] [LOG] Player X: 0.00 Y: 6.00 Z: 5.00 @ http://localhost:3000/_next/static/chunks/0-ynv9eqilv7x.js:0
[    3315ms] [LOG] Player X: 0.00 Y: 6.00 Z: 5.00 @ http://localhost:3000/_next/static/chunks/0-ynv9eqilv7x.js:0
[    3318ms] [LOG] Player X: 0.00 Y: 6.00 Z: 5.00 @ http://localhost:3000/_next/static/chunks/0-ynv9eqilv7x.js:0
[    3321ms] [LOG] Player X: 0.00 Y: 6.00 Z: 5.00 @ http://localhost:3000/_next/static/chunks/0-ynv9eqilv7x.js:0
[    3325ms] [LOG] Player X: 0.00 Y: 6.00 Z: 5.00 @ http://localhost:3000/_next/static/chunks/0-ynv9eqilv7x.js:0
[    3328ms] [LOG] Player X: 0.00 Y: 6.00 Z: 5.00 @ http://localhost:3000/_next/static/chunks/0-ynv9eqilv7x.js:0
[    3331ms] [LOG] Player X: 0.00 Y: 6.00 Z: 5.00 @ http://localhost:3000/_next/static/chunks/0-ynv9eqilv7x.js:0
[    3335ms] [LOG] Player X: 0.00 Y: 6.00 Z: 5.00 @ http://localhost:3000/_next/static/chunks/0-ynv9eqilv7x.js:0
[    3338ms] [LOG] Player X: 0.00 Y: 6.00 Z: 5.00 @ http://localhost:3000/_next/static/chunks/0-ynv9eqilv7x.js:0
[    3341ms] [LOG] Player X: 0.00 Y: 6.00 Z: 5.00 @ http://localhost:3000/_next/static/chunks/0-ynv9eqilv7x.js:0
[    3345ms] [LOG] Player X: 0.00 Y: 6.00 Z: 5.00 @ http://localhost:3000/_next/static/chunks/0-ynv9eqilv7x.js:0
[    3348ms] [LOG] Player X: 0.00 Y: 6.00 Z: 5.00 @ http://localhost:3000/_next/static/chunks/0-ynv9eqilv7x.js:0
[    3351ms] [LOG] Player X: 0.00 Y: 6.00 Z: 5.00 @ http://localhost:3000/_next/static/chunks/0-ynv9eqilv7x.js:0
[    3355ms] [LOG] Player X: 0.00 Y: 6.00 Z: 5.00 @ http://localhost:3000/_next/static/chunks/0-ynv9eqilv7x.js:0
[    3358ms] [LOG] Player X: 0.00 Y: 6.00 Z: 5.00 @ http://localhost:3000/_next/static/chunks/0-ynv9eqilv7x.js:0
[    3361ms] [LOG] Player X: 0.00 Y: 6.00 Z: 5.00 @ http://localhost:3000/_next/static/chunks/0-ynv9eqilv7x.js:0
[    3365ms] [LOG] Player X: 0.00 Y: 6.00 Z: 5.00 @ http://localhost:3000/_next/static/chunks/0-ynv9eqilv7x.js:0
[    3368ms] [LOG] Player X: 0.00 Y: 6.00 Z: 5.00 @ http://localhost:3000/_next/static/chunks/0-ynv9eqilv7x.js:0
[    3371ms] [LOG] Player X: 0.00 Y: 6.00 Z: 5.00 @ http://localhost:3000/_next/static/chunks/0-ynv9eqilv7x.js:0
[    3375ms] [LOG] Player X: 0.00 Y: 6.00 Z: 5.00 @ http://localhost:3000/_next/static/chunks/0-ynv9eqilv7x.js:0
[    3378ms] [LOG] Player X: 0.00 Y: 6.00 Z: 5.00 @ http://localhost:3000/_next/static/chunks/0-ynv9eqilv7x.js:0
[    3381ms] [LOG] Player X: 0.00 Y: 6.00 Z: 5.00 @ http://localhost:3000/_next/static/chunks/0-ynv9eqilv7x.js:0
[    3384ms] [LOG] Player X: 0.00 Y: 6.00 Z: 5.00 @ http://localhost:3000/_next/static/chunks/0-ynv9eqilv7x.js:0
[    3388ms] [LOG] Player X: 0.00 Y: 6.00 Z: 5.00 @ http://localhost:3000/_next/static/chunks/0-ynv9eqilv7x.js:0
[    3391ms] [LOG] Player X: 0.00 Y: 6.00 Z: 5.00 @ http://localhost:3000/_next/static/chunks/0-ynv9eqilv7x.js:0
[    3394ms] [LOG] Player X: 0.00 Y: 6.00 Z: 5.00 @ http://localhost:3000/_next/static/chunks/0-ynv9eqilv7x.js:0
[    3398ms] [LOG] Player X: 0.00 Y: 6.00 Z: 5.00 @ http://localhost:3000/_next/static/chunks/0-ynv9eqilv7x.js:0
[    3401ms] [LOG] Player X: 0.00 Y: 6.00 Z: 5.00 @ http://localhost:3000/_next/static/chunks/0-ynv9eqilv7x.js:0
[    3405ms] [LOG] Player X: 0.00 Y: 6.00 Z: 5.00 @ http://localhost:3000/_next/static/chunks/0-ynv9eqilv7x.js:0
[    3408ms] [LOG] Player X: 0.00 Y: 6.00 Z: 5.00 @ http://localhost:3000/_next/static/chunks/0-ynv9eqilv7x.js:0
[    3411ms] [LOG] Player X: 0.00 Y: 6.00 Z: 5.00 @ http://localhost:3000/_next/static/chunks/0-ynv9eqilv7x.js:0
[    3415ms] [LOG] Player X: 0.00 Y: 6.00 Z: 5.00 @ http://localhost:3000/_next/static/chunks/0-ynv9eqilv7x.js:0
[    3418ms] [LOG] Player X: 0.00 Y: 6.00 Z: 5.00 @ http://localhost:3000/_next/static/chunks/0-ynv9eqilv7x.js:0
[    3421ms] [LOG] Player X: 0.00 Y: 6.00 Z: 5.00 @ http://localhost:3000/_next/static/chunks/0-ynv9eqilv7x.js:0
[    3425ms] [LOG] Player X: 0.00 Y: 6.00 Z: 5.00 @ http://localhost:3000/_next/static/chunks/0-ynv9eqilv7x.js:0
[    3428ms] [LOG] Player X: 0.00 Y: 6.00 Z: 5.00 @ http://localhost:3000/_next/static/chunks/0-ynv9eqilv7x.js:0
[    3431ms] [LOG] Player X: 0.00 Y: 6.00 Z: 5.00 @ http://localhost:3000/_next/static/chunks/0-ynv9eqilv7x.js:0
[    3435ms] [LOG] Player X: 0.00 Y: 6.00 Z: 5.00 @ http://localhost:3000/_next/static/chunks/0-ynv9eqilv7x.js:0
[    3438ms] [LOG] Player X: 0.00 Y: 6.00 Z: 5.00 @ http://localhost:3000/_next/static/chunks/0-ynv9eqilv7x.js:0
[    3441ms] [LOG] Player X: 0.00 Y: 6.00 Z: 5.00 @ http://localhost:3000/_next/static/chunks/0-ynv9eqilv7x.js:0
[    3445ms] [LOG] Player X: 0.00 Y: 6.00 Z: 5.00 @ http://localhost:3000/_next/static/chunks/0-ynv9eqilv7x.js:0
[    3448ms] [LOG] Player X: 0.00 Y: 6.00 Z: 5.00 @ http://localhost:3000/_next/static/chunks/0-ynv9eqilv7x.js:0
[    3451ms] [LOG] Player X: 0.00 Y: 6.00 Z: 5.00 @ http://localhost:3000/_next/static/chunks/0-ynv9eqilv7x.js:0
[    3455ms] [LOG] Player X: 0.00 Y: 6.00 Z: 5.00 @ http://localhost:3000/_next/static/chunks/0-ynv9eqilv7x.js:0
[    3458ms] [LOG] Player X: 0.00 Y: 6.00 Z: 5.00 @ http://localhost:3000/_next/static/chunks/0-ynv9eqilv7x.js:0
[    3461ms] [LOG] Player X: 0.00 Y: 6.00 Z: 5.00 @ http://localhost:3000/_next/static/chunks/0-ynv9eqilv7x.js:0
[    3465ms] [LOG] Player X: 0.00 Y: 6.00 Z: 5.00 @ http://localhost:3000/_next/static/chunks/0-ynv9eqilv7x.js:0
[    3468ms] [LOG] Player X: 0.00 Y: 6.00 Z: 5.00 @ http://localhost:3000/_next/static/chunks/0-ynv9eqilv7x.js:0
[    3471ms] [LOG] Player X: 0.00 Y: 6.00 Z: 5.00 @ http://localhost:3000/_next/static/chunks/0-ynv9eqilv7x.js:0
[    3475ms] [LOG] Player X: 0.00 Y: 6.00 Z: 5.00 @ http://localhost:3000/_next/static/chunks/0-ynv9eqilv7x.js:0
[    3478ms] [LOG] Player X: 0.00 Y: 6.00 Z: 5.00 @ http://localhost:3000/_next/static/chunks/0-ynv9eqilv7x.js:0
[    3482ms] [LOG] Player X: 0.00 Y: 6.00 Z: 5.00 @ http://localhost:3000/_next/static/chunks/0-ynv9eqilv7x.js:0
[    3485ms] [LOG] Player X: 0.00 Y: 6.00 Z: 5.00 @ http://localhost:3000/_next/static/chunks/0-ynv9eqilv7x.js:0
[    3488ms] [LOG] Player X: 0.00 Y: 6.00 Z: 5.00 @ http://localhost:3000/_next/static/chunks/0-ynv9eqilv7x.js:0
[    3491ms] [LOG] Player X: 0.00 Y: 6.00 Z: 5.00 @ http://localhost:3000/_next/static/chunks/0-ynv9eqilv7x.js:0
[    3495ms] [LOG] Player X: 0.00 Y: 6.00 Z: 5.00 @ http://localhost:3000/_next/static/chunks/0-ynv9eqilv7x.js:0
[    3498ms] [LOG] Player X: 0.00 Y: 6.00 Z: 5.00 @ http://localhost:3000/_next/static/chunks/0-ynv9eqilv7x.js:0
[    3501ms] [LOG] Player X: 0.00 Y: 6.00 Z: 5.00 @ http://localhost:3000/_next/static/chunks/0-ynv9eqilv7x.js:0
[    3505ms] [LOG] Player X: 0.00 Y: 6.00 Z: 5.00 @ http://localhost:3000/_next/static/chunks/0-ynv9eqilv7x.js:0
[    3508ms] [LOG] Player X: 0.00 Y: 6.00 Z: 5.00 @ http://localhost:3000/_next/static/chunks/0-ynv9eqilv7x.js:0
[    3511ms] [LOG] Player X: 0.00 Y: 6.00 Z: 5.00 @ http://localhost:3000/_next/static/chunks/0-ynv9eqilv7x.js:0
[    3515ms] [LOG] Player X: 0.00 Y: 6.00 Z: 5.00 @ http://localhost:3000/_next/static/chunks/0-ynv9eqilv7x.js:0
[    3518ms] [LOG] Player X: 0.00 Y: 6.00 Z: 5.00 @ http://localhost:3000/_next/static/chunks/0-ynv9eqilv7x.js:0
[    3521ms] [LOG] Player X: 0.00 Y: 6.00 Z: 5.00 @ http://localhost:3000/_next/static/chunks/0-ynv9eqilv7x.js:0
[    3525ms] [LOG] Player X: 0.00 Y: 6.00 Z: 5.00 @ http://localhost:3000/_next/static/chunks/0-ynv9eqilv7x.js:0
[    3528ms] [LOG] Player X: 0.00 Y: 6.00 Z: 5.00 @ http://localhost:3000/_next/static/chunks/0-ynv9eqilv7x.js:0
[    3531ms] [LOG] Player X: 0.00 Y: 6.00 Z: 5.00 @ http://localhost:3000/_next/static/chunks/0-ynv9eqilv7x.js:0
[    3535ms] [LOG] Player X: 0.00 Y: 6.00 Z: 5.00 @ http://localhost:3000/_next/static/chunks/0-ynv9eqilv7x.js:0
[    3538ms] [LOG] Player X: 0.00 Y: 6.00 Z: 5.00 @ http://localhost:3000/_next/static/chunks/0-ynv9eqilv7x.js:0
[    3541ms] [LOG] Player X: 0.00 Y: 6.00 Z: 5.00 @ http://localhost:3000/_next/static/chunks/0-ynv9eqilv7x.js:0
[    3545ms] [LOG] Player X: 0.00 Y: 6.00 Z: 5.00 @ http://localhost:3000/_next/static/chunks/0-ynv9eqilv7x.js:0
[    3548ms] [LOG] Player X: 0.00 Y: 6.00 Z: 5.00 @ http://localhost:3000/_next/static/chunks/0-ynv9eqilv7x.js:0
[    3551ms] [LOG] Player X: 0.00 Y: 6.00 Z: 5.00 @ http://localhost:3000/_next/static/chunks/0-ynv9eqilv7x.js:0
[    3555ms] [LOG] Player X: 0.00 Y: 6.00 Z: 5.00 @ http://localhost:3000/_next/static/chunks/0-ynv9eqilv7x.js:0
[    3558ms] [LOG] Player X: 0.00 Y: 6.00 Z: 5.00 @ http://localhost:3000/_next/static/chunks/0-ynv9eqilv7x.js:0
[    3561ms] [LOG] Player X: 0.00 Y: 6.00 Z: 5.00 @ http://localhost:3000/_next/static/chunks/0-ynv9eqilv7x.js:0
[    3565ms] [LOG] Player X: 0.00 Y: 6.00 Z: 5.00 @ http://localhost:3000/_next/static/chunks/0-ynv9eqilv7x.js:0
[    3568ms] [LOG] Player X: 0.00 Y: 6.00 Z: 5.00 @ http://localhost:3000/_next/static/chunks/0-ynv9eqilv7x.js:0
[    3571ms] [LOG] Player X: 0.00 Y: 6.00 Z: 5.00 @ http://localhost:3000/_next/static/chunks/0-ynv9eqilv7x.js:0
[    3575ms] [LOG] Player X: 0.00 Y: 6.00 Z: 5.00 @ http://localhost:3000/_next/static/chunks/0-ynv9eqilv7x.js:0
[    3578ms] [LOG] Player X: 0.00 Y: 6.00 Z: 5.00 @ http://localhost:3000/_next/static/chunks/0-ynv9eqilv7x.js:0
[    3581ms] [LOG] Player X: 0.00 Y: 6.00 Z: 5.00 @ http://localhost:3000/_next/static/chunks/0-ynv9eqilv7x.js:0
[    3585ms] [LOG] Player X: 0.00 Y: 6.00 Z: 5.00 @ http://localhost:3000/_next/static/chunks/0-ynv9eqilv7x.js:0
[    3588ms] [LOG] Player X: 0.00 Y: 6.00 Z: 5.00 @ http://localhost:3000/_next/static/chunks/0-ynv9eqilv7x.js:0
[    3591ms] [LOG] Player X: 0.00 Y: 6.00 Z: 5.00 @ http://localhost:3000/_next/static/chunks/0-ynv9eqilv7x.js:0
[    3595ms] [LOG] Player X: 0.00 Y: 6.00 Z: 5.00 @ http://localhost:3000/_next/static/chunks/0-ynv9eqilv7x.js:0
[    3598ms] [LOG] Player X: 0.00 Y: 6.00 Z: 5.00 @ http://localhost:3000/_next/static/chunks/0-ynv9eqilv7x.js:0
[    3601ms] [LOG] Player X: 0.00 Y: 6.00 Z: 5.00 @ http://localhost:3000/_next/static/chunks/0-ynv9eqilv7x.js:0
[    3605ms] [LOG] Player X: 0.00 Y: 6.00 Z: 5.00 @ http://localhost:3000/_next/static/chunks/0-ynv9eqilv7x.js:0
[    3608ms] [LOG] Player X: 0.00 Y: 6.00 Z: 5.00 @ http://localhost:3000/_next/static/chunks/0-ynv9eqilv7x.js:0
[    3611ms] [LOG] Player X: 0.00 Y: 6.00 Z: 5.00 @ http://localhost:3000/_next/static/chunks/0-ynv9eqilv7x.js:0
[    3615ms] [LOG] Player X: 0.00 Y: 6.00 Z: 5.00 @ http://localhost:3000/_next/static/chunks/0-ynv9eqilv7x.js:0
[    3618ms] [LOG] Player X: 0.00 Y: 6.00 Z: 5.00 @ http://localhost:3000/_next/static/chunks/0-ynv9eqilv7x.js:0
[    3621ms] [LOG] Player X: 0.00 Y: 6.00 Z: 5.00 @ http://localhost:3000/_next/static/chunks/0-ynv9eqilv7x.js:0
[    3625ms] [LOG] Player X: 0.00 Y: 6.00 Z: 5.00 @ http://localhost:3000/_next/static/chunks/0-ynv9eqilv7x.js:0
[    3628ms] [LOG] Player X: 0.00 Y: 6.00 Z: 5.00 @ http://localhost:3000/_next/static/chunks/0-ynv9eqilv7x.js:0
[    3631ms] [LOG] Player X: 0.00 Y: 6.00 Z: 5.00 @ http://localhost:3000/_next/static/chunks/0-ynv9eqilv7x.js:0
[    3635ms] [LOG] Player X: 0.00 Y: 6.00 Z: 5.00 @ http://localhost:3000/_next/static/chunks/0-ynv9eqilv7x.js:0
[    3638ms] [LOG] Player X: 0.00 Y: 6.00 Z: 5.00 @ http://localhost:3000/_next/static/chunks/0-ynv9eqilv7x.js:0
[    3641ms] [LOG] Player X: 0.00 Y: 6.00 Z: 5.00 @ http://localhost:3000/_next/static/chunks/0-ynv9eqilv7x.js:0
[    3645ms] [LOG] Player X: 0.00 Y: 6.00 Z: 5.00 @ http://localhost:3000/_next/static/chunks/0-ynv9eqilv7x.js:0
[    3648ms] [LOG] Player X: 0.00 Y: 6.00 Z: 5.00 @ http://localhost:3000/_next/static/chunks/0-ynv9eqilv7x.js:0
[    3651ms] [LOG] Player X: 0.00 Y: 6.00 Z: 5.00 @ http://localhost:3000/_next/static/chunks/0-ynv9eqilv7x.js:0
[    3655ms] [LOG] Player X: 0.00 Y: 6.00 Z: 5.00 @ http://localhost:3000/_next/static/chunks/0-ynv9eqilv7x.js:0
[    3658ms] [LOG] Player X: 0.00 Y: 6.00 Z: 5.00 @ http://localhost:3000/_next/static/chunks/0-ynv9eqilv7x.js:0
[    3661ms] [LOG] Player X: 0.00 Y: 6.00 Z: 5.00 @ http://localhost:3000/_next/static/chunks/0-ynv9eqilv7x.js:0
[    3665ms] [LOG] Player X: 0.00 Y: 6.00 Z: 5.00 @ http://localhost:3000/_next/static/chunks/0-ynv9eqilv7x.js:0
[    3668ms] [LOG] Player X: 0.00 Y: 6.00 Z: 5.00 @ http://localhost:3000/_next/static/chunks/0-ynv9eqilv7x.js:0
[    3671ms] [LOG] Player X: 0.00 Y: 6.00 Z: 5.00 @ http://localhost:3000/_next/static/chunks/0-ynv9eqilv7x.js:0
[    3675ms] [LOG] Player X: 0.00 Y: 6.00 Z: 5.00 @ http://localhost:3000/_next/static/chunks/0-ynv9eqilv7x.js:0
[    3678ms] [LOG] Player X: 0.00 Y: 6.00 Z: 5.00 @ http://localhost:3000/_next/static/chunks/0-ynv9eqilv7x.js:0
[    3681ms] [LOG] Player X: 0.00 Y: 6.00 Z: 5.00 @ http://localhost:3000/_next/static/chunks/0-ynv9eqilv7x.js:0
[    3685ms] [LOG] Player X: 0.00 Y: 6.00 Z: 5.00 @ http://localhost:3000/_next/static/chunks/0-ynv9eqilv7x.js:0
[    3688ms] [LOG] Player X: 0.00 Y: 6.00 Z: 5.00 @ http://localhost:3000/_next/static/chunks/0-ynv9eqilv7x.js:0
[    3691ms] [LOG] Player X: 0.00 Y: 6.00 Z: 5.00 @ http://localhost:3000/_next/static/chunks/0-ynv9eqilv7x.js:0
[    3695ms] [LOG] Player X: 0.00 Y: 6.00 Z: 5.00 @ http://localhost:3000/_next/static/chunks/0-ynv9eqilv7x.js:0
[    3698ms] [LOG] Player X: 0.00 Y: 6.00 Z: 5.00 @ http://localhost:3000/_next/static/chunks/0-ynv9eqilv7x.js:0
[    3701ms] [LOG] Player X: 0.00 Y: 6.00 Z: 5.00 @ http://localhost:3000/_next/static/chunks/0-ynv9eqilv7x.js:0
[    3705ms] [LOG] Player X: 0.00 Y: 6.00 Z: 5.00 @ http://localhost:3000/_next/static/chunks/0-ynv9eqilv7x.js:0
[    3708ms] [LOG] Player X: 0.00 Y: 6.00 Z: 5.00 @ http://localhost:3000/_next/static/chunks/0-ynv9eqilv7x.js:0
[    3712ms] [LOG] Player X: 0.00 Y: 6.00 Z: 5.00 @ http://localhost:3000/_next/static/chunks/0-ynv9eqilv7x.js:0
[    3715ms] [LOG] Player X: 0.00 Y: 6.00 Z: 5.00 @ http://localhost:3000/_next/static/chunks/0-ynv9eqilv7x.js:0
[    3718ms] [LOG] Player X: 0.00 Y: 6.00 Z: 5.00 @ http://localhost:3000/_next/static/chunks/0-ynv9eqilv7x.js:0
[    3721ms] [LOG] Player X: 0.00 Y: 6.00 Z: 5.00 @ http://localhost:3000/_next/static/chunks/0-ynv9eqilv7x.js:0
[    3725ms] [LOG] Player X: 0.00 Y: 6.00 Z: 5.00 @ http://localhost:3000/_next/static/chunks/0-ynv9eqilv7x.js:0
[    3728ms] [LOG] Player X: 0.00 Y: 6.00 Z: 5.00 @ http://localhost:3000/_next/static/chunks/0-ynv9eqilv7x.js:0
[    3731ms] [LOG] Player X: 0.00 Y: 6.00 Z: 5.00 @ http://localhost:3000/_next/static/chunks/0-ynv9eqilv7x.js:0
[    3735ms] [LOG] Player X: 0.00 Y: 6.00 Z: 5.00 @ http://localhost:3000/_next/static/chunks/0-ynv9eqilv7x.js:0
[    3738ms] [LOG] Player X: 0.00 Y: 6.00 Z: 5.00 @ http://localhost:3000/_next/static/chunks/0-ynv9eqilv7x.js:0
[    3741ms] [LOG] Player X: 0.00 Y: 6.00 Z: 5.00 @ http://localhost:3000/_next/static/chunks/0-ynv9eqilv7x.js:0
[    3745ms] [LOG] Player X: 0.00 Y: 6.00 Z: 5.00 @ http://localhost:3000/_next/static/chunks/0-ynv9eqilv7x.js:0
[    3748ms] [LOG] Player X: 0.00 Y: 6.00 Z: 5.00 @ http://localhost:3000/_next/static/chunks/0-ynv9eqilv7x.js:0
[    3751ms] [LOG] Player X: 0.00 Y: 6.00 Z: 5.00 @ http://localhost:3000/_next/static/chunks/0-ynv9eqilv7x.js:0
[    3754ms] [LOG] Player X: 0.00 Y: 6.00 Z: 5.00 @ http://localhost:3000/_next/static/chunks/0-ynv9eqilv7x.js:0
[    3758ms] [LOG] Player X: 0.00 Y: 6.00 Z: 5.00 @ http://localhost:3000/_next/static/chunks/0-ynv9eqilv7x.js:0
[    3761ms] [LOG] Player X: 0.00 Y: 6.00 Z: 5.00 @ http://localhost:3000/_next/static/chunks/0-ynv9eqilv7x.js:0
[    3765ms] [LOG] Player X: 0.00 Y: 6.00 Z: 5.00 @ http://localhost:3000/_next/static/chunks/0-ynv9eqilv7x.js:0
[    3768ms] [LOG] Player X: 0.00 Y: 6.00 Z: 5.00 @ http://localhost:3000/_next/static/chunks/0-ynv9eqilv7x.js:0
[    3771ms] [LOG] Player X: 0.00 Y: 6.00 Z: 5.00 @ http://localhost:3000/_next/static/chunks/0-ynv9eqilv7x.js:0
[    3775ms] [LOG] Player X: 0.00 Y: 6.00 Z: 5.00 @ http://localhost:3000/_next/static/chunks/0-ynv9eqilv7x.js:0
[    3778ms] [LOG] Player X: 0.00 Y: 6.00 Z: 5.00 @ http://localhost:3000/_next/static/chunks/0-ynv9eqilv7x.js:0
[    3781ms] [LOG] Player X: 0.00 Y: 6.00 Z: 5.00 @ http://localhost:3000/_next/static/chunks/0-ynv9eqilv7x.js:0
[    3785ms] [LOG] Player X: 0.00 Y: 6.00 Z: 5.00 @ http://localhost:3000/_next/static/chunks/0-ynv9eqilv7x.js:0
[    3788ms] [LOG] Player X: 0.00 Y: 6.00 Z: 5.00 @ http://localhost:3000/_next/static/chunks/0-ynv9eqilv7x.js:0
[    3791ms] [LOG] Player X: 0.00 Y: 6.00 Z: 5.00 @ http://localhost:3000/_next/static/chunks/0-ynv9eqilv7x.js:0
[    3795ms] [LOG] Player X: 0.00 Y: 6.00 Z: 5.00 @ http://localhost:3000/_next/static/chunks/0-ynv9eqilv7x.js:0
[    3798ms] [LOG] Player X: 0.00 Y: 6.00 Z: 5.00 @ http://localhost:3000/_next/static/chunks/0-ynv9eqilv7x.js:0
[    3801ms] [LOG] Player X: 0.00 Y: 6.00 Z: 5.00 @ http://localhost:3000/_next/static/chunks/0-ynv9eqilv7x.js:0
[    3805ms] [LOG] Player X: 0.00 Y: 6.00 Z: 5.00 @ http://localhost:3000/_next/static/chunks/0-ynv9eqilv7x.js:0
[    3808ms] [LOG] Player X: 0.00 Y: 6.00 Z: 5.00 @ http://localhost:3000/_next/static/chunks/0-ynv9eqilv7x.js:0
[    3811ms] [LOG] Player X: 0.00 Y: 6.00 Z: 5.00 @ http://localhost:3000/_next/static/chunks/0-ynv9eqilv7x.js:0
[    3814ms] [LOG] Player X: 0.00 Y: 6.00 Z: 5.00 @ http://localhost:3000/_next/static/chunks/0-ynv9eqilv7x.js:0
[    3818ms] [LOG] Player X: 0.00 Y: 6.00 Z: 5.00 @ http://localhost:3000/_next/static/chunks/0-ynv9eqilv7x.js:0
[    3821ms] [LOG] Player X: 0.00 Y: 6.00 Z: 5.00 @ http://localhost:3000/_next/static/chunks/0-ynv9eqilv7x.js:0
[    3825ms] [LOG] Player X: 0.00 Y: 6.00 Z: 5.00 @ http://localhost:3000/_next/static/chunks/0-ynv9eqilv7x.js:0
[    3828ms] [LOG] Player X: 0.00 Y: 6.00 Z: 5.00 @ http://localhost:3000/_next/static/chunks/0-ynv9eqilv7x.js:0
[    3831ms] [LOG] Player X: 0.00 Y: 6.00 Z: 5.00 @ http://localhost:3000/_next/static/chunks/0-ynv9eqilv7x.js:0
[    3834ms] [LOG] Player X: 0.00 Y: 6.00 Z: 5.00 @ http://localhost:3000/_next/static/chunks/0-ynv9eqilv7x.js:0
[    3838ms] [LOG] Player X: 0.00 Y: 6.00 Z: 5.00 @ http://localhost:3000/_next/static/chunks/0-ynv9eqilv7x.js:0
[    3841ms] [LOG] Player X: 0.00 Y: 6.00 Z: 5.00 @ http://localhost:3000/_next/static/chunks/0-ynv9eqilv7x.js:0
[    3844ms] [LOG] Player X: 0.00 Y: 6.00 Z: 5.00 @ http://localhost:3000/_next/static/chunks/0-ynv9eqilv7x.js:0
[    3848ms] [LOG] Player X: 0.00 Y: 6.00 Z: 5.00 @ http://localhost:3000/_next/static/chunks/0-ynv9eqilv7x.js:0
[    3851ms] [LOG] Player X: 0.00 Y: 6.00 Z: 5.00 @ http://localhost:3000/_next/static/chunks/0-ynv9eqilv7x.js:0
[    3855ms] [LOG] Player X: 0.00 Y: 6.00 Z: 5.00 @ http://localhost:3000/_next/static/chunks/0-ynv9eqilv7x.js:0
[    3858ms] [LOG] Player X: 0.00 Y: 6.00 Z: 5.00 @ http://localhost:3000/_next/static/chunks/0-ynv9eqilv7x.js:0
[    3861ms] [LOG] Player X: 0.00 Y: 6.00 Z: 5.00 @ http://localhost:3000/_next/static/chunks/0-ynv9eqilv7x.js:0
[    3865ms] [LOG] Player X: 0.00 Y: 6.00 Z: 5.00 @ http://localhost:3000/_next/static/chunks/0-ynv9eqilv7x.js:0
[    3868ms] [LOG] Player X: 0.00 Y: 6.00 Z: 5.00 @ http://localhost:3000/_next/static/chunks/0-ynv9eqilv7x.js:0
[    3873ms] [LOG] Player X: 0.00 Y: 6.00 Z: 5.00 @ http://localhost:3000/_next/static/chunks/0-ynv9eqilv7x.js:0
[    3874ms] [LOG] Player X: 0.00 Y: 6.00 Z: 5.00 @ http://localhost:3000/_next/static/chunks/0-ynv9eqilv7x.js:0
[    3878ms] [LOG] Player X: 0.00 Y: 6.00 Z: 5.00 @ http://localhost:3000/_next/static/chunks/0-ynv9eqilv7x.js:0
[    3881ms] [LOG] Player X: 0.00 Y: 6.00 Z: 5.00 @ http://localhost:3000/_next/static/chunks/0-ynv9eqilv7x.js:0
[    3885ms] [LOG] Player X: 0.00 Y: 6.00 Z: 5.00 @ http://localhost:3000/_next/static/chunks/0-ynv9eqilv7x.js:0
[    3888ms] [LOG] Player X: 0.00 Y: 6.00 Z: 5.00 @ http://localhost:3000/_next/static/chunks/0-ynv9eqilv7x.js:0
[    3891ms] [LOG] Player X: 0.00 Y: 6.00 Z: 5.00 @ http://localhost:3000/_next/static/chunks/0-ynv9eqilv7x.js:0
[    3895ms] [LOG] Player X: 0.00 Y: 6.00 Z: 5.00 @ http://localhost:3000/_next/static/chunks/0-ynv9eqilv7x.js:0
[    3898ms] [LOG] Player X: 0.00 Y: 6.00 Z: 5.00 @ http://localhost:3000/_next/static/chunks/0-ynv9eqilv7x.js:0
[    3901ms] [LOG] Player X: 0.00 Y: 6.00 Z: 5.00 @ http://localhost:3000/_next/static/chunks/0-ynv9eqilv7x.js:0
[    3904ms] [LOG] Player X: 0.00 Y: 6.00 Z: 5.00 @ http://localhost:3000/_next/static/chunks/0-ynv9eqilv7x.js:0
[    3908ms] [LOG] Player X: 0.00 Y: 6.00 Z: 5.00 @ http://localhost:3000/_next/static/chunks/0-ynv9eqilv7x.js:0
[    3911ms] [LOG] Player X: 0.00 Y: 6.00 Z: 5.00 @ http://localhost:3000/_next/static/chunks/0-ynv9eqilv7x.js:0
[    3915ms] [LOG] Player X: 0.00 Y: 6.00 Z: 5.00 @ http://localhost:3000/_next/static/chunks/0-ynv9eqilv7x.js:0
[    3918ms] [LOG] Player X: 0.00 Y: 6.00 Z: 5.00 @ http://localhost:3000/_next/static/chunks/0-ynv9eqilv7x.js:0
[    3921ms] [LOG] Player X: 0.00 Y: 6.00 Z: 5.00 @ http://localhost:3000/_next/static/chunks/0-ynv9eqilv7x.js:0
[    3925ms] [LOG] Player X: 0.00 Y: 6.00 Z: 5.00 @ http://localhost:3000/_next/static/chunks/0-ynv9eqilv7x.js:0
[    3928ms] [LOG] Player X: 0.00 Y: 6.00 Z: 5.00 @ http://localhost:3000/_next/static/chunks/0-ynv9eqilv7x.js:0
[    3931ms] [LOG] Player X: 0.00 Y: 6.00 Z: 5.00 @ http://localhost:3000/_next/static/chunks/0-ynv9eqilv7x.js:0
[    3935ms] [LOG] Player X: 0.00 Y: 6.00 Z: 5.00 @ http://localhost:3000/_next/static/chunks/0-ynv9eqilv7x.js:0
[    3938ms] [LOG] Player X: 0.00 Y: 6.00 Z: 5.00 @ http://localhost:3000/_next/static/chunks/0-ynv9eqilv7x.js:0
[    3941ms] [LOG] Player X: 0.00 Y: 6.00 Z: 5.00 @ http://localhost:3000/_next/static/chunks/0-ynv9eqilv7x.js:0
[    3944ms] [LOG] Player X: 0.00 Y: 6.00 Z: 5.00 @ http://localhost:3000/_next/static/chunks/0-ynv9eqilv7x.js:0
[    3948ms] [LOG] Player X: 0.00 Y: 6.00 Z: 5.00 @ http://localhost:3000/_next/static/chunks/0-ynv9eqilv7x.js:0
[    3951ms] [LOG] Player X: 0.00 Y: 6.00 Z: 5.00 @ http://localhost:3000/_next/static/chunks/0-ynv9eqilv7x.js:0
[    3955ms] [LOG] Player X: 0.00 Y: 6.00 Z: 5.00 @ http://localhost:3000/_next/static/chunks/0-ynv9eqilv7x.js:0
[    3958ms] [LOG] Player X: 0.00 Y: 6.00 Z: 5.00 @ http://localhost:3000/_next/static/chunks/0-ynv9eqilv7x.js:0
[    3961ms] [LOG] Player X: 0.00 Y: 6.00 Z: 5.00 @ http://localhost:3000/_next/static/chunks/0-ynv9eqilv7x.js:0
[    3965ms] [LOG] Player X: 0.00 Y: 6.00 Z: 5.00 @ http://localhost:3000/_next/static/chunks/0-ynv9eqilv7x.js:0
[    3968ms] [LOG] Player X: 0.00 Y: 6.00 Z: 5.00 @ http://localhost:3000/_next/static/chunks/0-ynv9eqilv7x.js:0
[    3972ms] [LOG] Player X: 0.00 Y: 6.00 Z: 5.00 @ http://localhost:3000/_next/static/chunks/0-ynv9eqilv7x.js:0
[    3975ms] [LOG] Player X: 0.00 Y: 6.00 Z: 5.00 @ http://localhost:3000/_next/static/chunks/0-ynv9eqilv7x.js:0
[    3978ms] [LOG] Player X: 0.00 Y: 6.00 Z: 5.00 @ http://localhost:3000/_next/static/chunks/0-ynv9eqilv7x.js:0
[    3982ms] [LOG] Player X: 0.00 Y: 6.00 Z: 5.00 @ http://localhost:3000/_next/static/chunks/0-ynv9eqilv7x.js:0
[    3985ms] [LOG] Player X: 0.00 Y: 6.00 Z: 5.00 @ http://localhost:3000/_next/static/chunks/0-ynv9eqilv7x.js:0
[    3988ms] [LOG] Player X: 0.00 Y: 6.00 Z: 5.00 @ http://localhost:3000/_next/static/chunks/0-ynv9eqilv7x.js:0
[    3992ms] [LOG] Player X: 0.00 Y: 6.00 Z: 5.00 @ http://localhost:3000/_next/static/chunks/0-ynv9eqilv7x.js:0
[    3995ms] [LOG] Player X: 0.00 Y: 6.00 Z: 5.00 @ http://localhost:3000/_next/static/chunks/0-ynv9eqilv7x.js:0
[    3998ms] [LOG] Player X: 0.00 Y: 6.00 Z: 5.00 @ http://localhost:3000/_next/static/chunks/0-ynv9eqilv7x.js:0
[    4002ms] [LOG] Player X: 0.00 Y: 6.00 Z: 5.00 @ http://localhost:3000/_next/static/chunks/0-ynv9eqilv7x.js:0
[    4005ms] [LOG] Player X: 0.00 Y: 6.00 Z: 5.00 @ http://localhost:3000/_next/static/chunks/0-ynv9eqilv7x.js:0
[    4008ms] [LOG] Player X: 0.00 Y: 6.00 Z: 5.00 @ http://localhost:3000/_next/static/chunks/0-ynv9eqilv7x.js:0
[    4011ms] [LOG] Player X: 0.00 Y: 6.00 Z: 5.00 @ http://localhost:3000/_next/static/chunks/0-ynv9eqilv7x.js:0
[    4015ms] [LOG] Player X: 0.00 Y: 6.00 Z: 5.00 @ http://localhost:3000/_next/static/chunks/0-ynv9eqilv7x.js:0
[    4018ms] [LOG] Player X: 0.00 Y: 6.00 Z: 5.00 @ http://localhost:3000/_next/static/chunks/0-ynv9eqilv7x.js:0
[    4022ms] [LOG] Player X: 0.00 Y: 6.00 Z: 5.00 @ http://localhost:3000/_next/static/chunks/0-ynv9eqilv7x.js:0
[    4026ms] [LOG] Player X: 0.00 Y: 6.00 Z: 5.00 @ http://localhost:3000/_next/static/chunks/0-ynv9eqilv7x.js:0
[    4030ms] [LOG] Player X: 0.00 Y: 6.00 Z: 5.00 @ http://localhost:3000/_next/static/chunks/0-ynv9eqilv7x.js:0
[    4034ms] [LOG] Player X: 0.00 Y: 6.00 Z: 5.00 @ http://localhost:3000/_next/static/chunks/0-ynv9eqilv7x.js:0
[    4037ms] [LOG] Player X: 0.00 Y: 6.00 Z: 5.00 @ http://localhost:3000/_next/static/chunks/0-ynv9eqilv7x.js:0
[    4041ms] [LOG] Player X: 0.00 Y: 6.00 Z: 5.00 @ http://localhost:3000/_next/static/chunks/0-ynv9eqilv7x.js:0
[    4044ms] [LOG] Player X: 0.00 Y: 6.00 Z: 5.00 @ http://localhost:3000/_next/static/chunks/0-ynv9eqilv7x.js:0
[    4047ms] [LOG] Player X: 0.00 Y: 6.00 Z: 5.00 @ http://localhost:3000/_next/static/chunks/0-ynv9eqilv7x.js:0
[    4050ms] [LOG] Player X: 0.00 Y: 6.00 Z: 5.00 @ http://localhost:3000/_next/static/chunks/0-ynv9eqilv7x.js:0
[    4054ms] [LOG] Player X: 0.00 Y: 6.00 Z: 5.00 @ http://localhost:3000/_next/static/chunks/0-ynv9eqilv7x.js:0
[    4057ms] [LOG] Player X: 0.00 Y: 6.00 Z: 5.00 @ http://localhost:3000/_next/static/chunks/0-ynv9eqilv7x.js:0
[    4060ms] [LOG] Player X: 0.00 Y: 6.00 Z: 5.00 @ http://localhost:3000/_next/static/chunks/0-ynv9eqilv7x.js:0
[    4063ms] [LOG] Player X: 0.00 Y: 6.00 Z: 5.00 @ http://localhost:3000/_next/static/chunks/0-ynv9eqilv7x.js:0
[    4067ms] [LOG] Player X: 0.00 Y: 6.00 Z: 5.00 @ http://localhost:3000/_next/static/chunks/0-ynv9eqilv7x.js:0
[    4071ms] [LOG] Player X: 0.00 Y: 6.00 Z: 5.00 @ http://localhost:3000/_next/static/chunks/0-ynv9eqilv7x.js:0
[    4074ms] [LOG] Player X: 0.00 Y: 6.00 Z: 5.00 @ http://localhost:3000/_next/static/chunks/0-ynv9eqilv7x.js:0
[    4077ms] [LOG] Player X: 0.00 Y: 6.00 Z: 5.00 @ http://localhost:3000/_next/static/chunks/0-ynv9eqilv7x.js:0
[    4080ms] [LOG] Player X: 0.00 Y: 6.00 Z: 5.00 @ http://localhost:3000/_next/static/chunks/0-ynv9eqilv7x.js:0
[    4084ms] [LOG] Player X: 0.00 Y: 6.00 Z: 5.00 @ http://localhost:3000/_next/static/chunks/0-ynv9eqilv7x.js:0
[    4087ms] [LOG] Player X: 0.00 Y: 6.00 Z: 5.00 @ http://localhost:3000/_next/static/chunks/0-ynv9eqilv7x.js:0
[    4090ms] [LOG] Player X: 0.00 Y: 6.00 Z: 5.00 @ http://localhost:3000/_next/static/chunks/0-ynv9eqilv7x.js:0
[    4094ms] [LOG] Player X: 0.00 Y: 6.00 Z: 5.00 @ http://localhost:3000/_next/static/chunks/0-ynv9eqilv7x.js:0
[    4097ms] [LOG] Player X: 0.00 Y: 6.00 Z: 5.00 @ http://localhost:3000/_next/static/chunks/0-ynv9eqilv7x.js:0
[    4100ms] [LOG] Player X: 0.00 Y: 6.00 Z: 5.00 @ http://localhost:3000/_next/static/chunks/0-ynv9eqilv7x.js:0
[    4104ms] [LOG] Player X: 0.00 Y: 6.00 Z: 5.00 @ http://localhost:3000/_next/static/chunks/0-ynv9eqilv7x.js:0
[    4107ms] [LOG] Player X: 0.00 Y: 6.00 Z: 5.00 @ http://localhost:3000/_next/static/chunks/0-ynv9eqilv7x.js:0
[    4110ms] [LOG] Player X: 0.00 Y: 6.00 Z: 5.00 @ http://localhost:3000/_next/static/chunks/0-ynv9eqilv7x.js:0
[    4113ms] [LOG] Player X: 0.00 Y: 6.00 Z: 5.00 @ http://localhost:3000/_next/static/chunks/0-ynv9eqilv7x.js:0
[    4116ms] [LOG] Player X: 0.00 Y: 6.00 Z: 5.00 @ http://localhost:3000/_next/static/chunks/0-ynv9eqilv7x.js:0
[    4119ms] [LOG] Player X: 0.00 Y: 6.00 Z: 5.00 @ http://localhost:3000/_next/static/chunks/0-ynv9eqilv7x.js:0
[    4122ms] [LOG] Player X: 0.00 Y: 6.00 Z: 5.00 @ http://localhost:3000/_next/static/chunks/0-ynv9eqilv7x.js:0
[    4125ms] [LOG] Player X: 0.00 Y: 6.00 Z: 5.00 @ http://localhost:3000/_next/static/chunks/0-ynv9eqilv7x.js:0
[    4129ms] [LOG] Player X: 0.00 Y: 6.00 Z: 5.00 @ http://localhost:3000/_next/static/chunks/0-ynv9eqilv7x.js:0
[    4133ms] [LOG] Player X: 0.00 Y: 6.00 Z: 5.00 @ http://localhost:3000/_next/static/chunks/0-ynv9eqilv7x.js:0
[    4135ms] [LOG] Player X: 0.00 Y: 6.00 Z: 5.00 @ http://localhost:3000/_next/static/chunks/0-ynv9eqilv7x.js:0
[    4138ms] [LOG] Player X: 0.00 Y: 6.00 Z: 5.00 @ http://localhost:3000/_next/static/chunks/0-ynv9eqilv7x.js:0
[    4143ms] [LOG] Player X: 0.00 Y: 6.00 Z: 5.00 @ http://localhost:3000/_next/static/chunks/0-ynv9eqilv7x.js:0
[    4146ms] [LOG] Player X: 0.00 Y: 6.00 Z: 5.00 @ http://localhost:3000/_next/static/chunks/0-ynv9eqilv7x.js:0
[    4149ms] [LOG] Player X: 0.00 Y: 6.00 Z: 5.00 @ http://localhost:3000/_next/static/chunks/0-ynv9eqilv7x.js:0
[    4152ms] [LOG] Player X: 0.00 Y: 6.00 Z: 5.00 @ http://localhost:3000/_next/static/chunks/0-ynv9eqilv7x.js:0
[    4155ms] [LOG] Player X: 0.00 Y: 6.00 Z: 5.00 @ http://localhost:3000/_next/static/chunks/0-ynv9eqilv7x.js:0
[    4158ms] [LOG] Player X: 0.00 Y: 6.00 Z: 5.00 @ http://localhost:3000/_next/static/chunks/0-ynv9eqilv7x.js:0
[    4161ms] [LOG] Player X: 0.00 Y: 6.00 Z: 5.00 @ http://localhost:3000/_next/static/chunks/0-ynv9eqilv7x.js:0
[    4165ms] [LOG] Player X: 0.00 Y: 6.00 Z: 5.00 @ http://localhost:3000/_next/static/chunks/0-ynv9eqilv7x.js:0
[    4168ms] [LOG] Player X: 0.00 Y: 6.00 Z: 5.00 @ http://localhost:3000/_next/static/chunks/0-ynv9eqilv7x.js:0
[    4172ms] [LOG] Player X: 0.00 Y: 6.00 Z: 5.00 @ http://localhost:3000/_next/static/chunks/0-ynv9eqilv7x.js:0
[    4175ms] [LOG] Player X: 0.00 Y: 6.00 Z: 5.00 @ http://localhost:3000/_next/static/chunks/0-ynv9eqilv7x.js:0
[    4178ms] [LOG] Player X: 0.00 Y: 6.00 Z: 5.00 @ http://localhost:3000/_next/static/chunks/0-ynv9eqilv7x.js:0
[    4181ms] [LOG] Player X: 0.00 Y: 6.00 Z: 5.00 @ http://localhost:3000/_next/static/chunks/0-ynv9eqilv7x.js:0
[    4185ms] [LOG] Player X: 0.00 Y: 6.00 Z: 5.00 @ http://localhost:3000/_next/static/chunks/0-ynv9eqilv7x.js:0
[    4188ms] [LOG] Player X: 0.00 Y: 6.00 Z: 5.00 @ http://localhost:3000/_next/static/chunks/0-ynv9eqilv7x.js:0
[    4191ms] [LOG] Player X: 0.00 Y: 6.00 Z: 5.00 @ http://localhost:3000/_next/static/chunks/0-ynv9eqilv7x.js:0
[    4195ms] [LOG] Player X: 0.00 Y: 6.00 Z: 5.00 @ http://localhost:3000/_next/static/chunks/0-ynv9eqilv7x.js:0
[    4198ms] [LOG] Player X: 0.00 Y: 6.00 Z: 5.00 @ http://localhost:3000/_next/static/chunks/0-ynv9eqilv7x.js:0
[    4202ms] [LOG] Player X: 0.00 Y: 6.00 Z: 5.00 @ http://localhost:3000/_next/static/chunks/0-ynv9eqilv7x.js:0
[    4205ms] [LOG] Player X: 0.00 Y: 6.00 Z: 5.00 @ http://localhost:3000/_next/static/chunks/0-ynv9eqilv7x.js:0
[    4208ms] [LOG] Player X: 0.00 Y: 6.00 Z: 5.00 @ http://localhost:3000/_next/static/chunks/0-ynv9eqilv7x.js:0
[    4211ms] [LOG] Player X: 0.00 Y: 6.00 Z: 5.00 @ http://localhost:3000/_next/static/chunks/0-ynv9eqilv7x.js:0
[    4214ms] [LOG] Player X: 0.00 Y: 6.00 Z: 5.00 @ http://localhost:3000/_next/static/chunks/0-ynv9eqilv7x.js:0
[    4218ms] [LOG] Player X: 0.00 Y: 6.00 Z: 5.00 @ http://localhost:3000/_next/static/chunks/0-ynv9eqilv7x.js:0
[    4222ms] [LOG] Player X: 0.00 Y: 6.00 Z: 5.00 @ http://localhost:3000/_next/static/chunks/0-ynv9eqilv7x.js:0
[    4225ms] [LOG] Player X: 0.00 Y: 6.00 Z: 5.00 @ http://localhost:3000/_next/static/chunks/0-ynv9eqilv7x.js:0
[    4228ms] [LOG] Player X: 0.00 Y: 6.00 Z: 5.00 @ http://localhost:3000/_next/static/chunks/0-ynv9eqilv7x.js:0
[    4231ms] [LOG] Player X: 0.00 Y: 6.00 Z: 5.00 @ http://localhost:3000/_next/static/chunks/0-ynv9eqilv7x.js:0
[    4235ms] [LOG] Player X: 0.00 Y: 6.00 Z: 5.00 @ http://localhost:3000/_next/static/chunks/0-ynv9eqilv7x.js:0
[    4238ms] [LOG] Player X: 0.00 Y: 6.00 Z: 5.00 @ http://localhost:3000/_next/static/chunks/0-ynv9eqilv7x.js:0
[    4241ms] [LOG] Player X: 0.00 Y: 6.00 Z: 5.00 @ http://localhost:3000/_next/static/chunks/0-ynv9eqilv7x.js:0
[    4245ms] [LOG] Player X: 0.00 Y: 6.00 Z: 5.00 @ http://localhost:3000/_next/static/chunks/0-ynv9eqilv7x.js:0
[    4248ms] [LOG] Player X: 0.00 Y: 6.00 Z: 5.00 @ http://localhost:3000/_next/static/chunks/0-ynv9eqilv7x.js:0
[    4251ms] [LOG] Player X: 0.00 Y: 6.00 Z: 5.00 @ http://localhost:3000/_next/static/chunks/0-ynv9eqilv7x.js:0
[    4255ms] [LOG] Player X: 0.00 Y: 6.00 Z: 5.00 @ http://localhost:3000/_next/static/chunks/0-ynv9eqilv7x.js:0
[    4258ms] [LOG] Player X: 0.00 Y: 6.00 Z: 5.00 @ http://localhost:3000/_next/static/chunks/0-ynv9eqilv7x.js:0
[    4261ms] [LOG] Player X: 0.00 Y: 6.00 Z: 5.00 @ http://localhost:3000/_next/static/chunks/0-ynv9eqilv7x.js:0
[    4265ms] [LOG] Player X: 0.00 Y: 6.00 Z: 5.00 @ http://localhost:3000/_next/static/chunks/0-ynv9eqilv7x.js:0
[    4268ms] [LOG] Player X: 0.00 Y: 6.00 Z: 5.00 @ http://localhost:3000/_next/static/chunks/0-ynv9eqilv7x.js:0
[    4271ms] [LOG] Player X: 0.00 Y: 6.00 Z: 5.00 @ http://localhost:3000/_next/static/chunks/0-ynv9eqilv7x.js:0
[    4275ms] [LOG] Player X: 0.00 Y: 6.00 Z: 5.00 @ http://localhost:3000/_next/static/chunks/0-ynv9eqilv7x.js:0
[    4278ms] [LOG] Player X: 0.00 Y: 6.00 Z: 5.00 @ http://localhost:3000/_next/static/chunks/0-ynv9eqilv7x.js:0
[    4281ms] [LOG] Player X: 0.00 Y: 6.00 Z: 5.00 @ http://localhost:3000/_next/static/chunks/0-ynv9eqilv7x.js:0
[    4285ms] [LOG] Player X: 0.00 Y: 6.00 Z: 5.00 @ http://localhost:3000/_next/static/chunks/0-ynv9eqilv7x.js:0
[    4288ms] [LOG] Player X: 0.00 Y: 6.00 Z: 5.00 @ http://localhost:3000/_next/static/chunks/0-ynv9eqilv7x.js:0
[    4291ms] [LOG] Player X: 0.00 Y: 6.00 Z: 5.00 @ http://localhost:3000/_next/static/chunks/0-ynv9eqilv7x.js:0
[    4295ms] [LOG] Player X: 0.00 Y: 6.00 Z: 5.00 @ http://localhost:3000/_next/static/chunks/0-ynv9eqilv7x.js:0
[    4298ms] [LOG] Player X: 0.00 Y: 6.00 Z: 5.00 @ http://localhost:3000/_next/static/chunks/0-ynv9eqilv7x.js:0
[    4301ms] [LOG] Player X: 0.00 Y: 6.00 Z: 5.00 @ http://localhost:3000/_next/static/chunks/0-ynv9eqilv7x.js:0
[    4305ms] [LOG] Player X: 0.00 Y: 6.00 Z: 5.00 @ http://localhost:3000/_next/static/chunks/0-ynv9eqilv7x.js:0
[    4308ms] [LOG] Player X: 0.00 Y: 6.00 Z: 5.00 @ http://localhost:3000/_next/static/chunks/0-ynv9eqilv7x.js:0
[    4311ms] [LOG] Player X: 0.00 Y: 6.00 Z: 5.00 @ http://localhost:3000/_next/static/chunks/0-ynv9eqilv7x.js:0
[    4315ms] [LOG] Player X: 0.00 Y: 6.00 Z: 5.00 @ http://localhost:3000/_next/static/chunks/0-ynv9eqilv7x.js:0
[    4318ms] [LOG] Player X: 0.00 Y: 6.00 Z: 5.00 @ http://localhost:3000/_next/static/chunks/0-ynv9eqilv7x.js:0
[    4321ms] [LOG] Player X: 0.00 Y: 6.00 Z: 5.00 @ http://localhost:3000/_next/static/chunks/0-ynv9eqilv7x.js:0
[    4325ms] [LOG] Player X: 0.00 Y: 6.00 Z: 5.00 @ http://localhost:3000/_next/static/chunks/0-ynv9eqilv7x.js:0
[    4328ms] [LOG] Player X: 0.00 Y: 6.00 Z: 5.00 @ http://localhost:3000/_next/static/chunks/0-ynv9eqilv7x.js:0
[    4331ms] [LOG] Player X: 0.00 Y: 6.00 Z: 5.00 @ http://localhost:3000/_next/static/chunks/0-ynv9eqilv7x.js:0
[    4334ms] [LOG] Player X: 0.00 Y: 6.00 Z: 5.00 @ http://localhost:3000/_next/static/chunks/0-ynv9eqilv7x.js:0
[    4338ms] [LOG] Player X: 0.00 Y: 6.00 Z: 5.00 @ http://localhost:3000/_next/static/chunks/0-ynv9eqilv7x.js:0
[    4341ms] [LOG] Player X: 0.00 Y: 6.00 Z: 5.00 @ http://localhost:3000/_next/static/chunks/0-ynv9eqilv7x.js:0
[    4345ms] [LOG] Player X: 0.00 Y: 6.00 Z: 5.00 @ http://localhost:3000/_next/static/chunks/0-ynv9eqilv7x.js:0
[    4348ms] [LOG] Player X: 0.00 Y: 6.00 Z: 5.00 @ http://localhost:3000/_next/static/chunks/0-ynv9eqilv7x.js:0
[    4351ms] [LOG] Player X: 0.00 Y: 6.00 Z: 5.00 @ http://localhost:3000/_next/static/chunks/0-ynv9eqilv7x.js:0
[    4355ms] [LOG] Player X: 0.00 Y: 6.00 Z: 5.00 @ http://localhost:3000/_next/static/chunks/0-ynv9eqilv7x.js:0
[    4358ms] [LOG] Player X: 0.00 Y: 6.00 Z: 5.00 @ http://localhost:3000/_next/static/chunks/0-ynv9eqilv7x.js:0
[    4361ms] [LOG] Player X: 0.00 Y: 6.00 Z: 5.00 @ http://localhost:3000/_next/static/chunks/0-ynv9eqilv7x.js:0
[    4364ms] [LOG] Player X: 0.00 Y: 6.00 Z: 5.00 @ http://localhost:3000/_next/static/chunks/0-ynv9eqilv7x.js:0
[    4368ms] [LOG] Player X: 0.00 Y: 6.00 Z: 5.00 @ http://localhost:3000/_next/static/chunks/0-ynv9eqilv7x.js:0
[    4371ms] [LOG] Player X: 0.00 Y: 6.00 Z: 5.00 @ http://localhost:3000/_next/static/chunks/0-ynv9eqilv7x.js:0
[    4375ms] [LOG] Player X: 0.00 Y: 6.00 Z: 5.00 @ http://localhost:3000/_next/static/chunks/0-ynv9eqilv7x.js:0
[    4378ms] [LOG] Player X: 0.00 Y: 6.00 Z: 5.00 @ http://localhost:3000/_next/static/chunks/0-ynv9eqilv7x.js:0
[    4381ms] [LOG] Player X: 0.00 Y: 6.00 Z: 5.00 @ http://localhost:3000/_next/static/chunks/0-ynv9eqilv7x.js:0
[    4384ms] [LOG] Player X: 0.00 Y: 6.00 Z: 5.00 @ http://localhost:3000/_next/static/chunks/0-ynv9eqilv7x.js:0
[    4388ms] [LOG] Player X: 0.00 Y: 6.00 Z: 5.00 @ http://localhost:3000/_next/static/chunks/0-ynv9eqilv7x.js:0
[    4391ms] [LOG] Player X: 0.00 Y: 6.00 Z: 5.00 @ http://localhost:3000/_next/static/chunks/0-ynv9eqilv7x.js:0
[    4395ms] [LOG] Player X: 0.00 Y: 6.00 Z: 5.00 @ http://localhost:3000/_next/static/chunks/0-ynv9eqilv7x.js:0
[    4398ms] [LOG] Player X: 0.00 Y: 6.00 Z: 5.00 @ http://localhost:3000/_next/static/chunks/0-ynv9eqilv7x.js:0
[    4401ms] [LOG] Player X: 0.00 Y: 6.00 Z: 5.00 @ http://localhost:3000/_next/static/chunks/0-ynv9eqilv7x.js:0
[    4405ms] [LOG] Player X: 0.00 Y: 6.00 Z: 5.00 @ http://localhost:3000/_next/static/chunks/0-ynv9eqilv7x.js:0
[    4408ms] [LOG] Player X: 0.00 Y: 6.00 Z: 5.00 @ http://localhost:3000/_next/static/chunks/0-ynv9eqilv7x.js:0
[    4411ms] [LOG] Player X: 0.00 Y: 6.00 Z: 5.00 @ http://localhost:3000/_next/static/chunks/0-ynv9eqilv7x.js:0
[    4414ms] [LOG] Player X: 0.00 Y: 6.00 Z: 5.00 @ http://localhost:3000/_next/static/chunks/0-ynv9eqilv7x.js:0
[    4418ms] [LOG] Player X: 0.00 Y: 6.00 Z: 5.00 @ http://localhost:3000/_next/static/chunks/0-ynv9eqilv7x.js:0
[    4421ms] [LOG] Player X: 0.00 Y: 6.00 Z: 5.00 @ http://localhost:3000/_next/static/chunks/0-ynv9eqilv7x.js:0
[    4425ms] [LOG] Player X: 0.00 Y: 6.00 Z: 5.00 @ http://localhost:3000/_next/static/chunks/0-ynv9eqilv7x.js:0
[    4428ms] [LOG] Player X: 0.00 Y: 6.00 Z: 5.00 @ http://localhost:3000/_next/static/chunks/0-ynv9eqilv7x.js:0
[    4431ms] [LOG] Player X: 0.00 Y: 6.00 Z: 5.00 @ http://localhost:3000/_next/static/chunks/0-ynv9eqilv7x.js:0
[    4434ms] [LOG] Player X: 0.00 Y: 6.00 Z: 5.00 @ http://localhost:3000/_next/static/chunks/0-ynv9eqilv7x.js:0
[    4438ms] [LOG] Player X: 0.00 Y: 6.00 Z: 5.00 @ http://localhost:3000/_next/static/chunks/0-ynv9eqilv7x.js:0
[    4441ms] [LOG] Player X: 0.00 Y: 6.00 Z: 5.00 @ http://localhost:3000/_next/static/chunks/0-ynv9eqilv7x.js:0
[    4444ms] [LOG] Player X: 0.00 Y: 6.00 Z: 5.00 @ http://localhost:3000/_next/static/chunks/0-ynv9eqilv7x.js:0
[    4448ms] [LOG] Player X: 0.00 Y: 6.00 Z: 5.00 @ http://localhost:3000/_next/static/chunks/0-ynv9eqilv7x.js:0
[    4451ms] [LOG] Player X: 0.00 Y: 6.00 Z: 5.00 @ http://localhost:3000/_next/static/chunks/0-ynv9eqilv7x.js:0
[    4454ms] [LOG] Player X: 0.00 Y: 6.00 Z: 5.00 @ http://localhost:3000/_next/static/chunks/0-ynv9eqilv7x.js:0
[    4458ms] [LOG] Player X: 0.00 Y: 6.00 Z: 5.00 @ http://localhost:3000/_next/static/chunks/0-ynv9eqilv7x.js:0
[    4461ms] [LOG] Player X: 0.00 Y: 6.00 Z: 5.00 @ http://localhost:3000/_next/static/chunks/0-ynv9eqilv7x.js:0
[    4464ms] [LOG] Player X: 0.00 Y: 6.00 Z: 5.00 @ http://localhost:3000/_next/static/chunks/0-ynv9eqilv7x.js:0
[    4468ms] [LOG] Player X: 0.00 Y: 6.00 Z: 5.00 @ http://localhost:3000/_next/static/chunks/0-ynv9eqilv7x.js:0
[    4471ms] [LOG] Player X: 0.00 Y: 6.00 Z: 5.00 @ http://localhost:3000/_next/static/chunks/0-ynv9eqilv7x.js:0
[    4474ms] [LOG] Player X: 0.00 Y: 6.00 Z: 5.00 @ http://localhost:3000/_next/static/chunks/0-ynv9eqilv7x.js:0
[    4478ms] [LOG] Player X: 0.00 Y: 6.00 Z: 5.00 @ http://localhost:3000/_next/static/chunks/0-ynv9eqilv7x.js:0
[    4481ms] [LOG] Player X: 0.00 Y: 6.00 Z: 5.00 @ http://localhost:3000/_next/static/chunks/0-ynv9eqilv7x.js:0
[    4484ms] [LOG] Player X: 0.00 Y: 6.00 Z: 5.00 @ http://localhost:3000/_next/static/chunks/0-ynv9eqilv7x.js:0
[    4488ms] [LOG] Player X: 0.00 Y: 6.00 Z: 5.00 @ http://localhost:3000/_next/static/chunks/0-ynv9eqilv7x.js:0
[    4491ms] [LOG] Player X: 0.00 Y: 6.00 Z: 5.00 @ http://localhost:3000/_next/static/chunks/0-ynv9eqilv7x.js:0
[    4495ms] [LOG] Player X: 0.00 Y: 6.00 Z: 5.00 @ http://localhost:3000/_next/static/chunks/0-ynv9eqilv7x.js:0
[    4498ms] [LOG] Player X: 0.00 Y: 6.00 Z: 5.00 @ http://localhost:3000/_next/static/chunks/0-ynv9eqilv7x.js:0
[    4501ms] [LOG] Player X: 0.00 Y: 6.00 Z: 5.00 @ http://localhost:3000/_next/static/chunks/0-ynv9eqilv7x.js:0
[    4505ms] [LOG] Player X: 0.00 Y: 6.00 Z: 5.00 @ http://localhost:3000/_next/static/chunks/0-ynv9eqilv7x.js:0
[    4508ms] [LOG] Player X: 0.00 Y: 6.00 Z: 5.00 @ http://localhost:3000/_next/static/chunks/0-ynv9eqilv7x.js:0
[    4511ms] [LOG] Player X: 0.00 Y: 6.00 Z: 5.00 @ http://localhost:3000/_next/static/chunks/0-ynv9eqilv7x.js:0
[    4515ms] [LOG] Player X: 0.00 Y: 6.00 Z: 5.00 @ http://localhost:3000/_next/static/chunks/0-ynv9eqilv7x.js:0
[    4518ms] [LOG] Player X: 0.00 Y: 6.00 Z: 5.00 @ http://localhost:3000/_next/static/chunks/0-ynv9eqilv7x.js:0
[    4521ms] [LOG] Player X: 0.00 Y: 6.00 Z: 5.00 @ http://localhost:3000/_next/static/chunks/0-ynv9eqilv7x.js:0
[    4525ms] [LOG] Player X: 0.00 Y: 6.00 Z: 5.00 @ http://localhost:3000/_next/static/chunks/0-ynv9eqilv7x.js:0
[    4528ms] [LOG] Player X: 0.00 Y: 6.00 Z: 5.00 @ http://localhost:3000/_next/static/chunks/0-ynv9eqilv7x.js:0
[    4531ms] [LOG] Player X: 0.00 Y: 6.00 Z: 5.00 @ http://localhost:3000/_next/static/chunks/0-ynv9eqilv7x.js:0
[    4535ms] [LOG] Player X: 0.00 Y: 6.00 Z: 5.00 @ http://localhost:3000/_next/static/chunks/0-ynv9eqilv7x.js:0
[    4538ms] [LOG] Player X: 0.00 Y: 6.00 Z: 5.00 @ http://localhost:3000/_next/static/chunks/0-ynv9eqilv7x.js:0
[    4541ms] [LOG] Player X: 0.00 Y: 6.00 Z: 5.00 @ http://localhost:3000/_next/static/chunks/0-ynv9eqilv7x.js:0
[    4545ms] [LOG] Player X: 0.00 Y: 6.00 Z: 5.00 @ http://localhost:3000/_next/static/chunks/0-ynv9eqilv7x.js:0
[    4548ms] [LOG] Player X: 0.00 Y: 6.00 Z: 5.00 @ http://localhost:3000/_next/static/chunks/0-ynv9eqilv7x.js:0
[    4551ms] [LOG] Player X: 0.00 Y: 6.00 Z: 5.00 @ http://localhost:3000/_next/static/chunks/0-ynv9eqilv7x.js:0
[    4555ms] [LOG] Player X: 0.00 Y: 6.00 Z: 5.00 @ http://localhost:3000/_next/static/chunks/0-ynv9eqilv7x.js:0
[    4558ms] [LOG] Player X: 0.00 Y: 6.00 Z: 5.00 @ http://localhost:3000/_next/static/chunks/0-ynv9eqilv7x.js:0
[    4561ms] [LOG] Player X: 0.00 Y: 6.00 Z: 5.00 @ http://localhost:3000/_next/static/chunks/0-ynv9eqilv7x.js:0
[    4565ms] [LOG] Player X: 0.00 Y: 6.00 Z: 5.00 @ http://localhost:3000/_next/static/chunks/0-ynv9eqilv7x.js:0
[    4568ms] [LOG] Player X: 0.00 Y: 6.00 Z: 5.00 @ http://localhost:3000/_next/static/chunks/0-ynv9eqilv7x.js:0
[    4571ms] [LOG] Player X: 0.00 Y: 6.00 Z: 5.00 @ http://localhost:3000/_next/static/chunks/0-ynv9eqilv7x.js:0
[    4575ms] [LOG] Player X: 0.00 Y: 6.00 Z: 5.00 @ http://localhost:3000/_next/static/chunks/0-ynv9eqilv7x.js:0
[    4578ms] [LOG] Player X: 0.00 Y: 6.00 Z: 5.00 @ http://localhost:3000/_next/static/chunks/0-ynv9eqilv7x.js:0
[    4581ms] [LOG] Player X: 0.00 Y: 6.00 Z: 5.00 @ http://localhost:3000/_next/static/chunks/0-ynv9eqilv7x.js:0
[    4585ms] [LOG] Player X: 0.00 Y: 6.00 Z: 5.00 @ http://localhost:3000/_next/static/chunks/0-ynv9eqilv7x.js:0
[    4588ms] [LOG] Player X: 0.00 Y: 6.00 Z: 5.00 @ http://localhost:3000/_next/static/chunks/0-ynv9eqilv7x.js:0
[    4591ms] [LOG] Player X: 0.00 Y: 6.00 Z: 5.00 @ http://localhost:3000/_next/static/chunks/0-ynv9eqilv7x.js:0
[    4595ms] [LOG] Player X: 0.00 Y: 6.00 Z: 5.00 @ http://localhost:3000/_next/static/chunks/0-ynv9eqilv7x.js:0
[    4598ms] [LOG] Player X: 0.00 Y: 6.00 Z: 5.00 @ http://localhost:3000/_next/static/chunks/0-ynv9eqilv7x.js:0
[    4601ms] [LOG] Player X: 0.00 Y: 6.00 Z: 5.00 @ http://localhost:3000/_next/static/chunks/0-ynv9eqilv7x.js:0
[    4605ms] [LOG] Player X: 0.00 Y: 6.00 Z: 5.00 @ http://localhost:3000/_next/static/chunks/0-ynv9eqilv7x.js:0
[    4608ms] [LOG] Player X: 0.00 Y: 6.00 Z: 5.00 @ http://localhost:3000/_next/static/chunks/0-ynv9eqilv7x.js:0
[    4611ms] [LOG] Player X: 0.00 Y: 6.00 Z: 5.00 @ http://localhost:3000/_next/static/chunks/0-ynv9eqilv7x.js:0
[    4615ms] [LOG] Player X: 0.00 Y: 6.00 Z: 5.00 @ http://localhost:3000/_next/static/chunks/0-ynv9eqilv7x.js:0
[    4618ms] [LOG] Player X: 0.00 Y: 6.00 Z: 5.00 @ http://localhost:3000/_next/static/chunks/0-ynv9eqilv7x.js:0
[    4621ms] [LOG] Player X: 0.00 Y: 6.00 Z: 5.00 @ http://localhost:3000/_next/static/chunks/0-ynv9eqilv7x.js:0
[    4625ms] [LOG] Player X: 0.00 Y: 6.00 Z: 5.00 @ http://localhost:3000/_next/static/chunks/0-ynv9eqilv7x.js:0
[    4628ms] [LOG] Player X: 0.00 Y: 6.00 Z: 5.00 @ http://localhost:3000/_next/static/chunks/0-ynv9eqilv7x.js:0
[    4631ms] [LOG] Player X: 0.00 Y: 6.00 Z: 5.00 @ http://localhost:3000/_next/static/chunks/0-ynv9eqilv7x.js:0
[    4635ms] [LOG] Player X: 0.00 Y: 6.00 Z: 5.00 @ http://localhost:3000/_next/static/chunks/0-ynv9eqilv7x.js:0
[    4638ms] [LOG] Player X: 0.00 Y: 6.00 Z: 5.00 @ http://localhost:3000/_next/static/chunks/0-ynv9eqilv7x.js:0
[    4641ms] [LOG] Player X: 0.00 Y: 6.00 Z: 5.00 @ http://localhost:3000/_next/static/chunks/0-ynv9eqilv7x.js:0
[    4644ms] [LOG] Player X: 0.00 Y: 6.00 Z: 5.00 @ http://localhost:3000/_next/static/chunks/0-ynv9eqilv7x.js:0
[    4648ms] [LOG] Player X: 0.00 Y: 6.00 Z: 5.00 @ http://localhost:3000/_next/static/chunks/0-ynv9eqilv7x.js:0
[    4651ms] [LOG] Player X: 0.00 Y: 6.00 Z: 5.00 @ http://localhost:3000/_next/static/chunks/0-ynv9eqilv7x.js:0
[    4655ms] [LOG] Player X: 0.00 Y: 6.00 Z: 5.00 @ http://localhost:3000/_next/static/chunks/0-ynv9eqilv7x.js:0
[    4658ms] [LOG] Player X: 0.00 Y: 6.00 Z: 5.00 @ http://localhost:3000/_next/static/chunks/0-ynv9eqilv7x.js:0
[    4661ms] [LOG] Player X: 0.00 Y: 6.00 Z: 5.00 @ http://localhost:3000/_next/static/chunks/0-ynv9eqilv7x.js:0
[    4664ms] [LOG] Player X: 0.00 Y: 6.00 Z: 5.00 @ http://localhost:3000/_next/static/chunks/0-ynv9eqilv7x.js:0
[    4668ms] [LOG] Player X: 0.00 Y: 6.00 Z: 5.00 @ http://localhost:3000/_next/static/chunks/0-ynv9eqilv7x.js:0
[    4671ms] [LOG] Player X: 0.00 Y: 6.00 Z: 5.00 @ http://localhost:3000/_next/static/chunks/0-ynv9eqilv7x.js:0
[    4674ms] [LOG] Player X: 0.00 Y: 6.00 Z: 5.00 @ http://localhost:3000/_next/static/chunks/0-ynv9eqilv7x.js:0
[    4678ms] [LOG] Player X: 0.00 Y: 6.00 Z: 5.00 @ http://localhost:3000/_next/static/chunks/0-ynv9eqilv7x.js:0
[    4681ms] [LOG] Player X: 0.00 Y: 6.00 Z: 5.00 @ http://localhost:3000/_next/static/chunks/0-ynv9eqilv7x.js:0
[    4684ms] [LOG] Player X: 0.00 Y: 6.00 Z: 5.00 @ http://localhost:3000/_next/static/chunks/0-ynv9eqilv7x.js:0
[    4688ms] [LOG] Player X: 0.00 Y: 6.00 Z: 5.00 @ http://localhost:3000/_next/static/chunks/0-ynv9eqilv7x.js:0
[    4691ms] [LOG] Player X: 0.00 Y: 6.00 Z: 5.00 @ http://localhost:3000/_next/static/chunks/0-ynv9eqilv7x.js:0
[    4695ms] [LOG] Player X: 0.00 Y: 6.00 Z: 5.00 @ http://localhost:3000/_next/static/chunks/0-ynv9eqilv7x.js:0
[    4698ms] [LOG] Player X: 0.00 Y: 6.00 Z: 5.00 @ http://localhost:3000/_next/static/chunks/0-ynv9eqilv7x.js:0
[    4701ms] [LOG] Player X: 0.00 Y: 6.00 Z: 5.00 @ http://localhost:3000/_next/static/chunks/0-ynv9eqilv7x.js:0
[    4705ms] [LOG] Player X: 0.00 Y: 6.00 Z: 5.00 @ http://localhost:3000/_next/static/chunks/0-ynv9eqilv7x.js:0
[    4708ms] [LOG] Player X: 0.00 Y: 6.00 Z: 5.00 @ http://localhost:3000/_next/static/chunks/0-ynv9eqilv7x.js:0
[    4711ms] [LOG] Player X: 0.00 Y: 6.00 Z: 5.00 @ http://localhost:3000/_next/static/chunks/0-ynv9eqilv7x.js:0
[    4714ms] [LOG] Player X: 0.00 Y: 6.00 Z: 5.00 @ http://localhost:3000/_next/static/chunks/0-ynv9eqilv7x.js:0
[    4718ms] [LOG] Player X: 0.00 Y: 6.00 Z: 5.00 @ http://localhost:3000/_next/static/chunks/0-ynv9eqilv7x.js:0
[    4721ms] [LOG] Player X: 0.00 Y: 6.00 Z: 5.00 @ http://localhost:3000/_next/static/chunks/0-ynv9eqilv7x.js:0
[    4724ms] [LOG] Player X: 0.00 Y: 6.00 Z: 5.00 @ http://localhost:3000/_next/static/chunks/0-ynv9eqilv7x.js:0
[    4728ms] [LOG] Player X: 0.00 Y: 6.00 Z: 5.00 @ http://localhost:3000/_next/static/chunks/0-ynv9eqilv7x.js:0
[    4731ms] [LOG] Player X: 0.00 Y: 6.00 Z: 5.00 @ http://localhost:3000/_next/static/chunks/0-ynv9eqilv7x.js:0
[    4734ms] [LOG] Player X: 0.00 Y: 6.00 Z: 5.00 @ http://localhost:3000/_next/static/chunks/0-ynv9eqilv7x.js:0
[    4738ms] [LOG] Player X: 0.00 Y: 6.00 Z: 5.00 @ http://localhost:3000/_next/static/chunks/0-ynv9eqilv7x.js:0
[    4741ms] [LOG] Player X: 0.00 Y: 6.00 Z: 5.00 @ http://localhost:3000/_next/static/chunks/0-ynv9eqilv7x.js:0
[    4744ms] [LOG] Player X: 0.00 Y: 6.00 Z: 5.00 @ http://localhost:3000/_next/static/chunks/0-ynv9eqilv7x.js:0
[    4748ms] [LOG] Player X: 0.00 Y: 6.00 Z: 5.00 @ http://localhost:3000/_next/static/chunks/0-ynv9eqilv7x.js:0
[    4751ms] [LOG] Player X: 0.00 Y: 6.00 Z: 5.00 @ http://localhost:3000/_next/static/chunks/0-ynv9eqilv7x.js:0
[    4755ms] [LOG] Player X: 0.00 Y: 6.00 Z: 5.00 @ http://localhost:3000/_next/static/chunks/0-ynv9eqilv7x.js:0
[    4758ms] [LOG] Player X: 0.00 Y: 6.00 Z: 5.00 @ http://localhost:3000/_next/static/chunks/0-ynv9eqilv7x.js:0
[    4761ms] [LOG] Player X: 0.00 Y: 6.00 Z: 5.00 @ http://localhost:3000/_next/static/chunks/0-ynv9eqilv7x.js:0
[    4765ms] [LOG] Player X: 0.00 Y: 6.00 Z: 5.00 @ http://localhost:3000/_next/static/chunks/0-ynv9eqilv7x.js:0
[    4768ms] [LOG] Player X: 0.00 Y: 6.00 Z: 5.00 @ http://localhost:3000/_next/static/chunks/0-ynv9eqilv7x.js:0
[    4771ms] [LOG] Player X: 0.00 Y: 6.00 Z: 5.00 @ http://localhost:3000/_next/static/chunks/0-ynv9eqilv7x.js:0
[    4774ms] [LOG] Player X: 0.00 Y: 6.00 Z: 5.00 @ http://localhost:3000/_next/static/chunks/0-ynv9eqilv7x.js:0
[    4778ms] [LOG] Player X: 0.00 Y: 6.00 Z: 5.00 @ http://localhost:3000/_next/static/chunks/0-ynv9eqilv7x.js:0
[    4781ms] [LOG] Player X: 0.00 Y: 6.00 Z: 5.00 @ http://localhost:3000/_next/static/chunks/0-ynv9eqilv7x.js:0
[    4785ms] [LOG] Player X: 0.00 Y: 6.00 Z: 5.00 @ http://localhost:3000/_next/static/chunks/0-ynv9eqilv7x.js:0
[    4788ms] [LOG] Player X: 0.00 Y: 6.00 Z: 5.00 @ http://localhost:3000/_next/static/chunks/0-ynv9eqilv7x.js:0
[    4791ms] [LOG] Player X: 0.00 Y: 6.00 Z: 5.00 @ http://localhost:3000/_next/static/chunks/0-ynv9eqilv7x.js:0
[    4795ms] [LOG] Player X: 0.00 Y: 6.00 Z: 5.00 @ http://localhost:3000/_next/static/chunks/0-ynv9eqilv7x.js:0
[    4798ms] [LOG] Player X: 0.00 Y: 6.00 Z: 5.00 @ http://localhost:3000/_next/static/chunks/0-ynv9eqilv7x.js:0
[    4801ms] [LOG] Player X: 0.00 Y: 6.00 Z: 5.00 @ http://localhost:3000/_next/static/chunks/0-ynv9eqilv7x.js:0
[    4804ms] [LOG] Player X: 0.00 Y: 6.00 Z: 5.00 @ http://localhost:3000/_next/static/chunks/0-ynv9eqilv7x.js:0
[    4808ms] [LOG] Player X: 0.00 Y: 6.00 Z: 5.00 @ http://localhost:3000/_next/static/chunks/0-ynv9eqilv7x.js:0
[    4811ms] [LOG] Player X: 0.00 Y: 6.00 Z: 5.00 @ http://localhost:3000/_next/static/chunks/0-ynv9eqilv7x.js:0
[    4815ms] [LOG] Player X: 0.00 Y: 6.00 Z: 5.00 @ http://localhost:3000/_next/static/chunks/0-ynv9eqilv7x.js:0
[    4818ms] [LOG] Player X: 0.00 Y: 6.00 Z: 5.00 @ http://localhost:3000/_next/static/chunks/0-ynv9eqilv7x.js:0
[    4821ms] [LOG] Player X: 0.00 Y: 6.00 Z: 5.00 @ http://localhost:3000/_next/static/chunks/0-ynv9eqilv7x.js:0
[    4825ms] [LOG] Player X: 0.00 Y: 6.00 Z: 5.00 @ http://localhost:3000/_next/static/chunks/0-ynv9eqilv7x.js:0
[    4828ms] [LOG] Player X: 0.00 Y: 6.00 Z: 5.00 @ http://localhost:3000/_next/static/chunks/0-ynv9eqilv7x.js:0
[    4831ms] [LOG] Player X: 0.00 Y: 6.00 Z: 5.00 @ http://localhost:3000/_next/static/chunks/0-ynv9eqilv7x.js:0
[    4834ms] [LOG] Player X: 0.00 Y: 6.00 Z: 5.00 @ http://localhost:3000/_next/static/chunks/0-ynv9eqilv7x.js:0
[    4838ms] [LOG] Player X: 0.00 Y: 6.00 Z: 5.00 @ http://localhost:3000/_next/static/chunks/0-ynv9eqilv7x.js:0
[    4841ms] [LOG] Player X: 0.00 Y: 6.00 Z: 5.00 @ http://localhost:3000/_next/static/chunks/0-ynv9eqilv7x.js:0
[    4845ms] [LOG] Player X: 0.00 Y: 6.00 Z: 5.00 @ http://localhost:3000/_next/static/chunks/0-ynv9eqilv7x.js:0
[    4849ms] [LOG] Player X: 0.00 Y: 6.00 Z: 5.00 @ http://localhost:3000/_next/static/chunks/0-ynv9eqilv7x.js:0
[    4855ms] [LOG] Player X: 0.00 Y: 6.00 Z: 5.00 @ http://localhost:3000/_next/static/chunks/0-ynv9eqilv7x.js:0
[    4858ms] [LOG] Player X: 0.00 Y: 6.00 Z: 5.00 @ http://localhost:3000/_next/static/chunks/0-ynv9eqilv7x.js:0
[    4860ms] [LOG] Player X: 0.00 Y: 6.00 Z: 5.00 @ http://localhost:3000/_next/static/chunks/0-ynv9eqilv7x.js:0
[    4862ms] [LOG] Player X: 0.00 Y: 6.00 Z: 5.00 @ http://localhost:3000/_next/static/chunks/0-ynv9eqilv7x.js:0
[    4865ms] [LOG] Player X: 0.00 Y: 6.00 Z: 5.00 @ http://localhost:3000/_next/static/chunks/0-ynv9eqilv7x.js:0
[    4868ms] [LOG] Player X: 0.00 Y: 6.00 Z: 5.00 @ http://localhost:3000/_next/static/chunks/0-ynv9eqilv7x.js:0
[    4873ms] [LOG] Player X: 0.00 Y: 6.00 Z: 5.00 @ http://localhost:3000/_next/static/chunks/0-ynv9eqilv7x.js:0
[    4875ms] [LOG] Player X: 0.00 Y: 6.00 Z: 5.00 @ http://localhost:3000/_next/static/chunks/0-ynv9eqilv7x.js:0
[    4878ms] [LOG] Player X: 0.00 Y: 6.00 Z: 5.00 @ http://localhost:3000/_next/static/chunks/0-ynv9eqilv7x.js:0
[    4881ms] [LOG] Player X: 0.00 Y: 6.00 Z: 5.00 @ http://localhost:3000/_next/static/chunks/0-ynv9eqilv7x.js:0
[    4885ms] [LOG] Player X: 0.00 Y: 6.00 Z: 5.00 @ http://localhost:3000/_next/static/chunks/0-ynv9eqilv7x.js:0
[    4888ms] [LOG] Player X: 0.00 Y: 6.00 Z: 5.00 @ http://localhost:3000/_next/static/chunks/0-ynv9eqilv7x.js:0
[    4891ms] [LOG] Player X: 0.00 Y: 6.00 Z: 5.00 @ http://localhost:3000/_next/static/chunks/0-ynv9eqilv7x.js:0
[    4895ms] [LOG] Player X: 0.00 Y: 6.00 Z: 5.00 @ http://localhost:3000/_next/static/chunks/0-ynv9eqilv7x.js:0
[    4898ms] [LOG] Player X: 0.00 Y: 6.00 Z: 5.00 @ http://localhost:3000/_next/static/chunks/0-ynv9eqilv7x.js:0
[    4901ms] [LOG] Player X: 0.00 Y: 6.00 Z: 5.00 @ http://localhost:3000/_next/static/chunks/0-ynv9eqilv7x.js:0
[    4904ms] [LOG] Player X: 0.00 Y: 6.00 Z: 5.00 @ http://localhost:3000/_next/static/chunks/0-ynv9eqilv7x.js:0
[    4908ms] [LOG] Player X: 0.00 Y: 6.00 Z: 5.00 @ http://localhost:3000/_next/static/chunks/0-ynv9eqilv7x.js:0
[    4911ms] [LOG] Player X: 0.00 Y: 6.00 Z: 5.00 @ http://localhost:3000/_next/static/chunks/0-ynv9eqilv7x.js:0
[    4915ms] [LOG] Player X: 0.00 Y: 6.00 Z: 5.00 @ http://localhost:3000/_next/static/chunks/0-ynv9eqilv7x.js:0
[    4918ms] [LOG] Player X: 0.00 Y: 6.00 Z: 5.00 @ http://localhost:3000/_next/static/chunks/0-ynv9eqilv7x.js:0
[    4921ms] [LOG] Player X: 0.00 Y: 6.00 Z: 5.00 @ http://localhost:3000/_next/static/chunks/0-ynv9eqilv7x.js:0
[    4925ms] [LOG] Player X: 0.00 Y: 6.00 Z: 5.00 @ http://localhost:3000/_next/static/chunks/0-ynv9eqilv7x.js:0
[    4928ms] [LOG] Player X: 0.00 Y: 6.00 Z: 5.00 @ http://localhost:3000/_next/static/chunks/0-ynv9eqilv7x.js:0
[    4931ms] [LOG] Player X: 0.00 Y: 6.00 Z: 5.00 @ http://localhost:3000/_next/static/chunks/0-ynv9eqilv7x.js:0
[    4934ms] [LOG] Player X: 0.00 Y: 6.00 Z: 5.00 @ http://localhost:3000/_next/static/chunks/0-ynv9eqilv7x.js:0
[    4938ms] [LOG] Player X: 0.00 Y: 6.00 Z: 5.00 @ http://localhost:3000/_next/static/chunks/0-ynv9eqilv7x.js:0
[    4941ms] [LOG] Player X: 0.00 Y: 6.00 Z: 5.00 @ http://localhost:3000/_next/static/chunks/0-ynv9eqilv7x.js:0
[    4944ms] [LOG] Player X: 0.00 Y: 6.00 Z: 5.00 @ http://localhost:3000/_next/static/chunks/0-ynv9eqilv7x.js:0
[    4948ms] [LOG] Player X: 0.00 Y: 6.00 Z: 5.00 @ http://localhost:3000/_next/static/chunks/0-ynv9eqilv7x.js:0
[    4951ms] [LOG] Player X: 0.00 Y: 6.00 Z: 5.00 @ http://localhost:3000/_next/static/chunks/0-ynv9eqilv7x.js:0
[    4954ms] [LOG] Player X: 0.00 Y: 6.00 Z: 5.00 @ http://localhost:3000/_next/static/chunks/0-ynv9eqilv7x.js:0
[    4958ms] [LOG] Player X: 0.00 Y: 6.00 Z: 5.00 @ http://localhost:3000/_next/static/chunks/0-ynv9eqilv7x.js:0
[    4961ms] [LOG] Player X: 0.00 Y: 6.00 Z: 5.00 @ http://localhost:3000/_next/static/chunks/0-ynv9eqilv7x.js:0
[    4964ms] [LOG] Player X: 0.00 Y: 6.00 Z: 5.00 @ http://localhost:3000/_next/static/chunks/0-ynv9eqilv7x.js:0
[    4968ms] [LOG] Player X: 0.00 Y: 6.00 Z: 5.00 @ http://localhost:3000/_next/static/chunks/0-ynv9eqilv7x.js:0
[    4971ms] [LOG] Player X: 0.00 Y: 6.00 Z: 5.00 @ http://localhost:3000/_next/static/chunks/0-ynv9eqilv7x.js:0
[    4974ms] [LOG] Player X: 0.00 Y: 6.00 Z: 5.00 @ http://localhost:3000/_next/static/chunks/0-ynv9eqilv7x.js:0
[    4978ms] [LOG] Player X: 0.00 Y: 6.00 Z: 5.00 @ http://localhost:3000/_next/static/chunks/0-ynv9eqilv7x.js:0
[    4981ms] [LOG] Player X: 0.00 Y: 6.00 Z: 5.00 @ http://localhost:3000/_next/static/chunks/0-ynv9eqilv7x.js:0
[    4984ms] [LOG] Player X: 0.00 Y: 6.00 Z: 5.00 @ http://localhost:3000/_next/static/chunks/0-ynv9eqilv7x.js:0
[    4988ms] [LOG] Player X: 0.00 Y: 6.00 Z: 5.00 @ http://localhost:3000/_next/static/chunks/0-ynv9eqilv7x.js:0
[    4991ms] [LOG] Player X: 0.00 Y: 6.00 Z: 5.00 @ http://localhost:3000/_next/static/chunks/0-ynv9eqilv7x.js:0
[    4994ms] [LOG] Player X: 0.00 Y: 6.00 Z: 5.00 @ http://localhost:3000/_next/static/chunks/0-ynv9eqilv7x.js:0
[    4998ms] [LOG] Player X: 0.00 Y: 6.00 Z: 5.00 @ http://localhost:3000/_next/static/chunks/0-ynv9eqilv7x.js:0
[    5001ms] [LOG] Player X: 0.00 Y: 6.00 Z: 5.00 @ http://localhost:3000/_next/static/chunks/0-ynv9eqilv7x.js:0
[    5004ms] [LOG] Player X: 0.00 Y: 6.00 Z: 5.00 @ http://localhost:3000/_next/static/chunks/0-ynv9eqilv7x.js:0
[    5008ms] [LOG] Player X: 0.00 Y: 6.00 Z: 5.00 @ http://localhost:3000/_next/static/chunks/0-ynv9eqilv7x.js:0
[    5011ms] [LOG] Player X: 0.00 Y: 6.00 Z: 5.00 @ http://localhost:3000/_next/static/chunks/0-ynv9eqilv7x.js:0
[    5014ms] [LOG] Player X: 0.00 Y: 6.00 Z: 5.00 @ http://localhost:3000/_next/static/chunks/0-ynv9eqilv7x.js:0
[    5018ms] [LOG] Player X: 0.00 Y: 6.00 Z: 5.00 @ http://localhost:3000/_next/static/chunks/0-ynv9eqilv7x.js:0
[    5021ms] [LOG] Player X: 0.00 Y: 6.00 Z: 5.00 @ http://localhost:3000/_next/static/chunks/0-ynv9eqilv7x.js:0
[    5024ms] [LOG] Player X: 0.00 Y: 6.00 Z: 5.00 @ http://localhost:3000/_next/static/chunks/0-ynv9eqilv7x.js:0
[    5028ms] [LOG] Player X: 0.00 Y: 6.00 Z: 5.00 @ http://localhost:3000/_next/static/chunks/0-ynv9eqilv7x.js:0
[    5031ms] [LOG] Player X: 0.00 Y: 6.00 Z: 5.00 @ http://localhost:3000/_next/static/chunks/0-ynv9eqilv7x.js:0
[    5035ms] [LOG] Player X: 0.00 Y: 6.00 Z: 5.00 @ http://localhost:3000/_next/static/chunks/0-ynv9eqilv7x.js:0
[    5038ms] [LOG] Player X: 0.00 Y: 6.00 Z: 5.00 @ http://localhost:3000/_next/static/chunks/0-ynv9eqilv7x.js:0
[    5041ms] [LOG] Player X: 0.00 Y: 6.00 Z: 5.00 @ http://localhost:3000/_next/static/chunks/0-ynv9eqilv7x.js:0
[    5044ms] [LOG] Player X: 0.00 Y: 6.00 Z: 5.00 @ http://localhost:3000/_next/static/chunks/0-ynv9eqilv7x.js:0
[    5048ms] [LOG] Player X: 0.00 Y: 6.00 Z: 5.00 @ http://localhost:3000/_next/static/chunks/0-ynv9eqilv7x.js:0
[    5051ms] [LOG] Player X: 0.00 Y: 6.00 Z: 5.00 @ http://localhost:3000/_next/static/chunks/0-ynv9eqilv7x.js:0
[    5054ms] [LOG] Player X: 0.00 Y: 6.00 Z: 5.00 @ http://localhost:3000/_next/static/chunks/0-ynv9eqilv7x.js:0
[    5058ms] [LOG] Player X: 0.00 Y: 6.00 Z: 5.00 @ http://localhost:3000/_next/static/chunks/0-ynv9eqilv7x.js:0
[    5061ms] [LOG] Player X: 0.00 Y: 6.00 Z: 5.00 @ http://localhost:3000/_next/static/chunks/0-ynv9eqilv7x.js:0
[    5064ms] [LOG] Player X: 0.00 Y: 6.00 Z: 5.00 @ http://localhost:3000/_next/static/chunks/0-ynv9eqilv7x.js:0
[    5068ms] [LOG] Player X: 0.00 Y: 6.00 Z: 5.00 @ http://localhost:3000/_next/static/chunks/0-ynv9eqilv7x.js:0
[    5071ms] [LOG] Player X: 0.00 Y: 6.00 Z: 5.00 @ http://localhost:3000/_next/static/chunks/0-ynv9eqilv7x.js:0
[    5074ms] [LOG] Player X: 0.00 Y: 6.00 Z: 5.00 @ http://localhost:3000/_next/static/chunks/0-ynv9eqilv7x.js:0
[    5078ms] [LOG] Player X: 0.00 Y: 6.00 Z: 5.00 @ http://localhost:3000/_next/static/chunks/0-ynv9eqilv7x.js:0
[    5081ms] [LOG] Player X: 0.00 Y: 6.00 Z: 5.00 @ http://localhost:3000/_next/static/chunks/0-ynv9eqilv7x.js:0
[    5084ms] [LOG] Player X: 0.00 Y: 6.00 Z: 5.00 @ http://localhost:3000/_next/static/chunks/0-ynv9eqilv7x.js:0
[    5088ms] [LOG] Player X: 0.00 Y: 6.00 Z: 5.00 @ http://localhost:3000/_next/static/chunks/0-ynv9eqilv7x.js:0
[    5091ms] [LOG] Player X: 0.00 Y: 6.00 Z: 5.00 @ http://localhost:3000/_next/static/chunks/0-ynv9eqilv7x.js:0
[    5095ms] [LOG] Player X: 0.00 Y: 6.00 Z: 5.00 @ http://localhost:3000/_next/static/chunks/0-ynv9eqilv7x.js:0
[    5098ms] [LOG] Player X: 0.00 Y: 6.00 Z: 5.00 @ http://localhost:3000/_next/static/chunks/0-ynv9eqilv7x.js:0
[    5101ms] [LOG] Player X: 0.00 Y: 6.00 Z: 5.00 @ http://localhost:3000/_next/static/chunks/0-ynv9eqilv7x.js:0
[    5104ms] [LOG] Player X: 0.00 Y: 6.00 Z: 5.00 @ http://localhost:3000/_next/static/chunks/0-ynv9eqilv7x.js:0
[    5108ms] [LOG] Player X: 0.00 Y: 6.00 Z: 5.00 @ http://localhost:3000/_next/static/chunks/0-ynv9eqilv7x.js:0
[    5111ms] [LOG] Player X: 0.00 Y: 6.00 Z: 5.00 @ http://localhost:3000/_next/static/chunks/0-ynv9eqilv7x.js:0
[    5114ms] [LOG] Player X: 0.00 Y: 6.00 Z: 5.00 @ http://localhost:3000/_next/static/chunks/0-ynv9eqilv7x.js:0
[    5118ms] [LOG] Player X: 0.00 Y: 6.00 Z: 5.00 @ http://localhost:3000/_next/static/chunks/0-ynv9eqilv7x.js:0
[    5121ms] [LOG] Player X: 0.00 Y: 6.00 Z: 5.00 @ http://localhost:3000/_next/static/chunks/0-ynv9eqilv7x.js:0
[    5125ms] [LOG] Player X: 0.00 Y: 6.00 Z: 5.00 @ http://localhost:3000/_next/static/chunks/0-ynv9eqilv7x.js:0
[    5128ms] [LOG] Player X: 0.00 Y: 6.00 Z: 5.00 @ http://localhost:3000/_next/static/chunks/0-ynv9eqilv7x.js:0
[    5131ms] [LOG] Player X: 0.00 Y: 6.00 Z: 5.00 @ http://localhost:3000/_next/static/chunks/0-ynv9eqilv7x.js:0
[    5134ms] [LOG] Player X: 0.00 Y: 6.00 Z: 5.00 @ http://localhost:3000/_next/static/chunks/0-ynv9eqilv7x.js:0
[    5138ms] [LOG] Player X: 0.00 Y: 6.00 Z: 5.00 @ http://localhost:3000/_next/static/chunks/0-ynv9eqilv7x.js:0
[    5141ms] [LOG] Player X: 0.00 Y: 6.00 Z: 5.00 @ http://localhost:3000/_next/static/chunks/0-ynv9eqilv7x.js:0
[    5144ms] [LOG] Player X: 0.00 Y: 6.00 Z: 5.00 @ http://localhost:3000/_next/static/chunks/0-ynv9eqilv7x.js:0
[    5148ms] [LOG] Player X: 0.00 Y: 6.00 Z: 5.00 @ http://localhost:3000/_next/static/chunks/0-ynv9eqilv7x.js:0
[    5151ms] [LOG] Player X: 0.00 Y: 6.00 Z: 5.00 @ http://localhost:3000/_next/static/chunks/0-ynv9eqilv7x.js:0
[    5154ms] [LOG] Player X: 0.00 Y: 6.00 Z: 5.00 @ http://localhost:3000/_next/static/chunks/0-ynv9eqilv7x.js:0
[    5158ms] [LOG] Player X: 0.00 Y: 6.00 Z: 5.00 @ http://localhost:3000/_next/static/chunks/0-ynv9eqilv7x.js:0
[    5161ms] [LOG] Player X: 0.00 Y: 6.00 Z: 5.00 @ http://localhost:3000/_next/static/chunks/0-ynv9eqilv7x.js:0
[    5164ms] [LOG] Player X: 0.00 Y: 6.00 Z: 5.00 @ http://localhost:3000/_next/static/chunks/0-ynv9eqilv7x.js:0
[    5168ms] [LOG] Player X: 0.00 Y: 6.00 Z: 5.00 @ http://localhost:3000/_next/static/chunks/0-ynv9eqilv7x.js:0
[    5171ms] [LOG] Player X: 0.00 Y: 6.00 Z: 5.00 @ http://localhost:3000/_next/static/chunks/0-ynv9eqilv7x.js:0
[    5174ms] [LOG] Player X: 0.00 Y: 6.00 Z: 5.00 @ http://localhost:3000/_next/static/chunks/0-ynv9eqilv7x.js:0
[    5178ms] [LOG] Player X: 0.00 Y: 6.00 Z: 5.00 @ http://localhost:3000/_next/static/chunks/0-ynv9eqilv7x.js:0
[    5181ms] [LOG] Player X: 0.00 Y: 6.00 Z: 5.00 @ http://localhost:3000/_next/static/chunks/0-ynv9eqilv7x.js:0
[    5184ms] [LOG] Player X: 0.00 Y: 6.00 Z: 5.00 @ http://localhost:3000/_next/static/chunks/0-ynv9eqilv7x.js:0
[    5188ms] [LOG] Player X: 0.00 Y: 6.00 Z: 5.00 @ http://localhost:3000/_next/static/chunks/0-ynv9eqilv7x.js:0
[    5191ms] [LOG] Player X: 0.00 Y: 6.00 Z: 5.00 @ http://localhost:3000/_next/static/chunks/0-ynv9eqilv7x.js:0
[    5194ms] [LOG] Player X: 0.00 Y: 6.00 Z: 5.00 @ http://localhost:3000/_next/static/chunks/0-ynv9eqilv7x.js:0
[    5198ms] [LOG] Player X: 0.00 Y: 6.00 Z: 5.00 @ http://localhost:3000/_next/static/chunks/0-ynv9eqilv7x.js:0
[    5201ms] [LOG] Player X: 0.00 Y: 6.00 Z: 5.00 @ http://localhost:3000/_next/static/chunks/0-ynv9eqilv7x.js:0
[    5204ms] [LOG] Player X: 0.00 Y: 6.00 Z: 5.00 @ http://localhost:3000/_next/static/chunks/0-ynv9eqilv7x.js:0
[    5208ms] [LOG] Player X: 0.00 Y: 6.00 Z: 5.00 @ http://localhost:3000/_next/static/chunks/0-ynv9eqilv7x.js:0
[    5211ms] [LOG] Player X: 0.00 Y: 6.00 Z: 5.00 @ http://localhost:3000/_next/static/chunks/0-ynv9eqilv7x.js:0
[    5214ms] [LOG] Player X: 0.00 Y: 6.00 Z: 5.00 @ http://localhost:3000/_next/static/chunks/0-ynv9eqilv7x.js:0
[    5218ms] [LOG] Player X: 0.00 Y: 6.00 Z: 5.00 @ http://localhost:3000/_next/static/chunks/0-ynv9eqilv7x.js:0
[    5221ms] [LOG] Player X: 0.00 Y: 6.00 Z: 5.00 @ http://localhost:3000/_next/static/chunks/0-ynv9eqilv7x.js:0
[    5224ms] [LOG] Player X: 0.00 Y: 6.00 Z: 5.00 @ http://localhost:3000/_next/static/chunks/0-ynv9eqilv7x.js:0
[    5228ms] [LOG] Player X: 0.00 Y: 6.00 Z: 5.00 @ http://localhost:3000/_next/static/chunks/0-ynv9eqilv7x.js:0
[    5231ms] [LOG] Player X: 0.00 Y: 6.00 Z: 5.00 @ http://localhost:3000/_next/static/chunks/0-ynv9eqilv7x.js:0
[    5235ms] [LOG] Player X: 0.00 Y: 6.00 Z: 5.00 @ http://localhost:3000/_next/static/chunks/0-ynv9eqilv7x.js:0
[    5238ms] [LOG] Player X: 0.00 Y: 6.00 Z: 5.00 @ http://localhost:3000/_next/static/chunks/0-ynv9eqilv7x.js:0
[    5241ms] [LOG] Player X: 0.00 Y: 6.00 Z: 5.00 @ http://localhost:3000/_next/static/chunks/0-ynv9eqilv7x.js:0
[    5244ms] [LOG] Player X: 0.00 Y: 6.00 Z: 5.00 @ http://localhost:3000/_next/static/chunks/0-ynv9eqilv7x.js:0
[    5248ms] [LOG] Player X: 0.00 Y: 6.00 Z: 5.00 @ http://localhost:3000/_next/static/chunks/0-ynv9eqilv7x.js:0
[    5251ms] [LOG] Player X: 0.00 Y: 6.00 Z: 5.00 @ http://localhost:3000/_next/static/chunks/0-ynv9eqilv7x.js:0
[    5255ms] [LOG] Player X: 0.00 Y: 6.00 Z: 5.00 @ http://localhost:3000/_next/static/chunks/0-ynv9eqilv7x.js:0
[    5258ms] [LOG] Player X: 0.00 Y: 6.00 Z: 5.00 @ http://localhost:3000/_next/static/chunks/0-ynv9eqilv7x.js:0
[    5261ms] [LOG] Player X: 0.00 Y: 6.00 Z: 5.00 @ http://localhost:3000/_next/static/chunks/0-ynv9eqilv7x.js:0
[    5264ms] [LOG] Player X: 0.00 Y: 6.00 Z: 5.00 @ http://localhost:3000/_next/static/chunks/0-ynv9eqilv7x.js:0
[    5268ms] [LOG] Player X: 0.00 Y: 6.00 Z: 5.00 @ http://localhost:3000/_next/static/chunks/0-ynv9eqilv7x.js:0
[    5271ms] [LOG] Player X: 0.00 Y: 6.00 Z: 5.00 @ http://localhost:3000/_next/static/chunks/0-ynv9eqilv7x.js:0
[    5274ms] [LOG] Player X: 0.00 Y: 6.00 Z: 5.00 @ http://localhost:3000/_next/static/chunks/0-ynv9eqilv7x.js:0
[    5278ms] [LOG] Player X: 0.00 Y: 6.00 Z: 5.00 @ http://localhost:3000/_next/static/chunks/0-ynv9eqilv7x.js:0
[    5281ms] [LOG] Player X: 0.00 Y: 6.00 Z: 5.00 @ http://localhost:3000/_next/static/chunks/0-ynv9eqilv7x.js:0
[    5284ms] [LOG] Player X: 0.00 Y: 6.00 Z: 5.00 @ http://localhost:3000/_next/static/chunks/0-ynv9eqilv7x.js:0
[    5288ms] [LOG] Player X: 0.00 Y: 6.00 Z: 5.00 @ http://localhost:3000/_next/static/chunks/0-ynv9eqilv7x.js:0
[    5291ms] [LOG] Player X: 0.00 Y: 6.00 Z: 5.00 @ http://localhost:3000/_next/static/chunks/0-ynv9eqilv7x.js:0
[    5295ms] [LOG] Player X: 0.00 Y: 6.00 Z: 5.00 @ http://localhost:3000/_next/static/chunks/0-ynv9eqilv7x.js:0
[    5298ms] [LOG] Player X: 0.00 Y: 6.00 Z: 5.00 @ http://localhost:3000/_next/static/chunks/0-ynv9eqilv7x.js:0
[    5301ms] [LOG] Player X: 0.00 Y: 6.00 Z: 5.00 @ http://localhost:3000/_next/static/chunks/0-ynv9eqilv7x.js:0
[    5304ms] [LOG] Player X: 0.00 Y: 6.00 Z: 5.00 @ http://localhost:3000/_next/static/chunks/0-ynv9eqilv7x.js:0
[    5308ms] [LOG] Player X: 0.00 Y: 6.00 Z: 5.00 @ http://localhost:3000/_next/static/chunks/0-ynv9eqilv7x.js:0
[    5311ms] [LOG] Player X: 0.00 Y: 6.00 Z: 5.00 @ http://localhost:3000/_next/static/chunks/0-ynv9eqilv7x.js:0
[    5315ms] [LOG] Player X: 0.00 Y: 6.00 Z: 5.00 @ http://localhost:3000/_next/static/chunks/0-ynv9eqilv7x.js:0
[    5318ms] [LOG] Player X: 0.00 Y: 6.00 Z: 5.00 @ http://localhost:3000/_next/static/chunks/0-ynv9eqilv7x.js:0
[    5321ms] [LOG] Player X: 0.00 Y: 6.00 Z: 5.00 @ http://localhost:3000/_next/static/chunks/0-ynv9eqilv7x.js:0
[    5324ms] [LOG] Player X: 0.00 Y: 6.00 Z: 5.00 @ http://localhost:3000/_next/static/chunks/0-ynv9eqilv7x.js:0
[    5328ms] [LOG] Player X: 0.00 Y: 6.00 Z: 5.00 @ http://localhost:3000/_next/static/chunks/0-ynv9eqilv7x.js:0
[    5331ms] [LOG] Player X: 0.00 Y: 6.00 Z: 5.00 @ http://localhost:3000/_next/static/chunks/0-ynv9eqilv7x.js:0
[    5335ms] [LOG] Player X: 0.00 Y: 6.00 Z: 5.00 @ http://localhost:3000/_next/static/chunks/0-ynv9eqilv7x.js:0
[    5338ms] [LOG] Player X: 0.00 Y: 6.00 Z: 5.00 @ http://localhost:3000/_next/static/chunks/0-ynv9eqilv7x.js:0
[    5341ms] [LOG] Player X: 0.00 Y: 6.00 Z: 5.00 @ http://localhost:3000/_next/static/chunks/0-ynv9eqilv7x.js:0
[    5344ms] [LOG] Player X: 0.00 Y: 6.00 Z: 5.00 @ http://localhost:3000/_next/static/chunks/0-ynv9eqilv7x.js:0
[    5348ms] [LOG] Player X: 0.00 Y: 6.00 Z: 5.00 @ http://localhost:3000/_next/static/chunks/0-ynv9eqilv7x.js:0
[    5351ms] [LOG] Player X: 0.00 Y: 6.00 Z: 5.00 @ http://localhost:3000/_next/static/chunks/0-ynv9eqilv7x.js:0
[    5354ms] [LOG] Player X: 0.00 Y: 6.00 Z: 5.00 @ http://localhost:3000/_next/static/chunks/0-ynv9eqilv7x.js:0
[    5358ms] [LOG] Player X: 0.00 Y: 6.00 Z: 5.00 @ http://localhost:3000/_next/static/chunks/0-ynv9eqilv7x.js:0
[    5361ms] [LOG] Player X: 0.00 Y: 6.00 Z: 5.00 @ http://localhost:3000/_next/static/chunks/0-ynv9eqilv7x.js:0
[    5365ms] [LOG] Player X: 0.00 Y: 6.00 Z: 5.00 @ http://localhost:3000/_next/static/chunks/0-ynv9eqilv7x.js:0
[    5368ms] [LOG] Player X: 0.00 Y: 6.00 Z: 5.00 @ http://localhost:3000/_next/static/chunks/0-ynv9eqilv7x.js:0
[    5371ms] [LOG] Player X: 0.00 Y: 6.00 Z: 5.00 @ http://localhost:3000/_next/static/chunks/0-ynv9eqilv7x.js:0
[    5375ms] [LOG] Player X: 0.00 Y: 6.00 Z: 5.00 @ http://localhost:3000/_next/static/chunks/0-ynv9eqilv7x.js:0
[    5378ms] [LOG] Player X: 0.00 Y: 6.00 Z: 5.00 @ http://localhost:3000/_next/static/chunks/0-ynv9eqilv7x.js:0
[    5381ms] [LOG] Player X: 0.00 Y: 6.00 Z: 5.00 @ http://localhost:3000/_next/static/chunks/0-ynv9eqilv7x.js:0
[    5385ms] [LOG] Player X: 0.00 Y: 6.00 Z: 5.00 @ http://localhost:3000/_next/static/chunks/0-ynv9eqilv7x.js:0
[    5388ms] [LOG] Player X: 0.00 Y: 6.00 Z: 5.00 @ http://localhost:3000/_next/static/chunks/0-ynv9eqilv7x.js:0
[    5392ms] [LOG] Player X: 0.00 Y: 6.00 Z: 5.00 @ http://localhost:3000/_next/static/chunks/0-ynv9eqilv7x.js:0
[    5395ms] [LOG] Player X: 0.00 Y: 6.00 Z: 5.00 @ http://localhost:3000/_next/static/chunks/0-ynv9eqilv7x.js:0
[    5399ms] [LOG] Player X: 0.00 Y: 6.00 Z: 5.00 @ http://localhost:3000/_next/static/chunks/0-ynv9eqilv7x.js:0
[    5402ms] [LOG] Player X: 0.00 Y: 6.00 Z: 5.00 @ http://localhost:3000/_next/static/chunks/0-ynv9eqilv7x.js:0
[    5405ms] [LOG] Player X: 0.00 Y: 6.00 Z: 5.00 @ http://localhost:3000/_next/static/chunks/0-ynv9eqilv7x.js:0
[    5408ms] [LOG] Player X: 0.00 Y: 6.00 Z: 5.00 @ http://localhost:3000/_next/static/chunks/0-ynv9eqilv7x.js:0
[    5411ms] [LOG] Player X: 0.00 Y: 6.00 Z: 5.00 @ http://localhost:3000/_next/static/chunks/0-ynv9eqilv7x.js:0
[    5415ms] [LOG] Player X: 0.00 Y: 6.00 Z: 5.00 @ http://localhost:3000/_next/static/chunks/0-ynv9eqilv7x.js:0
[    5418ms] [LOG] Player X: 0.00 Y: 6.00 Z: 5.00 @ http://localhost:3000/_next/static/chunks/0-ynv9eqilv7x.js:0
[    5422ms] [LOG] Player X: 0.00 Y: 6.00 Z: 5.00 @ http://localhost:3000/_next/static/chunks/0-ynv9eqilv7x.js:0
[    5425ms] [LOG] Player X: 0.00 Y: 6.00 Z: 5.00 @ http://localhost:3000/_next/static/chunks/0-ynv9eqilv7x.js:0
[    5428ms] [LOG] Player X: 0.00 Y: 6.00 Z: 5.00 @ http://localhost:3000/_next/static/chunks/0-ynv9eqilv7x.js:0
[    5431ms] [LOG] Player X: 0.00 Y: 6.00 Z: 5.00 @ http://localhost:3000/_next/static/chunks/0-ynv9eqilv7x.js:0
[    5435ms] [LOG] Player X: 0.00 Y: 6.00 Z: 5.00 @ http://localhost:3000/_next/static/chunks/0-ynv9eqilv7x.js:0
[    5438ms] [LOG] Player X: 0.00 Y: 6.00 Z: 5.00 @ http://localhost:3000/_next/static/chunks/0-ynv9eqilv7x.js:0
[    5441ms] [LOG] Player X: 0.00 Y: 6.00 Z: 5.00 @ http://localhost:3000/_next/static/chunks/0-ynv9eqilv7x.js:0
[    5445ms] [LOG] Player X: 0.00 Y: 6.00 Z: 5.00 @ http://localhost:3000/_next/static/chunks/0-ynv9eqilv7x.js:0
[    5448ms] [LOG] Player X: 0.00 Y: 6.00 Z: 5.00 @ http://localhost:3000/_next/static/chunks/0-ynv9eqilv7x.js:0
[    5452ms] [LOG] Player X: 0.00 Y: 6.00 Z: 5.00 @ http://localhost:3000/_next/static/chunks/0-ynv9eqilv7x.js:0
[    5455ms] [LOG] Player X: 0.00 Y: 6.00 Z: 5.00 @ http://localhost:3000/_next/static/chunks/0-ynv9eqilv7x.js:0
[    5458ms] [LOG] Player X: 0.00 Y: 6.00 Z: 5.00 @ http://localhost:3000/_next/static/chunks/0-ynv9eqilv7x.js:0
[    5461ms] [LOG] Player X: 0.00 Y: 6.00 Z: 5.00 @ http://localhost:3000/_next/static/chunks/0-ynv9eqilv7x.js:0
[    5465ms] [LOG] Player X: 0.00 Y: 6.00 Z: 5.00 @ http://localhost:3000/_next/static/chunks/0-ynv9eqilv7x.js:0
[    5468ms] [LOG] Player X: 0.00 Y: 6.00 Z: 5.00 @ http://localhost:3000/_next/static/chunks/0-ynv9eqilv7x.js:0
[    5472ms] [LOG] Player X: 0.00 Y: 6.00 Z: 5.00 @ http://localhost:3000/_next/static/chunks/0-ynv9eqilv7x.js:0
[    5475ms] [LOG] Player X: 0.00 Y: 6.00 Z: 5.00 @ http://localhost:3000/_next/static/chunks/0-ynv9eqilv7x.js:0
[    5478ms] [LOG] Player X: 0.00 Y: 6.00 Z: 5.00 @ http://localhost:3000/_next/static/chunks/0-ynv9eqilv7x.js:0
[    5481ms] [LOG] Player X: 0.00 Y: 6.00 Z: 5.00 @ http://localhost:3000/_next/static/chunks/0-ynv9eqilv7x.js:0
[    5485ms] [LOG] Player X: 0.00 Y: 6.00 Z: 5.00 @ http://localhost:3000/_next/static/chunks/0-ynv9eqilv7x.js:0
[    5488ms] [LOG] Player X: 0.00 Y: 6.00 Z: 5.00 @ http://localhost:3000/_next/static/chunks/0-ynv9eqilv7x.js:0
[    5491ms] [LOG] Player X: 0.00 Y: 6.00 Z: 5.00 @ http://localhost:3000/_next/static/chunks/0-ynv9eqilv7x.js:0
[    5495ms] [LOG] Player X: 0.00 Y: 6.00 Z: 5.00 @ http://localhost:3000/_next/static/chunks/0-ynv9eqilv7x.js:0
[    5498ms] [LOG] Player X: 0.00 Y: 6.00 Z: 5.00 @ http://localhost:3000/_next/static/chunks/0-ynv9eqilv7x.js:0
[    5501ms] [LOG] Player X: 0.00 Y: 6.00 Z: 5.00 @ http://localhost:3000/_next/static/chunks/0-ynv9eqilv7x.js:0
[    5505ms] [LOG] Player X: 0.00 Y: 6.00 Z: 5.00 @ http://localhost:3000/_next/static/chunks/0-ynv9eqilv7x.js:0
[    5508ms] [LOG] Player X: 0.00 Y: 6.00 Z: 5.00 @ http://localhost:3000/_next/static/chunks/0-ynv9eqilv7x.js:0
[    5511ms] [LOG] Player X: 0.00 Y: 6.00 Z: 5.00 @ http://localhost:3000/_next/static/chunks/0-ynv9eqilv7x.js:0
[    5515ms] [LOG] Player X: 0.00 Y: 6.00 Z: 5.00 @ http://localhost:3000/_next/static/chunks/0-ynv9eqilv7x.js:0
[    5518ms] [LOG] Player X: 0.00 Y: 6.00 Z: 5.00 @ http://localhost:3000/_next/static/chunks/0-ynv9eqilv7x.js:0
[    5521ms] [LOG] Player X: 0.00 Y: 6.00 Z: 5.00 @ http://localhost:3000/_next/static/chunks/0-ynv9eqilv7x.js:0
[    5525ms] [LOG] Player X: 0.00 Y: 6.00 Z: 5.00 @ http://localhost:3000/_next/static/chunks/0-ynv9eqilv7x.js:0
[    5528ms] [LOG] Player X: 0.00 Y: 6.00 Z: 5.00 @ http://localhost:3000/_next/static/chunks/0-ynv9eqilv7x.js:0
[    5531ms] [LOG] Player X: 0.00 Y: 6.00 Z: 5.00 @ http://localhost:3000/_next/static/chunks/0-ynv9eqilv7x.js:0
[    5535ms] [LOG] Player X: 0.00 Y: 6.00 Z: 5.00 @ http://localhost:3000/_next/static/chunks/0-ynv9eqilv7x.js:0
[    5538ms] [LOG] Player X: 0.00 Y: 6.00 Z: 5.00 @ http://localhost:3000/_next/static/chunks/0-ynv9eqilv7x.js:0
[    5541ms] [LOG] Player X: 0.00 Y: 6.00 Z: 5.00 @ http://localhost:3000/_next/static/chunks/0-ynv9eqilv7x.js:0
[    5545ms] [LOG] Player X: 0.00 Y: 6.00 Z: 5.00 @ http://localhost:3000/_next/static/chunks/0-ynv9eqilv7x.js:0
[    5548ms] [LOG] Player X: 0.00 Y: 6.00 Z: 5.00 @ http://localhost:3000/_next/static/chunks/0-ynv9eqilv7x.js:0
[    5551ms] [LOG] Player X: 0.00 Y: 6.00 Z: 5.00 @ http://localhost:3000/_next/static/chunks/0-ynv9eqilv7x.js:0
[    5555ms] [LOG] Player X: 0.00 Y: 6.00 Z: 5.00 @ http://localhost:3000/_next/static/chunks/0-ynv9eqilv7x.js:0
[    5558ms] [LOG] Player X: 0.00 Y: 6.00 Z: 5.00 @ http://localhost:3000/_next/static/chunks/0-ynv9eqilv7x.js:0
[    5561ms] [LOG] Player X: 0.00 Y: 6.00 Z: 5.00 @ http://localhost:3000/_next/static/chunks/0-ynv9eqilv7x.js:0
[    5565ms] [LOG] Player X: 0.00 Y: 6.00 Z: 5.00 @ http://localhost:3000/_next/static/chunks/0-ynv9eqilv7x.js:0
[    5568ms] [LOG] Player X: 0.00 Y: 6.00 Z: 5.00 @ http://localhost:3000/_next/static/chunks/0-ynv9eqilv7x.js:0
[    5571ms] [LOG] Player X: 0.00 Y: 6.00 Z: 5.00 @ http://localhost:3000/_next/static/chunks/0-ynv9eqilv7x.js:0
[    5575ms] [LOG] Player X: 0.00 Y: 6.00 Z: 5.00 @ http://localhost:3000/_next/static/chunks/0-ynv9eqilv7x.js:0
[    5578ms] [LOG] Player X: 0.00 Y: 6.00 Z: 5.00 @ http://localhost:3000/_next/static/chunks/0-ynv9eqilv7x.js:0
[    5581ms] [LOG] Player X: 0.00 Y: 6.00 Z: 5.00 @ http://localhost:3000/_next/static/chunks/0-ynv9eqilv7x.js:0
[    5584ms] [LOG] Player X: 0.00 Y: 6.00 Z: 5.00 @ http://localhost:3000/_next/static/chunks/0-ynv9eqilv7x.js:0
[    5588ms] [LOG] Player X: 0.00 Y: 6.00 Z: 5.00 @ http://localhost:3000/_next/static/chunks/0-ynv9eqilv7x.js:0
[    5591ms] [LOG] Player X: 0.00 Y: 6.00 Z: 5.00 @ http://localhost:3000/_next/static/chunks/0-ynv9eqilv7x.js:0
[    5594ms] [LOG] Player X: 0.00 Y: 6.00 Z: 5.00 @ http://localhost:3000/_next/static/chunks/0-ynv9eqilv7x.js:0
[    5598ms] [LOG] Player X: 0.00 Y: 6.00 Z: 5.00 @ http://localhost:3000/_next/static/chunks/0-ynv9eqilv7x.js:0
[    5601ms] [LOG] Player X: 0.00 Y: 6.00 Z: 5.00 @ http://localhost:3000/_next/static/chunks/0-ynv9eqilv7x.js:0
[    5604ms] [LOG] Player X: 0.00 Y: 6.00 Z: 5.00 @ http://localhost:3000/_next/static/chunks/0-ynv9eqilv7x.js:0
[    5608ms] [LOG] Player X: 0.00 Y: 6.00 Z: 5.00 @ http://localhost:3000/_next/static/chunks/0-ynv9eqilv7x.js:0
[    5611ms] [LOG] Player X: 0.00 Y: 6.00 Z: 5.00 @ http://localhost:3000/_next/static/chunks/0-ynv9eqilv7x.js:0
[    5614ms] [LOG] Player X: 0.00 Y: 6.00 Z: 5.00 @ http://localhost:3000/_next/static/chunks/0-ynv9eqilv7x.js:0
[    5618ms] [LOG] Player X: 0.00 Y: 6.00 Z: 5.00 @ http://localhost:3000/_next/static/chunks/0-ynv9eqilv7x.js:0
[    5621ms] [LOG] Player X: 0.00 Y: 6.00 Z: 5.00 @ http://localhost:3000/_next/static/chunks/0-ynv9eqilv7x.js:0
[    5624ms] [LOG] Player X: 0.00 Y: 6.00 Z: 5.00 @ http://localhost:3000/_next/static/chunks/0-ynv9eqilv7x.js:0
[    5628ms] [LOG] Player X: 0.00 Y: 6.00 Z: 5.00 @ http://localhost:3000/_next/static/chunks/0-ynv9eqilv7x.js:0
[    5631ms] [LOG] Player X: 0.00 Y: 6.00 Z: 5.00 @ http://localhost:3000/_next/static/chunks/0-ynv9eqilv7x.js:0
[    5635ms] [LOG] Player X: 0.00 Y: 6.00 Z: 5.00 @ http://localhost:3000/_next/static/chunks/0-ynv9eqilv7x.js:0
[    5638ms] [LOG] Player X: 0.00 Y: 6.00 Z: 5.00 @ http://localhost:3000/_next/static/chunks/0-ynv9eqilv7x.js:0
[    5641ms] [LOG] Player X: 0.00 Y: 6.00 Z: 5.00 @ http://localhost:3000/_next/static/chunks/0-ynv9eqilv7x.js:0
[    5645ms] [LOG] Player X: 0.00 Y: 6.00 Z: 5.00 @ http://localhost:3000/_next/static/chunks/0-ynv9eqilv7x.js:0
[    5648ms] [LOG] Player X: 0.00 Y: 6.00 Z: 5.00 @ http://localhost:3000/_next/static/chunks/0-ynv9eqilv7x.js:0
[    5651ms] [LOG] Player X: 0.00 Y: 6.00 Z: 5.00 @ http://localhost:3000/_next/static/chunks/0-ynv9eqilv7x.js:0
[    5655ms] [LOG] Player X: 0.00 Y: 6.00 Z: 5.00 @ http://localhost:3000/_next/static/chunks/0-ynv9eqilv7x.js:0
[    5659ms] [LOG] Player X: 0.00 Y: 6.00 Z: 5.00 @ http://localhost:3000/_next/static/chunks/0-ynv9eqilv7x.js:0
[    5661ms] [LOG] Player X: 0.00 Y: 6.00 Z: 5.00 @ http://localhost:3000/_next/static/chunks/0-ynv9eqilv7x.js:0
[    5665ms] [LOG] Player X: 0.00 Y: 6.00 Z: 5.00 @ http://localhost:3000/_next/static/chunks/0-ynv9eqilv7x.js:0
[    5668ms] [LOG] Player X: 0.00 Y: 6.00 Z: 5.00 @ http://localhost:3000/_next/static/chunks/0-ynv9eqilv7x.js:0
[    5671ms] [LOG] Player X: 0.00 Y: 6.00 Z: 5.00 @ http://localhost:3000/_next/static/chunks/0-ynv9eqilv7x.js:0
[    5675ms] [LOG] Player X: 0.00 Y: 6.00 Z: 5.00 @ http://localhost:3000/_next/static/chunks/0-ynv9eqilv7x.js:0
[    5678ms] [LOG] Player X: 0.00 Y: 6.00 Z: 5.00 @ http://localhost:3000/_next/static/chunks/0-ynv9eqilv7x.js:0
[    5681ms] [LOG] Player X: 0.00 Y: 6.00 Z: 5.00 @ http://localhost:3000/_next/static/chunks/0-ynv9eqilv7x.js:0
[    5685ms] [LOG] Player X: 0.00 Y: 6.00 Z: 5.00 @ http://localhost:3000/_next/static/chunks/0-ynv9eqilv7x.js:0
[    5688ms] [LOG] Player X: 0.00 Y: 6.00 Z: 5.00 @ http://localhost:3000/_next/static/chunks/0-ynv9eqilv7x.js:0
[    5692ms] [LOG] Player X: 0.00 Y: 6.00 Z: 5.00 @ http://localhost:3000/_next/static/chunks/0-ynv9eqilv7x.js:0
[    5695ms] [LOG] Player X: 0.00 Y: 6.00 Z: 5.00 @ http://localhost:3000/_next/static/chunks/0-ynv9eqilv7x.js:0
[    5698ms] [LOG] Player X: 0.00 Y: 6.00 Z: 5.00 @ http://localhost:3000/_next/static/chunks/0-ynv9eqilv7x.js:0
[    5701ms] [LOG] Player X: 0.00 Y: 6.00 Z: 5.00 @ http://localhost:3000/_next/static/chunks/0-ynv9eqilv7x.js:0
[    5705ms] [LOG] Player X: 0.00 Y: 6.00 Z: 5.00 @ http://localhost:3000/_next/static/chunks/0-ynv9eqilv7x.js:0
[    5708ms] [LOG] Player X: 0.00 Y: 6.00 Z: 5.00 @ http://localhost:3000/_next/static/chunks/0-ynv9eqilv7x.js:0
[    5711ms] [LOG] Player X: 0.00 Y: 6.00 Z: 5.00 @ http://localhost:3000/_next/static/chunks/0-ynv9eqilv7x.js:0
[    5715ms] [LOG] Player X: 0.00 Y: 6.00 Z: 5.00 @ http://localhost:3000/_next/static/chunks/0-ynv9eqilv7x.js:0
[    5718ms] [LOG] Player X: 0.00 Y: 6.00 Z: 5.00 @ http://localhost:3000/_next/static/chunks/0-ynv9eqilv7x.js:0
[    5721ms] [LOG] Player X: 0.00 Y: 6.00 Z: 5.00 @ http://localhost:3000/_next/static/chunks/0-ynv9eqilv7x.js:0
[    5725ms] [LOG] Player X: 0.00 Y: 6.00 Z: 5.00 @ http://localhost:3000/_next/static/chunks/0-ynv9eqilv7x.js:0
[    5728ms] [LOG] Player X: 0.00 Y: 6.00 Z: 5.00 @ http://localhost:3000/_next/static/chunks/0-ynv9eqilv7x.js:0
[    5731ms] [LOG] Player X: 0.00 Y: 6.00 Z: 5.00 @ http://localhost:3000/_next/static/chunks/0-ynv9eqilv7x.js:0
[    5735ms] [LOG] Player X: 0.00 Y: 6.00 Z: 5.00 @ http://localhost:3000/_next/static/chunks/0-ynv9eqilv7x.js:0
[    5738ms] [LOG] Player X: 0.00 Y: 6.00 Z: 5.00 @ http://localhost:3000/_next/static/chunks/0-ynv9eqilv7x.js:0
[    5741ms] [LOG] Player X: 0.00 Y: 6.00 Z: 5.00 @ http://localhost:3000/_next/static/chunks/0-ynv9eqilv7x.js:0
[    5744ms] [LOG] Player X: 0.00 Y: 6.00 Z: 5.00 @ http://localhost:3000/_next/static/chunks/0-ynv9eqilv7x.js:0
[    5748ms] [LOG] Player X: 0.00 Y: 6.00 Z: 5.00 @ http://localhost:3000/_next/static/chunks/0-ynv9eqilv7x.js:0
[    5751ms] [LOG] Player X: 0.00 Y: 6.00 Z: 5.00 @ http://localhost:3000/_next/static/chunks/0-ynv9eqilv7x.js:0
[    5755ms] [LOG] Player X: 0.00 Y: 6.00 Z: 5.00 @ http://localhost:3000/_next/static/chunks/0-ynv9eqilv7x.js:0
[    5758ms] [LOG] Player X: 0.00 Y: 6.00 Z: 5.00 @ http://localhost:3000/_next/static/chunks/0-ynv9eqilv7x.js:0
[    5761ms] [LOG] Player X: 0.00 Y: 6.00 Z: 5.00 @ http://localhost:3000/_next/static/chunks/0-ynv9eqilv7x.js:0
[    5764ms] [LOG] Player X: 0.00 Y: 6.00 Z: 5.00 @ http://localhost:3000/_next/static/chunks/0-ynv9eqilv7x.js:0
[    5768ms] [LOG] Player X: 0.00 Y: 6.00 Z: 5.00 @ http://localhost:3000/_next/static/chunks/0-ynv9eqilv7x.js:0
[    5771ms] [LOG] Player X: 0.00 Y: 6.00 Z: 5.00 @ http://localhost:3000/_next/static/chunks/0-ynv9eqilv7x.js:0
[    5775ms] [LOG] Player X: 0.00 Y: 6.00 Z: 5.00 @ http://localhost:3000/_next/static/chunks/0-ynv9eqilv7x.js:0
[    5778ms] [LOG] Player X: 0.00 Y: 6.00 Z: 5.00 @ http://localhost:3000/_next/static/chunks/0-ynv9eqilv7x.js:0
[    5781ms] [LOG] Player X: 0.00 Y: 6.00 Z: 5.00 @ http://localhost:3000/_next/static/chunks/0-ynv9eqilv7x.js:0
[    5785ms] [LOG] Player X: 0.00 Y: 6.00 Z: 5.00 @ http://localhost:3000/_next/static/chunks/0-ynv9eqilv7x.js:0
[    5788ms] [LOG] Player X: 0.00 Y: 6.00 Z: 5.00 @ http://localhost:3000/_next/static/chunks/0-ynv9eqilv7x.js:0
[    5791ms] [LOG] Player X: 0.00 Y: 6.00 Z: 5.00 @ http://localhost:3000/_next/static/chunks/0-ynv9eqilv7x.js:0
[    5795ms] [LOG] Player X: 0.00 Y: 6.00 Z: 5.00 @ http://localhost:3000/_next/static/chunks/0-ynv9eqilv7x.js:0
[    5798ms] [LOG] Player X: 0.00 Y: 6.00 Z: 5.00 @ http://localhost:3000/_next/static/chunks/0-ynv9eqilv7x.js:0
[    5802ms] [LOG] Player X: 0.00 Y: 6.00 Z: 5.00 @ http://localhost:3000/_next/static/chunks/0-ynv9eqilv7x.js:0
[    5805ms] [LOG] Player X: 0.00 Y: 6.00 Z: 5.00 @ http://localhost:3000/_next/static/chunks/0-ynv9eqilv7x.js:0
[    5809ms] [LOG] Player X: 0.00 Y: 6.00 Z: 5.00 @ http://localhost:3000/_next/static/chunks/0-ynv9eqilv7x.js:0
[    5812ms] [LOG] Player X: 0.00 Y: 6.00 Z: 5.00 @ http://localhost:3000/_next/static/chunks/0-ynv9eqilv7x.js:0
[    5815ms] [LOG] Player X: 0.00 Y: 6.00 Z: 5.00 @ http://localhost:3000/_next/static/chunks/0-ynv9eqilv7x.js:0
[    5818ms] [LOG] Player X: 0.00 Y: 6.00 Z: 5.00 @ http://localhost:3000/_next/static/chunks/0-ynv9eqilv7x.js:0
[    5821ms] [LOG] Player X: 0.00 Y: 6.00 Z: 5.00 @ http://localhost:3000/_next/static/chunks/0-ynv9eqilv7x.js:0
[    5825ms] [LOG] Player X: 0.00 Y: 6.00 Z: 5.00 @ http://localhost:3000/_next/static/chunks/0-ynv9eqilv7x.js:0
[    5828ms] [LOG] Player X: 0.00 Y: 6.00 Z: 5.00 @ http://localhost:3000/_next/static/chunks/0-ynv9eqilv7x.js:0
[    5832ms] [LOG] Player X: 0.00 Y: 6.00 Z: 5.00 @ http://localhost:3000/_next/static/chunks/0-ynv9eqilv7x.js:0
[    5835ms] [LOG] Player X: 0.00 Y: 6.00 Z: 5.00 @ http://localhost:3000/_next/static/chunks/0-ynv9eqilv7x.js:0
[    5838ms] [LOG] Player X: 0.00 Y: 6.00 Z: 5.00 @ http://localhost:3000/_next/static/chunks/0-ynv9eqilv7x.js:0
[    5841ms] [LOG] Player X: 0.00 Y: 6.00 Z: 5.00 @ http://localhost:3000/_next/static/chunks/0-ynv9eqilv7x.js:0
[    5845ms] [LOG] Player X: 0.00 Y: 6.00 Z: 5.00 @ http://localhost:3000/_next/static/chunks/0-ynv9eqilv7x.js:0
[    5848ms] [LOG] Player X: 0.00 Y: 6.00 Z: 5.00 @ http://localhost:3000/_next/static/chunks/0-ynv9eqilv7x.js:0
[    5852ms] [LOG] Player X: 0.00 Y: 6.00 Z: 5.00 @ http://localhost:3000/_next/static/chunks/0-ynv9eqilv7x.js:0
[    5855ms] [LOG] Player X: 0.00 Y: 6.00 Z: 5.00 @ http://localhost:3000/_next/static/chunks/0-ynv9eqilv7x.js:0
[    5858ms] [LOG] Player X: 0.00 Y: 6.00 Z: 5.00 @ http://localhost:3000/_next/static/chunks/0-ynv9eqilv7x.js:0
[    5862ms] [LOG] Player X: 0.00 Y: 6.00 Z: 5.00 @ http://localhost:3000/_next/static/chunks/0-ynv9eqilv7x.js:0
[    5865ms] [LOG] Player X: 0.00 Y: 6.00 Z: 5.00 @ http://localhost:3000/_next/static/chunks/0-ynv9eqilv7x.js:0
[    5869ms] [LOG] Player X: 0.00 Y: 6.00 Z: 5.00 @ http://localhost:3000/_next/static/chunks/0-ynv9eqilv7x.js:0
[    5872ms] [LOG] Player X: 0.00 Y: 6.00 Z: 5.00 @ http://localhost:3000/_next/static/chunks/0-ynv9eqilv7x.js:0
[    5877ms] [LOG] Player X: 0.00 Y: 6.00 Z: 5.00 @ http://localhost:3000/_next/static/chunks/0-ynv9eqilv7x.js:0
[    5881ms] [LOG] Player X: 0.00 Y: 6.00 Z: 5.00 @ http://localhost:3000/_next/static/chunks/0-ynv9eqilv7x.js:0
[    5884ms] [LOG] Player X: 0.00 Y: 6.00 Z: 5.00 @ http://localhost:3000/_next/static/chunks/0-ynv9eqilv7x.js:0
[    5887ms] [LOG] Player X: 0.00 Y: 6.00 Z: 5.00 @ http://localhost:3000/_next/static/chunks/0-ynv9eqilv7x.js:0
[    5890ms] [LOG] Player X: 0.00 Y: 6.00 Z: 5.00 @ http://localhost:3000/_next/static/chunks/0-ynv9eqilv7x.js:0
[    5894ms] [LOG] Player X: 0.00 Y: 6.00 Z: 5.00 @ http://localhost:3000/_next/static/chunks/0-ynv9eqilv7x.js:0
[    5899ms] [LOG] Player X: 0.00 Y: 6.00 Z: 5.00 @ http://localhost:3000/_next/static/chunks/0-ynv9eqilv7x.js:0
[    5902ms] [LOG] Player X: 0.00 Y: 6.00 Z: 5.00 @ http://localhost:3000/_next/static/chunks/0-ynv9eqilv7x.js:0
[    5906ms] [LOG] Player X: 0.00 Y: 6.00 Z: 5.00 @ http://localhost:3000/_next/static/chunks/0-ynv9eqilv7x.js:0
[    5909ms] [LOG] Player X: 0.00 Y: 6.00 Z: 5.00 @ http://localhost:3000/_next/static/chunks/0-ynv9eqilv7x.js:0
[    5913ms] [LOG] Player X: 0.00 Y: 6.00 Z: 5.00 @ http://localhost:3000/_next/static/chunks/0-ynv9eqilv7x.js:0
[    5916ms] [LOG] Player X: 0.00 Y: 6.00 Z: 5.00 @ http://localhost:3000/_next/static/chunks/0-ynv9eqilv7x.js:0
[    5919ms] [LOG] Player X: 0.00 Y: 6.00 Z: 5.00 @ http://localhost:3000/_next/static/chunks/0-ynv9eqilv7x.js:0
[    5922ms] [LOG] Player X: 0.00 Y: 6.00 Z: 5.00 @ http://localhost:3000/_next/static/chunks/0-ynv9eqilv7x.js:0
[    5926ms] [LOG] Player X: 0.00 Y: 6.00 Z: 5.00 @ http://localhost:3000/_next/static/chunks/0-ynv9eqilv7x.js:0
[    5931ms] [LOG] Player X: 0.00 Y: 6.00 Z: 5.00 @ http://localhost:3000/_next/static/chunks/0-ynv9eqilv7x.js:0
[    5935ms] [LOG] Player X: 0.00 Y: 6.00 Z: 5.00 @ http://localhost:3000/_next/static/chunks/0-ynv9eqilv7x.js:0
[    5939ms] [LOG] Player X: 0.00 Y: 6.00 Z: 5.00 @ http://localhost:3000/_next/static/chunks/0-ynv9eqilv7x.js:0
[    5942ms] [LOG] Player X: 0.00 Y: 6.00 Z: 5.00 @ http://localhost:3000/_next/static/chunks/0-ynv9eqilv7x.js:0
[    5945ms] [LOG] Player X: 0.00 Y: 6.00 Z: 5.00 @ http://localhost:3000/_next/static/chunks/0-ynv9eqilv7x.js:0
[    5948ms] [LOG] Player X: 0.00 Y: 6.00 Z: 5.00 @ http://localhost:3000/_next/static/chunks/0-ynv9eqilv7x.js:0
[    5951ms] [LOG] Player X: 0.00 Y: 6.00 Z: 5.00 @ http://localhost:3000/_next/static/chunks/0-ynv9eqilv7x.js:0
[    5954ms] [LOG] Player X: 0.00 Y: 6.00 Z: 5.00 @ http://localhost:3000/_next/static/chunks/0-ynv9eqilv7x.js:0
[    5958ms] [LOG] Player X: 0.00 Y: 6.00 Z: 5.00 @ http://localhost:3000/_next/static/chunks/0-ynv9eqilv7x.js:0
[    5962ms] [LOG] Player X: 0.00 Y: 6.00 Z: 5.00 @ http://localhost:3000/_next/static/chunks/0-ynv9eqilv7x.js:0
[    5966ms] [LOG] Player X: 0.00 Y: 6.00 Z: 5.00 @ http://localhost:3000/_next/static/chunks/0-ynv9eqilv7x.js:0
[    5970ms] [LOG] Player X: 0.00 Y: 6.00 Z: 5.00 @ http://localhost:3000/_next/static/chunks/0-ynv9eqilv7x.js:0
[    5973ms] [LOG] Player X: 0.00 Y: 6.00 Z: 5.00 @ http://localhost:3000/_next/static/chunks/0-ynv9eqilv7x.js:0
[    5975ms] [LOG] Player X: 0.00 Y: 6.00 Z: 5.00 @ http://localhost:3000/_next/static/chunks/0-ynv9eqilv7x.js:0
[    5979ms] [LOG] Player X: 0.00 Y: 6.00 Z: 5.00 @ http://localhost:3000/_next/static/chunks/0-ynv9eqilv7x.js:0
[    5982ms] [LOG] Player X: 0.00 Y: 6.00 Z: 5.00 @ http://localhost:3000/_next/static/chunks/0-ynv9eqilv7x.js:0
[    5985ms] [LOG] Player X: 0.00 Y: 6.00 Z: 5.00 @ http://localhost:3000/_next/static/chunks/0-ynv9eqilv7x.js:0
[    5988ms] [LOG] Player X: 0.00 Y: 6.00 Z: 5.00 @ http://localhost:3000/_next/static/chunks/0-ynv9eqilv7x.js:0
[    5991ms] [LOG] Player X: 0.00 Y: 6.00 Z: 5.00 @ http://localhost:3000/_next/static/chunks/0-ynv9eqilv7x.js:0
[    5995ms] [LOG] Player X: 0.00 Y: 6.00 Z: 5.00 @ http://localhost:3000/_next/static/chunks/0-ynv9eqilv7x.js:0
[    5998ms] [LOG] Player X: 0.00 Y: 6.00 Z: 5.00 @ http://localhost:3000/_next/static/chunks/0-ynv9eqilv7x.js:0
[    6002ms] [LOG] Player X: 0.00 Y: 6.00 Z: 5.00 @ http://localhost:3000/_next/static/chunks/0-ynv9eqilv7x.js:0
[    6005ms] [LOG] Player X: 0.00 Y: 6.00 Z: 5.00 @ http://localhost:3000/_next/static/chunks/0-ynv9eqilv7x.js:0
[    6008ms] [LOG] Player X: 0.00 Y: 6.00 Z: 5.00 @ http://localhost:3000/_next/static/chunks/0-ynv9eqilv7x.js:0
[    6012ms] [LOG] Player X: 0.00 Y: 6.00 Z: 5.00 @ http://localhost:3000/_next/static/chunks/0-ynv9eqilv7x.js:0
[    6015ms] [LOG] Player X: 0.00 Y: 6.00 Z: 5.00 @ http://localhost:3000/_next/static/chunks/0-ynv9eqilv7x.js:0
[    6018ms] [LOG] Player X: 0.00 Y: 6.00 Z: 5.00 @ http://localhost:3000/_next/static/chunks/0-ynv9eqilv7x.js:0
[    6021ms] [LOG] Player X: 0.00 Y: 6.00 Z: 5.00 @ http://localhost:3000/_next/static/chunks/0-ynv9eqilv7x.js:0
[    6025ms] [LOG] Player X: 0.00 Y: 6.00 Z: 5.00 @ http://localhost:3000/_next/static/chunks/0-ynv9eqilv7x.js:0
[    6028ms] [LOG] Player X: 0.00 Y: 6.00 Z: 5.00 @ http://localhost:3000/_next/static/chunks/0-ynv9eqilv7x.js:0
[    6031ms] [LOG] Player X: 0.00 Y: 6.00 Z: 5.00 @ http://localhost:3000/_next/static/chunks/0-ynv9eqilv7x.js:0
[    6035ms] [LOG] Player X: 0.00 Y: 6.00 Z: 5.00 @ http://localhost:3000/_next/static/chunks/0-ynv9eqilv7x.js:0
[    6038ms] [LOG] Player X: 0.00 Y: 6.00 Z: 5.00 @ http://localhost:3000/_next/static/chunks/0-ynv9eqilv7x.js:0
[    6041ms] [LOG] Player X: 0.00 Y: 6.00 Z: 5.00 @ http://localhost:3000/_next/static/chunks/0-ynv9eqilv7x.js:0
[    6045ms] [LOG] Player X: 0.00 Y: 6.00 Z: 5.00 @ http://localhost:3000/_next/static/chunks/0-ynv9eqilv7x.js:0
[    6049ms] [LOG] Player X: 0.00 Y: 6.00 Z: 5.00 @ http://localhost:3000/_next/static/chunks/0-ynv9eqilv7x.js:0
[    6052ms] [LOG] Player X: 0.00 Y: 6.00 Z: 5.00 @ http://localhost:3000/_next/static/chunks/0-ynv9eqilv7x.js:0
[    6055ms] [LOG] Player X: 0.00 Y: 6.00 Z: 5.00 @ http://localhost:3000/_next/static/chunks/0-ynv9eqilv7x.js:0
[    6058ms] [LOG] Player X: 0.00 Y: 6.00 Z: 5.00 @ http://localhost:3000/_next/static/chunks/0-ynv9eqilv7x.js:0
[    6061ms] [LOG] Player X: 0.00 Y: 6.00 Z: 5.00 @ http://localhost:3000/_next/static/chunks/0-ynv9eqilv7x.js:0
[    6065ms] [LOG] Player X: 0.00 Y: 6.00 Z: 5.00 @ http://localhost:3000/_next/static/chunks/0-ynv9eqilv7x.js:0
[    6068ms] [LOG] Player X: 0.00 Y: 6.00 Z: 5.00 @ http://localhost:3000/_next/static/chunks/0-ynv9eqilv7x.js:0
[    6071ms] [LOG] Player X: 0.00 Y: 6.00 Z: 5.00 @ http://localhost:3000/_next/static/chunks/0-ynv9eqilv7x.js:0
[    6074ms] [LOG] Player X: 0.00 Y: 6.00 Z: 5.00 @ http://localhost:3000/_next/static/chunks/0-ynv9eqilv7x.js:0
[    6078ms] [LOG] Player X: 0.00 Y: 6.00 Z: 5.00 @ http://localhost:3000/_next/static/chunks/0-ynv9eqilv7x.js:0
[    6081ms] [LOG] Player X: 0.00 Y: 6.00 Z: 5.00 @ http://localhost:3000/_next/static/chunks/0-ynv9eqilv7x.js:0
[    6085ms] [LOG] Player X: 0.00 Y: 6.00 Z: 5.00 @ http://localhost:3000/_next/static/chunks/0-ynv9eqilv7x.js:0
[    6088ms] [LOG] Player X: 0.00 Y: 6.00 Z: 5.00 @ http://localhost:3000/_next/static/chunks/0-ynv9eqilv7x.js:0
[    6091ms] [LOG] Player X: 0.00 Y: 6.00 Z: 5.00 @ http://localhost:3000/_next/static/chunks/0-ynv9eqilv7x.js:0
[    6094ms] [LOG] Player X: 0.00 Y: 6.00 Z: 5.00 @ http://localhost:3000/_next/static/chunks/0-ynv9eqilv7x.js:0
[    6098ms] [LOG] Player X: 0.00 Y: 6.00 Z: 5.00 @ http://localhost:3000/_next/static/chunks/0-ynv9eqilv7x.js:0
[    6101ms] [LOG] Player X: 0.00 Y: 6.00 Z: 5.00 @ http://localhost:3000/_next/static/chunks/0-ynv9eqilv7x.js:0
[    6105ms] [LOG] Player X: 0.00 Y: 6.00 Z: 5.00 @ http://localhost:3000/_next/static/chunks/0-ynv9eqilv7x.js:0
[    6108ms] [LOG] Player X: 0.00 Y: 6.00 Z: 5.00 @ http://localhost:3000/_next/static/chunks/0-ynv9eqilv7x.js:0
[    6111ms] [LOG] Player X: 0.00 Y: 6.00 Z: 5.00 @ http://localhost:3000/_next/static/chunks/0-ynv9eqilv7x.js:0
[    6114ms] [LOG] Player X: 0.00 Y: 6.00 Z: 5.00 @ http://localhost:3000/_next/static/chunks/0-ynv9eqilv7x.js:0
[    6118ms] [LOG] Player X: 0.00 Y: 6.00 Z: 5.00 @ http://localhost:3000/_next/static/chunks/0-ynv9eqilv7x.js:0
[    6121ms] [LOG] Player X: 0.00 Y: 6.00 Z: 5.00 @ http://localhost:3000/_next/static/chunks/0-ynv9eqilv7x.js:0
[    6124ms] [LOG] Player X: 0.00 Y: 6.00 Z: 5.00 @ http://localhost:3000/_next/static/chunks/0-ynv9eqilv7x.js:0
[    6128ms] [LOG] Player X: 0.00 Y: 6.00 Z: 5.00 @ http://localhost:3000/_next/static/chunks/0-ynv9eqilv7x.js:0
[    6131ms] [LOG] Player X: 0.00 Y: 6.00 Z: 5.00 @ http://localhost:3000/_next/static/chunks/0-ynv9eqilv7x.js:0
[    6135ms] [LOG] Player X: 0.00 Y: 6.00 Z: 5.00 @ http://localhost:3000/_next/static/chunks/0-ynv9eqilv7x.js:0
[    6138ms] [LOG] Player X: 0.00 Y: 6.00 Z: 5.00 @ http://localhost:3000/_next/static/chunks/0-ynv9eqilv7x.js:0
[    6141ms] [LOG] Player X: 0.00 Y: 6.00 Z: 5.00 @ http://localhost:3000/_next/static/chunks/0-ynv9eqilv7x.js:0
[    6145ms] [LOG] Player X: 0.00 Y: 6.00 Z: 5.00 @ http://localhost:3000/_next/static/chunks/0-ynv9eqilv7x.js:0
[    6148ms] [LOG] Player X: 0.00 Y: 6.00 Z: 5.00 @ http://localhost:3000/_next/static/chunks/0-ynv9eqilv7x.js:0
[    6151ms] [LOG] Player X: 0.00 Y: 6.00 Z: 5.00 @ http://localhost:3000/_next/static/chunks/0-ynv9eqilv7x.js:0
[    6154ms] [LOG] Player X: 0.00 Y: 6.00 Z: 5.00 @ http://localhost:3000/_next/static/chunks/0-ynv9eqilv7x.js:0
[    6158ms] [LOG] Player X: 0.00 Y: 6.00 Z: 5.00 @ http://localhost:3000/_next/static/chunks/0-ynv9eqilv7x.js:0
[    6161ms] [LOG] Player X: 0.00 Y: 6.00 Z: 5.00 @ http://localhost:3000/_next/static/chunks/0-ynv9eqilv7x.js:0
[    6165ms] [LOG] Player X: 0.00 Y: 6.00 Z: 5.00 @ http://localhost:3000/_next/static/chunks/0-ynv9eqilv7x.js:0
[    6168ms] [LOG] Player X: 0.00 Y: 6.00 Z: 5.00 @ http://localhost:3000/_next/static/chunks/0-ynv9eqilv7x.js:0
[    6171ms] [LOG] Player X: 0.00 Y: 6.00 Z: 5.00 @ http://localhost:3000/_next/static/chunks/0-ynv9eqilv7x.js:0
[    6174ms] [LOG] Player X: 0.00 Y: 6.00 Z: 5.00 @ http://localhost:3000/_next/static/chunks/0-ynv9eqilv7x.js:0
[    6178ms] [LOG] Player X: 0.00 Y: 6.00 Z: 5.00 @ http://localhost:3000/_next/static/chunks/0-ynv9eqilv7x.js:0
[    6181ms] [LOG] Player X: 0.00 Y: 6.00 Z: 5.00 @ http://localhost:3000/_next/static/chunks/0-ynv9eqilv7x.js:0
[    6185ms] [LOG] Player X: 0.00 Y: 6.00 Z: 5.00 @ http://localhost:3000/_next/static/chunks/0-ynv9eqilv7x.js:0
[    6188ms] [LOG] Player X: 0.00 Y: 6.00 Z: 5.00 @ http://localhost:3000/_next/static/chunks/0-ynv9eqilv7x.js:0
[    6191ms] [LOG] Player X: 0.00 Y: 6.00 Z: 5.00 @ http://localhost:3000/_next/static/chunks/0-ynv9eqilv7x.js:0
[    6194ms] [LOG] Player X: 0.00 Y: 6.00 Z: 5.00 @ http://localhost:3000/_next/static/chunks/0-ynv9eqilv7x.js:0
[    6198ms] [LOG] Player X: 0.00 Y: 6.00 Z: 5.00 @ http://localhost:3000/_next/static/chunks/0-ynv9eqilv7x.js:0
[    6201ms] [LOG] Player X: 0.00 Y: 6.00 Z: 5.00 @ http://localhost:3000/_next/static/chunks/0-ynv9eqilv7x.js:0
[    6204ms] [LOG] Player X: 0.00 Y: 6.00 Z: 5.00 @ http://localhost:3000/_next/static/chunks/0-ynv9eqilv7x.js:0
[    6208ms] [LOG] Player X: 0.00 Y: 6.00 Z: 5.00 @ http://localhost:3000/_next/static/chunks/0-ynv9eqilv7x.js:0
[    6211ms] [LOG] Player X: 0.00 Y: 6.00 Z: 5.00 @ http://localhost:3000/_next/static/chunks/0-ynv9eqilv7x.js:0
[    6214ms] [LOG] Player X: 0.00 Y: 6.00 Z: 5.00 @ http://localhost:3000/_next/static/chunks/0-ynv9eqilv7x.js:0
[    6218ms] [LOG] Player X: 0.00 Y: 6.00 Z: 5.00 @ http://localhost:3000/_next/static/chunks/0-ynv9eqilv7x.js:0
[    6221ms] [LOG] Player X: 0.00 Y: 6.00 Z: 5.00 @ http://localhost:3000/_next/static/chunks/0-ynv9eqilv7x.js:0
[    6224ms] [LOG] Player X: 0.00 Y: 6.00 Z: 5.00 @ http://localhost:3000/_next/static/chunks/0-ynv9eqilv7x.js:0
[    6228ms] [LOG] Player X: 0.00 Y: 6.00 Z: 5.00 @ http://localhost:3000/_next/static/chunks/0-ynv9eqilv7x.js:0
[    6231ms] [LOG] Player X: 0.00 Y: 6.00 Z: 5.00 @ http://localhost:3000/_next/static/chunks/0-ynv9eqilv7x.js:0
[    6234ms] [LOG] Player X: 0.00 Y: 6.00 Z: 5.00 @ http://localhost:3000/_next/static/chunks/0-ynv9eqilv7x.js:0
[    6238ms] [LOG] Player X: 0.00 Y: 6.00 Z: 5.00 @ http://localhost:3000/_next/static/chunks/0-ynv9eqilv7x.js:0
[    6241ms] [LOG] Player X: 0.00 Y: 6.00 Z: 5.00 @ http://localhost:3000/_next/static/chunks/0-ynv9eqilv7x.js:0
[    6244ms] [LOG] Player X: 0.00 Y: 6.00 Z: 5.00 @ http://localhost:3000/_next/static/chunks/0-ynv9eqilv7x.js:0
[    6248ms] [LOG] Player X: 0.00 Y: 6.00 Z: 5.00 @ http://localhost:3000/_next/static/chunks/0-ynv9eqilv7x.js:0
[    6251ms] [LOG] Player X: 0.00 Y: 6.00 Z: 5.00 @ http://localhost:3000/_next/static/chunks/0-ynv9eqilv7x.js:0
[    6254ms] [LOG] Player X: 0.00 Y: 6.00 Z: 5.00 @ http://localhost:3000/_next/static/chunks/0-ynv9eqilv7x.js:0
[    6258ms] [LOG] Player X: 0.00 Y: 6.00 Z: 5.00 @ http://localhost:3000/_next/static/chunks/0-ynv9eqilv7x.js:0
[    6261ms] [LOG] Player X: 0.00 Y: 6.00 Z: 5.00 @ http://localhost:3000/_next/static/chunks/0-ynv9eqilv7x.js:0
[    6265ms] [LOG] Player X: 0.00 Y: 6.00 Z: 5.00 @ http://localhost:3000/_next/static/chunks/0-ynv9eqilv7x.js:0
[    6268ms] [LOG] Player X: 0.00 Y: 6.00 Z: 5.00 @ http://localhost:3000/_next/static/chunks/0-ynv9eqilv7x.js:0
[    6271ms] [LOG] Player X: 0.00 Y: 6.00 Z: 5.00 @ http://localhost:3000/_next/static/chunks/0-ynv9eqilv7x.js:0
[    6274ms] [LOG] Player X: 0.00 Y: 6.00 Z: 5.00 @ http://localhost:3000/_next/static/chunks/0-ynv9eqilv7x.js:0
[    6278ms] [LOG] Player X: 0.00 Y: 6.00 Z: 5.00 @ http://localhost:3000/_next/static/chunks/0-ynv9eqilv7x.js:0
[    6281ms] [LOG] Player X: 0.00 Y: 6.00 Z: 5.00 @ http://localhost:3000/_next/static/chunks/0-ynv9eqilv7x.js:0
[    6284ms] [LOG] Player X: 0.00 Y: 6.00 Z: 5.00 @ http://localhost:3000/_next/static/chunks/0-ynv9eqilv7x.js:0
[    6288ms] [LOG] Player X: 0.00 Y: 6.00 Z: 5.00 @ http://localhost:3000/_next/static/chunks/0-ynv9eqilv7x.js:0
[    6291ms] [LOG] Player X: 0.00 Y: 6.00 Z: 5.00 @ http://localhost:3000/_next/static/chunks/0-ynv9eqilv7x.js:0
[    6295ms] [LOG] Player X: 0.00 Y: 6.00 Z: 5.00 @ http://localhost:3000/_next/static/chunks/0-ynv9eqilv7x.js:0
[    6298ms] [LOG] Player X: 0.00 Y: 6.00 Z: 5.00 @ http://localhost:3000/_next/static/chunks/0-ynv9eqilv7x.js:0
[    6301ms] [LOG] Player X: 0.00 Y: 6.00 Z: 5.00 @ http://localhost:3000/_next/static/chunks/0-ynv9eqilv7x.js:0
[    6304ms] [LOG] Player X: 0.00 Y: 6.00 Z: 5.00 @ http://localhost:3000/_next/static/chunks/0-ynv9eqilv7x.js:0
[    6308ms] [LOG] Player X: 0.00 Y: 6.00 Z: 5.00 @ http://localhost:3000/_next/static/chunks/0-ynv9eqilv7x.js:0
[    6311ms] [LOG] Player X: 0.00 Y: 6.00 Z: 5.00 @ http://localhost:3000/_next/static/chunks/0-ynv9eqilv7x.js:0
[    6315ms] [LOG] Player X: 0.00 Y: 6.00 Z: 5.00 @ http://localhost:3000/_next/static/chunks/0-ynv9eqilv7x.js:0
[    6318ms] [LOG] Player X: 0.00 Y: 6.00 Z: 5.00 @ http://localhost:3000/_next/static/chunks/0-ynv9eqilv7x.js:0
[    6321ms] [LOG] Player X: 0.00 Y: 6.00 Z: 5.00 @ http://localhost:3000/_next/static/chunks/0-ynv9eqilv7x.js:0
[    6325ms] [LOG] Player X: 0.00 Y: 6.00 Z: 5.00 @ http://localhost:3000/_next/static/chunks/0-ynv9eqilv7x.js:0
[    6328ms] [LOG] Player X: 0.00 Y: 6.00 Z: 5.00 @ http://localhost:3000/_next/static/chunks/0-ynv9eqilv7x.js:0
[    6331ms] [LOG] Player X: 0.00 Y: 6.00 Z: 5.00 @ http://localhost:3000/_next/static/chunks/0-ynv9eqilv7x.js:0
[    6334ms] [LOG] Player X: 0.00 Y: 6.00 Z: 5.00 @ http://localhost:3000/_next/static/chunks/0-ynv9eqilv7x.js:0
[    6338ms] [LOG] Player X: 0.00 Y: 6.00 Z: 5.00 @ http://localhost:3000/_next/static/chunks/0-ynv9eqilv7x.js:0
[    6341ms] [LOG] Player X: 0.00 Y: 6.00 Z: 5.00 @ http://localhost:3000/_next/static/chunks/0-ynv9eqilv7x.js:0
[    6344ms] [LOG] Player X: 0.00 Y: 6.00 Z: 5.00 @ http://localhost:3000/_next/static/chunks/0-ynv9eqilv7x.js:0
[    6348ms] [LOG] Player X: 0.00 Y: 6.00 Z: 5.00 @ http://localhost:3000/_next/static/chunks/0-ynv9eqilv7x.js:0
[    6351ms] [LOG] Player X: 0.00 Y: 6.00 Z: 5.00 @ http://localhost:3000/_next/static/chunks/0-ynv9eqilv7x.js:0
[    6355ms] [LOG] Player X: 0.00 Y: 6.00 Z: 5.00 @ http://localhost:3000/_next/static/chunks/0-ynv9eqilv7x.js:0
[    6358ms] [LOG] Player X: 0.00 Y: 6.00 Z: 5.00 @ http://localhost:3000/_next/static/chunks/0-ynv9eqilv7x.js:0
[    6361ms] [LOG] Player X: 0.00 Y: 6.00 Z: 5.00 @ http://localhost:3000/_next/static/chunks/0-ynv9eqilv7x.js:0
[    6365ms] [LOG] Player X: 0.00 Y: 6.00 Z: 5.00 @ http://localhost:3000/_next/static/chunks/0-ynv9eqilv7x.js:0
[    6368ms] [LOG] Player X: 0.00 Y: 6.00 Z: 5.00 @ http://localhost:3000/_next/static/chunks/0-ynv9eqilv7x.js:0
[    6371ms] [LOG] Player X: 0.00 Y: 6.00 Z: 5.00 @ http://localhost:3000/_next/static/chunks/0-ynv9eqilv7x.js:0
[    6375ms] [LOG] Player X: 0.00 Y: 6.00 Z: 5.00 @ http://localhost:3000/_next/static/chunks/0-ynv9eqilv7x.js:0
[    6378ms] [LOG] Player X: 0.00 Y: 6.00 Z: 5.00 @ http://localhost:3000/_next/static/chunks/0-ynv9eqilv7x.js:0
[    6381ms] [LOG] Player X: 0.00 Y: 6.00 Z: 5.00 @ http://localhost:3000/_next/static/chunks/0-ynv9eqilv7x.js:0
[    6385ms] [LOG] Player X: 0.00 Y: 6.00 Z: 5.00 @ http://localhost:3000/_next/static/chunks/0-ynv9eqilv7x.js:0
[    6388ms] [LOG] Player X: 0.00 Y: 6.00 Z: 5.00 @ http://localhost:3000/_next/static/chunks/0-ynv9eqilv7x.js:0
[    6391ms] [LOG] Player X: 0.00 Y: 6.00 Z: 5.00 @ http://localhost:3000/_next/static/chunks/0-ynv9eqilv7x.js:0
[    6395ms] [LOG] Player X: 0.00 Y: 6.00 Z: 5.00 @ http://localhost:3000/_next/static/chunks/0-ynv9eqilv7x.js:0
[    6398ms] [LOG] Player X: 0.00 Y: 6.00 Z: 5.00 @ http://localhost:3000/_next/static/chunks/0-ynv9eqilv7x.js:0
[    6401ms] [LOG] Player X: 0.00 Y: 6.00 Z: 5.00 @ http://localhost:3000/_next/static/chunks/0-ynv9eqilv7x.js:0
[    6404ms] [LOG] Player X: 0.00 Y: 6.00 Z: 5.00 @ http://localhost:3000/_next/static/chunks/0-ynv9eqilv7x.js:0
[    6408ms] [LOG] Player X: 0.00 Y: 6.00 Z: 5.00 @ http://localhost:3000/_next/static/chunks/0-ynv9eqilv7x.js:0
[    6411ms] [LOG] Player X: 0.00 Y: 6.00 Z: 5.00 @ http://localhost:3000/_next/static/chunks/0-ynv9eqilv7x.js:0
[    6414ms] [LOG] Player X: 0.00 Y: 6.00 Z: 5.00 @ http://localhost:3000/_next/static/chunks/0-ynv9eqilv7x.js:0
[    6418ms] [LOG] Player X: 0.00 Y: 6.00 Z: 5.00 @ http://localhost:3000/_next/static/chunks/0-ynv9eqilv7x.js:0
[    6421ms] [LOG] Player X: 0.00 Y: 6.00 Z: 5.00 @ http://localhost:3000/_next/static/chunks/0-ynv9eqilv7x.js:0
[    6424ms] [LOG] Player X: 0.00 Y: 6.00 Z: 5.00 @ http://localhost:3000/_next/static/chunks/0-ynv9eqilv7x.js:0
[    6428ms] [LOG] Player X: 0.00 Y: 6.00 Z: 5.00 @ http://localhost:3000/_next/static/chunks/0-ynv9eqilv7x.js:0
[    6431ms] [LOG] Player X: 0.00 Y: 6.00 Z: 5.00 @ http://localhost:3000/_next/static/chunks/0-ynv9eqilv7x.js:0
[    6434ms] [LOG] Player X: 0.00 Y: 6.00 Z: 5.00 @ http://localhost:3000/_next/static/chunks/0-ynv9eqilv7x.js:0
[    6438ms] [LOG] Player X: 0.00 Y: 6.00 Z: 5.00 @ http://localhost:3000/_next/static/chunks/0-ynv9eqilv7x.js:0
[    6441ms] [LOG] Player X: 0.00 Y: 6.00 Z: 5.00 @ http://localhost:3000/_next/static/chunks/0-ynv9eqilv7x.js:0
[    6444ms] [LOG] Player X: 0.00 Y: 6.00 Z: 5.00 @ http://localhost:3000/_next/static/chunks/0-ynv9eqilv7x.js:0
[    6448ms] [LOG] Player X: 0.00 Y: 6.00 Z: 5.00 @ http://localhost:3000/_next/static/chunks/0-ynv9eqilv7x.js:0
[    6451ms] [LOG] Player X: 0.00 Y: 6.00 Z: 5.00 @ http://localhost:3000/_next/static/chunks/0-ynv9eqilv7x.js:0
[    6454ms] [LOG] Player X: 0.00 Y: 6.00 Z: 5.00 @ http://localhost:3000/_next/static/chunks/0-ynv9eqilv7x.js:0
[    6458ms] [LOG] Player X: 0.00 Y: 6.00 Z: 5.00 @ http://localhost:3000/_next/static/chunks/0-ynv9eqilv7x.js:0
[    6461ms] [LOG] Player X: 0.00 Y: 6.00 Z: 5.00 @ http://localhost:3000/_next/static/chunks/0-ynv9eqilv7x.js:0
[    6464ms] [LOG] Player X: 0.00 Y: 6.00 Z: 5.00 @ http://localhost:3000/_next/static/chunks/0-ynv9eqilv7x.js:0
[    6468ms] [LOG] Player X: 0.00 Y: 6.00 Z: 5.00 @ http://localhost:3000/_next/static/chunks/0-ynv9eqilv7x.js:0
[    6471ms] [LOG] Player X: 0.00 Y: 6.00 Z: 5.00 @ http://localhost:3000/_next/static/chunks/0-ynv9eqilv7x.js:0
[    6474ms] [LOG] Player X: 0.00 Y: 6.00 Z: 5.00 @ http://localhost:3000/_next/static/chunks/0-ynv9eqilv7x.js:0
[    6478ms] [LOG] Player X: 0.00 Y: 6.00 Z: 5.00 @ http://localhost:3000/_next/static/chunks/0-ynv9eqilv7x.js:0
[    6481ms] [LOG] Player X: 0.00 Y: 6.00 Z: 5.00 @ http://localhost:3000/_next/static/chunks/0-ynv9eqilv7x.js:0
[    6485ms] [LOG] Player X: 0.00 Y: 6.00 Z: 5.00 @ http://localhost:3000/_next/static/chunks/0-ynv9eqilv7x.js:0
[    6488ms] [LOG] Player X: 0.00 Y: 6.00 Z: 5.00 @ http://localhost:3000/_next/static/chunks/0-ynv9eqilv7x.js:0
[    6492ms] [LOG] Player X: 0.00 Y: 6.00 Z: 5.00 @ http://localhost:3000/_next/static/chunks/0-ynv9eqilv7x.js:0
[    6494ms] [LOG] Player X: 0.00 Y: 6.00 Z: 5.00 @ http://localhost:3000/_next/static/chunks/0-ynv9eqilv7x.js:0
[    6498ms] [LOG] Player X: 0.00 Y: 6.00 Z: 5.00 @ http://localhost:3000/_next/static/chunks/0-ynv9eqilv7x.js:0
[    6501ms] [LOG] Player X: 0.00 Y: 6.00 Z: 5.00 @ http://localhost:3000/_next/static/chunks/0-ynv9eqilv7x.js:0
[    6504ms] [LOG] Player X: 0.00 Y: 6.00 Z: 5.00 @ http://localhost:3000/_next/static/chunks/0-ynv9eqilv7x.js:0
[    6508ms] [LOG] Player X: 0.00 Y: 6.00 Z: 5.00 @ http://localhost:3000/_next/static/chunks/0-ynv9eqilv7x.js:0
[    6511ms] [LOG] Player X: 0.00 Y: 6.00 Z: 5.00 @ http://localhost:3000/_next/static/chunks/0-ynv9eqilv7x.js:0
[    6515ms] [LOG] Player X: 0.00 Y: 6.00 Z: 5.00 @ http://localhost:3000/_next/static/chunks/0-ynv9eqilv7x.js:0
[    6518ms] [LOG] Player X: 0.00 Y: 6.00 Z: 5.00 @ http://localhost:3000/_next/static/chunks/0-ynv9eqilv7x.js:0
[    6521ms] [LOG] Player X: 0.00 Y: 6.00 Z: 5.00 @ http://localhost:3000/_next/static/chunks/0-ynv9eqilv7x.js:0
[    6525ms] [LOG] Player X: 0.00 Y: 6.00 Z: 5.00 @ http://localhost:3000/_next/static/chunks/0-ynv9eqilv7x.js:0
[    6528ms] [LOG] Player X: 0.00 Y: 6.00 Z: 5.00 @ http://localhost:3000/_next/static/chunks/0-ynv9eqilv7x.js:0
[    6531ms] [LOG] Player X: 0.00 Y: 6.00 Z: 5.00 @ http://localhost:3000/_next/static/chunks/0-ynv9eqilv7x.js:0
[    6534ms] [LOG] Player X: 0.00 Y: 6.00 Z: 5.00 @ http://localhost:3000/_next/static/chunks/0-ynv9eqilv7x.js:0
[    6538ms] [LOG] Player X: 0.00 Y: 6.00 Z: 5.00 @ http://localhost:3000/_next/static/chunks/0-ynv9eqilv7x.js:0
[    6541ms] [LOG] Player X: 0.00 Y: 6.00 Z: 5.00 @ http://localhost:3000/_next/static/chunks/0-ynv9eqilv7x.js:0
[    6544ms] [LOG] Player X: 0.00 Y: 6.00 Z: 5.00 @ http://localhost:3000/_next/static/chunks/0-ynv9eqilv7x.js:0
[    6548ms] [LOG] Player X: 0.00 Y: 6.00 Z: 5.00 @ http://localhost:3000/_next/static/chunks/0-ynv9eqilv7x.js:0
[    6551ms] [LOG] Player X: 0.00 Y: 6.00 Z: 5.00 @ http://localhost:3000/_next/static/chunks/0-ynv9eqilv7x.js:0
[    6555ms] [LOG] Player X: 0.00 Y: 6.00 Z: 5.00 @ http://localhost:3000/_next/static/chunks/0-ynv9eqilv7x.js:0
[    6558ms] [LOG] Player X: 0.00 Y: 6.00 Z: 5.00 @ http://localhost:3000/_next/static/chunks/0-ynv9eqilv7x.js:0
[    6561ms] [LOG] Player X: 0.00 Y: 6.00 Z: 5.00 @ http://localhost:3000/_next/static/chunks/0-ynv9eqilv7x.js:0
[    6564ms] [LOG] Player X: 0.00 Y: 6.00 Z: 5.00 @ http://localhost:3000/_next/static/chunks/0-ynv9eqilv7x.js:0
[    6568ms] [LOG] Player X: 0.00 Y: 6.00 Z: 5.00 @ http://localhost:3000/_next/static/chunks/0-ynv9eqilv7x.js:0
[    6571ms] [LOG] Player X: 0.00 Y: 6.00 Z: 5.00 @ http://localhost:3000/_next/static/chunks/0-ynv9eqilv7x.js:0
[    6575ms] [LOG] Player X: 0.00 Y: 6.00 Z: 5.00 @ http://localhost:3000/_next/static/chunks/0-ynv9eqilv7x.js:0
[    6578ms] [LOG] Player X: 0.00 Y: 6.00 Z: 5.00 @ http://localhost:3000/_next/static/chunks/0-ynv9eqilv7x.js:0
[    6581ms] [LOG] Player X: 0.00 Y: 6.00 Z: 5.00 @ http://localhost:3000/_next/static/chunks/0-ynv9eqilv7x.js:0
[    6585ms] [LOG] Player X: 0.00 Y: 6.00 Z: 5.00 @ http://localhost:3000/_next/static/chunks/0-ynv9eqilv7x.js:0
[    6588ms] [LOG] Player X: 0.00 Y: 6.00 Z: 5.00 @ http://localhost:3000/_next/static/chunks/0-ynv9eqilv7x.js:0
[    6591ms] [LOG] Player X: 0.00 Y: 6.00 Z: 5.00 @ http://localhost:3000/_next/static/chunks/0-ynv9eqilv7x.js:0
[    6594ms] [LOG] Player X: 0.00 Y: 6.00 Z: 5.00 @ http://localhost:3000/_next/static/chunks/0-ynv9eqilv7x.js:0
[    6598ms] [LOG] Player X: 0.00 Y: 6.00 Z: 5.00 @ http://localhost:3000/_next/static/chunks/0-ynv9eqilv7x.js:0
[    6601ms] [LOG] Player X: 0.00 Y: 6.00 Z: 5.00 @ http://localhost:3000/_next/static/chunks/0-ynv9eqilv7x.js:0
[    6604ms] [LOG] Player X: 0.00 Y: 6.00 Z: 5.00 @ http://localhost:3000/_next/static/chunks/0-ynv9eqilv7x.js:0
[    6608ms] [LOG] Player X: 0.00 Y: 6.00 Z: 5.00 @ http://localhost:3000/_next/static/chunks/0-ynv9eqilv7x.js:0
[    6611ms] [LOG] Player X: 0.00 Y: 6.00 Z: 5.00 @ http://localhost:3000/_next/static/chunks/0-ynv9eqilv7x.js:0
[    6614ms] [LOG] Player X: 0.00 Y: 6.00 Z: 5.00 @ http://localhost:3000/_next/static/chunks/0-ynv9eqilv7x.js:0
[    6618ms] [LOG] Player X: 0.00 Y: 6.00 Z: 5.00 @ http://localhost:3000/_next/static/chunks/0-ynv9eqilv7x.js:0
[    6621ms] [LOG] Player X: 0.00 Y: 6.00 Z: 5.00 @ http://localhost:3000/_next/static/chunks/0-ynv9eqilv7x.js:0
[    6624ms] [LOG] Player X: 0.00 Y: 6.00 Z: 5.00 @ http://localhost:3000/_next/static/chunks/0-ynv9eqilv7x.js:0
[    6628ms] [LOG] Player X: 0.00 Y: 6.00 Z: 5.00 @ http://localhost:3000/_next/static/chunks/0-ynv9eqilv7x.js:0
[    6631ms] [LOG] Player X: 0.00 Y: 6.00 Z: 5.00 @ http://localhost:3000/_next/static/chunks/0-ynv9eqilv7x.js:0
[    6634ms] [LOG] Player X: 0.00 Y: 6.00 Z: 5.00 @ http://localhost:3000/_next/static/chunks/0-ynv9eqilv7x.js:0
[    6638ms] [LOG] Player X: 0.00 Y: 6.00 Z: 5.00 @ http://localhost:3000/_next/static/chunks/0-ynv9eqilv7x.js:0
[    6641ms] [LOG] Player X: 0.00 Y: 6.00 Z: 5.00 @ http://localhost:3000/_next/static/chunks/0-ynv9eqilv7x.js:0
[    6644ms] [LOG] Player X: 0.00 Y: 6.00 Z: 5.00 @ http://localhost:3000/_next/static/chunks/0-ynv9eqilv7x.js:0
[    6648ms] [LOG] Player X: 0.00 Y: 6.00 Z: 5.00 @ http://localhost:3000/_next/static/chunks/0-ynv9eqilv7x.js:0
[    6651ms] [LOG] Player X: 0.00 Y: 6.00 Z: 5.00 @ http://localhost:3000/_next/static/chunks/0-ynv9eqilv7x.js:0
[    6654ms] [LOG] Player X: 0.00 Y: 6.00 Z: 5.00 @ http://localhost:3000/_next/static/chunks/0-ynv9eqilv7x.js:0
[    6658ms] [LOG] Player X: 0.00 Y: 6.00 Z: 5.00 @ http://localhost:3000/_next/static/chunks/0-ynv9eqilv7x.js:0
[    6661ms] [LOG] Player X: 0.00 Y: 6.00 Z: 5.00 @ http://localhost:3000/_next/static/chunks/0-ynv9eqilv7x.js:0
[    6664ms] [LOG] Player X: 0.00 Y: 6.00 Z: 5.00 @ http://localhost:3000/_next/static/chunks/0-ynv9eqilv7x.js:0
[    6668ms] [LOG] Player X: 0.00 Y: 6.00 Z: 5.00 @ http://localhost:3000/_next/static/chunks/0-ynv9eqilv7x.js:0
[    6671ms] [LOG] Player X: 0.00 Y: 6.00 Z: 5.00 @ http://localhost:3000/_next/static/chunks/0-ynv9eqilv7x.js:0
[    6674ms] [LOG] Player X: 0.00 Y: 6.00 Z: 5.00 @ http://localhost:3000/_next/static/chunks/0-ynv9eqilv7x.js:0
[    6678ms] [LOG] Player X: 0.00 Y: 6.00 Z: 5.00 @ http://localhost:3000/_next/static/chunks/0-ynv9eqilv7x.js:0
[    6681ms] [LOG] Player X: 0.00 Y: 6.00 Z: 5.00 @ http://localhost:3000/_next/static/chunks/0-ynv9eqilv7x.js:0
[    6684ms] [LOG] Player X: 0.00 Y: 6.00 Z: 5.00 @ http://localhost:3000/_next/static/chunks/0-ynv9eqilv7x.js:0
[    6688ms] [LOG] Player X: 0.00 Y: 6.00 Z: 5.00 @ http://localhost:3000/_next/static/chunks/0-ynv9eqilv7x.js:0
[    6691ms] [LOG] Player X: 0.00 Y: 6.00 Z: 5.00 @ http://localhost:3000/_next/static/chunks/0-ynv9eqilv7x.js:0
[    6694ms] [LOG] Player X: 0.00 Y: 6.00 Z: 5.00 @ http://localhost:3000/_next/static/chunks/0-ynv9eqilv7x.js:0
[    6698ms] [LOG] Player X: 0.00 Y: 6.00 Z: 5.00 @ http://localhost:3000/_next/static/chunks/0-ynv9eqilv7x.js:0
[    6701ms] [LOG] Player X: 0.00 Y: 6.00 Z: 5.00 @ http://localhost:3000/_next/static/chunks/0-ynv9eqilv7x.js:0
[    6704ms] [LOG] Player X: 0.00 Y: 6.00 Z: 5.00 @ http://localhost:3000/_next/static/chunks/0-ynv9eqilv7x.js:0
[    6708ms] [LOG] Player X: 0.00 Y: 6.00 Z: 5.00 @ http://localhost:3000/_next/static/chunks/0-ynv9eqilv7x.js:0
[    6711ms] [LOG] Player X: 0.00 Y: 6.00 Z: 5.00 @ http://localhost:3000/_next/static/chunks/0-ynv9eqilv7x.js:0
[    6714ms] [LOG] Player X: 0.00 Y: 6.00 Z: 5.00 @ http://localhost:3000/_next/static/chunks/0-ynv9eqilv7x.js:0
[    6718ms] [LOG] Player X: 0.00 Y: 6.00 Z: 5.00 @ http://localhost:3000/_next/static/chunks/0-ynv9eqilv7x.js:0
[    6721ms] [LOG] Player X: 0.00 Y: 6.00 Z: 5.00 @ http://localhost:3000/_next/static/chunks/0-ynv9eqilv7x.js:0
[    6725ms] [LOG] Player X: 0.00 Y: 6.00 Z: 5.00 @ http://localhost:3000/_next/static/chunks/0-ynv9eqilv7x.js:0
[    6728ms] [LOG] Player X: 0.00 Y: 6.00 Z: 5.00 @ http://localhost:3000/_next/static/chunks/0-ynv9eqilv7x.js:0
[    6731ms] [LOG] Player X: 0.00 Y: 6.00 Z: 5.00 @ http://localhost:3000/_next/static/chunks/0-ynv9eqilv7x.js:0
[    6734ms] [LOG] Player X: 0.00 Y: 6.00 Z: 5.00 @ http://localhost:3000/_next/static/chunks/0-ynv9eqilv7x.js:0
[    6738ms] [LOG] Player X: 0.00 Y: 6.00 Z: 5.00 @ http://localhost:3000/_next/static/chunks/0-ynv9eqilv7x.js:0
[    6741ms] [LOG] Player X: 0.00 Y: 6.00 Z: 5.00 @ http://localhost:3000/_next/static/chunks/0-ynv9eqilv7x.js:0
[    6744ms] [LOG] Player X: 0.00 Y: 6.00 Z: 5.00 @ http://localhost:3000/_next/static/chunks/0-ynv9eqilv7x.js:0
[    6748ms] [LOG] Player X: 0.00 Y: 6.00 Z: 5.00 @ http://localhost:3000/_next/static/chunks/0-ynv9eqilv7x.js:0
[    6751ms] [LOG] Player X: 0.00 Y: 6.00 Z: 5.00 @ http://localhost:3000/_next/static/chunks/0-ynv9eqilv7x.js:0
[    6754ms] [LOG] Player X: 0.00 Y: 6.00 Z: 5.00 @ http://localhost:3000/_next/static/chunks/0-ynv9eqilv7x.js:0
[    6758ms] [LOG] Player X: 0.00 Y: 6.00 Z: 5.00 @ http://localhost:3000/_next/static/chunks/0-ynv9eqilv7x.js:0
[    6761ms] [LOG] Player X: 0.00 Y: 6.00 Z: 5.00 @ http://localhost:3000/_next/static/chunks/0-ynv9eqilv7x.js:0
[    6764ms] [LOG] Player X: 0.00 Y: 6.00 Z: 5.00 @ http://localhost:3000/_next/static/chunks/0-ynv9eqilv7x.js:0
[    6768ms] [LOG] Player X: 0.00 Y: 6.00 Z: 5.00 @ http://localhost:3000/_next/static/chunks/0-ynv9eqilv7x.js:0
[    6771ms] [LOG] Player X: 0.00 Y: 6.00 Z: 5.00 @ http://localhost:3000/_next/static/chunks/0-ynv9eqilv7x.js:0
[    6774ms] [LOG] Player X: 0.00 Y: 6.00 Z: 5.00 @ http://localhost:3000/_next/static/chunks/0-ynv9eqilv7x.js:0
[    6778ms] [LOG] Player X: 0.00 Y: 6.00 Z: 5.00 @ http://localhost:3000/_next/static/chunks/0-ynv9eqilv7x.js:0
[    6781ms] [LOG] Player X: 0.00 Y: 6.00 Z: 5.00 @ http://localhost:3000/_next/static/chunks/0-ynv9eqilv7x.js:0
[    6784ms] [LOG] Player X: 0.00 Y: 6.00 Z: 5.00 @ http://localhost:3000/_next/static/chunks/0-ynv9eqilv7x.js:0
[    6788ms] [LOG] Player X: 0.00 Y: 6.00 Z: 5.00 @ http://localhost:3000/_next/static/chunks/0-ynv9eqilv7x.js:0
[    6791ms] [LOG] Player X: 0.00 Y: 6.00 Z: 5.00 @ http://localhost:3000/_next/static/chunks/0-ynv9eqilv7x.js:0
[    6794ms] [LOG] Player X: 0.00 Y: 6.00 Z: 5.00 @ http://localhost:3000/_next/static/chunks/0-ynv9eqilv7x.js:0
[    6798ms] [LOG] Player X: 0.00 Y: 6.00 Z: 5.00 @ http://localhost:3000/_next/static/chunks/0-ynv9eqilv7x.js:0
[    6801ms] [LOG] Player X: 0.00 Y: 6.00 Z: 5.00 @ http://localhost:3000/_next/static/chunks/0-ynv9eqilv7x.js:0
[    6805ms] [LOG] Player X: 0.00 Y: 6.00 Z: 5.00 @ http://localhost:3000/_next/static/chunks/0-ynv9eqilv7x.js:0
[    6808ms] [LOG] Player X: 0.00 Y: 6.00 Z: 5.00 @ http://localhost:3000/_next/static/chunks/0-ynv9eqilv7x.js:0
[    6811ms] [LOG] Player X: 0.00 Y: 6.00 Z: 5.00 @ http://localhost:3000/_next/static/chunks/0-ynv9eqilv7x.js:0
[    6814ms] [LOG] Player X: 0.00 Y: 6.00 Z: 5.00 @ http://localhost:3000/_next/static/chunks/0-ynv9eqilv7x.js:0
[    6818ms] [LOG] Player X: 0.00 Y: 6.00 Z: 5.00 @ http://localhost:3000/_next/static/chunks/0-ynv9eqilv7x.js:0
[    6821ms] [LOG] Player X: 0.00 Y: 6.00 Z: 5.00 @ http://localhost:3000/_next/static/chunks/0-ynv9eqilv7x.js:0
[    6824ms] [LOG] Player X: 0.00 Y: 6.00 Z: 5.00 @ http://localhost:3000/_next/static/chunks/0-ynv9eqilv7x.js:0
[    6828ms] [LOG] Player X: 0.00 Y: 6.00 Z: 5.00 @ http://localhost:3000/_next/static/chunks/0-ynv9eqilv7x.js:0
[    6831ms] [LOG] Player X: 0.00 Y: 6.00 Z: 5.00 @ http://localhost:3000/_next/static/chunks/0-ynv9eqilv7x.js:0
[    6834ms] [LOG] Player X: 0.00 Y: 6.00 Z: 5.00 @ http://localhost:3000/_next/static/chunks/0-ynv9eqilv7x.js:0
[    6838ms] [LOG] Player X: 0.00 Y: 6.00 Z: 5.00 @ http://localhost:3000/_next/static/chunks/0-ynv9eqilv7x.js:0
[    6841ms] [LOG] Player X: 0.00 Y: 6.00 Z: 5.00 @ http://localhost:3000/_next/static/chunks/0-ynv9eqilv7x.js:0
[    6844ms] [LOG] Player X: 0.00 Y: 6.00 Z: 5.00 @ http://localhost:3000/_next/static/chunks/0-ynv9eqilv7x.js:0
[    6848ms] [LOG] Player X: 0.00 Y: 6.00 Z: 5.00 @ http://localhost:3000/_next/static/chunks/0-ynv9eqilv7x.js:0
[    6851ms] [LOG] Player X: 0.00 Y: 6.00 Z: 5.00 @ http://localhost:3000/_next/static/chunks/0-ynv9eqilv7x.js:0
[    6854ms] [LOG] Player X: 0.00 Y: 6.00 Z: 5.00 @ http://localhost:3000/_next/static/chunks/0-ynv9eqilv7x.js:0
[    6858ms] [LOG] Player X: 0.00 Y: 6.00 Z: 5.00 @ http://localhost:3000/_next/static/chunks/0-ynv9eqilv7x.js:0
[    6861ms] [LOG] Player X: 0.00 Y: 6.00 Z: 5.00 @ http://localhost:3000/_next/static/chunks/0-ynv9eqilv7x.js:0
[    6865ms] [LOG] Player X: 0.00 Y: 6.00 Z: 5.00 @ http://localhost:3000/_next/static/chunks/0-ynv9eqilv7x.js:0
[    6868ms] [LOG] Player X: 0.00 Y: 6.00 Z: 5.00 @ http://localhost:3000/_next/static/chunks/0-ynv9eqilv7x.js:0
[    6871ms] [LOG] Player X: 0.00 Y: 6.00 Z: 5.00 @ http://localhost:3000/_next/static/chunks/0-ynv9eqilv7x.js:0
[    6875ms] [LOG] Player X: 0.00 Y: 6.00 Z: 5.00 @ http://localhost:3000/_next/static/chunks/0-ynv9eqilv7x.js:0
[    6878ms] [LOG] Player X: 0.00 Y: 6.00 Z: 5.00 @ http://localhost:3000/_next/static/chunks/0-ynv9eqilv7x.js:0
[    6882ms] [LOG] Player X: 0.00 Y: 6.00 Z: 5.00 @ http://localhost:3000/_next/static/chunks/0-ynv9eqilv7x.js:0
[    6885ms] [LOG] Player X: 0.00 Y: 6.00 Z: 5.00 @ http://localhost:3000/_next/static/chunks/0-ynv9eqilv7x.js:0
[    6888ms] [LOG] Player X: 0.00 Y: 6.00 Z: 5.00 @ http://localhost:3000/_next/static/chunks/0-ynv9eqilv7x.js:0
[    6891ms] [LOG] Player X: 0.00 Y: 6.00 Z: 5.00 @ http://localhost:3000/_next/static/chunks/0-ynv9eqilv7x.js:0
[    6895ms] [LOG] Player X: 0.00 Y: 6.00 Z: 5.00 @ http://localhost:3000/_next/static/chunks/0-ynv9eqilv7x.js:0
[    6898ms] [LOG] Player X: 0.00 Y: 6.00 Z: 5.00 @ http://localhost:3000/_next/static/chunks/0-ynv9eqilv7x.js:0
[    6902ms] [LOG] Player X: 0.00 Y: 6.00 Z: 5.00 @ http://localhost:3000/_next/static/chunks/0-ynv9eqilv7x.js:0
[    6905ms] [LOG] Player X: 0.00 Y: 6.00 Z: 5.00 @ http://localhost:3000/_next/static/chunks/0-ynv9eqilv7x.js:0
[    6908ms] [LOG] Player X: 0.00 Y: 6.00 Z: 5.00 @ http://localhost:3000/_next/static/chunks/0-ynv9eqilv7x.js:0
[    6911ms] [LOG] Player X: 0.00 Y: 6.00 Z: 5.00 @ http://localhost:3000/_next/static/chunks/0-ynv9eqilv7x.js:0
[    6915ms] [LOG] Player X: 0.00 Y: 6.00 Z: 5.00 @ http://localhost:3000/_next/static/chunks/0-ynv9eqilv7x.js:0
[    6919ms] [LOG] Player X: 0.00 Y: 6.00 Z: 5.00 @ http://localhost:3000/_next/static/chunks/0-ynv9eqilv7x.js:0
[    6922ms] [LOG] Player X: 0.00 Y: 6.00 Z: 5.00 @ http://localhost:3000/_next/static/chunks/0-ynv9eqilv7x.js:0
[    6926ms] [LOG] Player X: 0.00 Y: 6.00 Z: 5.00 @ http://localhost:3000/_next/static/chunks/0-ynv9eqilv7x.js:0
[    6929ms] [LOG] Player X: 0.00 Y: 6.00 Z: 5.00 @ http://localhost:3000/_next/static/chunks/0-ynv9eqilv7x.js:0
[    6931ms] [LOG] Player X: 0.00 Y: 6.00 Z: 5.00 @ http://localhost:3000/_next/static/chunks/0-ynv9eqilv7x.js:0
[    6935ms] [LOG] Player X: 0.00 Y: 6.00 Z: 5.00 @ http://localhost:3000/_next/static/chunks/0-ynv9eqilv7x.js:0
[    6938ms] [LOG] Player X: 0.00 Y: 6.00 Z: 5.00 @ http://localhost:3000/_next/static/chunks/0-ynv9eqilv7x.js:0
[    6941ms] [LOG] Player X: 0.00 Y: 6.00 Z: 5.00 @ http://localhost:3000/_next/static/chunks/0-ynv9eqilv7x.js:0
[    6945ms] [LOG] Player X: 0.00 Y: 6.00 Z: 5.00 @ http://localhost:3000/_next/static/chunks/0-ynv9eqilv7x.js:0
[    6948ms] [LOG] Player X: 0.00 Y: 6.00 Z: 5.00 @ http://localhost:3000/_next/static/chunks/0-ynv9eqilv7x.js:0
[    6951ms] [LOG] Player X: 0.00 Y: 6.00 Z: 5.00 @ http://localhost:3000/_next/static/chunks/0-ynv9eqilv7x.js:0
[    6955ms] [LOG] Player X: 0.00 Y: 6.00 Z: 5.00 @ http://localhost:3000/_next/static/chunks/0-ynv9eqilv7x.js:0
[    6958ms] [LOG] Player X: 0.00 Y: 6.00 Z: 5.00 @ http://localhost:3000/_next/static/chunks/0-ynv9eqilv7x.js:0
[    6961ms] [LOG] Player X: 0.00 Y: 6.00 Z: 5.00 @ http://localhost:3000/_next/static/chunks/0-ynv9eqilv7x.js:0
[    6966ms] [LOG] Player X: 0.00 Y: 6.00 Z: 5.00 @ http://localhost:3000/_next/static/chunks/0-ynv9eqilv7x.js:0
[    6969ms] [LOG] Player X: 0.00 Y: 6.00 Z: 5.00 @ http://localhost:3000/_next/static/chunks/0-ynv9eqilv7x.js:0
[    6973ms] [LOG] Player X: 0.00 Y: 6.00 Z: 5.00 @ http://localhost:3000/_next/static/chunks/0-ynv9eqilv7x.js:0
[    6976ms] [LOG] Player X: 0.00 Y: 6.00 Z: 5.00 @ http://localhost:3000/_next/static/chunks/0-ynv9eqilv7x.js:0
[    6979ms] [LOG] Player X: 0.00 Y: 6.00 Z: 5.00 @ http://localhost:3000/_next/static/chunks/0-ynv9eqilv7x.js:0
[    6982ms] [LOG] Player X: 0.00 Y: 6.00 Z: 5.00 @ http://localhost:3000/_next/static/chunks/0-ynv9eqilv7x.js:0
[    6985ms] [LOG] Player X: 0.00 Y: 6.00 Z: 5.00 @ http://localhost:3000/_next/static/chunks/0-ynv9eqilv7x.js:0
[    6988ms] [LOG] Player X: 0.00 Y: 6.00 Z: 5.00 @ http://localhost:3000/_next/static/chunks/0-ynv9eqilv7x.js:0
[    6992ms] [LOG] Player X: 0.00 Y: 6.00 Z: 5.00 @ http://localhost:3000/_next/static/chunks/0-ynv9eqilv7x.js:0
[    6996ms] [LOG] Player X: 0.00 Y: 6.00 Z: 5.00 @ http://localhost:3000/_next/static/chunks/0-ynv9eqilv7x.js:0
[    6998ms] [LOG] Player X: 0.00 Y: 6.00 Z: 5.00 @ http://localhost:3000/_next/static/chunks/0-ynv9eqilv7x.js:0
[    7002ms] [LOG] Player X: 0.00 Y: 6.00 Z: 5.00 @ http://localhost:3000/_next/static/chunks/0-ynv9eqilv7x.js:0
[    7005ms] [LOG] Player X: 0.00 Y: 6.00 Z: 5.00 @ http://localhost:3000/_next/static/chunks/0-ynv9eqilv7x.js:0
[    7008ms] [LOG] Player X: 0.00 Y: 6.00 Z: 5.00 @ http://localhost:3000/_next/static/chunks/0-ynv9eqilv7x.js:0
[    7011ms] [LOG] Player X: 0.00 Y: 6.00 Z: 5.00 @ http://localhost:3000/_next/static/chunks/0-ynv9eqilv7x.js:0
[    7015ms] [LOG] Player X: 0.00 Y: 6.00 Z: 5.00 @ http://localhost:3000/_next/static/chunks/0-ynv9eqilv7x.js:0
[    7019ms] [LOG] Player X: 0.00 Y: 6.00 Z: 5.00 @ http://localhost:3000/_next/static/chunks/0-ynv9eqilv7x.js:0
[    7023ms] [LOG] Player X: 0.00 Y: 6.00 Z: 5.00 @ http://localhost:3000/_next/static/chunks/0-ynv9eqilv7x.js:0
[    7027ms] [LOG] Player X: 0.00 Y: 6.00 Z: 5.00 @ http://localhost:3000/_next/static/chunks/0-ynv9eqilv7x.js:0
[    7030ms] [LOG] Player X: 0.00 Y: 6.00 Z: 5.00 @ http://localhost:3000/_next/static/chunks/0-ynv9eqilv7x.js:0
[    7032ms] [LOG] Player X: 0.00 Y: 6.00 Z: 5.00 @ http://localhost:3000/_next/static/chunks/0-ynv9eqilv7x.js:0
[    7035ms] [LOG] Player X: 0.00 Y: 6.00 Z: 5.00 @ http://localhost:3000/_next/static/chunks/0-ynv9eqilv7x.js:0
[    7038ms] [LOG] Player X: 0.00 Y: 6.00 Z: 5.00 @ http://localhost:3000/_next/static/chunks/0-ynv9eqilv7x.js:0
[    7041ms] [LOG] Player X: 0.00 Y: 6.00 Z: 5.00 @ http://localhost:3000/_next/static/chunks/0-ynv9eqilv7x.js:0
[    7044ms] [LOG] Player X: 0.00 Y: 6.00 Z: 5.00 @ http://localhost:3000/_next/static/chunks/0-ynv9eqilv7x.js:0
[    7048ms] [LOG] Player X: 0.00 Y: 6.00 Z: 5.00 @ http://localhost:3000/_next/static/chunks/0-ynv9eqilv7x.js:0
[    7051ms] [LOG] Player X: 0.00 Y: 6.00 Z: 5.00 @ http://localhost:3000/_next/static/chunks/0-ynv9eqilv7x.js:0
[    7055ms] [LOG] Player X: 0.00 Y: 6.00 Z: 5.00 @ http://localhost:3000/_next/static/chunks/0-ynv9eqilv7x.js:0
[    7058ms] [LOG] Player X: 0.00 Y: 6.00 Z: 5.00 @ http://localhost:3000/_next/static/chunks/0-ynv9eqilv7x.js:0
[    7061ms] [LOG] Player X: 0.00 Y: 6.00 Z: 5.00 @ http://localhost:3000/_next/static/chunks/0-ynv9eqilv7x.js:0
[    7065ms] [LOG] Player X: 0.00 Y: 6.00 Z: 5.00 @ http://localhost:3000/_next/static/chunks/0-ynv9eqilv7x.js:0
[    7068ms] [LOG] Player X: 0.00 Y: 6.00 Z: 5.00 @ http://localhost:3000/_next/static/chunks/0-ynv9eqilv7x.js:0
[    7071ms] [LOG] Player X: 0.00 Y: 6.00 Z: 5.00 @ http://localhost:3000/_next/static/chunks/0-ynv9eqilv7x.js:0
[    7074ms] [LOG] Player X: 0.00 Y: 6.00 Z: 5.00 @ http://localhost:3000/_next/static/chunks/0-ynv9eqilv7x.js:0
[    7078ms] [LOG] Player X: 0.00 Y: 6.00 Z: 5.00 @ http://localhost:3000/_next/static/chunks/0-ynv9eqilv7x.js:0
[    7081ms] [LOG] Player X: 0.00 Y: 6.00 Z: 5.00 @ http://localhost:3000/_next/static/chunks/0-ynv9eqilv7x.js:0
[    7084ms] [LOG] Player X: 0.00 Y: 6.00 Z: 5.00 @ http://localhost:3000/_next/static/chunks/0-ynv9eqilv7x.js:0
[    7088ms] [LOG] Player X: 0.00 Y: 6.00 Z: 5.00 @ http://localhost:3000/_next/static/chunks/0-ynv9eqilv7x.js:0
[    7091ms] [LOG] Player X: 0.00 Y: 6.00 Z: 5.00 @ http://localhost:3000/_next/static/chunks/0-ynv9eqilv7x.js:0
[    7094ms] [LOG] Player X: 0.00 Y: 6.00 Z: 5.00 @ http://localhost:3000/_next/static/chunks/0-ynv9eqilv7x.js:0
[    7098ms] [LOG] Player X: 0.00 Y: 6.00 Z: 5.00 @ http://localhost:3000/_next/static/chunks/0-ynv9eqilv7x.js:0
[    7101ms] [LOG] Player X: 0.00 Y: 6.00 Z: 5.00 @ http://localhost:3000/_next/static/chunks/0-ynv9eqilv7x.js:0
[    7104ms] [LOG] Player X: 0.00 Y: 6.00 Z: 5.00 @ http://localhost:3000/_next/static/chunks/0-ynv9eqilv7x.js:0
[    7108ms] [LOG] Player X: 0.00 Y: 6.00 Z: 5.00 @ http://localhost:3000/_next/static/chunks/0-ynv9eqilv7x.js:0
[    7111ms] [LOG] Player X: 0.00 Y: 6.00 Z: 5.00 @ http://localhost:3000/_next/static/chunks/0-ynv9eqilv7x.js:0
[    7114ms] [LOG] Player X: 0.00 Y: 6.00 Z: 5.00 @ http://localhost:3000/_next/static/chunks/0-ynv9eqilv7x.js:0
[    7118ms] [LOG] Player X: 0.00 Y: 6.00 Z: 5.00 @ http://localhost:3000/_next/static/chunks/0-ynv9eqilv7x.js:0
[    7121ms] [LOG] Player X: 0.00 Y: 6.00 Z: 5.00 @ http://localhost:3000/_next/static/chunks/0-ynv9eqilv7x.js:0
[    7124ms] [LOG] Player X: 0.00 Y: 6.00 Z: 5.00 @ http://localhost:3000/_next/static/chunks/0-ynv9eqilv7x.js:0
[    7128ms] [LOG] Player X: 0.00 Y: 6.00 Z: 5.00 @ http://localhost:3000/_next/static/chunks/0-ynv9eqilv7x.js:0
[    7131ms] [LOG] Player X: 0.00 Y: 6.00 Z: 5.00 @ http://localhost:3000/_next/static/chunks/0-ynv9eqilv7x.js:0
[    7134ms] [LOG] Player X: 0.00 Y: 6.00 Z: 5.00 @ http://localhost:3000/_next/static/chunks/0-ynv9eqilv7x.js:0
[    7138ms] [LOG] Player X: 0.00 Y: 6.00 Z: 5.00 @ http://localhost:3000/_next/static/chunks/0-ynv9eqilv7x.js:0
[    7141ms] [LOG] Player X: 0.00 Y: 6.00 Z: 5.00 @ http://localhost:3000/_next/static/chunks/0-ynv9eqilv7x.js:0
[    7144ms] [LOG] Player X: 0.00 Y: 6.00 Z: 5.00 @ http://localhost:3000/_next/static/chunks/0-ynv9eqilv7x.js:0
[    7148ms] [LOG] Player X: 0.00 Y: 6.00 Z: 5.00 @ http://localhost:3000/_next/static/chunks/0-ynv9eqilv7x.js:0
[    7151ms] [LOG] Player X: 0.00 Y: 6.00 Z: 5.00 @ http://localhost:3000/_next/static/chunks/0-ynv9eqilv7x.js:0
[    7154ms] [LOG] Player X: 0.00 Y: 6.00 Z: 5.00 @ http://localhost:3000/_next/static/chunks/0-ynv9eqilv7x.js:0
[    7158ms] [LOG] Player X: 0.00 Y: 6.00 Z: 5.00 @ http://localhost:3000/_next/static/chunks/0-ynv9eqilv7x.js:0
[    7161ms] [LOG] Player X: 0.00 Y: 6.00 Z: 5.00 @ http://localhost:3000/_next/static/chunks/0-ynv9eqilv7x.js:0
[    7164ms] [LOG] Player X: 0.00 Y: 6.00 Z: 5.00 @ http://localhost:3000/_next/static/chunks/0-ynv9eqilv7x.js:0
[    7168ms] [LOG] Player X: 0.00 Y: 6.00 Z: 5.00 @ http://localhost:3000/_next/static/chunks/0-ynv9eqilv7x.js:0
[    7171ms] [LOG] Player X: 0.00 Y: 6.00 Z: 5.00 @ http://localhost:3000/_next/static/chunks/0-ynv9eqilv7x.js:0
[    7174ms] [LOG] Player X: 0.00 Y: 6.00 Z: 5.00 @ http://localhost:3000/_next/static/chunks/0-ynv9eqilv7x.js:0
[    7178ms] [LOG] Player X: 0.00 Y: 6.00 Z: 5.00 @ http://localhost:3000/_next/static/chunks/0-ynv9eqilv7x.js:0
[    7181ms] [LOG] Player X: 0.00 Y: 6.00 Z: 5.00 @ http://localhost:3000/_next/static/chunks/0-ynv9eqilv7x.js:0
[    7184ms] [LOG] Player X: 0.00 Y: 6.00 Z: 5.00 @ http://localhost:3000/_next/static/chunks/0-ynv9eqilv7x.js:0
[    7188ms] [LOG] Player X: 0.00 Y: 6.00 Z: 5.00 @ http://localhost:3000/_next/static/chunks/0-ynv9eqilv7x.js:0
[    7191ms] [LOG] Player X: 0.00 Y: 6.00 Z: 5.00 @ http://localhost:3000/_next/static/chunks/0-ynv9eqilv7x.js:0
[    7194ms] [LOG] Player X: 0.00 Y: 6.00 Z: 5.00 @ http://localhost:3000/_next/static/chunks/0-ynv9eqilv7x.js:0
[    7198ms] [LOG] Player X: 0.00 Y: 6.00 Z: 5.00 @ http://localhost:3000/_next/static/chunks/0-ynv9eqilv7x.js:0
[    7201ms] [LOG] Player X: 0.00 Y: 6.00 Z: 5.00 @ http://localhost:3000/_next/static/chunks/0-ynv9eqilv7x.js:0
[    7204ms] [LOG] Player X: 0.00 Y: 6.00 Z: 5.00 @ http://localhost:3000/_next/static/chunks/0-ynv9eqilv7x.js:0
[    7208ms] [LOG] Player X: 0.00 Y: 6.00 Z: 5.00 @ http://localhost:3000/_next/static/chunks/0-ynv9eqilv7x.js:0
[    7211ms] [LOG] Player X: 0.00 Y: 6.00 Z: 5.00 @ http://localhost:3000/_next/static/chunks/0-ynv9eqilv7x.js:0
[    7214ms] [LOG] Player X: 0.00 Y: 6.00 Z: 5.00 @ http://localhost:3000/_next/static/chunks/0-ynv9eqilv7x.js:0
[    7218ms] [LOG] Player X: 0.00 Y: 6.00 Z: 5.00 @ http://localhost:3000/_next/static/chunks/0-ynv9eqilv7x.js:0
[    7221ms] [LOG] Player X: 0.00 Y: 6.00 Z: 5.00 @ http://localhost:3000/_next/static/chunks/0-ynv9eqilv7x.js:0
[    7224ms] [LOG] Player X: 0.00 Y: 6.00 Z: 5.00 @ http://localhost:3000/_next/static/chunks/0-ynv9eqilv7x.js:0
[    7228ms] [LOG] Player X: 0.00 Y: 6.00 Z: 5.00 @ http://localhost:3000/_next/static/chunks/0-ynv9eqilv7x.js:0
[    7231ms] [LOG] Player X: 0.00 Y: 6.00 Z: 5.00 @ http://localhost:3000/_next/static/chunks/0-ynv9eqilv7x.js:0
[    7235ms] [LOG] Player X: 0.00 Y: 6.00 Z: 5.00 @ http://localhost:3000/_next/static/chunks/0-ynv9eqilv7x.js:0
[    7238ms] [LOG] Player X: 0.00 Y: 6.00 Z: 5.00 @ http://localhost:3000/_next/static/chunks/0-ynv9eqilv7x.js:0
[    7241ms] [LOG] Player X: 0.00 Y: 6.00 Z: 5.00 @ http://localhost:3000/_next/static/chunks/0-ynv9eqilv7x.js:0
[    7244ms] [LOG] Player X: 0.00 Y: 6.00 Z: 5.00 @ http://localhost:3000/_next/static/chunks/0-ynv9eqilv7x.js:0
[    7248ms] [LOG] Player X: 0.00 Y: 6.00 Z: 5.00 @ http://localhost:3000/_next/static/chunks/0-ynv9eqilv7x.js:0
[    7251ms] [LOG] Player X: 0.00 Y: 6.00 Z: 5.00 @ http://localhost:3000/_next/static/chunks/0-ynv9eqilv7x.js:0
[    7254ms] [LOG] Player X: 0.00 Y: 6.00 Z: 5.00 @ http://localhost:3000/_next/static/chunks/0-ynv9eqilv7x.js:0
[    7258ms] [LOG] Player X: 0.00 Y: 6.00 Z: 5.00 @ http://localhost:3000/_next/static/chunks/0-ynv9eqilv7x.js:0
[    7261ms] [LOG] Player X: 0.00 Y: 6.00 Z: 5.00 @ http://localhost:3000/_next/static/chunks/0-ynv9eqilv7x.js:0
[    7264ms] [LOG] Player X: 0.00 Y: 6.00 Z: 5.00 @ http://localhost:3000/_next/static/chunks/0-ynv9eqilv7x.js:0
[    7268ms] [LOG] Player X: 0.00 Y: 6.00 Z: 5.00 @ http://localhost:3000/_next/static/chunks/0-ynv9eqilv7x.js:0
[    7271ms] [LOG] Player X: 0.00 Y: 6.00 Z: 5.00 @ http://localhost:3000/_next/static/chunks/0-ynv9eqilv7x.js:0
[    7274ms] [LOG] Player X: 0.00 Y: 6.00 Z: 5.00 @ http://localhost:3000/_next/static/chunks/0-ynv9eqilv7x.js:0
[    7278ms] [LOG] Player X: 0.00 Y: 6.00 Z: 5.00 @ http://localhost:3000/_next/static/chunks/0-ynv9eqilv7x.js:0
[    7281ms] [LOG] Player X: 0.00 Y: 6.00 Z: 5.00 @ http://localhost:3000/_next/static/chunks/0-ynv9eqilv7x.js:0
[    7284ms] [LOG] Player X: 0.00 Y: 6.00 Z: 5.00 @ http://localhost:3000/_next/static/chunks/0-ynv9eqilv7x.js:0
[    7288ms] [LOG] Player X: 0.00 Y: 6.00 Z: 5.00 @ http://localhost:3000/_next/static/chunks/0-ynv9eqilv7x.js:0
[    7291ms] [LOG] Player X: 0.00 Y: 6.00 Z: 5.00 @ http://localhost:3000/_next/static/chunks/0-ynv9eqilv7x.js:0
[    7294ms] [LOG] Player X: 0.00 Y: 6.00 Z: 5.00 @ http://localhost:3000/_next/static/chunks/0-ynv9eqilv7x.js:0
[    7298ms] [LOG] Player X: 0.00 Y: 6.00 Z: 5.00 @ http://localhost:3000/_next/static/chunks/0-ynv9eqilv7x.js:0
[    7301ms] [LOG] Player X: 0.00 Y: 6.00 Z: 5.00 @ http://localhost:3000/_next/static/chunks/0-ynv9eqilv7x.js:0
[    7304ms] [LOG] Player X: 0.00 Y: 6.00 Z: 5.00 @ http://localhost:3000/_next/static/chunks/0-ynv9eqilv7x.js:0
[    7308ms] [LOG] Player X: 0.00 Y: 6.00 Z: 5.00 @ http://localhost:3000/_next/static/chunks/0-ynv9eqilv7x.js:0
[    7311ms] [LOG] Player X: 0.00 Y: 6.00 Z: 5.00 @ http://localhost:3000/_next/static/chunks/0-ynv9eqilv7x.js:0
[    7314ms] [LOG] Player X: 0.00 Y: 6.00 Z: 5.00 @ http://localhost:3000/_next/static/chunks/0-ynv9eqilv7x.js:0
[    7318ms] [LOG] Player X: 0.00 Y: 6.00 Z: 5.00 @ http://localhost:3000/_next/static/chunks/0-ynv9eqilv7x.js:0
[    7321ms] [LOG] Player X: 0.00 Y: 6.00 Z: 5.00 @ http://localhost:3000/_next/static/chunks/0-ynv9eqilv7x.js:0
[    7324ms] [LOG] Player X: 0.00 Y: 6.00 Z: 5.00 @ http://localhost:3000/_next/static/chunks/0-ynv9eqilv7x.js:0
[    7328ms] [LOG] Player X: 0.00 Y: 6.00 Z: 5.00 @ http://localhost:3000/_next/static/chunks/0-ynv9eqilv7x.js:0
[    7331ms] [LOG] Player X: 0.00 Y: 6.00 Z: 5.00 @ http://localhost:3000/_next/static/chunks/0-ynv9eqilv7x.js:0
[    7334ms] [LOG] Player X: 0.00 Y: 6.00 Z: 5.00 @ http://localhost:3000/_next/static/chunks/0-ynv9eqilv7x.js:0
[    7338ms] [LOG] Player X: 0.00 Y: 6.00 Z: 5.00 @ http://localhost:3000/_next/static/chunks/0-ynv9eqilv7x.js:0
[    7341ms] [LOG] Player X: 0.00 Y: 6.00 Z: 5.00 @ http://localhost:3000/_next/static/chunks/0-ynv9eqilv7x.js:0
[    7344ms] [LOG] Player X: 0.00 Y: 6.00 Z: 5.00 @ http://localhost:3000/_next/static/chunks/0-ynv9eqilv7x.js:0
[    7348ms] [LOG] Player X: 0.00 Y: 6.00 Z: 5.00 @ http://localhost:3000/_next/static/chunks/0-ynv9eqilv7x.js:0
[    7351ms] [LOG] Player X: 0.00 Y: 6.00 Z: 5.00 @ http://localhost:3000/_next/static/chunks/0-ynv9eqilv7x.js:0
[    7354ms] [LOG] Player X: 0.00 Y: 6.00 Z: 5.00 @ http://localhost:3000/_next/static/chunks/0-ynv9eqilv7x.js:0
[    7358ms] [LOG] Player X: 0.00 Y: 6.00 Z: 5.00 @ http://localhost:3000/_next/static/chunks/0-ynv9eqilv7x.js:0
[    7361ms] [LOG] Player X: 0.00 Y: 6.00 Z: 5.00 @ http://localhost:3000/_next/static/chunks/0-ynv9eqilv7x.js:0
[    7364ms] [LOG] Player X: 0.00 Y: 6.00 Z: 5.00 @ http://localhost:3000/_next/static/chunks/0-ynv9eqilv7x.js:0
[    7368ms] [LOG] Player X: 0.00 Y: 6.00 Z: 5.00 @ http://localhost:3000/_next/static/chunks/0-ynv9eqilv7x.js:0
[    7371ms] [LOG] Player X: 0.00 Y: 6.00 Z: 5.00 @ http://localhost:3000/_next/static/chunks/0-ynv9eqilv7x.js:0
[    7374ms] [LOG] Player X: 0.00 Y: 6.00 Z: 5.00 @ http://localhost:3000/_next/static/chunks/0-ynv9eqilv7x.js:0
[    7378ms] [LOG] Player X: 0.00 Y: 6.00 Z: 5.00 @ http://localhost:3000/_next/static/chunks/0-ynv9eqilv7x.js:0
[    7381ms] [LOG] Player X: 0.00 Y: 6.00 Z: 5.00 @ http://localhost:3000/_next/static/chunks/0-ynv9eqilv7x.js:0
[    7385ms] [LOG] Player X: 0.00 Y: 6.00 Z: 5.00 @ http://localhost:3000/_next/static/chunks/0-ynv9eqilv7x.js:0
[    7388ms] [LOG] Player X: 0.00 Y: 6.00 Z: 5.00 @ http://localhost:3000/_next/static/chunks/0-ynv9eqilv7x.js:0
[    7391ms] [LOG] Player X: 0.00 Y: 6.00 Z: 5.00 @ http://localhost:3000/_next/static/chunks/0-ynv9eqilv7x.js:0
[    7394ms] [LOG] Player X: 0.00 Y: 6.00 Z: 5.00 @ http://localhost:3000/_next/static/chunks/0-ynv9eqilv7x.js:0
[    7398ms] [LOG] Player X: 0.00 Y: 6.00 Z: 5.00 @ http://localhost:3000/_next/static/chunks/0-ynv9eqilv7x.js:0
[    7401ms] [LOG] Player X: 0.00 Y: 6.00 Z: 5.00 @ http://localhost:3000/_next/static/chunks/0-ynv9eqilv7x.js:0
[    7404ms] [LOG] Player X: 0.00 Y: 6.00 Z: 5.00 @ http://localhost:3000/_next/static/chunks/0-ynv9eqilv7x.js:0
[    7408ms] [LOG] Player X: 0.00 Y: 6.00 Z: 5.00 @ http://localhost:3000/_next/static/chunks/0-ynv9eqilv7x.js:0
[    7411ms] [LOG] Player X: 0.00 Y: 6.00 Z: 5.00 @ http://localhost:3000/_next/static/chunks/0-ynv9eqilv7x.js:0
[    7414ms] [LOG] Player X: 0.00 Y: 6.00 Z: 5.00 @ http://localhost:3000/_next/static/chunks/0-ynv9eqilv7x.js:0
[    7418ms] [LOG] Player X: 0.00 Y: 6.00 Z: 5.00 @ http://localhost:3000/_next/static/chunks/0-ynv9eqilv7x.js:0
[    7421ms] [LOG] Player X: 0.00 Y: 6.00 Z: 5.00 @ http://localhost:3000/_next/static/chunks/0-ynv9eqilv7x.js:0
[    7425ms] [LOG] Player X: 0.00 Y: 6.00 Z: 5.00 @ http://localhost:3000/_next/static/chunks/0-ynv9eqilv7x.js:0
[    7428ms] [LOG] Player X: 0.00 Y: 6.00 Z: 5.00 @ http://localhost:3000/_next/static/chunks/0-ynv9eqilv7x.js:0
[    7431ms] [LOG] Player X: 0.00 Y: 6.00 Z: 5.00 @ http://localhost:3000/_next/static/chunks/0-ynv9eqilv7x.js:0
[    7435ms] [LOG] Player X: 0.00 Y: 6.00 Z: 5.00 @ http://localhost:3000/_next/static/chunks/0-ynv9eqilv7x.js:0
[    7438ms] [LOG] Player X: 0.00 Y: 6.00 Z: 5.00 @ http://localhost:3000/_next/static/chunks/0-ynv9eqilv7x.js:0
[    7441ms] [LOG] Player X: 0.00 Y: 6.00 Z: 5.00 @ http://localhost:3000/_next/static/chunks/0-ynv9eqilv7x.js:0
[    7445ms] [LOG] Player X: 0.00 Y: 6.00 Z: 5.00 @ http://localhost:3000/_next/static/chunks/0-ynv9eqilv7x.js:0
[    7448ms] [LOG] Player X: 0.00 Y: 6.00 Z: 5.00 @ http://localhost:3000/_next/static/chunks/0-ynv9eqilv7x.js:0
[    7451ms] [LOG] Player X: 0.00 Y: 6.00 Z: 5.00 @ http://localhost:3000/_next/static/chunks/0-ynv9eqilv7x.js:0
[    7455ms] [LOG] Player X: 0.00 Y: 6.00 Z: 5.00 @ http://localhost:3000/_next/static/chunks/0-ynv9eqilv7x.js:0
[    7458ms] [LOG] Player X: 0.00 Y: 6.00 Z: 5.00 @ http://localhost:3000/_next/static/chunks/0-ynv9eqilv7x.js:0
[    7461ms] [LOG] Player X: 0.00 Y: 6.00 Z: 5.00 @ http://localhost:3000/_next/static/chunks/0-ynv9eqilv7x.js:0
[    7465ms] [LOG] Player X: 0.00 Y: 6.00 Z: 5.00 @ http://localhost:3000/_next/static/chunks/0-ynv9eqilv7x.js:0
[    7468ms] [LOG] Player X: 0.00 Y: 6.00 Z: 5.00 @ http://localhost:3000/_next/static/chunks/0-ynv9eqilv7x.js:0
[    7471ms] [LOG] Player X: 0.00 Y: 6.00 Z: 5.00 @ http://localhost:3000/_next/static/chunks/0-ynv9eqilv7x.js:0
[    7475ms] [LOG] Player X: 0.00 Y: 6.00 Z: 5.00 @ http://localhost:3000/_next/static/chunks/0-ynv9eqilv7x.js:0
[    7478ms] [LOG] Player X: 0.00 Y: 6.00 Z: 5.00 @ http://localhost:3000/_next/static/chunks/0-ynv9eqilv7x.js:0
[    7481ms] [LOG] Player X: 0.00 Y: 6.00 Z: 5.00 @ http://localhost:3000/_next/static/chunks/0-ynv9eqilv7x.js:0
[    7485ms] [LOG] Player X: 0.00 Y: 6.00 Z: 5.00 @ http://localhost:3000/_next/static/chunks/0-ynv9eqilv7x.js:0
[    7488ms] [LOG] Player X: 0.00 Y: 6.00 Z: 5.00 @ http://localhost:3000/_next/static/chunks/0-ynv9eqilv7x.js:0
[    7491ms] [LOG] Player X: 0.00 Y: 6.00 Z: 5.00 @ http://localhost:3000/_next/static/chunks/0-ynv9eqilv7x.js:0
[    7495ms] [LOG] Player X: 0.00 Y: 6.00 Z: 5.00 @ http://localhost:3000/_next/static/chunks/0-ynv9eqilv7x.js:0
[    7498ms] [LOG] Player X: 0.00 Y: 6.00 Z: 5.00 @ http://localhost:3000/_next/static/chunks/0-ynv9eqilv7x.js:0
[    7501ms] [LOG] Player X: 0.00 Y: 6.00 Z: 5.00 @ http://localhost:3000/_next/static/chunks/0-ynv9eqilv7x.js:0
[    7505ms] [LOG] Player X: 0.00 Y: 6.00 Z: 5.00 @ http://localhost:3000/_next/static/chunks/0-ynv9eqilv7x.js:0
[    7508ms] [LOG] Player X: 0.00 Y: 6.00 Z: 5.00 @ http://localhost:3000/_next/static/chunks/0-ynv9eqilv7x.js:0
[    7511ms] [LOG] Player X: 0.00 Y: 6.00 Z: 5.00 @ http://localhost:3000/_next/static/chunks/0-ynv9eqilv7x.js:0
[    7515ms] [LOG] Player X: 0.00 Y: 6.00 Z: 5.00 @ http://localhost:3000/_next/static/chunks/0-ynv9eqilv7x.js:0
[    7518ms] [LOG] Player X: 0.00 Y: 6.00 Z: 5.00 @ http://localhost:3000/_next/static/chunks/0-ynv9eqilv7x.js:0
[    7522ms] [LOG] Player X: 0.00 Y: 6.00 Z: 5.00 @ http://localhost:3000/_next/static/chunks/0-ynv9eqilv7x.js:0
[    7525ms] [LOG] Player X: 0.00 Y: 6.00 Z: 5.00 @ http://localhost:3000/_next/static/chunks/0-ynv9eqilv7x.js:0
[    7528ms] [LOG] Player X: 0.00 Y: 6.00 Z: 5.00 @ http://localhost:3000/_next/static/chunks/0-ynv9eqilv7x.js:0
[    7531ms] [LOG] Player X: 0.00 Y: 6.00 Z: 5.00 @ http://localhost:3000/_next/static/chunks/0-ynv9eqilv7x.js:0
[    7535ms] [LOG] Player X: 0.00 Y: 6.00 Z: 5.00 @ http://localhost:3000/_next/static/chunks/0-ynv9eqilv7x.js:0
[    7538ms] [LOG] Player X: 0.00 Y: 6.00 Z: 5.00 @ http://localhost:3000/_next/static/chunks/0-ynv9eqilv7x.js:0
[    7541ms] [LOG] Player X: 0.00 Y: 6.00 Z: 5.00 @ http://localhost:3000/_next/static/chunks/0-ynv9eqilv7x.js:0
[    7545ms] [LOG] Player X: 0.00 Y: 6.00 Z: 5.00 @ http://localhost:3000/_next/static/chunks/0-ynv9eqilv7x.js:0
[    7548ms] [LOG] Player X: 0.00 Y: 6.00 Z: 5.00 @ http://localhost:3000/_next/static/chunks/0-ynv9eqilv7x.js:0
[    7551ms] [LOG] Player X: 0.00 Y: 6.00 Z: 5.00 @ http://localhost:3000/_next/static/chunks/0-ynv9eqilv7x.js:0
[    7555ms] [LOG] Player X: 0.00 Y: 6.00 Z: 5.00 @ http://localhost:3000/_next/static/chunks/0-ynv9eqilv7x.js:0
[    7558ms] [LOG] Player X: 0.00 Y: 6.00 Z: 5.00 @ http://localhost:3000/_next/static/chunks/0-ynv9eqilv7x.js:0
[    7561ms] [LOG] Player X: 0.00 Y: 6.00 Z: 5.00 @ http://localhost:3000/_next/static/chunks/0-ynv9eqilv7x.js:0
[    7565ms] [LOG] Player X: 0.00 Y: 6.00 Z: 5.00 @ http://localhost:3000/_next/static/chunks/0-ynv9eqilv7x.js:0
[    7568ms] [LOG] Player X: 0.00 Y: 6.00 Z: 5.00 @ http://localhost:3000/_next/static/chunks/0-ynv9eqilv7x.js:0
[    7571ms] [LOG] Player X: 0.00 Y: 6.00 Z: 5.00 @ http://localhost:3000/_next/static/chunks/0-ynv9eqilv7x.js:0
[    7575ms] [LOG] Player X: 0.00 Y: 6.00 Z: 5.00 @ http://localhost:3000/_next/static/chunks/0-ynv9eqilv7x.js:0
[    7578ms] [LOG] Player X: 0.00 Y: 6.00 Z: 5.00 @ http://localhost:3000/_next/static/chunks/0-ynv9eqilv7x.js:0
[    7581ms] [LOG] Player X: 0.00 Y: 6.00 Z: 5.00 @ http://localhost:3000/_next/static/chunks/0-ynv9eqilv7x.js:0
[    7585ms] [LOG] Player X: 0.00 Y: 6.00 Z: 5.00 @ http://localhost:3000/_next/static/chunks/0-ynv9eqilv7x.js:0
[    7588ms] [LOG] Player X: 0.00 Y: 6.00 Z: 5.00 @ http://localhost:3000/_next/static/chunks/0-ynv9eqilv7x.js:0
[    7591ms] [LOG] Player X: 0.00 Y: 6.00 Z: 5.00 @ http://localhost:3000/_next/static/chunks/0-ynv9eqilv7x.js:0
[    7595ms] [LOG] Player X: 0.00 Y: 6.00 Z: 5.00 @ http://localhost:3000/_next/static/chunks/0-ynv9eqilv7x.js:0
[    7598ms] [LOG] Player X: 0.00 Y: 6.00 Z: 5.00 @ http://localhost:3000/_next/static/chunks/0-ynv9eqilv7x.js:0
[    7601ms] [LOG] Player X: 0.00 Y: 6.00 Z: 5.00 @ http://localhost:3000/_next/static/chunks/0-ynv9eqilv7x.js:0
[    7605ms] [LOG] Player X: 0.00 Y: 6.00 Z: 5.00 @ http://localhost:3000/_next/static/chunks/0-ynv9eqilv7x.js:0
[    7608ms] [LOG] Player X: 0.00 Y: 6.00 Z: 5.00 @ http://localhost:3000/_next/static/chunks/0-ynv9eqilv7x.js:0
[    7611ms] [LOG] Player X: 0.00 Y: 6.00 Z: 5.00 @ http://localhost:3000/_next/static/chunks/0-ynv9eqilv7x.js:0
[    7614ms] [LOG] Player X: 0.00 Y: 6.00 Z: 5.00 @ http://localhost:3000/_next/static/chunks/0-ynv9eqilv7x.js:0
[    7618ms] [LOG] Player X: 0.00 Y: 6.00 Z: 5.00 @ http://localhost:3000/_next/static/chunks/0-ynv9eqilv7x.js:0
[    7621ms] [LOG] Player X: 0.00 Y: 6.00 Z: 5.00 @ http://localhost:3000/_next/static/chunks/0-ynv9eqilv7x.js:0
[    7624ms] [LOG] Player X: 0.00 Y: 6.00 Z: 5.00 @ http://localhost:3000/_next/static/chunks/0-ynv9eqilv7x.js:0
[    7628ms] [LOG] Player X: 0.00 Y: 6.00 Z: 5.00 @ http://localhost:3000/_next/static/chunks/0-ynv9eqilv7x.js:0
[    7631ms] [LOG] Player X: 0.00 Y: 6.00 Z: 5.00 @ http://localhost:3000/_next/static/chunks/0-ynv9eqilv7x.js:0
[    7635ms] [LOG] Player X: 0.00 Y: 6.00 Z: 5.00 @ http://localhost:3000/_next/static/chunks/0-ynv9eqilv7x.js:0
[    7638ms] [LOG] Player X: 0.00 Y: 6.00 Z: 5.00 @ http://localhost:3000/_next/static/chunks/0-ynv9eqilv7x.js:0
[    7641ms] [LOG] Player X: 0.00 Y: 6.00 Z: 5.00 @ http://localhost:3000/_next/static/chunks/0-ynv9eqilv7x.js:0
[    7645ms] [LOG] Player X: 0.00 Y: 6.00 Z: 5.00 @ http://localhost:3000/_next/static/chunks/0-ynv9eqilv7x.js:0
[    7648ms] [LOG] Player X: 0.00 Y: 6.00 Z: 5.00 @ http://localhost:3000/_next/static/chunks/0-ynv9eqilv7x.js:0
[    7651ms] [LOG] Player X: 0.00 Y: 6.00 Z: 5.00 @ http://localhost:3000/_next/static/chunks/0-ynv9eqilv7x.js:0
[    7655ms] [LOG] Player X: 0.00 Y: 6.00 Z: 5.00 @ http://localhost:3000/_next/static/chunks/0-ynv9eqilv7x.js:0
[    7658ms] [LOG] Player X: 0.00 Y: 6.00 Z: 5.00 @ http://localhost:3000/_next/static/chunks/0-ynv9eqilv7x.js:0
[    7661ms] [LOG] Player X: 0.00 Y: 6.00 Z: 5.00 @ http://localhost:3000/_next/static/chunks/0-ynv9eqilv7x.js:0
[    7665ms] [LOG] Player X: 0.00 Y: 6.00 Z: 5.00 @ http://localhost:3000/_next/static/chunks/0-ynv9eqilv7x.js:0
[    7668ms] [LOG] Player X: 0.00 Y: 6.00 Z: 5.00 @ http://localhost:3000/_next/static/chunks/0-ynv9eqilv7x.js:0
[    7671ms] [LOG] Player X: 0.00 Y: 6.00 Z: 5.00 @ http://localhost:3000/_next/static/chunks/0-ynv9eqilv7x.js:0
[    7675ms] [LOG] Player X: 0.00 Y: 6.00 Z: 5.00 @ http://localhost:3000/_next/static/chunks/0-ynv9eqilv7x.js:0
[    7678ms] [LOG] Player X: 0.00 Y: 6.00 Z: 5.00 @ http://localhost:3000/_next/static/chunks/0-ynv9eqilv7x.js:0
[    7681ms] [LOG] Player X: 0.00 Y: 6.00 Z: 5.00 @ http://localhost:3000/_next/static/chunks/0-ynv9eqilv7x.js:0
[    7685ms] [LOG] Player X: 0.00 Y: 6.00 Z: 5.00 @ http://localhost:3000/_next/static/chunks/0-ynv9eqilv7x.js:0
[    7688ms] [LOG] Player X: 0.00 Y: 6.00 Z: 5.00 @ http://localhost:3000/_next/static/chunks/0-ynv9eqilv7x.js:0
[    7691ms] [LOG] Player X: 0.00 Y: 6.00 Z: 5.00 @ http://localhost:3000/_next/static/chunks/0-ynv9eqilv7x.js:0
[    7694ms] [LOG] Player X: 0.00 Y: 6.00 Z: 5.00 @ http://localhost:3000/_next/static/chunks/0-ynv9eqilv7x.js:0
[    7698ms] [LOG] Player X: 0.00 Y: 6.00 Z: 5.00 @ http://localhost:3000/_next/static/chunks/0-ynv9eqilv7x.js:0
[    7701ms] [LOG] Player X: 0.00 Y: 6.00 Z: 5.00 @ http://localhost:3000/_next/static/chunks/0-ynv9eqilv7x.js:0
[    7704ms] [LOG] Player X: 0.00 Y: 6.00 Z: 5.00 @ http://localhost:3000/_next/static/chunks/0-ynv9eqilv7x.js:0
[    7708ms] [LOG] Player X: 0.00 Y: 6.00 Z: 5.00 @ http://localhost:3000/_next/static/chunks/0-ynv9eqilv7x.js:0
[    7711ms] [LOG] Player X: 0.00 Y: 6.00 Z: 5.00 @ http://localhost:3000/_next/static/chunks/0-ynv9eqilv7x.js:0
[    7714ms] [LOG] Player X: 0.00 Y: 6.00 Z: 5.00 @ http://localhost:3000/_next/static/chunks/0-ynv9eqilv7x.js:0
[    7718ms] [LOG] Player X: 0.00 Y: 6.00 Z: 5.00 @ http://localhost:3000/_next/static/chunks/0-ynv9eqilv7x.js:0
[    7721ms] [LOG] Player X: 0.00 Y: 6.00 Z: 5.00 @ http://localhost:3000/_next/static/chunks/0-ynv9eqilv7x.js:0
[    7724ms] [LOG] Player X: 0.00 Y: 6.00 Z: 5.00 @ http://localhost:3000/_next/static/chunks/0-ynv9eqilv7x.js:0
[    7728ms] [LOG] Player X: 0.00 Y: 6.00 Z: 5.00 @ http://localhost:3000/_next/static/chunks/0-ynv9eqilv7x.js:0
[    7731ms] [LOG] Player X: 0.00 Y: 6.00 Z: 5.00 @ http://localhost:3000/_next/static/chunks/0-ynv9eqilv7x.js:0
[    7734ms] [LOG] Player X: 0.00 Y: 6.00 Z: 5.00 @ http://localhost:3000/_next/static/chunks/0-ynv9eqilv7x.js:0
[    7738ms] [LOG] Player X: 0.00 Y: 6.00 Z: 5.00 @ http://localhost:3000/_next/static/chunks/0-ynv9eqilv7x.js:0
[    7741ms] [LOG] Player X: 0.00 Y: 6.00 Z: 5.00 @ http://localhost:3000/_next/static/chunks/0-ynv9eqilv7x.js:0
[    7744ms] [LOG] Player X: 0.00 Y: 6.00 Z: 5.00 @ http://localhost:3000/_next/static/chunks/0-ynv9eqilv7x.js:0
[    7748ms] [LOG] Player X: 0.00 Y: 6.00 Z: 5.00 @ http://localhost:3000/_next/static/chunks/0-ynv9eqilv7x.js:0
[    7751ms] [LOG] Player X: 0.00 Y: 6.00 Z: 5.00 @ http://localhost:3000/_next/static/chunks/0-ynv9eqilv7x.js:0
[    7754ms] [LOG] Player X: 0.00 Y: 6.00 Z: 5.00 @ http://localhost:3000/_next/static/chunks/0-ynv9eqilv7x.js:0
[    7758ms] [LOG] Player X: 0.00 Y: 6.00 Z: 5.00 @ http://localhost:3000/_next/static/chunks/0-ynv9eqilv7x.js:0
[    7761ms] [LOG] Player X: 0.00 Y: 6.00 Z: 5.00 @ http://localhost:3000/_next/static/chunks/0-ynv9eqilv7x.js:0
[    7764ms] [LOG] Player X: 0.00 Y: 6.00 Z: 5.00 @ http://localhost:3000/_next/static/chunks/0-ynv9eqilv7x.js:0
[    7768ms] [LOG] Player X: 0.00 Y: 6.00 Z: 5.00 @ http://localhost:3000/_next/static/chunks/0-ynv9eqilv7x.js:0
[    7771ms] [LOG] Player X: 0.00 Y: 6.00 Z: 5.00 @ http://localhost:3000/_next/static/chunks/0-ynv9eqilv7x.js:0
[    7774ms] [LOG] Player X: 0.00 Y: 6.00 Z: 5.00 @ http://localhost:3000/_next/static/chunks/0-ynv9eqilv7x.js:0
[    7778ms] [LOG] Player X: 0.00 Y: 6.00 Z: 5.00 @ http://localhost:3000/_next/static/chunks/0-ynv9eqilv7x.js:0
[    7781ms] [LOG] Player X: 0.00 Y: 6.00 Z: 5.00 @ http://localhost:3000/_next/static/chunks/0-ynv9eqilv7x.js:0
[    7784ms] [LOG] Player X: 0.00 Y: 6.00 Z: 5.00 @ http://localhost:3000/_next/static/chunks/0-ynv9eqilv7x.js:0
[    7788ms] [LOG] Player X: 0.00 Y: 6.00 Z: 5.00 @ http://localhost:3000/_next/static/chunks/0-ynv9eqilv7x.js:0
[    7791ms] [LOG] Player X: 0.00 Y: 6.00 Z: 5.00 @ http://localhost:3000/_next/static/chunks/0-ynv9eqilv7x.js:0
[    7794ms] [LOG] Player X: 0.00 Y: 6.00 Z: 5.00 @ http://localhost:3000/_next/static/chunks/0-ynv9eqilv7x.js:0
[    7798ms] [LOG] Player X: 0.00 Y: 6.00 Z: 5.00 @ http://localhost:3000/_next/static/chunks/0-ynv9eqilv7x.js:0
[    7801ms] [LOG] Player X: 0.00 Y: 6.00 Z: 5.00 @ http://localhost:3000/_next/static/chunks/0-ynv9eqilv7x.js:0
[    7804ms] [LOG] Player X: 0.00 Y: 6.00 Z: 5.00 @ http://localhost:3000/_next/static/chunks/0-ynv9eqilv7x.js:0
[    7808ms] [LOG] Player X: 0.00 Y: 6.00 Z: 5.00 @ http://localhost:3000/_next/static/chunks/0-ynv9eqilv7x.js:0
[    7811ms] [LOG] Player X: 0.00 Y: 6.00 Z: 5.00 @ http://localhost:3000/_next/static/chunks/0-ynv9eqilv7x.js:0
[    7814ms] [LOG] Player X: 0.00 Y: 6.00 Z: 5.00 @ http://localhost:3000/_next/static/chunks/0-ynv9eqilv7x.js:0
[    7818ms] [LOG] Player X: 0.00 Y: 6.00 Z: 5.00 @ http://localhost:3000/_next/static/chunks/0-ynv9eqilv7x.js:0
[    7821ms] [LOG] Player X: 0.00 Y: 6.00 Z: 5.00 @ http://localhost:3000/_next/static/chunks/0-ynv9eqilv7x.js:0
[    7824ms] [LOG] Player X: 0.00 Y: 6.00 Z: 5.00 @ http://localhost:3000/_next/static/chunks/0-ynv9eqilv7x.js:0
[    7828ms] [LOG] Player X: 0.00 Y: 6.00 Z: 5.00 @ http://localhost:3000/_next/static/chunks/0-ynv9eqilv7x.js:0
[    7831ms] [LOG] Player X: 0.00 Y: 6.00 Z: 5.00 @ http://localhost:3000/_next/static/chunks/0-ynv9eqilv7x.js:0
[    7834ms] [LOG] Player X: 0.00 Y: 6.00 Z: 5.00 @ http://localhost:3000/_next/static/chunks/0-ynv9eqilv7x.js:0
[    7838ms] [LOG] Player X: 0.00 Y: 6.00 Z: 5.00 @ http://localhost:3000/_next/static/chunks/0-ynv9eqilv7x.js:0
[    7841ms] [LOG] Player X: 0.00 Y: 6.00 Z: 5.00 @ http://localhost:3000/_next/static/chunks/0-ynv9eqilv7x.js:0
[    7844ms] [LOG] Player X: 0.00 Y: 6.00 Z: 5.00 @ http://localhost:3000/_next/static/chunks/0-ynv9eqilv7x.js:0
[    7848ms] [LOG] Player X: 0.00 Y: 6.00 Z: 5.00 @ http://localhost:3000/_next/static/chunks/0-ynv9eqilv7x.js:0
[    7851ms] [LOG] Player X: 0.00 Y: 6.00 Z: 5.00 @ http://localhost:3000/_next/static/chunks/0-ynv9eqilv7x.js:0
[    7854ms] [LOG] Player X: 0.00 Y: 6.00 Z: 5.00 @ http://localhost:3000/_next/static/chunks/0-ynv9eqilv7x.js:0
[    7858ms] [LOG] Player X: 0.00 Y: 6.00 Z: 5.00 @ http://localhost:3000/_next/static/chunks/0-ynv9eqilv7x.js:0
[    7861ms] [LOG] Player X: 0.00 Y: 6.00 Z: 5.00 @ http://localhost:3000/_next/static/chunks/0-ynv9eqilv7x.js:0
[    7864ms] [LOG] Player X: 0.00 Y: 6.00 Z: 5.00 @ http://localhost:3000/_next/static/chunks/0-ynv9eqilv7x.js:0
[    7868ms] [LOG] Player X: 0.00 Y: 6.00 Z: 5.00 @ http://localhost:3000/_next/static/chunks/0-ynv9eqilv7x.js:0
[    7871ms] [LOG] Player X: 0.00 Y: 6.00 Z: 5.00 @ http://localhost:3000/_next/static/chunks/0-ynv9eqilv7x.js:0
[    7874ms] [LOG] Player X: 0.00 Y: 6.00 Z: 5.00 @ http://localhost:3000/_next/static/chunks/0-ynv9eqilv7x.js:0
[    7878ms] [LOG] Player X: 0.00 Y: 6.00 Z: 5.00 @ http://localhost:3000/_next/static/chunks/0-ynv9eqilv7x.js:0
[    7881ms] [LOG] Player X: 0.00 Y: 6.00 Z: 5.00 @ http://localhost:3000/_next/static/chunks/0-ynv9eqilv7x.js:0
[    7884ms] [LOG] Player X: 0.00 Y: 6.00 Z: 5.00 @ http://localhost:3000/_next/static/chunks/0-ynv9eqilv7x.js:0
[    7888ms] [LOG] Player X: 0.00 Y: 6.00 Z: 5.00 @ http://localhost:3000/_next/static/chunks/0-ynv9eqilv7x.js:0
[    7891ms] [LOG] Player X: 0.00 Y: 6.00 Z: 5.00 @ http://localhost:3000/_next/static/chunks/0-ynv9eqilv7x.js:0
[    7894ms] [LOG] Player X: 0.00 Y: 6.00 Z: 5.00 @ http://localhost:3000/_next/static/chunks/0-ynv9eqilv7x.js:0
[    7898ms] [LOG] Player X: 0.00 Y: 6.00 Z: 5.00 @ http://localhost:3000/_next/static/chunks/0-ynv9eqilv7x.js:0
[    7901ms] [LOG] Player X: 0.00 Y: 6.00 Z: 5.00 @ http://localhost:3000/_next/static/chunks/0-ynv9eqilv7x.js:0
[    7904ms] [LOG] Player X: 0.00 Y: 6.00 Z: 5.00 @ http://localhost:3000/_next/static/chunks/0-ynv9eqilv7x.js:0
[    7908ms] [LOG] Player X: 0.00 Y: 6.00 Z: 5.00 @ http://localhost:3000/_next/static/chunks/0-ynv9eqilv7x.js:0
[    7911ms] [LOG] Player X: 0.00 Y: 6.00 Z: 5.00 @ http://localhost:3000/_next/static/chunks/0-ynv9eqilv7x.js:0
[    7914ms] [LOG] Player X: 0.00 Y: 6.00 Z: 5.00 @ http://localhost:3000/_next/static/chunks/0-ynv9eqilv7x.js:0
[    7918ms] [LOG] Player X: 0.00 Y: 6.00 Z: 5.00 @ http://localhost:3000/_next/static/chunks/0-ynv9eqilv7x.js:0
[    7921ms] [LOG] Player X: 0.00 Y: 6.00 Z: 5.00 @ http://localhost:3000/_next/static/chunks/0-ynv9eqilv7x.js:0
[    7925ms] [LOG] Player X: 0.00 Y: 6.00 Z: 5.00 @ http://localhost:3000/_next/static/chunks/0-ynv9eqilv7x.js:0
[    7928ms] [LOG] Player X: 0.00 Y: 6.00 Z: 5.00 @ http://localhost:3000/_next/static/chunks/0-ynv9eqilv7x.js:0
[    7931ms] [LOG] Player X: 0.00 Y: 6.00 Z: 5.00 @ http://localhost:3000/_next/static/chunks/0-ynv9eqilv7x.js:0
[    7934ms] [LOG] Player X: 0.00 Y: 6.00 Z: 5.00 @ http://localhost:3000/_next/static/chunks/0-ynv9eqilv7x.js:0
[    7938ms] [LOG] Player X: 0.00 Y: 6.00 Z: 5.00 @ http://localhost:3000/_next/static/chunks/0-ynv9eqilv7x.js:0
[    7941ms] [LOG] Player X: 0.00 Y: 6.00 Z: 5.00 @ http://localhost:3000/_next/static/chunks/0-ynv9eqilv7x.js:0
[    7945ms] [LOG] Player X: 0.00 Y: 6.00 Z: 5.00 @ http://localhost:3000/_next/static/chunks/0-ynv9eqilv7x.js:0
[    7948ms] [LOG] Player X: 0.00 Y: 6.00 Z: 5.00 @ http://localhost:3000/_next/static/chunks/0-ynv9eqilv7x.js:0
[    7951ms] [LOG] Player X: 0.00 Y: 6.00 Z: 5.00 @ http://localhost:3000/_next/static/chunks/0-ynv9eqilv7x.js:0
[    7955ms] [LOG] Player X: 0.00 Y: 6.00 Z: 5.00 @ http://localhost:3000/_next/static/chunks/0-ynv9eqilv7x.js:0
[    7958ms] [LOG] Player X: 0.00 Y: 6.00 Z: 5.00 @ http://localhost:3000/_next/static/chunks/0-ynv9eqilv7x.js:0
[    7961ms] [LOG] Player X: 0.00 Y: 6.00 Z: 5.00 @ http://localhost:3000/_next/static/chunks/0-ynv9eqilv7x.js:0
[    7965ms] [LOG] Player X: 0.00 Y: 6.00 Z: 5.00 @ http://localhost:3000/_next/static/chunks/0-ynv9eqilv7x.js:0
[    7968ms] [LOG] Player X: 0.00 Y: 6.00 Z: 5.00 @ http://localhost:3000/_next/static/chunks/0-ynv9eqilv7x.js:0
[    7972ms] [LOG] Player X: 0.00 Y: 6.00 Z: 5.00 @ http://localhost:3000/_next/static/chunks/0-ynv9eqilv7x.js:0
[    7975ms] [LOG] Player X: 0.00 Y: 6.00 Z: 5.00 @ http://localhost:3000/_next/static/chunks/0-ynv9eqilv7x.js:0
[    7978ms] [LOG] Player X: 0.00 Y: 6.00 Z: 5.00 @ http://localhost:3000/_next/static/chunks/0-ynv9eqilv7x.js:0
[    7981ms] [LOG] Player X: 0.00 Y: 6.00 Z: 5.00 @ http://localhost:3000/_next/static/chunks/0-ynv9eqilv7x.js:0
[    7985ms] [LOG] Player X: 0.00 Y: 6.00 Z: 5.00 @ http://localhost:3000/_next/static/chunks/0-ynv9eqilv7x.js:0
[    7988ms] [LOG] Player X: 0.00 Y: 6.00 Z: 5.00 @ http://localhost:3000/_next/static/chunks/0-ynv9eqilv7x.js:0
[    7991ms] [LOG] Player X: 0.00 Y: 6.00 Z: 5.00 @ http://localhost:3000/_next/static/chunks/0-ynv9eqilv7x.js:0
[    7995ms] [LOG] Player X: 0.00 Y: 6.00 Z: 5.00 @ http://localhost:3000/_next/static/chunks/0-ynv9eqilv7x.js:0
[    7998ms] [LOG] Player X: 0.00 Y: 6.00 Z: 5.00 @ http://localhost:3000/_next/static/chunks/0-ynv9eqilv7x.js:0
[    8002ms] [LOG] Player X: 0.00 Y: 6.00 Z: 5.00 @ http://localhost:3000/_next/static/chunks/0-ynv9eqilv7x.js:0
[    8005ms] [LOG] Player X: 0.00 Y: 6.00 Z: 5.00 @ http://localhost:3000/_next/static/chunks/0-ynv9eqilv7x.js:0
[    8008ms] [LOG] Player X: 0.00 Y: 6.00 Z: 5.00 @ http://localhost:3000/_next/static/chunks/0-ynv9eqilv7x.js:0
[    8012ms] [LOG] Player X: 0.00 Y: 6.00 Z: 5.00 @ http://localhost:3000/_next/static/chunks/0-ynv9eqilv7x.js:0
[    8015ms] [LOG] Player X: 0.00 Y: 6.00 Z: 5.00 @ http://localhost:3000/_next/static/chunks/0-ynv9eqilv7x.js:0
[    8018ms] [LOG] Player X: 0.00 Y: 6.00 Z: 5.00 @ http://localhost:3000/_next/static/chunks/0-ynv9eqilv7x.js:0
[    8021ms] [LOG] Player X: 0.00 Y: 6.00 Z: 5.00 @ http://localhost:3000/_next/static/chunks/0-ynv9eqilv7x.js:0
[    8025ms] [LOG] Player X: 0.00 Y: 6.00 Z: 5.00 @ http://localhost:3000/_next/static/chunks/0-ynv9eqilv7x.js:0
[    8028ms] [LOG] Player X: 0.00 Y: 6.00 Z: 5.00 @ http://localhost:3000/_next/static/chunks/0-ynv9eqilv7x.js:0
[    8032ms] [LOG] Player X: 0.00 Y: 6.00 Z: 5.00 @ http://localhost:3000/_next/static/chunks/0-ynv9eqilv7x.js:0
[    8036ms] [LOG] Player X: 0.00 Y: 6.00 Z: 5.00 @ http://localhost:3000/_next/static/chunks/0-ynv9eqilv7x.js:0
[    8039ms] [LOG] Player X: 0.00 Y: 6.00 Z: 5.00 @ http://localhost:3000/_next/static/chunks/0-ynv9eqilv7x.js:0
[    8042ms] [LOG] Player X: 0.00 Y: 6.00 Z: 5.00 @ http://localhost:3000/_next/static/chunks/0-ynv9eqilv7x.js:0
[    8045ms] [LOG] Player X: 0.00 Y: 6.00 Z: 5.00 @ http://localhost:3000/_next/static/chunks/0-ynv9eqilv7x.js:0
[    8048ms] [LOG] Player X: 0.00 Y: 6.00 Z: 5.00 @ http://localhost:3000/_next/static/chunks/0-ynv9eqilv7x.js:0
[    8051ms] [LOG] Player X: 0.00 Y: 6.00 Z: 5.00 @ http://localhost:3000/_next/static/chunks/0-ynv9eqilv7x.js:0
[    8055ms] [LOG] Player X: 0.00 Y: 6.00 Z: 5.00 @ http://localhost:3000/_next/static/chunks/0-ynv9eqilv7x.js:0
[    8058ms] [LOG] Player X: 0.00 Y: 6.00 Z: 5.00 @ http://localhost:3000/_next/static/chunks/0-ynv9eqilv7x.js:0
[    8062ms] [LOG] Player X: 0.00 Y: 6.00 Z: 5.00 @ http://localhost:3000/_next/static/chunks/0-ynv9eqilv7x.js:0
[    8065ms] [LOG] Player X: 0.00 Y: 6.00 Z: 5.00 @ http://localhost:3000/_next/static/chunks/0-ynv9eqilv7x.js:0
[    8068ms] [LOG] Player X: 0.00 Y: 6.00 Z: 5.00 @ http://localhost:3000/_next/static/chunks/0-ynv9eqilv7x.js:0
[    8071ms] [LOG] Player X: 0.00 Y: 6.00 Z: 5.00 @ http://localhost:3000/_next/static/chunks/0-ynv9eqilv7x.js:0
[    8075ms] [LOG] Player X: 0.00 Y: 6.00 Z: 5.00 @ http://localhost:3000/_next/static/chunks/0-ynv9eqilv7x.js:0
[    8078ms] [LOG] Player X: 0.00 Y: 6.00 Z: 5.00 @ http://localhost:3000/_next/static/chunks/0-ynv9eqilv7x.js:0
[    8081ms] [LOG] Player X: 0.00 Y: 6.00 Z: 5.00 @ http://localhost:3000/_next/static/chunks/0-ynv9eqilv7x.js:0
[    8085ms] [LOG] Player X: 0.00 Y: 6.00 Z: 5.00 @ http://localhost:3000/_next/static/chunks/0-ynv9eqilv7x.js:0
[    8088ms] [LOG] Player X: 0.00 Y: 6.00 Z: 5.00 @ http://localhost:3000/_next/static/chunks/0-ynv9eqilv7x.js:0
[    8091ms] [LOG] Player X: 0.00 Y: 6.00 Z: 5.00 @ http://localhost:3000/_next/static/chunks/0-ynv9eqilv7x.js:0
[    8095ms] [LOG] Player X: 0.00 Y: 6.00 Z: 5.00 @ http://localhost:3000/_next/static/chunks/0-ynv9eqilv7x.js:0
[    8098ms] [LOG] Player X: 0.00 Y: 6.00 Z: 5.00 @ http://localhost:3000/_next/static/chunks/0-ynv9eqilv7x.js:0
[    8101ms] [LOG] Player X: 0.00 Y: 6.00 Z: 5.00 @ http://localhost:3000/_next/static/chunks/0-ynv9eqilv7x.js:0
[    8104ms] [LOG] Player X: 0.00 Y: 6.00 Z: 5.00 @ http://localhost:3000/_next/static/chunks/0-ynv9eqilv7x.js:0
[    8108ms] [LOG] Player X: 0.00 Y: 6.00 Z: 5.00 @ http://localhost:3000/_next/static/chunks/0-ynv9eqilv7x.js:0
[    8111ms] [LOG] Player X: 0.00 Y: 6.00 Z: 5.00 @ http://localhost:3000/_next/static/chunks/0-ynv9eqilv7x.js:0
[    8114ms] [LOG] Player X: 0.00 Y: 6.00 Z: 5.00 @ http://localhost:3000/_next/static/chunks/0-ynv9eqilv7x.js:0
[    8118ms] [LOG] Player X: 0.00 Y: 6.00 Z: 5.00 @ http://localhost:3000/_next/static/chunks/0-ynv9eqilv7x.js:0
[    8121ms] [LOG] Player X: 0.00 Y: 6.00 Z: 5.00 @ http://localhost:3000/_next/static/chunks/0-ynv9eqilv7x.js:0
[    8124ms] [LOG] Player X: 0.00 Y: 6.00 Z: 5.00 @ http://localhost:3000/_next/static/chunks/0-ynv9eqilv7x.js:0
[    8128ms] [LOG] Player X: 0.00 Y: 6.00 Z: 5.00 @ http://localhost:3000/_next/static/chunks/0-ynv9eqilv7x.js:0
[    8131ms] [LOG] Player X: 0.00 Y: 6.00 Z: 5.00 @ http://localhost:3000/_next/static/chunks/0-ynv9eqilv7x.js:0
[    8134ms] [LOG] Player X: 0.00 Y: 6.00 Z: 5.00 @ http://localhost:3000/_next/static/chunks/0-ynv9eqilv7x.js:0
[    8138ms] [LOG] Player X: 0.00 Y: 6.00 Z: 5.00 @ http://localhost:3000/_next/static/chunks/0-ynv9eqilv7x.js:0
[    8141ms] [LOG] Player X: 0.00 Y: 6.00 Z: 5.00 @ http://localhost:3000/_next/static/chunks/0-ynv9eqilv7x.js:0
[    8144ms] [LOG] Player X: 0.00 Y: 6.00 Z: 5.00 @ http://localhost:3000/_next/static/chunks/0-ynv9eqilv7x.js:0
[    8148ms] [LOG] Player X: 0.00 Y: 6.00 Z: 5.00 @ http://localhost:3000/_next/static/chunks/0-ynv9eqilv7x.js:0
[    8151ms] [LOG] Player X: 0.00 Y: 6.00 Z: 5.00 @ http://localhost:3000/_next/static/chunks/0-ynv9eqilv7x.js:0
[    8154ms] [LOG] Player X: 0.00 Y: 6.00 Z: 5.00 @ http://localhost:3000/_next/static/chunks/0-ynv9eqilv7x.js:0
[    8158ms] [LOG] Player X: 0.00 Y: 6.00 Z: 5.00 @ http://localhost:3000/_next/static/chunks/0-ynv9eqilv7x.js:0
[    8161ms] [LOG] Player X: 0.00 Y: 6.00 Z: 5.00 @ http://localhost:3000/_next/static/chunks/0-ynv9eqilv7x.js:0
[    8165ms] [LOG] Player X: 0.00 Y: 6.00 Z: 5.00 @ http://localhost:3000/_next/static/chunks/0-ynv9eqilv7x.js:0
[    8168ms] [LOG] Player X: 0.00 Y: 6.00 Z: 5.00 @ http://localhost:3000/_next/static/chunks/0-ynv9eqilv7x.js:0
[    8171ms] [LOG] Player X: 0.00 Y: 6.00 Z: 5.00 @ http://localhost:3000/_next/static/chunks/0-ynv9eqilv7x.js:0
[    8174ms] [LOG] Player X: 0.00 Y: 6.00 Z: 5.00 @ http://localhost:3000/_next/static/chunks/0-ynv9eqilv7x.js:0
[    8178ms] [LOG] Player X: 0.00 Y: 6.00 Z: 5.00 @ http://localhost:3000/_next/static/chunks/0-ynv9eqilv7x.js:0
[    8181ms] [LOG] Player X: 0.00 Y: 6.00 Z: 5.00 @ http://localhost:3000/_next/static/chunks/0-ynv9eqilv7x.js:0
[    8185ms] [LOG] Player X: 0.00 Y: 6.00 Z: 5.00 @ http://localhost:3000/_next/static/chunks/0-ynv9eqilv7x.js:0
[    8188ms] [LOG] Player X: 0.00 Y: 6.00 Z: 5.00 @ http://localhost:3000/_next/static/chunks/0-ynv9eqilv7x.js:0
[    8191ms] [LOG] Player X: 0.00 Y: 6.00 Z: 5.00 @ http://localhost:3000/_next/static/chunks/0-ynv9eqilv7x.js:0
[    8194ms] [LOG] Player X: 0.00 Y: 6.00 Z: 5.00 @ http://localhost:3000/_next/static/chunks/0-ynv9eqilv7x.js:0
[    8198ms] [LOG] Player X: 0.00 Y: 6.00 Z: 5.00 @ http://localhost:3000/_next/static/chunks/0-ynv9eqilv7x.js:0
[    8201ms] [LOG] Player X: 0.00 Y: 6.00 Z: 5.00 @ http://localhost:3000/_next/static/chunks/0-ynv9eqilv7x.js:0
[    8204ms] [LOG] Player X: 0.00 Y: 6.00 Z: 5.00 @ http://localhost:3000/_next/static/chunks/0-ynv9eqilv7x.js:0
[    8208ms] [LOG] Player X: 0.00 Y: 6.00 Z: 5.00 @ http://localhost:3000/_next/static/chunks/0-ynv9eqilv7x.js:0
[    8211ms] [LOG] Player X: 0.00 Y: 6.00 Z: 5.00 @ http://localhost:3000/_next/static/chunks/0-ynv9eqilv7x.js:0
[    8214ms] [LOG] Player X: 0.00 Y: 6.00 Z: 5.00 @ http://localhost:3000/_next/static/chunks/0-ynv9eqilv7x.js:0
[    8218ms] [LOG] Player X: 0.00 Y: 6.00 Z: 5.00 @ http://localhost:3000/_next/static/chunks/0-ynv9eqilv7x.js:0
[    8221ms] [LOG] Player X: 0.00 Y: 6.00 Z: 5.00 @ http://localhost:3000/_next/static/chunks/0-ynv9eqilv7x.js:0
[    8224ms] [LOG] Player X: 0.00 Y: 6.00 Z: 5.00 @ http://localhost:3000/_next/static/chunks/0-ynv9eqilv7x.js:0
[    8228ms] [LOG] Player X: 0.00 Y: 6.00 Z: 5.00 @ http://localhost:3000/_next/static/chunks/0-ynv9eqilv7x.js:0
[    8231ms] [LOG] Player X: 0.00 Y: 6.00 Z: 5.00 @ http://localhost:3000/_next/static/chunks/0-ynv9eqilv7x.js:0
[    8235ms] [LOG] Player X: 0.00 Y: 6.00 Z: 5.00 @ http://localhost:3000/_next/static/chunks/0-ynv9eqilv7x.js:0
[    8238ms] [LOG] Player X: 0.00 Y: 6.00 Z: 5.00 @ http://localhost:3000/_next/static/chunks/0-ynv9eqilv7x.js:0
[    8241ms] [LOG] Player X: 0.00 Y: 6.00 Z: 5.00 @ http://localhost:3000/_next/static/chunks/0-ynv9eqilv7x.js:0
[    8244ms] [LOG] Player X: 0.00 Y: 6.00 Z: 5.00 @ http://localhost:3000/_next/static/chunks/0-ynv9eqilv7x.js:0
[    8248ms] [LOG] Player X: 0.00 Y: 6.00 Z: 5.00 @ http://localhost:3000/_next/static/chunks/0-ynv9eqilv7x.js:0
[    8251ms] [LOG] Player X: 0.00 Y: 6.00 Z: 5.00 @ http://localhost:3000/_next/static/chunks/0-ynv9eqilv7x.js:0
[    8254ms] [LOG] Player X: 0.00 Y: 6.00 Z: 5.00 @ http://localhost:3000/_next/static/chunks/0-ynv9eqilv7x.js:0
[    8258ms] [LOG] Player X: 0.00 Y: 6.00 Z: 5.00 @ http://localhost:3000/_next/static/chunks/0-ynv9eqilv7x.js:0
[    8261ms] [LOG] Player X: 0.00 Y: 6.00 Z: 5.00 @ http://localhost:3000/_next/static/chunks/0-ynv9eqilv7x.js:0
[    8264ms] [LOG] Player X: 0.00 Y: 6.00 Z: 5.00 @ http://localhost:3000/_next/static/chunks/0-ynv9eqilv7x.js:0
[    8268ms] [LOG] Player X: 0.00 Y: 6.00 Z: 5.00 @ http://localhost:3000/_next/static/chunks/0-ynv9eqilv7x.js:0
[    8271ms] [LOG] Player X: 0.00 Y: 6.00 Z: 5.00 @ http://localhost:3000/_next/static/chunks/0-ynv9eqilv7x.js:0
[    8275ms] [LOG] Player X: 0.00 Y: 6.00 Z: 5.00 @ http://localhost:3000/_next/static/chunks/0-ynv9eqilv7x.js:0
[    8278ms] [LOG] Player X: 0.00 Y: 6.00 Z: 5.00 @ http://localhost:3000/_next/static/chunks/0-ynv9eqilv7x.js:0
[    8281ms] [LOG] Player X: 0.00 Y: 6.00 Z: 5.00 @ http://localhost:3000/_next/static/chunks/0-ynv9eqilv7x.js:0
[    8284ms] [LOG] Player X: 0.00 Y: 6.00 Z: 5.00 @ http://localhost:3000/_next/static/chunks/0-ynv9eqilv7x.js:0
[    8288ms] [LOG] Player X: 0.00 Y: 6.00 Z: 5.00 @ http://localhost:3000/_next/static/chunks/0-ynv9eqilv7x.js:0
[    8291ms] [LOG] Player X: 0.00 Y: 6.00 Z: 5.00 @ http://localhost:3000/_next/static/chunks/0-ynv9eqilv7x.js:0
[    8295ms] [LOG] Player X: 0.00 Y: 6.00 Z: 5.00 @ http://localhost:3000/_next/static/chunks/0-ynv9eqilv7x.js:0
[    8298ms] [LOG] Player X: 0.00 Y: 6.00 Z: 5.00 @ http://localhost:3000/_next/static/chunks/0-ynv9eqilv7x.js:0
[    8301ms] [LOG] Player X: 0.00 Y: 6.00 Z: 5.00 @ http://localhost:3000/_next/static/chunks/0-ynv9eqilv7x.js:0
[    8305ms] [LOG] Player X: 0.00 Y: 6.00 Z: 5.00 @ http://localhost:3000/_next/static/chunks/0-ynv9eqilv7x.js:0
[    8308ms] [LOG] Player X: 0.00 Y: 6.00 Z: 5.00 @ http://localhost:3000/_next/static/chunks/0-ynv9eqilv7x.js:0
[    8312ms] [LOG] Player X: 0.00 Y: 6.00 Z: 5.00 @ http://localhost:3000/_next/static/chunks/0-ynv9eqilv7x.js:0
[    8315ms] [LOG] Player X: 0.00 Y: 6.00 Z: 5.00 @ http://localhost:3000/_next/static/chunks/0-ynv9eqilv7x.js:0
[    8318ms] [LOG] Player X: 0.00 Y: 6.00 Z: 5.00 @ http://localhost:3000/_next/static/chunks/0-ynv9eqilv7x.js:0
[    8321ms] [LOG] Player X: 0.00 Y: 6.00 Z: 5.00 @ http://localhost:3000/_next/static/chunks/0-ynv9eqilv7x.js:0
[    8325ms] [LOG] Player X: 0.00 Y: 6.00 Z: 5.00 @ http://localhost:3000/_next/static/chunks/0-ynv9eqilv7x.js:0
[    8328ms] [LOG] Player X: 0.00 Y: 6.00 Z: 5.00 @ http://localhost:3000/_next/static/chunks/0-ynv9eqilv7x.js:0
[    8331ms] [LOG] Player X: 0.00 Y: 6.00 Z: 5.00 @ http://localhost:3000/_next/static/chunks/0-ynv9eqilv7x.js:0
[    8335ms] [LOG] Player X: 0.00 Y: 6.00 Z: 5.00 @ http://localhost:3000/_next/static/chunks/0-ynv9eqilv7x.js:0
[    8338ms] [LOG] Player X: 0.00 Y: 6.00 Z: 5.00 @ http://localhost:3000/_next/static/chunks/0-ynv9eqilv7x.js:0
[    8341ms] [LOG] Player X: 0.00 Y: 6.00 Z: 5.00 @ http://localhost:3000/_next/static/chunks/0-ynv9eqilv7x.js:0
[    8345ms] [LOG] Player X: 0.00 Y: 6.00 Z: 5.00 @ http://localhost:3000/_next/static/chunks/0-ynv9eqilv7x.js:0
[    8348ms] [LOG] Player X: 0.00 Y: 6.00 Z: 5.00 @ http://localhost:3000/_next/static/chunks/0-ynv9eqilv7x.js:0
[    8351ms] [LOG] Player X: 0.00 Y: 6.00 Z: 5.00 @ http://localhost:3000/_next/static/chunks/0-ynv9eqilv7x.js:0
[    8355ms] [LOG] Player X: 0.00 Y: 6.00 Z: 5.00 @ http://localhost:3000/_next/static/chunks/0-ynv9eqilv7x.js:0
[    8358ms] [LOG] Player X: 0.00 Y: 6.00 Z: 5.00 @ http://localhost:3000/_next/static/chunks/0-ynv9eqilv7x.js:0
[    8361ms] [LOG] Player X: 0.00 Y: 6.00 Z: 5.00 @ http://localhost:3000/_next/static/chunks/0-ynv9eqilv7x.js:0
[    8365ms] [LOG] Player X: 0.00 Y: 6.00 Z: 5.00 @ http://localhost:3000/_next/static/chunks/0-ynv9eqilv7x.js:0
[    8368ms] [LOG] Player X: 0.00 Y: 6.00 Z: 5.00 @ http://localhost:3000/_next/static/chunks/0-ynv9eqilv7x.js:0
[    8371ms] [LOG] Player X: 0.00 Y: 6.00 Z: 5.00 @ http://localhost:3000/_next/static/chunks/0-ynv9eqilv7x.js:0
[    8375ms] [LOG] Player X: 0.00 Y: 6.00 Z: 5.00 @ http://localhost:3000/_next/static/chunks/0-ynv9eqilv7x.js:0
[    8378ms] [LOG] Player X: 0.00 Y: 6.00 Z: 5.00 @ http://localhost:3000/_next/static/chunks/0-ynv9eqilv7x.js:0
[    8381ms] [LOG] Player X: 0.00 Y: 6.00 Z: 5.00 @ http://localhost:3000/_next/static/chunks/0-ynv9eqilv7x.js:0
[    8385ms] [LOG] Player X: 0.00 Y: 6.00 Z: 5.00 @ http://localhost:3000/_next/static/chunks/0-ynv9eqilv7x.js:0
[    8388ms] [LOG] Player X: 0.00 Y: 6.00 Z: 5.00 @ http://localhost:3000/_next/static/chunks/0-ynv9eqilv7x.js:0
[    8391ms] [LOG] Player X: 0.00 Y: 6.00 Z: 5.00 @ http://localhost:3000/_next/static/chunks/0-ynv9eqilv7x.js:0
[    8394ms] [LOG] Player X: 0.00 Y: 6.00 Z: 5.00 @ http://localhost:3000/_next/static/chunks/0-ynv9eqilv7x.js:0
[    8398ms] [LOG] Player X: 0.00 Y: 6.00 Z: 5.00 @ http://localhost:3000/_next/static/chunks/0-ynv9eqilv7x.js:0
[    8402ms] [LOG] Player X: 0.00 Y: 6.00 Z: 5.00 @ http://localhost:3000/_next/static/chunks/0-ynv9eqilv7x.js:0
[    8405ms] [LOG] Player X: 0.00 Y: 6.00 Z: 5.00 @ http://localhost:3000/_next/static/chunks/0-ynv9eqilv7x.js:0
[    8408ms] [LOG] Player X: 0.00 Y: 6.00 Z: 5.00 @ http://localhost:3000/_next/static/chunks/0-ynv9eqilv7x.js:0
[    8411ms] [LOG] Player X: 0.00 Y: 6.00 Z: 5.00 @ http://localhost:3000/_next/static/chunks/0-ynv9eqilv7x.js:0
[    8415ms] [LOG] Player X: 0.00 Y: 6.00 Z: 5.00 @ http://localhost:3000/_next/static/chunks/0-ynv9eqilv7x.js:0
[    8418ms] [LOG] Player X: 0.00 Y: 6.00 Z: 5.00 @ http://localhost:3000/_next/static/chunks/0-ynv9eqilv7x.js:0
[    8421ms] [LOG] Player X: 0.00 Y: 6.00 Z: 5.00 @ http://localhost:3000/_next/static/chunks/0-ynv9eqilv7x.js:0
[    8425ms] [LOG] Player X: 0.00 Y: 6.00 Z: 5.00 @ http://localhost:3000/_next/static/chunks/0-ynv9eqilv7x.js:0
[    8428ms] [LOG] Player X: 0.00 Y: 6.00 Z: 5.00 @ http://localhost:3000/_next/static/chunks/0-ynv9eqilv7x.js:0
[    8431ms] [LOG] Player X: 0.00 Y: 6.00 Z: 5.00 @ http://localhost:3000/_next/static/chunks/0-ynv9eqilv7x.js:0
[    8435ms] [LOG] Player X: 0.00 Y: 6.00 Z: 5.00 @ http://localhost:3000/_next/static/chunks/0-ynv9eqilv7x.js:0
[    8438ms] [LOG] Player X: 0.00 Y: 6.00 Z: 5.00 @ http://localhost:3000/_next/static/chunks/0-ynv9eqilv7x.js:0
[    8441ms] [LOG] Player X: 0.00 Y: 6.00 Z: 5.00 @ http://localhost:3000/_next/static/chunks/0-ynv9eqilv7x.js:0
[    8445ms] [LOG] Player X: 0.00 Y: 6.00 Z: 5.00 @ http://localhost:3000/_next/static/chunks/0-ynv9eqilv7x.js:0
[    8448ms] [LOG] Player X: 0.00 Y: 6.00 Z: 5.00 @ http://localhost:3000/_next/static/chunks/0-ynv9eqilv7x.js:0
[    8451ms] [LOG] Player X: 0.00 Y: 6.00 Z: 5.00 @ http://localhost:3000/_next/static/chunks/0-ynv9eqilv7x.js:0
[    8455ms] [LOG] Player X: 0.00 Y: 6.00 Z: 5.00 @ http://localhost:3000/_next/static/chunks/0-ynv9eqilv7x.js:0
[    8458ms] [LOG] Player X: 0.00 Y: 6.00 Z: 5.00 @ http://localhost:3000/_next/static/chunks/0-ynv9eqilv7x.js:0
[    8461ms] [LOG] Player X: 0.00 Y: 6.00 Z: 5.00 @ http://localhost:3000/_next/static/chunks/0-ynv9eqilv7x.js:0
[    8465ms] [LOG] Player X: 0.00 Y: 6.00 Z: 5.00 @ http://localhost:3000/_next/static/chunks/0-ynv9eqilv7x.js:0
[    8468ms] [LOG] Player X: 0.00 Y: 6.00 Z: 5.00 @ http://localhost:3000/_next/static/chunks/0-ynv9eqilv7x.js:0
[    8471ms] [LOG] Player X: 0.00 Y: 6.00 Z: 5.00 @ http://localhost:3000/_next/static/chunks/0-ynv9eqilv7x.js:0
[    8475ms] [LOG] Player X: 0.00 Y: 6.00 Z: 5.00 @ http://localhost:3000/_next/static/chunks/0-ynv9eqilv7x.js:0
[    8478ms] [LOG] Player X: 0.00 Y: 6.00 Z: 5.00 @ http://localhost:3000/_next/static/chunks/0-ynv9eqilv7x.js:0
[    8481ms] [LOG] Player X: 0.00 Y: 6.00 Z: 5.00 @ http://localhost:3000/_next/static/chunks/0-ynv9eqilv7x.js:0
[    8485ms] [LOG] Player X: 0.00 Y: 6.00 Z: 5.00 @ http://localhost:3000/_next/static/chunks/0-ynv9eqilv7x.js:0
[    8488ms] [LOG] Player X: 0.00 Y: 6.00 Z: 5.00 @ http://localhost:3000/_next/static/chunks/0-ynv9eqilv7x.js:0
[    8492ms] [LOG] Player X: 0.00 Y: 6.00 Z: 5.00 @ http://localhost:3000/_next/static/chunks/0-ynv9eqilv7x.js:0
[    8495ms] [LOG] Player X: 0.00 Y: 6.00 Z: 5.00 @ http://localhost:3000/_next/static/chunks/0-ynv9eqilv7x.js:0
[    8498ms] [LOG] Player X: 0.00 Y: 6.00 Z: 5.00 @ http://localhost:3000/_next/static/chunks/0-ynv9eqilv7x.js:0
[    8501ms] [LOG] Player X: 0.00 Y: 6.00 Z: 5.00 @ http://localhost:3000/_next/static/chunks/0-ynv9eqilv7x.js:0
[    8505ms] [LOG] Player X: 0.00 Y: 6.00 Z: 5.00 @ http://localhost:3000/_next/static/chunks/0-ynv9eqilv7x.js:0
[    8508ms] [LOG] Player X: 0.00 Y: 6.00 Z: 5.00 @ http://localhost:3000/_next/static/chunks/0-ynv9eqilv7x.js:0
[    8512ms] [LOG] Player X: 0.00 Y: 6.00 Z: 5.00 @ http://localhost:3000/_next/static/chunks/0-ynv9eqilv7x.js:0
[    8515ms] [LOG] Player X: 0.00 Y: 6.00 Z: 5.00 @ http://localhost:3000/_next/static/chunks/0-ynv9eqilv7x.js:0
[    8518ms] [LOG] Player X: 0.00 Y: 6.00 Z: 5.00 @ http://localhost:3000/_next/static/chunks/0-ynv9eqilv7x.js:0
[    8521ms] [LOG] Player X: 0.00 Y: 6.00 Z: 5.00 @ http://localhost:3000/_next/static/chunks/0-ynv9eqilv7x.js:0
[    8525ms] [LOG] Player X: 0.00 Y: 6.00 Z: 5.00 @ http://localhost:3000/_next/static/chunks/0-ynv9eqilv7x.js:0
[    8528ms] [LOG] Player X: 0.00 Y: 6.00 Z: 5.00 @ http://localhost:3000/_next/static/chunks/0-ynv9eqilv7x.js:0
[    8531ms] [LOG] Player X: 0.00 Y: 6.00 Z: 5.00 @ http://localhost:3000/_next/static/chunks/0-ynv9eqilv7x.js:0
[    8535ms] [LOG] Player X: 0.00 Y: 6.00 Z: 5.00 @ http://localhost:3000/_next/static/chunks/0-ynv9eqilv7x.js:0
[    8538ms] [LOG] Player X: 0.00 Y: 6.00 Z: 5.00 @ http://localhost:3000/_next/static/chunks/0-ynv9eqilv7x.js:0
[    8542ms] [LOG] Player X: 0.00 Y: 6.00 Z: 5.00 @ http://localhost:3000/_next/static/chunks/0-ynv9eqilv7x.js:0
[    8545ms] [LOG] Player X: 0.00 Y: 6.00 Z: 5.00 @ http://localhost:3000/_next/static/chunks/0-ynv9eqilv7x.js:0
[    8548ms] [LOG] Player X: 0.00 Y: 6.00 Z: 5.00 @ http://localhost:3000/_next/static/chunks/0-ynv9eqilv7x.js:0
[    8551ms] [LOG] Player X: 0.00 Y: 6.00 Z: 5.00 @ http://localhost:3000/_next/static/chunks/0-ynv9eqilv7x.js:0
[    8555ms] [LOG] Player X: 0.00 Y: 6.00 Z: 5.00 @ http://localhost:3000/_next/static/chunks/0-ynv9eqilv7x.js:0
[    8558ms] [LOG] Player X: 0.00 Y: 6.00 Z: 5.00 @ http://localhost:3000/_next/static/chunks/0-ynv9eqilv7x.js:0
[    8562ms] [LOG] Player X: 0.00 Y: 6.00 Z: 5.00 @ http://localhost:3000/_next/static/chunks/0-ynv9eqilv7x.js:0
[    8565ms] [LOG] Player X: 0.00 Y: 6.00 Z: 5.00 @ http://localhost:3000/_next/static/chunks/0-ynv9eqilv7x.js:0
[    8568ms] [LOG] Player X: 0.00 Y: 6.00 Z: 5.00 @ http://localhost:3000/_next/static/chunks/0-ynv9eqilv7x.js:0
[    8571ms] [LOG] Player X: 0.00 Y: 6.00 Z: 5.00 @ http://localhost:3000/_next/static/chunks/0-ynv9eqilv7x.js:0
[    8575ms] [LOG] Player X: 0.00 Y: 6.00 Z: 5.00 @ http://localhost:3000/_next/static/chunks/0-ynv9eqilv7x.js:0
[    8578ms] [LOG] Player X: 0.00 Y: 6.00 Z: 5.00 @ http://localhost:3000/_next/static/chunks/0-ynv9eqilv7x.js:0
[    8582ms] [LOG] Player X: 0.00 Y: 6.00 Z: 5.00 @ http://localhost:3000/_next/static/chunks/0-ynv9eqilv7x.js:0
[    8585ms] [LOG] Player X: 0.00 Y: 6.00 Z: 5.00 @ http://localhost:3000/_next/static/chunks/0-ynv9eqilv7x.js:0
[    8588ms] [LOG] Player X: 0.00 Y: 6.00 Z: 5.00 @ http://localhost:3000/_next/static/chunks/0-ynv9eqilv7x.js:0
[    8592ms] [LOG] Player X: 0.00 Y: 6.00 Z: 5.00 @ http://localhost:3000/_next/static/chunks/0-ynv9eqilv7x.js:0
[    8595ms] [LOG] Player X: 0.00 Y: 6.00 Z: 5.00 @ http://localhost:3000/_next/static/chunks/0-ynv9eqilv7x.js:0
[    8598ms] [LOG] Player X: 0.00 Y: 6.00 Z: 5.00 @ http://localhost:3000/_next/static/chunks/0-ynv9eqilv7x.js:0
[    8602ms] [LOG] Player X: 0.00 Y: 6.00 Z: 5.00 @ http://localhost:3000/_next/static/chunks/0-ynv9eqilv7x.js:0
[    8605ms] [LOG] Player X: 0.00 Y: 6.00 Z: 5.00 @ http://localhost:3000/_next/static/chunks/0-ynv9eqilv7x.js:0
[    8608ms] [LOG] Player X: 0.00 Y: 6.00 Z: 5.00 @ http://localhost:3000/_next/static/chunks/0-ynv9eqilv7x.js:0
[    8611ms] [LOG] Player X: 0.00 Y: 6.00 Z: 5.00 @ http://localhost:3000/_next/static/chunks/0-ynv9eqilv7x.js:0
[    8615ms] [LOG] Player X: 0.00 Y: 6.00 Z: 5.00 @ http://localhost:3000/_next/static/chunks/0-ynv9eqilv7x.js:0
[    8618ms] [LOG] Player X: 0.00 Y: 6.00 Z: 5.00 @ http://localhost:3000/_next/static/chunks/0-ynv9eqilv7x.js:0
[    8621ms] [LOG] Player X: 0.00 Y: 6.00 Z: 5.00 @ http://localhost:3000/_next/static/chunks/0-ynv9eqilv7x.js:0
[    8625ms] [LOG] Player X: 0.00 Y: 6.00 Z: 5.00 @ http://localhost:3000/_next/static/chunks/0-ynv9eqilv7x.js:0
[    8628ms] [LOG] Player X: 0.00 Y: 6.00 Z: 5.00 @ http://localhost:3000/_next/static/chunks/0-ynv9eqilv7x.js:0
[    8631ms] [LOG] Player X: 0.00 Y: 6.00 Z: 5.00 @ http://localhost:3000/_next/static/chunks/0-ynv9eqilv7x.js:0
[    8635ms] [LOG] Player X: 0.00 Y: 6.00 Z: 5.00 @ http://localhost:3000/_next/static/chunks/0-ynv9eqilv7x.js:0
[    8638ms] [LOG] Player X: 0.00 Y: 6.00 Z: 5.00 @ http://localhost:3000/_next/static/chunks/0-ynv9eqilv7x.js:0
[    8641ms] [LOG] Player X: 0.00 Y: 6.00 Z: 5.00 @ http://localhost:3000/_next/static/chunks/0-ynv9eqilv7x.js:0
[    8645ms] [LOG] Player X: 0.00 Y: 6.00 Z: 5.00 @ http://localhost:3000/_next/static/chunks/0-ynv9eqilv7x.js:0
[    8648ms] [LOG] Player X: 0.00 Y: 6.00 Z: 5.00 @ http://localhost:3000/_next/static/chunks/0-ynv9eqilv7x.js:0
[    8652ms] [LOG] Player X: 0.00 Y: 6.00 Z: 5.00 @ http://localhost:3000/_next/static/chunks/0-ynv9eqilv7x.js:0
[    8655ms] [LOG] Player X: 0.00 Y: 6.00 Z: 5.00 @ http://localhost:3000/_next/static/chunks/0-ynv9eqilv7x.js:0
[    8658ms] [LOG] Player X: 0.00 Y: 6.00 Z: 5.00 @ http://localhost:3000/_next/static/chunks/0-ynv9eqilv7x.js:0
[    8661ms] [LOG] Player X: 0.00 Y: 6.00 Z: 5.00 @ http://localhost:3000/_next/static/chunks/0-ynv9eqilv7x.js:0
[    8665ms] [LOG] Player X: 0.00 Y: 6.00 Z: 5.00 @ http://localhost:3000/_next/static/chunks/0-ynv9eqilv7x.js:0
[    8668ms] [LOG] Player X: 0.00 Y: 6.00 Z: 5.00 @ http://localhost:3000/_next/static/chunks/0-ynv9eqilv7x.js:0
[    8671ms] [LOG] Player X: 0.00 Y: 6.00 Z: 5.00 @ http://localhost:3000/_next/static/chunks/0-ynv9eqilv7x.js:0
[    8675ms] [LOG] Player X: 0.00 Y: 6.00 Z: 5.00 @ http://localhost:3000/_next/static/chunks/0-ynv9eqilv7x.js:0
[    8678ms] [LOG] Player X: 0.00 Y: 6.00 Z: 5.00 @ http://localhost:3000/_next/static/chunks/0-ynv9eqilv7x.js:0
[    8681ms] [LOG] Player X: 0.00 Y: 6.00 Z: 5.00 @ http://localhost:3000/_next/static/chunks/0-ynv9eqilv7x.js:0
[    8685ms] [LOG] Player X: 0.00 Y: 6.00 Z: 5.00 @ http://localhost:3000/_next/static/chunks/0-ynv9eqilv7x.js:0
[    8688ms] [LOG] Player X: 0.00 Y: 6.00 Z: 5.00 @ http://localhost:3000/_next/static/chunks/0-ynv9eqilv7x.js:0
[    8691ms] [LOG] Player X: 0.00 Y: 6.00 Z: 5.00 @ http://localhost:3000/_next/static/chunks/0-ynv9eqilv7x.js:0
[    8695ms] [LOG] Player X: 0.00 Y: 6.00 Z: 5.00 @ http://localhost:3000/_next/static/chunks/0-ynv9eqilv7x.js:0
[    8699ms] [LOG] Player X: 0.00 Y: 6.00 Z: 5.00 @ http://localhost:3000/_next/static/chunks/0-ynv9eqilv7x.js:0
[    8701ms] [LOG] Player X: 0.00 Y: 6.00 Z: 5.00 @ http://localhost:3000/_next/static/chunks/0-ynv9eqilv7x.js:0
[    8705ms] [LOG] Player X: 0.00 Y: 6.00 Z: 5.00 @ http://localhost:3000/_next/static/chunks/0-ynv9eqilv7x.js:0
[    8708ms] [LOG] Player X: 0.00 Y: 6.00 Z: 5.00 @ http://localhost:3000/_next/static/chunks/0-ynv9eqilv7x.js:0
[    8711ms] [LOG] Player X: 0.00 Y: 6.00 Z: 5.00 @ http://localhost:3000/_next/static/chunks/0-ynv9eqilv7x.js:0
[    8715ms] [LOG] Player X: 0.00 Y: 6.00 Z: 5.00 @ http://localhost:3000/_next/static/chunks/0-ynv9eqilv7x.js:0
[    8718ms] [LOG] Player X: 0.00 Y: 6.00 Z: 5.00 @ http://localhost:3000/_next/static/chunks/0-ynv9eqilv7x.js:0
[    8721ms] [LOG] Player X: 0.00 Y: 6.00 Z: 5.00 @ http://localhost:3000/_next/static/chunks/0-ynv9eqilv7x.js:0
[    8725ms] [LOG] Player X: 0.00 Y: 6.00 Z: 5.00 @ http://localhost:3000/_next/static/chunks/0-ynv9eqilv7x.js:0
[    8728ms] [LOG] Player X: 0.00 Y: 6.00 Z: 5.00 @ http://localhost:3000/_next/static/chunks/0-ynv9eqilv7x.js:0
[    8731ms] [LOG] Player X: 0.00 Y: 6.00 Z: 5.00 @ http://localhost:3000/_next/static/chunks/0-ynv9eqilv7x.js:0
[    8735ms] [LOG] Player X: 0.00 Y: 6.00 Z: 5.00 @ http://localhost:3000/_next/static/chunks/0-ynv9eqilv7x.js:0
[    8738ms] [LOG] Player X: 0.00 Y: 6.00 Z: 5.00 @ http://localhost:3000/_next/static/chunks/0-ynv9eqilv7x.js:0
[    8741ms] [LOG] Player X: 0.00 Y: 6.00 Z: 5.00 @ http://localhost:3000/_next/static/chunks/0-ynv9eqilv7x.js:0
[    8745ms] [LOG] Player X: 0.00 Y: 6.00 Z: 5.00 @ http://localhost:3000/_next/static/chunks/0-ynv9eqilv7x.js:0
[    8748ms] [LOG] Player X: 0.00 Y: 6.00 Z: 5.00 @ http://localhost:3000/_next/static/chunks/0-ynv9eqilv7x.js:0
[    8751ms] [LOG] Player X: 0.00 Y: 6.00 Z: 5.00 @ http://localhost:3000/_next/static/chunks/0-ynv9eqilv7x.js:0
[    8755ms] [LOG] Player X: 0.00 Y: 6.00 Z: 5.00 @ http://localhost:3000/_next/static/chunks/0-ynv9eqilv7x.js:0
[    8758ms] [LOG] Player X: 0.00 Y: 6.00 Z: 5.00 @ http://localhost:3000/_next/static/chunks/0-ynv9eqilv7x.js:0
[    8761ms] [LOG] Player X: 0.00 Y: 6.00 Z: 5.00 @ http://localhost:3000/_next/static/chunks/0-ynv9eqilv7x.js:0
[    8765ms] [LOG] Player X: 0.00 Y: 6.00 Z: 5.00 @ http://localhost:3000/_next/static/chunks/0-ynv9eqilv7x.js:0
[    8768ms] [LOG] Player X: 0.00 Y: 6.00 Z: 5.00 @ http://localhost:3000/_next/static/chunks/0-ynv9eqilv7x.js:0
[    8771ms] [LOG] Player X: 0.00 Y: 6.00 Z: 5.00 @ http://localhost:3000/_next/static/chunks/0-ynv9eqilv7x.js:0
[    8775ms] [LOG] Player X: 0.00 Y: 6.00 Z: 5.00 @ http://localhost:3000/_next/static/chunks/0-ynv9eqilv7x.js:0
[    8778ms] [LOG] Player X: 0.00 Y: 6.00 Z: 5.00 @ http://localhost:3000/_next/static/chunks/0-ynv9eqilv7x.js:0
[    8781ms] [LOG] Player X: 0.00 Y: 6.00 Z: 5.00 @ http://localhost:3000/_next/static/chunks/0-ynv9eqilv7x.js:0
[    8785ms] [LOG] Player X: 0.00 Y: 6.00 Z: 5.00 @ http://localhost:3000/_next/static/chunks/0-ynv9eqilv7x.js:0
[    8788ms] [LOG] Player X: 0.00 Y: 6.00 Z: 5.00 @ http://localhost:3000/_next/static/chunks/0-ynv9eqilv7x.js:0
[    8791ms] [LOG] Player X: 0.00 Y: 6.00 Z: 5.00 @ http://localhost:3000/_next/static/chunks/0-ynv9eqilv7x.js:0
[    8795ms] [LOG] Player X: 0.00 Y: 6.00 Z: 5.00 @ http://localhost:3000/_next/static/chunks/0-ynv9eqilv7x.js:0
[    8798ms] [LOG] Player X: 0.00 Y: 6.00 Z: 5.00 @ http://localhost:3000/_next/static/chunks/0-ynv9eqilv7x.js:0
[    8802ms] [LOG] Player X: 0.00 Y: 6.00 Z: 5.00 @ http://localhost:3000/_next/static/chunks/0-ynv9eqilv7x.js:0
[    8805ms] [LOG] Player X: 0.00 Y: 6.00 Z: 5.00 @ http://localhost:3000/_next/static/chunks/0-ynv9eqilv7x.js:0
[    8809ms] [LOG] Player X: 0.00 Y: 6.00 Z: 5.00 @ http://localhost:3000/_next/static/chunks/0-ynv9eqilv7x.js:0
[    8811ms] [LOG] Player X: 0.00 Y: 6.00 Z: 5.00 @ http://localhost:3000/_next/static/chunks/0-ynv9eqilv7x.js:0
[    8815ms] [LOG] Player X: 0.00 Y: 6.00 Z: 5.00 @ http://localhost:3000/_next/static/chunks/0-ynv9eqilv7x.js:0
[    8818ms] [LOG] Player X: 0.00 Y: 6.00 Z: 5.00 @ http://localhost:3000/_next/static/chunks/0-ynv9eqilv7x.js:0
[    8822ms] [LOG] Player X: 0.00 Y: 6.00 Z: 5.00 @ http://localhost:3000/_next/static/chunks/0-ynv9eqilv7x.js:0
[    8825ms] [LOG] Player X: 0.00 Y: 6.00 Z: 5.00 @ http://localhost:3000/_next/static/chunks/0-ynv9eqilv7x.js:0
[    8828ms] [LOG] Player X: 0.00 Y: 6.00 Z: 5.00 @ http://localhost:3000/_next/static/chunks/0-ynv9eqilv7x.js:0
[    8831ms] [LOG] Player X: 0.00 Y: 6.00 Z: 5.00 @ http://localhost:3000/_next/static/chunks/0-ynv9eqilv7x.js:0
[    8835ms] [LOG] Player X: 0.00 Y: 6.00 Z: 5.00 @ http://localhost:3000/_next/static/chunks/0-ynv9eqilv7x.js:0
[    8838ms] [LOG] Player X: 0.00 Y: 6.00 Z: 5.00 @ http://localhost:3000/_next/static/chunks/0-ynv9eqilv7x.js:0
[    8841ms] [LOG] Player X: 0.00 Y: 6.00 Z: 5.00 @ http://localhost:3000/_next/static/chunks/0-ynv9eqilv7x.js:0
[    8845ms] [LOG] Player X: 0.00 Y: 6.00 Z: 5.00 @ http://localhost:3000/_next/static/chunks/0-ynv9eqilv7x.js:0
[    8848ms] [LOG] Player X: 0.00 Y: 6.00 Z: 5.00 @ http://localhost:3000/_next/static/chunks/0-ynv9eqilv7x.js:0
[    8851ms] [LOG] Player X: 0.00 Y: 6.00 Z: 5.00 @ http://localhost:3000/_next/static/chunks/0-ynv9eqilv7x.js:0
[    8855ms] [LOG] Player X: 0.00 Y: 6.00 Z: 5.00 @ http://localhost:3000/_next/static/chunks/0-ynv9eqilv7x.js:0
[    8858ms] [LOG] Player X: 0.00 Y: 6.00 Z: 5.00 @ http://localhost:3000/_next/static/chunks/0-ynv9eqilv7x.js:0
[    8861ms] [LOG] Player X: 0.00 Y: 6.00 Z: 5.00 @ http://localhost:3000/_next/static/chunks/0-ynv9eqilv7x.js:0
[    8865ms] [LOG] Player X: 0.00 Y: 6.00 Z: 5.00 @ http://localhost:3000/_next/static/chunks/0-ynv9eqilv7x.js:0
[    8868ms] [LOG] Player X: 0.00 Y: 6.00 Z: 5.00 @ http://localhost:3000/_next/static/chunks/0-ynv9eqilv7x.js:0
[    8871ms] [LOG] Player X: 0.00 Y: 6.00 Z: 5.00 @ http://localhost:3000/_next/static/chunks/0-ynv9eqilv7x.js:0
[    8875ms] [LOG] Player X: 0.00 Y: 6.00 Z: 5.00 @ http://localhost:3000/_next/static/chunks/0-ynv9eqilv7x.js:0
[    8878ms] [LOG] Player X: 0.00 Y: 6.00 Z: 5.00 @ http://localhost:3000/_next/static/chunks/0-ynv9eqilv7x.js:0
[    8882ms] [LOG] Player X: 0.00 Y: 6.00 Z: 5.00 @ http://localhost:3000/_next/static/chunks/0-ynv9eqilv7x.js:0
[    8885ms] [LOG] Player X: 0.00 Y: 6.00 Z: 5.00 @ http://localhost:3000/_next/static/chunks/0-ynv9eqilv7x.js:0
[    8888ms] [LOG] Player X: 0.00 Y: 6.00 Z: 5.00 @ http://localhost:3000/_next/static/chunks/0-ynv9eqilv7x.js:0
[    8891ms] [LOG] Player X: 0.00 Y: 6.00 Z: 5.00 @ http://localhost:3000/_next/static/chunks/0-ynv9eqilv7x.js:0
[    8895ms] [LOG] Player X: 0.00 Y: 6.00 Z: 5.00 @ http://localhost:3000/_next/static/chunks/0-ynv9eqilv7x.js:0
[    8898ms] [LOG] Player X: 0.00 Y: 6.00 Z: 5.00 @ http://localhost:3000/_next/static/chunks/0-ynv9eqilv7x.js:0
[    8901ms] [LOG] Player X: 0.00 Y: 6.00 Z: 5.00 @ http://localhost:3000/_next/static/chunks/0-ynv9eqilv7x.js:0
[    8905ms] [LOG] Player X: 0.00 Y: 6.00 Z: 5.00 @ http://localhost:3000/_next/static/chunks/0-ynv9eqilv7x.js:0
[    8908ms] [LOG] Player X: 0.00 Y: 6.00 Z: 5.00 @ http://localhost:3000/_next/static/chunks/0-ynv9eqilv7x.js:0
[    8912ms] [LOG] Player X: 0.00 Y: 6.00 Z: 5.00 @ http://localhost:3000/_next/static/chunks/0-ynv9eqilv7x.js:0
[    8915ms] [LOG] Player X: 0.00 Y: 6.00 Z: 5.00 @ http://localhost:3000/_next/static/chunks/0-ynv9eqilv7x.js:0
[    8918ms] [LOG] Player X: 0.00 Y: 6.00 Z: 5.00 @ http://localhost:3000/_next/static/chunks/0-ynv9eqilv7x.js:0
[    8921ms] [LOG] Player X: 0.00 Y: 6.00 Z: 5.00 @ http://localhost:3000/_next/static/chunks/0-ynv9eqilv7x.js:0
[    8925ms] [LOG] Player X: 0.00 Y: 6.00 Z: 5.00 @ http://localhost:3000/_next/static/chunks/0-ynv9eqilv7x.js:0
[    8928ms] [LOG] Player X: 0.00 Y: 6.00 Z: 5.00 @ http://localhost:3000/_next/static/chunks/0-ynv9eqilv7x.js:0
[    8931ms] [LOG] Player X: 0.00 Y: 6.00 Z: 5.00 @ http://localhost:3000/_next/static/chunks/0-ynv9eqilv7x.js:0
[    8935ms] [LOG] Player X: 0.00 Y: 6.00 Z: 5.00 @ http://localhost:3000/_next/static/chunks/0-ynv9eqilv7x.js:0
[    8938ms] [LOG] Player X: 0.00 Y: 6.00 Z: 5.00 @ http://localhost:3000/_next/static/chunks/0-ynv9eqilv7x.js:0
[    8941ms] [LOG] Player X: 0.00 Y: 6.00 Z: 5.00 @ http://localhost:3000/_next/static/chunks/0-ynv9eqilv7x.js:0
[    8945ms] [LOG] Player X: 0.00 Y: 6.00 Z: 5.00 @ http://localhost:3000/_next/static/chunks/0-ynv9eqilv7x.js:0
[    8948ms] [LOG] Player X: 0.00 Y: 6.00 Z: 5.00 @ http://localhost:3000/_next/static/chunks/0-ynv9eqilv7x.js:0
[    8951ms] [LOG] Player X: 0.00 Y: 6.00 Z: 5.00 @ http://localhost:3000/_next/static/chunks/0-ynv9eqilv7x.js:0
[    8955ms] [LOG] Player X: 0.00 Y: 6.00 Z: 5.00 @ http://localhost:3000/_next/static/chunks/0-ynv9eqilv7x.js:0
[    8958ms] [LOG] Player X: 0.00 Y: 6.00 Z: 5.00 @ http://localhost:3000/_next/static/chunks/0-ynv9eqilv7x.js:0
[    8961ms] [LOG] Player X: 0.00 Y: 6.00 Z: 5.00 @ http://localhost:3000/_next/static/chunks/0-ynv9eqilv7x.js:0
[    8965ms] [LOG] Player X: 0.00 Y: 6.00 Z: 5.00 @ http://localhost:3000/_next/static/chunks/0-ynv9eqilv7x.js:0
[    8968ms] [LOG] Player X: 0.00 Y: 6.00 Z: 5.00 @ http://localhost:3000/_next/static/chunks/0-ynv9eqilv7x.js:0
[    8971ms] [LOG] Player X: 0.00 Y: 6.00 Z: 5.00 @ http://localhost:3000/_next/static/chunks/0-ynv9eqilv7x.js:0
[    8975ms] [LOG] Player X: 0.00 Y: 6.00 Z: 5.00 @ http://localhost:3000/_next/static/chunks/0-ynv9eqilv7x.js:0
[    8978ms] [LOG] Player X: 0.00 Y: 6.00 Z: 5.00 @ http://localhost:3000/_next/static/chunks/0-ynv9eqilv7x.js:0
[    8981ms] [LOG] Player X: 0.00 Y: 6.00 Z: 5.00 @ http://localhost:3000/_next/static/chunks/0-ynv9eqilv7x.js:0
[    8985ms] [LOG] Player X: 0.00 Y: 6.00 Z: 5.00 @ http://localhost:3000/_next/static/chunks/0-ynv9eqilv7x.js:0
[    8988ms] [LOG] Player X: 0.00 Y: 6.00 Z: 5.00 @ http://localhost:3000/_next/static/chunks/0-ynv9eqilv7x.js:0
[    8991ms] [LOG] Player X: 0.00 Y: 6.00 Z: 5.00 @ http://localhost:3000/_next/static/chunks/0-ynv9eqilv7x.js:0
[    8995ms] [LOG] Player X: 0.00 Y: 6.00 Z: 5.00 @ http://localhost:3000/_next/static/chunks/0-ynv9eqilv7x.js:0
[    8998ms] [LOG] Player X: 0.00 Y: 6.00 Z: 5.00 @ http://localhost:3000/_next/static/chunks/0-ynv9eqilv7x.js:0
[    9001ms] [LOG] Player X: 0.00 Y: 6.00 Z: 5.00 @ http://localhost:3000/_next/static/chunks/0-ynv9eqilv7x.js:0
[    9005ms] [LOG] Player X: 0.00 Y: 6.00 Z: 5.00 @ http://localhost:3000/_next/static/chunks/0-ynv9eqilv7x.js:0
[    9008ms] [LOG] Player X: 0.00 Y: 6.00 Z: 5.00 @ http://localhost:3000/_next/static/chunks/0-ynv9eqilv7x.js:0
[    9011ms] [LOG] Player X: 0.00 Y: 6.00 Z: 5.00 @ http://localhost:3000/_next/static/chunks/0-ynv9eqilv7x.js:0
[    9015ms] [LOG] Player X: 0.00 Y: 6.00 Z: 5.00 @ http://localhost:3000/_next/static/chunks/0-ynv9eqilv7x.js:0
[    9018ms] [LOG] Player X: 0.00 Y: 6.00 Z: 5.00 @ http://localhost:3000/_next/static/chunks/0-ynv9eqilv7x.js:0
[    9021ms] [LOG] Player X: 0.00 Y: 6.00 Z: 5.00 @ http://localhost:3000/_next/static/chunks/0-ynv9eqilv7x.js:0
[    9025ms] [LOG] Player X: 0.00 Y: 6.00 Z: 5.00 @ http://localhost:3000/_next/static/chunks/0-ynv9eqilv7x.js:0
[    9028ms] [LOG] Player X: 0.00 Y: 6.00 Z: 5.00 @ http://localhost:3000/_next/static/chunks/0-ynv9eqilv7x.js:0
[    9031ms] [LOG] Player X: 0.00 Y: 6.00 Z: 5.00 @ http://localhost:3000/_next/static/chunks/0-ynv9eqilv7x.js:0
[    9035ms] [LOG] Player X: 0.00 Y: 6.00 Z: 5.00 @ http://localhost:3000/_next/static/chunks/0-ynv9eqilv7x.js:0
[    9038ms] [LOG] Player X: 0.00 Y: 6.00 Z: 5.00 @ http://localhost:3000/_next/static/chunks/0-ynv9eqilv7x.js:0
[    9041ms] [LOG] Player X: 0.00 Y: 6.00 Z: 5.00 @ http://localhost:3000/_next/static/chunks/0-ynv9eqilv7x.js:0
[    9045ms] [LOG] Player X: 0.00 Y: 6.00 Z: 5.00 @ http://localhost:3000/_next/static/chunks/0-ynv9eqilv7x.js:0
[    9048ms] [LOG] Player X: 0.00 Y: 6.00 Z: 5.00 @ http://localhost:3000/_next/static/chunks/0-ynv9eqilv7x.js:0
[    9052ms] [LOG] Player X: 0.00 Y: 6.00 Z: 5.00 @ http://localhost:3000/_next/static/chunks/0-ynv9eqilv7x.js:0
[    9056ms] [LOG] Player X: 0.00 Y: 6.00 Z: 5.00 @ http://localhost:3000/_next/static/chunks/0-ynv9eqilv7x.js:0
[    9059ms] [LOG] Player X: 0.00 Y: 6.00 Z: 5.00 @ http://localhost:3000/_next/static/chunks/0-ynv9eqilv7x.js:0
[    9062ms] [LOG] Player X: 0.00 Y: 6.00 Z: 5.00 @ http://localhost:3000/_next/static/chunks/0-ynv9eqilv7x.js:0
[    9066ms] [LOG] Player X: 0.00 Y: 6.00 Z: 5.00 @ http://localhost:3000/_next/static/chunks/0-ynv9eqilv7x.js:0
[    9068ms] [LOG] Player X: 0.00 Y: 6.00 Z: 5.00 @ http://localhost:3000/_next/static/chunks/0-ynv9eqilv7x.js:0
[    9072ms] [LOG] Player X: 0.00 Y: 6.00 Z: 5.00 @ http://localhost:3000/_next/static/chunks/0-ynv9eqilv7x.js:0
[    9075ms] [LOG] Player X: 0.00 Y: 6.00 Z: 5.00 @ http://localhost:3000/_next/static/chunks/0-ynv9eqilv7x.js:0
[    9078ms] [LOG] Player X: 0.00 Y: 6.00 Z: 5.00 @ http://localhost:3000/_next/static/chunks/0-ynv9eqilv7x.js:0
[    9082ms] [LOG] Player X: 0.00 Y: 6.00 Z: 5.00 @ http://localhost:3000/_next/static/chunks/0-ynv9eqilv7x.js:0
[    9085ms] [LOG] Player X: 0.00 Y: 6.00 Z: 5.00 @ http://localhost:3000/_next/static/chunks/0-ynv9eqilv7x.js:0
[    9088ms] [LOG] Player X: 0.00 Y: 6.00 Z: 5.00 @ http://localhost:3000/_next/static/chunks/0-ynv9eqilv7x.js:0
[    9091ms] [LOG] Player X: 0.00 Y: 6.00 Z: 5.00 @ http://localhost:3000/_next/static/chunks/0-ynv9eqilv7x.js:0
[    9095ms] [LOG] Player X: 0.00 Y: 6.00 Z: 5.00 @ http://localhost:3000/_next/static/chunks/0-ynv9eqilv7x.js:0
[    9098ms] [LOG] Player X: 0.00 Y: 6.00 Z: 5.00 @ http://localhost:3000/_next/static/chunks/0-ynv9eqilv7x.js:0
[    9101ms] [LOG] Player X: 0.00 Y: 6.00 Z: 5.00 @ http://localhost:3000/_next/static/chunks/0-ynv9eqilv7x.js:0
[    9104ms] [LOG] Player X: 0.00 Y: 6.00 Z: 5.00 @ http://localhost:3000/_next/static/chunks/0-ynv9eqilv7x.js:0
[    9108ms] [LOG] Player X: 0.00 Y: 6.00 Z: 5.00 @ http://localhost:3000/_next/static/chunks/0-ynv9eqilv7x.js:0
[    9111ms] [LOG] Player X: 0.00 Y: 6.00 Z: 5.00 @ http://localhost:3000/_next/static/chunks/0-ynv9eqilv7x.js:0
[    9114ms] [LOG] Player X: 0.00 Y: 6.00 Z: 5.00 @ http://localhost:3000/_next/static/chunks/0-ynv9eqilv7x.js:0
[    9118ms] [LOG] Player X: 0.00 Y: 6.00 Z: 5.00 @ http://localhost:3000/_next/static/chunks/0-ynv9eqilv7x.js:0
[    9121ms] [LOG] Player X: 0.00 Y: 6.00 Z: 5.00 @ http://localhost:3000/_next/static/chunks/0-ynv9eqilv7x.js:0
[    9124ms] [LOG] Player X: 0.00 Y: 6.00 Z: 5.00 @ http://localhost:3000/_next/static/chunks/0-ynv9eqilv7x.js:0
[    9128ms] [LOG] Player X: 0.00 Y: 6.00 Z: 5.00 @ http://localhost:3000/_next/static/chunks/0-ynv9eqilv7x.js:0
[    9131ms] [LOG] Player X: 0.00 Y: 6.00 Z: 5.00 @ http://localhost:3000/_next/static/chunks/0-ynv9eqilv7x.js:0
[    9135ms] [LOG] Player X: 0.00 Y: 6.00 Z: 5.00 @ http://localhost:3000/_next/static/chunks/0-ynv9eqilv7x.js:0
[    9138ms] [LOG] Player X: 0.00 Y: 6.00 Z: 5.00 @ http://localhost:3000/_next/static/chunks/0-ynv9eqilv7x.js:0
[    9142ms] [LOG] Player X: 0.00 Y: 6.00 Z: 5.00 @ http://localhost:3000/_next/static/chunks/0-ynv9eqilv7x.js:0
[    9145ms] [LOG] Player X: 0.00 Y: 6.00 Z: 5.00 @ http://localhost:3000/_next/static/chunks/0-ynv9eqilv7x.js:0
[    9148ms] [LOG] Player X: 0.00 Y: 6.00 Z: 5.00 @ http://localhost:3000/_next/static/chunks/0-ynv9eqilv7x.js:0
[    9151ms] [LOG] Player X: 0.00 Y: 6.00 Z: 5.00 @ http://localhost:3000/_next/static/chunks/0-ynv9eqilv7x.js:0
[    9155ms] [LOG] Player X: 0.00 Y: 6.00 Z: 5.00 @ http://localhost:3000/_next/static/chunks/0-ynv9eqilv7x.js:0
[    9158ms] [LOG] Player X: 0.00 Y: 6.00 Z: 5.00 @ http://localhost:3000/_next/static/chunks/0-ynv9eqilv7x.js:0
[    9161ms] [LOG] Player X: 0.00 Y: 6.00 Z: 5.00 @ http://localhost:3000/_next/static/chunks/0-ynv9eqilv7x.js:0
[    9165ms] [LOG] Player X: 0.00 Y: 6.00 Z: 5.00 @ http://localhost:3000/_next/static/chunks/0-ynv9eqilv7x.js:0
[    9168ms] [LOG] Player X: 0.00 Y: 6.00 Z: 5.00 @ http://localhost:3000/_next/static/chunks/0-ynv9eqilv7x.js:0
[    9171ms] [LOG] Player X: 0.00 Y: 6.00 Z: 5.00 @ http://localhost:3000/_next/static/chunks/0-ynv9eqilv7x.js:0
[    9175ms] [LOG] Player X: 0.00 Y: 6.00 Z: 5.00 @ http://localhost:3000/_next/static/chunks/0-ynv9eqilv7x.js:0
[    9178ms] [LOG] Player X: 0.00 Y: 6.00 Z: 5.00 @ http://localhost:3000/_next/static/chunks/0-ynv9eqilv7x.js:0
[    9181ms] [LOG] Player X: 0.00 Y: 6.00 Z: 5.00 @ http://localhost:3000/_next/static/chunks/0-ynv9eqilv7x.js:0
[    9185ms] [LOG] Player X: 0.00 Y: 6.00 Z: 5.00 @ http://localhost:3000/_next/static/chunks/0-ynv9eqilv7x.js:0
[    9189ms] [LOG] Player X: 0.00 Y: 6.00 Z: 5.00 @ http://localhost:3000/_next/static/chunks/0-ynv9eqilv7x.js:0
[    9192ms] [LOG] Player X: 0.00 Y: 6.00 Z: 5.00 @ http://localhost:3000/_next/static/chunks/0-ynv9eqilv7x.js:0
[    9195ms] [LOG] Player X: 0.00 Y: 6.00 Z: 5.00 @ http://localhost:3000/_next/static/chunks/0-ynv9eqilv7x.js:0
[    9198ms] [LOG] Player X: 0.00 Y: 6.00 Z: 5.00 @ http://localhost:3000/_next/static/chunks/0-ynv9eqilv7x.js:0
[    9202ms] [LOG] Player X: 0.00 Y: 6.00 Z: 5.00 @ http://localhost:3000/_next/static/chunks/0-ynv9eqilv7x.js:0
[    9205ms] [LOG] Player X: 0.00 Y: 6.00 Z: 5.00 @ http://localhost:3000/_next/static/chunks/0-ynv9eqilv7x.js:0
[    9209ms] [LOG] Player X: 0.00 Y: 6.00 Z: 5.00 @ http://localhost:3000/_next/static/chunks/0-ynv9eqilv7x.js:0
[    9211ms] [LOG] Player X: 0.00 Y: 6.00 Z: 5.00 @ http://localhost:3000/_next/static/chunks/0-ynv9eqilv7x.js:0
[    9215ms] [LOG] Player X: 0.00 Y: 6.00 Z: 5.00 @ http://localhost:3000/_next/static/chunks/0-ynv9eqilv7x.js:0
[    9218ms] [LOG] Player X: 0.00 Y: 6.00 Z: 5.00 @ http://localhost:3000/_next/static/chunks/0-ynv9eqilv7x.js:0
[    9221ms] [LOG] Player X: 0.00 Y: 6.00 Z: 5.00 @ http://localhost:3000/_next/static/chunks/0-ynv9eqilv7x.js:0
[    9225ms] [LOG] Player X: 0.00 Y: 6.00 Z: 5.00 @ http://localhost:3000/_next/static/chunks/0-ynv9eqilv7x.js:0
[    9228ms] [LOG] Player X: 0.00 Y: 6.00 Z: 5.00 @ http://localhost:3000/_next/static/chunks/0-ynv9eqilv7x.js:0
[    9231ms] [LOG] Player X: 0.00 Y: 6.00 Z: 5.00 @ http://localhost:3000/_next/static/chunks/0-ynv9eqilv7x.js:0
[    9235ms] [LOG] Player X: 0.00 Y: 6.00 Z: 5.00 @ http://localhost:3000/_next/static/chunks/0-ynv9eqilv7x.js:0
[    9238ms] [LOG] Player X: 0.00 Y: 6.00 Z: 5.00 @ http://localhost:3000/_next/static/chunks/0-ynv9eqilv7x.js:0
[    9241ms] [LOG] Player X: 0.00 Y: 6.00 Z: 5.00 @ http://localhost:3000/_next/static/chunks/0-ynv9eqilv7x.js:0
[    9245ms] [LOG] Player X: 0.00 Y: 6.00 Z: 5.00 @ http://localhost:3000/_next/static/chunks/0-ynv9eqilv7x.js:0
[    9248ms] [LOG] Player X: 0.00 Y: 6.00 Z: 5.00 @ http://localhost:3000/_next/static/chunks/0-ynv9eqilv7x.js:0
[    9251ms] [LOG] Player X: 0.00 Y: 6.00 Z: 5.00 @ http://localhost:3000/_next/static/chunks/0-ynv9eqilv7x.js:0
[    9255ms] [LOG] Player X: 0.00 Y: 6.00 Z: 5.00 @ http://localhost:3000/_next/static/chunks/0-ynv9eqilv7x.js:0
[    9258ms] [LOG] Player X: 0.00 Y: 6.00 Z: 5.00 @ http://localhost:3000/_next/static/chunks/0-ynv9eqilv7x.js:0
[    9261ms] [LOG] Player X: 0.00 Y: 6.00 Z: 5.00 @ http://localhost:3000/_next/static/chunks/0-ynv9eqilv7x.js:0
[    9265ms] [LOG] Player X: 0.00 Y: 6.00 Z: 5.00 @ http://localhost:3000/_next/static/chunks/0-ynv9eqilv7x.js:0
[    9268ms] [LOG] Player X: 0.00 Y: 6.00 Z: 5.00 @ http://localhost:3000/_next/static/chunks/0-ynv9eqilv7x.js:0
[    9272ms] [LOG] Player X: 0.00 Y: 6.00 Z: 5.00 @ http://localhost:3000/_next/static/chunks/0-ynv9eqilv7x.js:0
[    9275ms] [LOG] Player X: 0.00 Y: 6.00 Z: 5.00 @ http://localhost:3000/_next/static/chunks/0-ynv9eqilv7x.js:0
[    9278ms] [LOG] Player X: 0.00 Y: 6.00 Z: 5.00 @ http://localhost:3000/_next/static/chunks/0-ynv9eqilv7x.js:0
[    9281ms] [LOG] Player X: 0.00 Y: 6.00 Z: 5.00 @ http://localhost:3000/_next/static/chunks/0-ynv9eqilv7x.js:0
[    9285ms] [LOG] Player X: 0.00 Y: 6.00 Z: 5.00 @ http://localhost:3000/_next/static/chunks/0-ynv9eqilv7x.js:0
[    9288ms] [LOG] Player X: 0.00 Y: 6.00 Z: 5.00 @ http://localhost:3000/_next/static/chunks/0-ynv9eqilv7x.js:0
[    9291ms] [LOG] Player X: 0.00 Y: 6.00 Z: 5.00 @ http://localhost:3000/_next/static/chunks/0-ynv9eqilv7x.js:0
[    9295ms] [LOG] Player X: 0.00 Y: 6.00 Z: 5.00 @ http://localhost:3000/_next/static/chunks/0-ynv9eqilv7x.js:0
[    9298ms] [LOG] Player X: 0.00 Y: 6.00 Z: 5.00 @ http://localhost:3000/_next/static/chunks/0-ynv9eqilv7x.js:0
[    9301ms] [LOG] Player X: 0.00 Y: 6.00 Z: 5.00 @ http://localhost:3000/_next/static/chunks/0-ynv9eqilv7x.js:0
[    9305ms] [LOG] Player X: 0.00 Y: 6.00 Z: 5.00 @ http://localhost:3000/_next/static/chunks/0-ynv9eqilv7x.js:0
[    9308ms] [LOG] Player X: 0.00 Y: 6.00 Z: 5.00 @ http://localhost:3000/_next/static/chunks/0-ynv9eqilv7x.js:0
[    9312ms] [LOG] Player X: 0.00 Y: 6.00 Z: 5.00 @ http://localhost:3000/_next/static/chunks/0-ynv9eqilv7x.js:0
[    9315ms] [LOG] Player X: 0.00 Y: 6.00 Z: 5.00 @ http://localhost:3000/_next/static/chunks/0-ynv9eqilv7x.js:0
[    9318ms] [LOG] Player X: 0.00 Y: 6.00 Z: 5.00 @ http://localhost:3000/_next/static/chunks/0-ynv9eqilv7x.js:0
[    9321ms] [LOG] Player X: 0.00 Y: 6.00 Z: 5.00 @ http://localhost:3000/_next/static/chunks/0-ynv9eqilv7x.js:0
[    9325ms] [LOG] Player X: 0.00 Y: 6.00 Z: 5.00 @ http://localhost:3000/_next/static/chunks/0-ynv9eqilv7x.js:0
[    9328ms] [LOG] Player X: 0.00 Y: 6.00 Z: 5.00 @ http://localhost:3000/_next/static/chunks/0-ynv9eqilv7x.js:0
[    9332ms] [LOG] Player X: 0.00 Y: 6.00 Z: 5.00 @ http://localhost:3000/_next/static/chunks/0-ynv9eqilv7x.js:0
[    9335ms] [LOG] Player X: 0.00 Y: 6.00 Z: 5.00 @ http://localhost:3000/_next/static/chunks/0-ynv9eqilv7x.js:0
[    9338ms] [LOG] Player X: 0.00 Y: 6.00 Z: 5.00 @ http://localhost:3000/_next/static/chunks/0-ynv9eqilv7x.js:0
[    9341ms] [LOG] Player X: 0.00 Y: 6.00 Z: 5.00 @ http://localhost:3000/_next/static/chunks/0-ynv9eqilv7x.js:0
[    9345ms] [LOG] Player X: 0.00 Y: 6.00 Z: 5.00 @ http://localhost:3000/_next/static/chunks/0-ynv9eqilv7x.js:0
[    9348ms] [LOG] Player X: 0.00 Y: 6.00 Z: 5.00 @ http://localhost:3000/_next/static/chunks/0-ynv9eqilv7x.js:0
[    9352ms] [LOG] Player X: 0.00 Y: 6.00 Z: 5.00 @ http://localhost:3000/_next/static/chunks/0-ynv9eqilv7x.js:0
[    9355ms] [LOG] Player X: 0.00 Y: 6.00 Z: 5.00 @ http://localhost:3000/_next/static/chunks/0-ynv9eqilv7x.js:0
[    9359ms] [LOG] Player X: 0.00 Y: 6.00 Z: 5.00 @ http://localhost:3000/_next/static/chunks/0-ynv9eqilv7x.js:0
[    9363ms] [LOG] Player X: 0.00 Y: 6.00 Z: 5.00 @ http://localhost:3000/_next/static/chunks/0-ynv9eqilv7x.js:0
[    9366ms] [LOG] Player X: 0.00 Y: 6.00 Z: 5.00 @ http://localhost:3000/_next/static/chunks/0-ynv9eqilv7x.js:0
[    9369ms] [LOG] Player X: 0.00 Y: 6.00 Z: 5.00 @ http://localhost:3000/_next/static/chunks/0-ynv9eqilv7x.js:0
[    9371ms] [LOG] Player X: 0.00 Y: 6.00 Z: 5.00 @ http://localhost:3000/_next/static/chunks/0-ynv9eqilv7x.js:0
[    9375ms] [LOG] Player X: 0.00 Y: 6.00 Z: 5.00 @ http://localhost:3000/_next/static/chunks/0-ynv9eqilv7x.js:0
[    9378ms] [LOG] Player X: 0.00 Y: 6.00 Z: 5.00 @ http://localhost:3000/_next/static/chunks/0-ynv9eqilv7x.js:0
[    9382ms] [LOG] Player X: 0.00 Y: 6.00 Z: 5.00 @ http://localhost:3000/_next/static/chunks/0-ynv9eqilv7x.js:0
[    9385ms] [LOG] Player X: 0.00 Y: 6.00 Z: 5.00 @ http://localhost:3000/_next/static/chunks/0-ynv9eqilv7x.js:0
[    9388ms] [LOG] Player X: 0.00 Y: 6.00 Z: 5.00 @ http://localhost:3000/_next/static/chunks/0-ynv9eqilv7x.js:0
[    9391ms] [LOG] Player X: 0.00 Y: 6.00 Z: 5.00 @ http://localhost:3000/_next/static/chunks/0-ynv9eqilv7x.js:0
[    9395ms] [LOG] Player X: 0.00 Y: 6.00 Z: 5.00 @ http://localhost:3000/_next/static/chunks/0-ynv9eqilv7x.js:0
[    9398ms] [LOG] Player X: 0.00 Y: 6.00 Z: 5.00 @ http://localhost:3000/_next/static/chunks/0-ynv9eqilv7x.js:0
[    9401ms] [LOG] Player X: 0.00 Y: 6.00 Z: 5.00 @ http://localhost:3000/_next/static/chunks/0-ynv9eqilv7x.js:0
[    9405ms] [LOG] Player X: 0.00 Y: 6.00 Z: 5.00 @ http://localhost:3000/_next/static/chunks/0-ynv9eqilv7x.js:0
[    9409ms] [LOG] Player X: 0.00 Y: 6.00 Z: 5.00 @ http://localhost:3000/_next/static/chunks/0-ynv9eqilv7x.js:0
[    9411ms] [LOG] Player X: 0.00 Y: 6.00 Z: 5.00 @ http://localhost:3000/_next/static/chunks/0-ynv9eqilv7x.js:0
[    9415ms] [LOG] Player X: 0.00 Y: 6.00 Z: 5.00 @ http://localhost:3000/_next/static/chunks/0-ynv9eqilv7x.js:0
[    9418ms] [LOG] Player X: 0.00 Y: 6.00 Z: 5.00 @ http://localhost:3000/_next/static/chunks/0-ynv9eqilv7x.js:0
[    9421ms] [LOG] Player X: 0.00 Y: 6.00 Z: 5.00 @ http://localhost:3000/_next/static/chunks/0-ynv9eqilv7x.js:0
[    9425ms] [LOG] Player X: 0.00 Y: 6.00 Z: 5.00 @ http://localhost:3000/_next/static/chunks/0-ynv9eqilv7x.js:0
[    9428ms] [LOG] Player X: 0.00 Y: 6.00 Z: 5.00 @ http://localhost:3000/_next/static/chunks/0-ynv9eqilv7x.js:0
[    9431ms] [LOG] Player X: 0.00 Y: 6.00 Z: 5.00 @ http://localhost:3000/_next/static/chunks/0-ynv9eqilv7x.js:0
[    9434ms] [LOG] Player X: 0.00 Y: 6.00 Z: 5.00 @ http://localhost:3000/_next/static/chunks/0-ynv9eqilv7x.js:0
[    9438ms] [LOG] Player X: 0.00 Y: 6.00 Z: 5.00 @ http://localhost:3000/_next/static/chunks/0-ynv9eqilv7x.js:0
[    9441ms] [LOG] Player X: 0.00 Y: 6.00 Z: 5.00 @ http://localhost:3000/_next/static/chunks/0-ynv9eqilv7x.js:0
[    9444ms] [LOG] Player X: 0.00 Y: 6.00 Z: 5.00 @ http://localhost:3000/_next/static/chunks/0-ynv9eqilv7x.js:0
[    9448ms] [LOG] Player X: 0.00 Y: 6.00 Z: 5.00 @ http://localhost:3000/_next/static/chunks/0-ynv9eqilv7x.js:0
[    9451ms] [LOG] Player X: 0.00 Y: 6.00 Z: 5.00 @ http://localhost:3000/_next/static/chunks/0-ynv9eqilv7x.js:0
[    9454ms] [LOG] Player X: 0.00 Y: 6.00 Z: 5.00 @ http://localhost:3000/_next/static/chunks/0-ynv9eqilv7x.js:0
[    9458ms] [LOG] Player X: 0.00 Y: 6.00 Z: 5.00 @ http://localhost:3000/_next/static/chunks/0-ynv9eqilv7x.js:0
[    9461ms] [LOG] Player X: 0.00 Y: 6.00 Z: 5.00 @ http://localhost:3000/_next/static/chunks/0-ynv9eqilv7x.js:0
[    9464ms] [LOG] Player X: 0.00 Y: 6.00 Z: 5.00 @ http://localhost:3000/_next/static/chunks/0-ynv9eqilv7x.js:0
[    9468ms] [LOG] Player X: 0.00 Y: 6.00 Z: 5.00 @ http://localhost:3000/_next/static/chunks/0-ynv9eqilv7x.js:0
[    9471ms] [LOG] Player X: 0.00 Y: 6.00 Z: 5.00 @ http://localhost:3000/_next/static/chunks/0-ynv9eqilv7x.js:0
[    9474ms] [LOG] Player X: 0.00 Y: 6.00 Z: 5.00 @ http://localhost:3000/_next/static/chunks/0-ynv9eqilv7x.js:0
[    9478ms] [LOG] Player X: 0.00 Y: 6.00 Z: 5.00 @ http://localhost:3000/_next/static/chunks/0-ynv9eqilv7x.js:0
[    9481ms] [LOG] Player X: 0.00 Y: 6.00 Z: 5.00 @ http://localhost:3000/_next/static/chunks/0-ynv9eqilv7x.js:0
[    9484ms] [LOG] Player X: 0.00 Y: 6.00 Z: 5.00 @ http://localhost:3000/_next/static/chunks/0-ynv9eqilv7x.js:0
[    9488ms] [LOG] Player X: 0.00 Y: 6.00 Z: 5.00 @ http://localhost:3000/_next/static/chunks/0-ynv9eqilv7x.js:0
[    9491ms] [LOG] Player X: 0.00 Y: 6.00 Z: 5.00 @ http://localhost:3000/_next/static/chunks/0-ynv9eqilv7x.js:0
[    9494ms] [LOG] Player X: 0.00 Y: 6.00 Z: 5.00 @ http://localhost:3000/_next/static/chunks/0-ynv9eqilv7x.js:0
[    9498ms] [LOG] Player X: 0.00 Y: 6.00 Z: 5.00 @ http://localhost:3000/_next/static/chunks/0-ynv9eqilv7x.js:0
[    9501ms] [LOG] Player X: 0.00 Y: 6.00 Z: 5.00 @ http://localhost:3000/_next/static/chunks/0-ynv9eqilv7x.js:0
[    9504ms] [LOG] Player X: 0.00 Y: 6.00 Z: 5.00 @ http://localhost:3000/_next/static/chunks/0-ynv9eqilv7x.js:0
[    9508ms] [LOG] Player X: 0.00 Y: 6.00 Z: 5.00 @ http://localhost:3000/_next/static/chunks/0-ynv9eqilv7x.js:0
[    9511ms] [LOG] Player X: 0.00 Y: 6.00 Z: 5.00 @ http://localhost:3000/_next/static/chunks/0-ynv9eqilv7x.js:0
[    9514ms] [LOG] Player X: 0.00 Y: 6.00 Z: 5.00 @ http://localhost:3000/_next/static/chunks/0-ynv9eqilv7x.js:0
[    9518ms] [LOG] Player X: 0.00 Y: 6.00 Z: 5.00 @ http://localhost:3000/_next/static/chunks/0-ynv9eqilv7x.js:0
[    9521ms] [LOG] Player X: 0.00 Y: 6.00 Z: 5.00 @ http://localhost:3000/_next/static/chunks/0-ynv9eqilv7x.js:0
[    9524ms] [LOG] Player X: 0.00 Y: 6.00 Z: 5.00 @ http://localhost:3000/_next/static/chunks/0-ynv9eqilv7x.js:0
[    9528ms] [LOG] Player X: 0.00 Y: 6.00 Z: 5.00 @ http://localhost:3000/_next/static/chunks/0-ynv9eqilv7x.js:0
[    9531ms] [LOG] Player X: 0.00 Y: 6.00 Z: 5.00 @ http://localhost:3000/_next/static/chunks/0-ynv9eqilv7x.js:0
[    9535ms] [LOG] Player X: 0.00 Y: 6.00 Z: 5.00 @ http://localhost:3000/_next/static/chunks/0-ynv9eqilv7x.js:0
[    9538ms] [LOG] Player X: 0.00 Y: 6.00 Z: 5.00 @ http://localhost:3000/_next/static/chunks/0-ynv9eqilv7x.js:0
[    9541ms] [LOG] Player X: 0.00 Y: 6.00 Z: 5.00 @ http://localhost:3000/_next/static/chunks/0-ynv9eqilv7x.js:0
[    9544ms] [LOG] Player X: 0.00 Y: 6.00 Z: 5.00 @ http://localhost:3000/_next/static/chunks/0-ynv9eqilv7x.js:0
[    9548ms] [LOG] Player X: 0.00 Y: 6.00 Z: 5.00 @ http://localhost:3000/_next/static/chunks/0-ynv9eqilv7x.js:0
[    9551ms] [LOG] Player X: 0.00 Y: 6.00 Z: 5.00 @ http://localhost:3000/_next/static/chunks/0-ynv9eqilv7x.js:0
[    9555ms] [LOG] Player X: 0.00 Y: 6.00 Z: 5.00 @ http://localhost:3000/_next/static/chunks/0-ynv9eqilv7x.js:0
[    9558ms] [LOG] Player X: 0.00 Y: 6.00 Z: 5.00 @ http://localhost:3000/_next/static/chunks/0-ynv9eqilv7x.js:0
[    9561ms] [LOG] Player X: 0.00 Y: 6.00 Z: 5.00 @ http://localhost:3000/_next/static/chunks/0-ynv9eqilv7x.js:0
[    9564ms] [LOG] Player X: 0.00 Y: 6.00 Z: 5.00 @ http://localhost:3000/_next/static/chunks/0-ynv9eqilv7x.js:0
[    9568ms] [LOG] Player X: 0.00 Y: 6.00 Z: 5.00 @ http://localhost:3000/_next/static/chunks/0-ynv9eqilv7x.js:0
[    9571ms] [LOG] Player X: 0.00 Y: 6.00 Z: 5.00 @ http://localhost:3000/_next/static/chunks/0-ynv9eqilv7x.js:0
[    9574ms] [LOG] Player X: 0.00 Y: 6.00 Z: 5.00 @ http://localhost:3000/_next/static/chunks/0-ynv9eqilv7x.js:0
[    9578ms] [LOG] Player X: 0.00 Y: 6.00 Z: 5.00 @ http://localhost:3000/_next/static/chunks/0-ynv9eqilv7x.js:0
[    9581ms] [LOG] Player X: 0.00 Y: 6.00 Z: 5.00 @ http://localhost:3000/_next/static/chunks/0-ynv9eqilv7x.js:0
[    9584ms] [LOG] Player X: 0.00 Y: 6.00 Z: 5.00 @ http://localhost:3000/_next/static/chunks/0-ynv9eqilv7x.js:0
[    9589ms] [LOG] Player X: 0.00 Y: 6.00 Z: 5.00 @ http://localhost:3000/_next/static/chunks/0-ynv9eqilv7x.js:0
[    9591ms] [LOG] Player X: 0.07 Y: 5.95 Z: 4.95 @ http://localhost:3000/_next/static/chunks/0-ynv9eqilv7x.js:0
[    9594ms] [LOG] Player X: 0.15 Y: 5.91 Z: 4.91 @ http://localhost:3000/_next/static/chunks/0-ynv9eqilv7x.js:0
[    9598ms] [LOG] Player X: 0.22 Y: 5.86 Z: 4.86 @ http://localhost:3000/_next/static/chunks/0-ynv9eqilv7x.js:0
[    9601ms] [LOG] Player X: 0.30 Y: 5.81 Z: 4.81 @ http://localhost:3000/_next/static/chunks/0-ynv9eqilv7x.js:0
[    9605ms] [LOG] Player X: 0.37 Y: 5.77 Z: 4.77 @ http://localhost:3000/_next/static/chunks/0-ynv9eqilv7x.js:0
[    9608ms] [LOG] Player X: 0.45 Y: 5.72 Z: 4.72 @ http://localhost:3000/_next/static/chunks/0-ynv9eqilv7x.js:0
[    9611ms] [LOG] Player X: 0.52 Y: 5.67 Z: 4.67 @ http://localhost:3000/_next/static/chunks/0-ynv9eqilv7x.js:0
[    9614ms] [LOG] Player X: 0.60 Y: 5.62 Z: 4.62 @ http://localhost:3000/_next/static/chunks/0-ynv9eqilv7x.js:0
[    9618ms] [LOG] Player X: 0.67 Y: 5.58 Z: 4.58 @ http://localhost:3000/_next/static/chunks/0-ynv9eqilv7x.js:0
[    9621ms] [LOG] Player X: 0.75 Y: 5.53 Z: 4.53 @ http://localhost:3000/_next/static/chunks/0-ynv9eqilv7x.js:0
[    9625ms] [LOG] Player X: 0.82 Y: 5.48 Z: 4.48 @ http://localhost:3000/_next/static/chunks/0-ynv9eqilv7x.js:0
[    9628ms] [LOG] Player X: 0.90 Y: 5.44 Z: 4.44 @ http://localhost:3000/_next/static/chunks/0-ynv9eqilv7x.js:0
[    9631ms] [LOG] Player X: 0.97 Y: 5.39 Z: 4.39 @ http://localhost:3000/_next/static/chunks/0-ynv9eqilv7x.js:0
[    9634ms] [LOG] Player X: 1.05 Y: 5.34 Z: 4.34 @ http://localhost:3000/_next/static/chunks/0-ynv9eqilv7x.js:0
[    9638ms] [LOG] Player X: 1.12 Y: 5.30 Z: 4.30 @ http://localhost:3000/_next/static/chunks/0-ynv9eqilv7x.js:0
[    9641ms] [LOG] Player X: 1.20 Y: 5.25 Z: 4.25 @ http://localhost:3000/_next/static/chunks/0-ynv9eqilv7x.js:0
[    9644ms] [LOG] Player X: 1.27 Y: 5.20 Z: 4.20 @ http://localhost:3000/_next/static/chunks/0-ynv9eqilv7x.js:0
[    9648ms] [LOG] Player X: 1.34 Y: 5.15 Z: 4.15 @ http://localhost:3000/_next/static/chunks/0-ynv9eqilv7x.js:0
[    9651ms] [LOG] Player X: 1.42 Y: 5.11 Z: 4.11 @ http://localhost:3000/_next/static/chunks/0-ynv9eqilv7x.js:0
[    9655ms] [LOG] Player X: 1.49 Y: 5.06 Z: 4.06 @ http://localhost:3000/_next/static/chunks/0-ynv9eqilv7x.js:0
[    9658ms] [LOG] Player X: 1.57 Y: 5.01 Z: 4.01 @ http://localhost:3000/_next/static/chunks/0-ynv9eqilv7x.js:0
[    9661ms] [LOG] Player X: 1.64 Y: 4.97 Z: 3.96 @ http://localhost:3000/_next/static/chunks/0-ynv9eqilv7x.js:0
[    9665ms] [LOG] Player X: 1.72 Y: 4.92 Z: 3.92 @ http://localhost:3000/_next/static/chunks/0-ynv9eqilv7x.js:0
[    9668ms] [LOG] Player X: 1.79 Y: 4.87 Z: 3.87 @ http://localhost:3000/_next/static/chunks/0-ynv9eqilv7x.js:0
[    9671ms] [LOG] Player X: 1.86 Y: 4.82 Z: 3.82 @ http://localhost:3000/_next/static/chunks/0-ynv9eqilv7x.js:0
[    9675ms] [LOG] Player X: 1.94 Y: 4.78 Z: 3.77 @ http://localhost:3000/_next/static/chunks/0-ynv9eqilv7x.js:0
[    9678ms] [LOG] Player X: 2.01 Y: 4.73 Z: 3.72 @ http://localhost:3000/_next/static/chunks/0-ynv9eqilv7x.js:0
[    9681ms] [LOG] Player X: 2.09 Y: 4.68 Z: 3.68 @ http://localhost:3000/_next/static/chunks/0-ynv9eqilv7x.js:0
[    9685ms] [LOG] Player X: 2.16 Y: 4.64 Z: 3.63 @ http://localhost:3000/_next/static/chunks/0-ynv9eqilv7x.js:0
[    9688ms] [LOG] Player X: 2.23 Y: 4.59 Z: 3.58 @ http://localhost:3000/_next/static/chunks/0-ynv9eqilv7x.js:0
[    9691ms] [LOG] Player X: 2.31 Y: 4.54 Z: 3.53 @ http://localhost:3000/_next/static/chunks/0-ynv9eqilv7x.js:0
[    9695ms] [LOG] Player X: 2.38 Y: 4.49 Z: 3.48 @ http://localhost:3000/_next/static/chunks/0-ynv9eqilv7x.js:0
[    9698ms] [LOG] Player X: 2.45 Y: 4.45 Z: 3.43 @ http://localhost:3000/_next/static/chunks/0-ynv9eqilv7x.js:0
[    9701ms] [LOG] Player X: 2.53 Y: 4.40 Z: 3.38 @ http://localhost:3000/_next/static/chunks/0-ynv9eqilv7x.js:0
[    9705ms] [LOG] Player X: 2.60 Y: 4.35 Z: 3.33 @ http://localhost:3000/_next/static/chunks/0-ynv9eqilv7x.js:0
[    9708ms] [LOG] Player X: 2.67 Y: 4.30 Z: 3.28 @ http://localhost:3000/_next/static/chunks/0-ynv9eqilv7x.js:0
[    9711ms] [LOG] Player X: 2.74 Y: 4.26 Z: 3.23 @ http://localhost:3000/_next/static/chunks/0-ynv9eqilv7x.js:0
[    9715ms] [LOG] Player X: 2.82 Y: 4.21 Z: 3.18 @ http://localhost:3000/_next/static/chunks/0-ynv9eqilv7x.js:0
[    9718ms] [LOG] Player X: 2.89 Y: 4.16 Z: 3.13 @ http://localhost:3000/_next/static/chunks/0-ynv9eqilv7x.js:0
[    9721ms] [LOG] Player X: 2.96 Y: 4.12 Z: 3.08 @ http://localhost:3000/_next/static/chunks/0-ynv9eqilv7x.js:0
[    9725ms] [LOG] Player X: 3.03 Y: 4.07 Z: 3.03 @ http://localhost:3000/_next/static/chunks/0-ynv9eqilv7x.js:0
[    9728ms] [LOG] Player X: 3.11 Y: 4.02 Z: 2.98 @ http://localhost:3000/_next/static/chunks/0-ynv9eqilv7x.js:0
[    9731ms] [LOG] Player X: 3.18 Y: 3.97 Z: 2.93 @ http://localhost:3000/_next/static/chunks/0-ynv9eqilv7x.js:0
[    9735ms] [LOG] Player X: 3.25 Y: 3.93 Z: 2.88 @ http://localhost:3000/_next/static/chunks/0-ynv9eqilv7x.js:0
[    9738ms] [LOG] Player X: 3.32 Y: 3.88 Z: 2.83 @ http://localhost:3000/_next/static/chunks/0-ynv9eqilv7x.js:0
[    9741ms] [LOG] Player X: 3.39 Y: 3.83 Z: 2.78 @ http://localhost:3000/_next/static/chunks/0-ynv9eqilv7x.js:0
[    9745ms] [LOG] Player X: 3.46 Y: 3.78 Z: 2.73 @ http://localhost:3000/_next/static/chunks/0-ynv9eqilv7x.js:0
[    9748ms] [LOG] Player X: 3.53 Y: 3.74 Z: 2.67 @ http://localhost:3000/_next/static/chunks/0-ynv9eqilv7x.js:0
[    9751ms] [LOG] Player X: 3.61 Y: 3.69 Z: 2.62 @ http://localhost:3000/_next/static/chunks/0-ynv9eqilv7x.js:0
[    9755ms] [LOG] Player X: 3.68 Y: 3.64 Z: 2.57 @ http://localhost:3000/_next/static/chunks/0-ynv9eqilv7x.js:0
[    9758ms] [LOG] Player X: 3.75 Y: 3.59 Z: 2.52 @ http://localhost:3000/_next/static/chunks/0-ynv9eqilv7x.js:0
[    9761ms] [LOG] Player X: 3.82 Y: 3.55 Z: 2.47 @ http://localhost:3000/_next/static/chunks/0-ynv9eqilv7x.js:0
[    9765ms] [LOG] Player X: 3.89 Y: 3.50 Z: 2.41 @ http://localhost:3000/_next/static/chunks/0-ynv9eqilv7x.js:0
[    9768ms] [LOG] Player X: 3.96 Y: 3.45 Z: 2.36 @ http://localhost:3000/_next/static/chunks/0-ynv9eqilv7x.js:0
[    9771ms] [LOG] Player X: 4.03 Y: 3.40 Z: 2.31 @ http://localhost:3000/_next/static/chunks/0-ynv9eqilv7x.js:0
[    9774ms] [LOG] Player X: 4.10 Y: 3.36 Z: 2.26 @ http://localhost:3000/_next/static/chunks/0-ynv9eqilv7x.js:0
[    9778ms] [LOG] Player X: 4.17 Y: 3.31 Z: 2.20 @ http://localhost:3000/_next/static/chunks/0-ynv9eqilv7x.js:0
[    9781ms] [LOG] Player X: 4.24 Y: 3.26 Z: 2.15 @ http://localhost:3000/_next/static/chunks/0-ynv9eqilv7x.js:0
[    9784ms] [LOG] Player X: 4.31 Y: 3.21 Z: 2.10 @ http://localhost:3000/_next/static/chunks/0-ynv9eqilv7x.js:0
[    9788ms] [LOG] Player X: 4.38 Y: 3.17 Z: 2.04 @ http://localhost:3000/_next/static/chunks/0-ynv9eqilv7x.js:0
[    9791ms] [LOG] Player X: 4.45 Y: 3.12 Z: 1.99 @ http://localhost:3000/_next/static/chunks/0-ynv9eqilv7x.js:0
[    9795ms] [LOG] Player X: 4.52 Y: 3.07 Z: 1.94 @ http://localhost:3000/_next/static/chunks/0-ynv9eqilv7x.js:0
[    9798ms] [LOG] Player X: 4.59 Y: 3.02 Z: 1.89 @ http://localhost:3000/_next/static/chunks/0-ynv9eqilv7x.js:0
[    9801ms] [LOG] Player X: 4.66 Y: 2.98 Z: 1.83 @ http://localhost:3000/_next/static/chunks/0-ynv9eqilv7x.js:0
[    9805ms] [LOG] Player X: 4.73 Y: 2.93 Z: 1.78 @ http://localhost:3000/_next/static/chunks/0-ynv9eqilv7x.js:0
[    9808ms] [LOG] Player X: 4.80 Y: 2.88 Z: 1.72 @ http://localhost:3000/_next/static/chunks/0-ynv9eqilv7x.js:0
[    9811ms] [LOG] Player X: 4.87 Y: 2.83 Z: 1.67 @ http://localhost:3000/_next/static/chunks/0-ynv9eqilv7x.js:0
[    9815ms] [LOG] Player X: 4.94 Y: 2.79 Z: 1.62 @ http://localhost:3000/_next/static/chunks/0-ynv9eqilv7x.js:0
[    9818ms] [LOG] Player X: 5.01 Y: 2.74 Z: 1.56 @ http://localhost:3000/_next/static/chunks/0-ynv9eqilv7x.js:0
[    9821ms] [LOG] Player X: 5.08 Y: 2.69 Z: 1.51 @ http://localhost:3000/_next/static/chunks/0-ynv9eqilv7x.js:0
[    9825ms] [LOG] Player X: 5.15 Y: 2.64 Z: 1.45 @ http://localhost:3000/_next/static/chunks/0-ynv9eqilv7x.js:0
[    9828ms] [LOG] Player X: 5.22 Y: 2.60 Z: 1.40 @ http://localhost:3000/_next/static/chunks/0-ynv9eqilv7x.js:0
[    9831ms] [LOG] Player X: 5.29 Y: 2.55 Z: 1.35 @ http://localhost:3000/_next/static/chunks/0-ynv9eqilv7x.js:0
[    9835ms] [LOG] Player X: 5.36 Y: 2.50 Z: 1.29 @ http://localhost:3000/_next/static/chunks/0-ynv9eqilv7x.js:0
[    9838ms] [LOG] Player X: 5.43 Y: 2.45 Z: 1.24 @ http://localhost:3000/_next/static/chunks/0-ynv9eqilv7x.js:0
[    9841ms] [LOG] Player X: 5.50 Y: 2.41 Z: 1.18 @ http://localhost:3000/_next/static/chunks/0-ynv9eqilv7x.js:0
[    9845ms] [LOG] Player X: 5.56 Y: 2.36 Z: 1.13 @ http://localhost:3000/_next/static/chunks/0-ynv9eqilv7x.js:0
[    9848ms] [LOG] Player X: 5.63 Y: 2.31 Z: 1.07 @ http://localhost:3000/_next/static/chunks/0-ynv9eqilv7x.js:0
[    9851ms] [LOG] Player X: 5.70 Y: 2.26 Z: 1.02 @ http://localhost:3000/_next/static/chunks/0-ynv9eqilv7x.js:0
[    9855ms] [LOG] Player X: 5.77 Y: 2.22 Z: 0.96 @ http://localhost:3000/_next/static/chunks/0-ynv9eqilv7x.js:0
[    9858ms] [LOG] Player X: 5.84 Y: 2.17 Z: 0.90 @ http://localhost:3000/_next/static/chunks/0-ynv9eqilv7x.js:0
[    9861ms] [LOG] Player X: 5.90 Y: 2.12 Z: 0.85 @ http://localhost:3000/_next/static/chunks/0-ynv9eqilv7x.js:0
[    9865ms] [LOG] Player X: 5.97 Y: 2.07 Z: 0.79 @ http://localhost:3000/_next/static/chunks/0-ynv9eqilv7x.js:0
[    9868ms] [LOG] Player X: 6.04 Y: 2.03 Z: 0.74 @ http://localhost:3000/_next/static/chunks/0-ynv9eqilv7x.js:0
[    9871ms] [LOG] Player X: 6.11 Y: 1.98 Z: 0.68 @ http://localhost:3000/_next/static/chunks/0-ynv9eqilv7x.js:0
[    9874ms] [LOG] Player X: 6.17 Y: 1.93 Z: 0.62 @ http://localhost:3000/_next/static/chunks/0-ynv9eqilv7x.js:0
[    9878ms] [LOG] Player X: 6.24 Y: 1.88 Z: 0.56 @ http://localhost:3000/_next/static/chunks/0-ynv9eqilv7x.js:0
[    9881ms] [LOG] Player X: 6.31 Y: 1.84 Z: 0.50 @ http://localhost:3000/_next/static/chunks/0-ynv9eqilv7x.js:0
[    9885ms] [LOG] Player X: 6.37 Y: 1.79 Z: 0.45 @ http://localhost:3000/_next/static/chunks/0-ynv9eqilv7x.js:0
[    9888ms] [LOG] Player X: 6.44 Y: 1.74 Z: 0.39 @ http://localhost:3000/_next/static/chunks/0-ynv9eqilv7x.js:0
[    9891ms] [LOG] Player X: 6.50 Y: 1.69 Z: 0.33 @ http://localhost:3000/_next/static/chunks/0-ynv9eqilv7x.js:0
[    9894ms] [LOG] Player X: 6.57 Y: 1.65 Z: 0.27 @ http://localhost:3000/_next/static/chunks/0-ynv9eqilv7x.js:0
[    9898ms] [LOG] Player X: 6.63 Y: 1.60 Z: 0.21 @ http://localhost:3000/_next/static/chunks/0-ynv9eqilv7x.js:0
[    9901ms] [LOG] Player X: 6.70 Y: 1.55 Z: 0.15 @ http://localhost:3000/_next/static/chunks/0-ynv9eqilv7x.js:0
[    9904ms] [LOG] Player X: 6.76 Y: 1.51 Z: 0.09 @ http://localhost:3000/_next/static/chunks/0-ynv9eqilv7x.js:0
[    9908ms] [LOG] Player X: 6.83 Y: 1.46 Z: 0.03 @ http://localhost:3000/_next/static/chunks/0-ynv9eqilv7x.js:0
[    9911ms] [LOG] Player X: 6.89 Y: 1.41 Z: -0.03 @ http://localhost:3000/_next/static/chunks/0-ynv9eqilv7x.js:0
[    9915ms] [LOG] Player X: 6.95 Y: 1.37 Z: -0.09 @ http://localhost:3000/_next/static/chunks/0-ynv9eqilv7x.js:0
[    9918ms] [LOG] Player X: 7.02 Y: 1.32 Z: -0.16 @ http://localhost:3000/_next/static/chunks/0-ynv9eqilv7x.js:0
[    9922ms] [LOG] Player X: 7.08 Y: 1.27 Z: -0.22 @ http://localhost:3000/_next/static/chunks/0-ynv9eqilv7x.js:0
[    9925ms] [LOG] Player X: 7.14 Y: 1.22 Z: -0.28 @ http://localhost:3000/_next/static/chunks/0-ynv9eqilv7x.js:0
[    9928ms] [LOG] Player X: 7.20 Y: 1.18 Z: -0.34 @ http://localhost:3000/_next/static/chunks/0-ynv9eqilv7x.js:0
[    9931ms] [LOG] Player X: 7.27 Y: 1.13 Z: -0.40 @ http://localhost:3000/_next/static/chunks/0-ynv9eqilv7x.js:0
[    9935ms] [LOG] Player X: 7.33 Y: 1.08 Z: -0.47 @ http://localhost:3000/_next/static/chunks/0-ynv9eqilv7x.js:0
[    9938ms] [LOG] Player X: 7.39 Y: 1.04 Z: -0.53 @ http://localhost:3000/_next/static/chunks/0-ynv9eqilv7x.js:0
[    9941ms] [LOG] Player X: 7.46 Y: 0.99 Z: -0.59 @ http://localhost:3000/_next/static/chunks/0-ynv9eqilv7x.js:0
[    9944ms] [LOG] Player X: 7.52 Y: 0.94 Z: -0.65 @ http://localhost:3000/_next/static/chunks/0-ynv9eqilv7x.js:0
[    9948ms] [LOG] Player X: 7.58 Y: 0.90 Z: -0.72 @ http://localhost:3000/_next/static/chunks/0-ynv9eqilv7x.js:0
[    9951ms] [LOG] Player X: 7.64 Y: 0.85 Z: -0.78 @ http://localhost:3000/_next/static/chunks/0-ynv9eqilv7x.js:0
[    9954ms] [LOG] Player X: 7.64 Y: 0.85 Z: -0.78 @ http://localhost:3000/_next/static/chunks/0-ynv9eqilv7x.js:0
[    9958ms] [LOG] Player X: 7.64 Y: 0.85 Z: -0.78 @ http://localhost:3000/_next/static/chunks/0-ynv9eqilv7x.js:0
[    9961ms] [LOG] Player X: 7.64 Y: 0.85 Z: -0.78 @ http://localhost:3000/_next/static/chunks/0-ynv9eqilv7x.js:0
[    9964ms] [LOG] Player X: 7.64 Y: 0.85 Z: -0.78 @ http://localhost:3000/_next/static/chunks/0-ynv9eqilv7x.js:0
[    9968ms] [LOG] Player X: 7.64 Y: 0.85 Z: -0.78 @ http://localhost:3000/_next/static/chunks/0-ynv9eqilv7x.js:0
[    9971ms] [LOG] Player X: 7.64 Y: 0.85 Z: -0.78 @ http://localhost:3000/_next/static/chunks/0-ynv9eqilv7x.js:0
[    9974ms] [LOG] Player X: 7.64 Y: 0.85 Z: -0.78 @ http://localhost:3000/_next/static/chunks/0-ynv9eqilv7x.js:0
[    9978ms] [LOG] Player X: 7.64 Y: 0.85 Z: -0.78 @ http://localhost:3000/_next/static/chunks/0-ynv9eqilv7x.js:0
[    9981ms] [LOG] Player X: 7.64 Y: 0.85 Z: -0.78 @ http://localhost:3000/_next/static/chunks/0-ynv9eqilv7x.js:0
[    9984ms] [LOG] Player X: 7.64 Y: 0.85 Z: -0.78 @ http://localhost:3000/_next/static/chunks/0-ynv9eqilv7x.js:0
[    9988ms] [LOG] Player X: 7.64 Y: 0.85 Z: -0.78 @ http://localhost:3000/_next/static/chunks/0-ynv9eqilv7x.js:0
[    9991ms] [LOG] Player X: 7.64 Y: 0.85 Z: -0.78 @ http://localhost:3000/_next/static/chunks/0-ynv9eqilv7x.js:0
[    9994ms] [LOG] Player X: 7.64 Y: 0.85 Z: -0.78 @ http://localhost:3000/_next/static/chunks/0-ynv9eqilv7x.js:0
[    9998ms] [LOG] Player X: 7.64 Y: 0.85 Z: -0.78 @ http://localhost:3000/_next/static/chunks/0-ynv9eqilv7x.js:0
[   10001ms] [LOG] Player X: 7.64 Y: 0.85 Z: -0.78 @ http://localhost:3000/_next/static/chunks/0-ynv9eqilv7x.js:0
[   10005ms] [LOG] Player X: 7.64 Y: 0.85 Z: -0.78 @ http://localhost:3000/_next/static/chunks/0-ynv9eqilv7x.js:0
[   10008ms] [LOG] Player X: 7.64 Y: 0.85 Z: -0.78 @ http://localhost:3000/_next/static/chunks/0-ynv9eqilv7x.js:0
[   10011ms] [LOG] Player X: 7.64 Y: 0.85 Z: -0.78 @ http://localhost:3000/_next/static/chunks/0-ynv9eqilv7x.js:0
[   10014ms] [LOG] Player X: 7.64 Y: 0.85 Z: -0.78 @ http://localhost:3000/_next/static/chunks/0-ynv9eqilv7x.js:0
[   10018ms] [LOG] Player X: 7.64 Y: 0.85 Z: -0.78 @ http://localhost:3000/_next/static/chunks/0-ynv9eqilv7x.js:0
[   10021ms] [LOG] Player X: 7.64 Y: 0.85 Z: -0.78 @ http://localhost:3000/_next/static/chunks/0-ynv9eqilv7x.js:0
[   10024ms] [LOG] Player X: 7.64 Y: 0.85 Z: -0.78 @ http://localhost:3000/_next/static/chunks/0-ynv9eqilv7x.js:0
[   10028ms] [LOG] Player X: 7.64 Y: 0.85 Z: -0.78 @ http://localhost:3000/_next/static/chunks/0-ynv9eqilv7x.js:0
[   10031ms] [LOG] Player X: 7.64 Y: 0.85 Z: -0.78 @ http://localhost:3000/_next/static/chunks/0-ynv9eqilv7x.js:0
[   10034ms] [LOG] Player X: 7.64 Y: 0.85 Z: -0.78 @ http://localhost:3000/_next/static/chunks/0-ynv9eqilv7x.js:0
[   10038ms] [LOG] Player X: 7.64 Y: 0.85 Z: -0.78 @ http://localhost:3000/_next/static/chunks/0-ynv9eqilv7x.js:0
[   10041ms] [LOG] Player X: 7.64 Y: 0.85 Z: -0.78 @ http://localhost:3000/_next/static/chunks/0-ynv9eqilv7x.js:0
[   10044ms] [LOG] Player X: 7.64 Y: 0.85 Z: -0.78 @ http://localhost:3000/_next/static/chunks/0-ynv9eqilv7x.js:0
[   10048ms] [LOG] Player X: 7.64 Y: 0.85 Z: -0.78 @ http://localhost:3000/_next/static/chunks/0-ynv9eqilv7x.js:0
[   10051ms] [LOG] Player X: 7.64 Y: 0.85 Z: -0.78 @ http://localhost:3000/_next/static/chunks/0-ynv9eqilv7x.js:0
[   10054ms] [LOG] Player X: 7.64 Y: 0.85 Z: -0.78 @ http://localhost:3000/_next/static/chunks/0-ynv9eqilv7x.js:0
[   10058ms] [LOG] Player X: 7.64 Y: 0.85 Z: -0.78 @ http://localhost:3000/_next/static/chunks/0-ynv9eqilv7x.js:0
[   10061ms] [LOG] Player X: 7.64 Y: 0.85 Z: -0.78 @ http://localhost:3000/_next/static/chunks/0-ynv9eqilv7x.js:0
[   10064ms] [LOG] Player X: 7.64 Y: 0.85 Z: -0.78 @ http://localhost:3000/_next/static/chunks/0-ynv9eqilv7x.js:0
[   10068ms] [LOG] Player X: 7.64 Y: 0.85 Z: -0.78 @ http://localhost:3000/_next/static/chunks/0-ynv9eqilv7x.js:0
[   10071ms] [LOG] Player X: 7.64 Y: 0.85 Z: -0.78 @ http://localhost:3000/_next/static/chunks/0-ynv9eqilv7x.js:0
[   10074ms] [LOG] Player X: 7.64 Y: 0.85 Z: -0.78 @ http://localhost:3000/_next/static/chunks/0-ynv9eqilv7x.js:0
[   10078ms] [LOG] Player X: 7.64 Y: 0.85 Z: -0.78 @ http://localhost:3000/_next/static/chunks/0-ynv9eqilv7x.js:0
[   10081ms] [LOG] Player X: 7.64 Y: 0.85 Z: -0.78 @ http://localhost:3000/_next/static/chunks/0-ynv9eqilv7x.js:0
[   10085ms] [LOG] Player X: 7.64 Y: 0.85 Z: -0.78 @ http://localhost:3000/_next/static/chunks/0-ynv9eqilv7x.js:0
[   10088ms] [LOG] Player X: 7.64 Y: 0.85 Z: -0.78 @ http://localhost:3000/_next/static/chunks/0-ynv9eqilv7x.js:0
[   10091ms] [LOG] Player X: 7.64 Y: 0.85 Z: -0.78 @ http://localhost:3000/_next/static/chunks/0-ynv9eqilv7x.js:0
[   10094ms] [LOG] Player X: 7.64 Y: 0.85 Z: -0.78 @ http://localhost:3000/_next/static/chunks/0-ynv9eqilv7x.js:0
[   10098ms] [LOG] Player X: 7.64 Y: 0.85 Z: -0.78 @ http://localhost:3000/_next/static/chunks/0-ynv9eqilv7x.js:0
[   10101ms] [LOG] Player X: 7.64 Y: 0.85 Z: -0.78 @ http://localhost:3000/_next/static/chunks/0-ynv9eqilv7x.js:0
[   10104ms] [LOG] Player X: 7.64 Y: 0.85 Z: -0.78 @ http://localhost:3000/_next/static/chunks/0-ynv9eqilv7x.js:0
[   10108ms] [LOG] Player X: 7.64 Y: 0.85 Z: -0.78 @ http://localhost:3000/_next/static/chunks/0-ynv9eqilv7x.js:0
[   10111ms] [LOG] Player X: 7.64 Y: 0.85 Z: -0.78 @ http://localhost:3000/_next/static/chunks/0-ynv9eqilv7x.js:0
[   10114ms] [LOG] Player X: 7.64 Y: 0.85 Z: -0.78 @ http://localhost:3000/_next/static/chunks/0-ynv9eqilv7x.js:0
[   10118ms] [LOG] Player X: 7.64 Y: 0.85 Z: -0.78 @ http://localhost:3000/_next/static/chunks/0-ynv9eqilv7x.js:0
[   10121ms] [LOG] Player X: 7.64 Y: 0.85 Z: -0.78 @ http://localhost:3000/_next/static/chunks/0-ynv9eqilv7x.js:0
[   10125ms] [LOG] Player X: 7.64 Y: 0.85 Z: -0.78 @ http://localhost:3000/_next/static/chunks/0-ynv9eqilv7x.js:0
[   10128ms] [LOG] Player X: 7.64 Y: 0.85 Z: -0.78 @ http://localhost:3000/_next/static/chunks/0-ynv9eqilv7x.js:0
[   10131ms] [LOG] Player X: 7.64 Y: 0.85 Z: -0.78 @ http://localhost:3000/_next/static/chunks/0-ynv9eqilv7x.js:0
[   10134ms] [LOG] Player X: 7.64 Y: 0.85 Z: -0.78 @ http://localhost:3000/_next/static/chunks/0-ynv9eqilv7x.js:0
[   10138ms] [LOG] Player X: 7.64 Y: 0.85 Z: -0.78 @ http://localhost:3000/_next/static/chunks/0-ynv9eqilv7x.js:0
[   10141ms] [LOG] Player X: 7.64 Y: 0.85 Z: -0.78 @ http://localhost:3000/_next/static/chunks/0-ynv9eqilv7x.js:0
[   10145ms] [LOG] Player X: 7.64 Y: 0.85 Z: -0.78 @ http://localhost:3000/_next/static/chunks/0-ynv9eqilv7x.js:0
[   10148ms] [LOG] Player X: 7.64 Y: 0.85 Z: -0.78 @ http://localhost:3000/_next/static/chunks/0-ynv9eqilv7x.js:0
[   10151ms] [LOG] Player X: 7.64 Y: 0.85 Z: -0.78 @ http://localhost:3000/_next/static/chunks/0-ynv9eqilv7x.js:0
[   10154ms] [LOG] Player X: 7.64 Y: 0.85 Z: -0.78 @ http://localhost:3000/_next/static/chunks/0-ynv9eqilv7x.js:0
[   10158ms] [LOG] Player X: 7.64 Y: 0.85 Z: -0.78 @ http://localhost:3000/_next/static/chunks/0-ynv9eqilv7x.js:0
[   10161ms] [LOG] Player X: 7.64 Y: 0.85 Z: -0.78 @ http://localhost:3000/_next/static/chunks/0-ynv9eqilv7x.js:0
[   10164ms] [LOG] Player X: 7.64 Y: 0.85 Z: -0.78 @ http://localhost:3000/_next/static/chunks/0-ynv9eqilv7x.js:0
[   10168ms] [LOG] Player X: 7.64 Y: 0.85 Z: -0.78 @ http://localhost:3000/_next/static/chunks/0-ynv9eqilv7x.js:0
[   10171ms] [LOG] Player X: 7.64 Y: 0.85 Z: -0.78 @ http://localhost:3000/_next/static/chunks/0-ynv9eqilv7x.js:0
[   10174ms] [LOG] Player X: 7.64 Y: 0.85 Z: -0.78 @ http://localhost:3000/_next/static/chunks/0-ynv9eqilv7x.js:0
[   10178ms] [LOG] Player X: 7.64 Y: 0.85 Z: -0.78 @ http://localhost:3000/_next/static/chunks/0-ynv9eqilv7x.js:0
[   10181ms] [LOG] Player X: 7.64 Y: 0.85 Z: -0.78 @ http://localhost:3000/_next/static/chunks/0-ynv9eqilv7x.js:0
[   10184ms] [LOG] Player X: 7.64 Y: 0.85 Z: -0.78 @ http://localhost:3000/_next/static/chunks/0-ynv9eqilv7x.js:0
[   10188ms] [LOG] Player X: 7.64 Y: 0.85 Z: -0.78 @ http://localhost:3000/_next/static/chunks/0-ynv9eqilv7x.js:0
[   10191ms] [LOG] Player X: 7.64 Y: 0.85 Z: -0.78 @ http://localhost:3000/_next/static/chunks/0-ynv9eqilv7x.js:0
[   10195ms] [LOG] Player X: 7.64 Y: 0.85 Z: -0.78 @ http://localhost:3000/_next/static/chunks/0-ynv9eqilv7x.js:0
[   10198ms] [LOG] Player X: 7.64 Y: 0.85 Z: -0.78 @ http://localhost:3000/_next/static/chunks/0-ynv9eqilv7x.js:0
[   10201ms] [LOG] Player X: 7.64 Y: 0.85 Z: -0.78 @ http://localhost:3000/_next/static/chunks/0-ynv9eqilv7x.js:0
[   10205ms] [LOG] Player X: 7.64 Y: 0.85 Z: -0.78 @ http://localhost:3000/_next/static/chunks/0-ynv9eqilv7x.js:0
[   10208ms] [LOG] Player X: 7.64 Y: 0.85 Z: -0.78 @ http://localhost:3000/_next/static/chunks/0-ynv9eqilv7x.js:0
[   10211ms] [LOG] Player X: 7.64 Y: 0.85 Z: -0.78 @ http://localhost:3000/_next/static/chunks/0-ynv9eqilv7x.js:0
[   10215ms] [LOG] Player X: 7.64 Y: 0.85 Z: -0.78 @ http://localhost:3000/_next/static/chunks/0-ynv9eqilv7x.js:0
[   10218ms] [LOG] Player X: 7.64 Y: 0.85 Z: -0.78 @ http://localhost:3000/_next/static/chunks/0-ynv9eqilv7x.js:0
[   10221ms] [LOG] Player X: 7.64 Y: 0.85 Z: -0.78 @ http://localhost:3000/_next/static/chunks/0-ynv9eqilv7x.js:0
[   10225ms] [LOG] Player X: 7.64 Y: 0.85 Z: -0.78 @ http://localhost:3000/_next/static/chunks/0-ynv9eqilv7x.js:0
[   10228ms] [LOG] Player X: 7.64 Y: 0.85 Z: -0.78 @ http://localhost:3000/_next/static/chunks/0-ynv9eqilv7x.js:0
[   10231ms] [LOG] Player X: 7.64 Y: 0.85 Z: -0.78 @ http://localhost:3000/_next/static/chunks/0-ynv9eqilv7x.js:0
[   10235ms] [LOG] Player X: 7.64 Y: 0.85 Z: -0.78 @ http://localhost:3000/_next/static/chunks/0-ynv9eqilv7x.js:0
[   10238ms] [LOG] Player X: 7.64 Y: 0.85 Z: -0.78 @ http://localhost:3000/_next/static/chunks/0-ynv9eqilv7x.js:0
[   10241ms] [LOG] Player X: 7.64 Y: 0.85 Z: -0.78 @ http://localhost:3000/_next/static/chunks/0-ynv9eqilv7x.js:0
[   10245ms] [LOG] Player X: 7.64 Y: 0.85 Z: -0.78 @ http://localhost:3000/_next/static/chunks/0-ynv9eqilv7x.js:0
[   10248ms] [LOG] Player X: 7.64 Y: 0.85 Z: -0.78 @ http://localhost:3000/_next/static/chunks/0-ynv9eqilv7x.js:0
[   10251ms] [LOG] Player X: 7.64 Y: 0.85 Z: -0.78 @ http://localhost:3000/_next/static/chunks/0-ynv9eqilv7x.js:0
[   10255ms] [LOG] Player X: 7.64 Y: 0.85 Z: -0.78 @ http://localhost:3000/_next/static/chunks/0-ynv9eqilv7x.js:0
[   10258ms] [LOG] Player X: 7.64 Y: 0.85 Z: -0.78 @ http://localhost:3000/_next/static/chunks/0-ynv9eqilv7x.js:0
[   10261ms] [LOG] Player X: 7.64 Y: 0.85 Z: -0.78 @ http://localhost:3000/_next/static/chunks/0-ynv9eqilv7x.js:0
[   10264ms] [LOG] Player X: 7.64 Y: 0.85 Z: -0.78 @ http://localhost:3000/_next/static/chunks/0-ynv9eqilv7x.js:0
[   10268ms] [LOG] Player X: 7.64 Y: 0.85 Z: -0.78 @ http://localhost:3000/_next/static/chunks/0-ynv9eqilv7x.js:0
[   10271ms] [LOG] Player X: 7.64 Y: 0.85 Z: -0.78 @ http://localhost:3000/_next/static/chunks/0-ynv9eqilv7x.js:0
[   10274ms] [LOG] Player X: 7.64 Y: 0.85 Z: -0.78 @ http://localhost:3000/_next/static/chunks/0-ynv9eqilv7x.js:0
[   10278ms] [LOG] Player X: 7.64 Y: 0.85 Z: -0.78 @ http://localhost:3000/_next/static/chunks/0-ynv9eqilv7x.js:0
[   10281ms] [LOG] Player X: 7.64 Y: 0.85 Z: -0.78 @ http://localhost:3000/_next/static/chunks/0-ynv9eqilv7x.js:0
[   10285ms] [LOG] Player X: 7.64 Y: 0.85 Z: -0.78 @ http://localhost:3000/_next/static/chunks/0-ynv9eqilv7x.js:0
[   10288ms] [LOG] Player X: 7.64 Y: 0.85 Z: -0.78 @ http://localhost:3000/_next/static/chunks/0-ynv9eqilv7x.js:0
[   10291ms] [LOG] Player X: 7.64 Y: 0.85 Z: -0.78 @ http://localhost:3000/_next/static/chunks/0-ynv9eqilv7x.js:0
[   10294ms] [LOG] Player X: 7.64 Y: 0.85 Z: -0.78 @ http://localhost:3000/_next/static/chunks/0-ynv9eqilv7x.js:0
[   10298ms] [LOG] Player X: 7.64 Y: 0.85 Z: -0.78 @ http://localhost:3000/_next/static/chunks/0-ynv9eqilv7x.js:0
[   10301ms] [LOG] Player X: 7.64 Y: 0.85 Z: -0.78 @ http://localhost:3000/_next/static/chunks/0-ynv9eqilv7x.js:0
[   10304ms] [LOG] Player X: 7.64 Y: 0.85 Z: -0.78 @ http://localhost:3000/_next/static/chunks/0-ynv9eqilv7x.js:0
[   10308ms] [LOG] Player X: 7.64 Y: 0.85 Z: -0.78 @ http://localhost:3000/_next/static/chunks/0-ynv9eqilv7x.js:0
[   10311ms] [LOG] Player X: 7.64 Y: 0.85 Z: -0.78 @ http://localhost:3000/_next/static/chunks/0-ynv9eqilv7x.js:0
[   10315ms] [LOG] Player X: 7.64 Y: 0.85 Z: -0.78 @ http://localhost:3000/_next/static/chunks/0-ynv9eqilv7x.js:0
[   10318ms] [LOG] Player X: 7.64 Y: 0.85 Z: -0.78 @ http://localhost:3000/_next/static/chunks/0-ynv9eqilv7x.js:0
[   10321ms] [LOG] Player X: 7.64 Y: 0.85 Z: -0.78 @ http://localhost:3000/_next/static/chunks/0-ynv9eqilv7x.js:0
[   10325ms] [LOG] Player X: 7.64 Y: 0.85 Z: -0.78 @ http://localhost:3000/_next/static/chunks/0-ynv9eqilv7x.js:0
[   10328ms] [LOG] Player X: 7.64 Y: 0.85 Z: -0.78 @ http://localhost:3000/_next/static/chunks/0-ynv9eqilv7x.js:0
[   10331ms] [LOG] Player X: 7.64 Y: 0.85 Z: -0.78 @ http://localhost:3000/_next/static/chunks/0-ynv9eqilv7x.js:0
[   10334ms] [LOG] Player X: 7.64 Y: 0.85 Z: -0.78 @ http://localhost:3000/_next/static/chunks/0-ynv9eqilv7x.js:0
[   10338ms] [LOG] Player X: 7.64 Y: 0.85 Z: -0.78 @ http://localhost:3000/_next/static/chunks/0-ynv9eqilv7x.js:0
[   10341ms] [LOG] Player X: 7.64 Y: 0.85 Z: -0.78 @ http://localhost:3000/_next/static/chunks/0-ynv9eqilv7x.js:0
[   10345ms] [LOG] Player X: 7.64 Y: 0.85 Z: -0.78 @ http://localhost:3000/_next/static/chunks/0-ynv9eqilv7x.js:0
[   10348ms] [LOG] Player X: 7.64 Y: 0.85 Z: -0.78 @ http://localhost:3000/_next/static/chunks/0-ynv9eqilv7x.js:0
[   10351ms] [LOG] Player X: 7.64 Y: 0.85 Z: -0.78 @ http://localhost:3000/_next/static/chunks/0-ynv9eqilv7x.js:0
[   10354ms] [LOG] Player X: 7.64 Y: 0.85 Z: -0.78 @ http://localhost:3000/_next/static/chunks/0-ynv9eqilv7x.js:0
[   10358ms] [LOG] Player X: 7.64 Y: 0.85 Z: -0.78 @ http://localhost:3000/_next/static/chunks/0-ynv9eqilv7x.js:0
[   10361ms] [LOG] Player X: 7.64 Y: 0.85 Z: -0.78 @ http://localhost:3000/_next/static/chunks/0-ynv9eqilv7x.js:0
[   10364ms] [LOG] Player X: 7.64 Y: 0.85 Z: -0.78 @ http://localhost:3000/_next/static/chunks/0-ynv9eqilv7x.js:0
[   10368ms] [LOG] Player X: 7.64 Y: 0.85 Z: -0.78 @ http://localhost:3000/_next/static/chunks/0-ynv9eqilv7x.js:0
[   10371ms] [LOG] Player X: 7.64 Y: 0.85 Z: -0.78 @ http://localhost:3000/_next/static/chunks/0-ynv9eqilv7x.js:0
[   10374ms] [LOG] Player X: 7.64 Y: 0.85 Z: -0.78 @ http://localhost:3000/_next/static/chunks/0-ynv9eqilv7x.js:0
[   10378ms] [LOG] Player X: 7.64 Y: 0.85 Z: -0.78 @ http://localhost:3000/_next/static/chunks/0-ynv9eqilv7x.js:0
[   10381ms] [LOG] Player X: 7.64 Y: 0.85 Z: -0.78 @ http://localhost:3000/_next/static/chunks/0-ynv9eqilv7x.js:0
[   10384ms] [LOG] Player X: 7.64 Y: 0.85 Z: -0.78 @ http://localhost:3000/_next/static/chunks/0-ynv9eqilv7x.js:0
[   10388ms] [LOG] Player X: 7.64 Y: 0.85 Z: -0.78 @ http://localhost:3000/_next/static/chunks/0-ynv9eqilv7x.js:0
[   10391ms] [LOG] Player X: 7.64 Y: 0.85 Z: -0.78 @ http://localhost:3000/_next/static/chunks/0-ynv9eqilv7x.js:0
[   10394ms] [LOG] Player X: 7.64 Y: 0.85 Z: -0.78 @ http://localhost:3000/_next/static/chunks/0-ynv9eqilv7x.js:0
[   10398ms] [LOG] Player X: 7.64 Y: 0.85 Z: -0.78 @ http://localhost:3000/_next/static/chunks/0-ynv9eqilv7x.js:0
[   10401ms] [LOG] Player X: 7.64 Y: 0.85 Z: -0.78 @ http://localhost:3000/_next/static/chunks/0-ynv9eqilv7x.js:0
[   10404ms] [LOG] Player X: 7.64 Y: 0.85 Z: -0.78 @ http://localhost:3000/_next/static/chunks/0-ynv9eqilv7x.js:0
[   10408ms] [LOG] Player X: 7.64 Y: 0.85 Z: -0.78 @ http://localhost:3000/_next/static/chunks/0-ynv9eqilv7x.js:0
[   10411ms] [LOG] Player X: 7.64 Y: 0.85 Z: -0.78 @ http://localhost:3000/_next/static/chunks/0-ynv9eqilv7x.js:0
[   10414ms] [LOG] Player X: 7.64 Y: 0.85 Z: -0.78 @ http://localhost:3000/_next/static/chunks/0-ynv9eqilv7x.js:0
[   10418ms] [LOG] Player X: 7.64 Y: 0.85 Z: -0.78 @ http://localhost:3000/_next/static/chunks/0-ynv9eqilv7x.js:0
[   10421ms] [LOG] Player X: 7.64 Y: 0.85 Z: -0.78 @ http://localhost:3000/_next/static/chunks/0-ynv9eqilv7x.js:0
[   10424ms] [LOG] Player X: 7.64 Y: 0.85 Z: -0.78 @ http://localhost:3000/_next/static/chunks/0-ynv9eqilv7x.js:0
[   10428ms] [LOG] Player X: 7.64 Y: 0.85 Z: -0.78 @ http://localhost:3000/_next/static/chunks/0-ynv9eqilv7x.js:0
[   10431ms] [LOG] Player X: 7.64 Y: 0.85 Z: -0.78 @ http://localhost:3000/_next/static/chunks/0-ynv9eqilv7x.js:0
[   10434ms] [LOG] Player X: 7.64 Y: 0.85 Z: -0.78 @ http://localhost:3000/_next/static/chunks/0-ynv9eqilv7x.js:0
[   10438ms] [LOG] Player X: 7.64 Y: 0.85 Z: -0.78 @ http://localhost:3000/_next/static/chunks/0-ynv9eqilv7x.js:0
[   10441ms] [LOG] Player X: 7.64 Y: 0.85 Z: -0.78 @ http://localhost:3000/_next/static/chunks/0-ynv9eqilv7x.js:0
[   10444ms] [LOG] Player X: 7.64 Y: 0.85 Z: -0.78 @ http://localhost:3000/_next/static/chunks/0-ynv9eqilv7x.js:0
[   10448ms] [LOG] Player X: 7.64 Y: 0.85 Z: -0.78 @ http://localhost:3000/_next/static/chunks/0-ynv9eqilv7x.js:0
[   10451ms] [LOG] Player X: 7.64 Y: 0.85 Z: -0.78 @ http://localhost:3000/_next/static/chunks/0-ynv9eqilv7x.js:0
[   10454ms] [LOG] Player X: 7.64 Y: 0.85 Z: -0.78 @ http://localhost:3000/_next/static/chunks/0-ynv9eqilv7x.js:0
[   10458ms] [LOG] Player X: 7.64 Y: 0.85 Z: -0.78 @ http://localhost:3000/_next/static/chunks/0-ynv9eqilv7x.js:0
[   10461ms] [LOG] Player X: 7.64 Y: 0.85 Z: -0.78 @ http://localhost:3000/_next/static/chunks/0-ynv9eqilv7x.js:0
[   10464ms] [LOG] Player X: 7.64 Y: 0.85 Z: -0.78 @ http://localhost:3000/_next/static/chunks/0-ynv9eqilv7x.js:0
[   10468ms] [LOG] Player X: 7.64 Y: 0.85 Z: -0.78 @ http://localhost:3000/_next/static/chunks/0-ynv9eqilv7x.js:0
[   10471ms] [LOG] Player X: 7.64 Y: 0.85 Z: -0.78 @ http://localhost:3000/_next/static/chunks/0-ynv9eqilv7x.js:0
[   10474ms] [LOG] Player X: 7.64 Y: 0.85 Z: -0.78 @ http://localhost:3000/_next/static/chunks/0-ynv9eqilv7x.js:0
[   10478ms] [LOG] Player X: 7.64 Y: 0.85 Z: -0.78 @ http://localhost:3000/_next/static/chunks/0-ynv9eqilv7x.js:0
[   10481ms] [LOG] Player X: 7.64 Y: 0.85 Z: -0.78 @ http://localhost:3000/_next/static/chunks/0-ynv9eqilv7x.js:0
[   10484ms] [LOG] Player X: 7.64 Y: 0.85 Z: -0.78 @ http://localhost:3000/_next/static/chunks/0-ynv9eqilv7x.js:0
[   10488ms] [LOG] Player X: 7.64 Y: 0.85 Z: -0.78 @ http://localhost:3000/_next/static/chunks/0-ynv9eqilv7x.js:0
[   10491ms] [LOG] Player X: 7.64 Y: 0.85 Z: -0.78 @ http://localhost:3000/_next/static/chunks/0-ynv9eqilv7x.js:0
[   10494ms] [LOG] Player X: 7.64 Y: 0.85 Z: -0.78 @ http://localhost:3000/_next/static/chunks/0-ynv9eqilv7x.js:0
[   10498ms] [LOG] Player X: 7.64 Y: 0.85 Z: -0.78 @ http://localhost:3000/_next/static/chunks/0-ynv9eqilv7x.js:0
[   10501ms] [LOG] Player X: 7.64 Y: 0.85 Z: -0.78 @ http://localhost:3000/_next/static/chunks/0-ynv9eqilv7x.js:0
[   10504ms] [LOG] Player X: 7.64 Y: 0.85 Z: -0.78 @ http://localhost:3000/_next/static/chunks/0-ynv9eqilv7x.js:0
[   10508ms] [LOG] Player X: 7.64 Y: 0.85 Z: -0.78 @ http://localhost:3000/_next/static/chunks/0-ynv9eqilv7x.js:0
[   10511ms] [LOG] Player X: 7.64 Y: 0.85 Z: -0.78 @ http://localhost:3000/_next/static/chunks/0-ynv9eqilv7x.js:0
[   10514ms] [LOG] Player X: 7.64 Y: 0.85 Z: -0.78 @ http://localhost:3000/_next/static/chunks/0-ynv9eqilv7x.js:0
[   10518ms] [LOG] Player X: 7.67 Y: 0.83 Z: -0.87 @ http://localhost:3000/_next/static/chunks/0-ynv9eqilv7x.js:0
[   10521ms] [LOG] Player X: 7.69 Y: 0.81 Z: -0.97 @ http://localhost:3000/_next/static/chunks/0-ynv9eqilv7x.js:0
[   10524ms] [LOG] Player X: 7.71 Y: 0.78 Z: -1.06 @ http://localhost:3000/_next/static/chunks/0-ynv9eqilv7x.js:0
[   10528ms] [LOG] Player X: 7.74 Y: 0.76 Z: -1.16 @ http://localhost:3000/_next/static/chunks/0-ynv9eqilv7x.js:0
[   10531ms] [LOG] Player X: 7.76 Y: 0.74 Z: -1.25 @ http://localhost:3000/_next/static/chunks/0-ynv9eqilv7x.js:0
[   10534ms] [LOG] Player X: 7.78 Y: 0.71 Z: -1.35 @ http://localhost:3000/_next/static/chunks/0-ynv9eqilv7x.js:0
[   10538ms] [LOG] Player X: 7.80 Y: 0.69 Z: -1.44 @ http://localhost:3000/_next/static/chunks/0-ynv9eqilv7x.js:0
[   10541ms] [LOG] Player X: 7.83 Y: 0.67 Z: -1.54 @ http://localhost:3000/_next/static/chunks/0-ynv9eqilv7x.js:0
[   10544ms] [LOG] Player X: 7.85 Y: 0.65 Z: -1.63 @ http://localhost:3000/_next/static/chunks/0-ynv9eqilv7x.js:0
[   10548ms] [LOG] Player X: 7.87 Y: 0.62 Z: -1.73 @ http://localhost:3000/_next/static/chunks/0-ynv9eqilv7x.js:0
[   10551ms] [LOG] Player X: 7.90 Y: 0.60 Z: -1.82 @ http://localhost:3000/_next/static/chunks/0-ynv9eqilv7x.js:0
[   10554ms] [LOG] Player X: 7.92 Y: 0.58 Z: -1.92 @ http://localhost:3000/_next/static/chunks/0-ynv9eqilv7x.js:0
[   10558ms] [LOG] Player X: 7.94 Y: 0.56 Z: -2.01 @ http://localhost:3000/_next/static/chunks/0-ynv9eqilv7x.js:0
[   10561ms] [LOG] Player X: 7.96 Y: 0.53 Z: -2.10 @ http://localhost:3000/_next/static/chunks/0-ynv9eqilv7x.js:0
[   10565ms] [LOG] Player X: 7.99 Y: 0.51 Z: -2.20 @ http://localhost:3000/_next/static/chunks/0-ynv9eqilv7x.js:0
[   10568ms] [LOG] Player X: 8.01 Y: 0.49 Z: -2.29 @ http://localhost:3000/_next/static/chunks/0-ynv9eqilv7x.js:0
[   10571ms] [LOG] Player X: 8.03 Y: 0.47 Z: -2.39 @ http://localhost:3000/_next/static/chunks/0-ynv9eqilv7x.js:0
[   10574ms] [LOG] Player X: 8.05 Y: 0.45 Z: -2.48 @ http://localhost:3000/_next/static/chunks/0-ynv9eqilv7x.js:0
[   10578ms] [LOG] Player X: 8.08 Y: 0.42 Z: -2.58 @ http://localhost:3000/_next/static/chunks/0-ynv9eqilv7x.js:0
[   10581ms] [LOG] Player X: 8.10 Y: 0.40 Z: -2.67 @ http://localhost:3000/_next/static/chunks/0-ynv9eqilv7x.js:0
[   10585ms] [LOG] Player X: 8.12 Y: 0.38 Z: -2.77 @ http://localhost:3000/_next/static/chunks/0-ynv9eqilv7x.js:0
[   10588ms] [LOG] Player X: 8.14 Y: 0.36 Z: -2.86 @ http://localhost:3000/_next/static/chunks/0-ynv9eqilv7x.js:0
[   10591ms] [LOG] Player X: 8.16 Y: 0.34 Z: -2.96 @ http://localhost:3000/_next/static/chunks/0-ynv9eqilv7x.js:0
[   10595ms] [LOG] Player X: 8.19 Y: 0.32 Z: -3.05 @ http://localhost:3000/_next/static/chunks/0-ynv9eqilv7x.js:0
[   10598ms] [LOG] Player X: 8.21 Y: 0.30 Z: -3.15 @ http://localhost:3000/_next/static/chunks/0-ynv9eqilv7x.js:0
[   10601ms] [LOG] Player X: 8.23 Y: 0.27 Z: -3.25 @ http://localhost:3000/_next/static/chunks/0-ynv9eqilv7x.js:0
[   10605ms] [LOG] Player X: 8.25 Y: 0.25 Z: -3.34 @ http://localhost:3000/_next/static/chunks/0-ynv9eqilv7x.js:0
[   10608ms] [LOG] Player X: 8.28 Y: 0.23 Z: -3.44 @ http://localhost:3000/_next/static/chunks/0-ynv9eqilv7x.js:0
[   10611ms] [LOG] Player X: 8.30 Y: 0.21 Z: -3.53 @ http://localhost:3000/_next/static/chunks/0-ynv9eqilv7x.js:0
[   10614ms] [LOG] Player X: 8.32 Y: 0.19 Z: -3.63 @ http://localhost:3000/_next/static/chunks/0-ynv9eqilv7x.js:0
[   10618ms] [LOG] Player X: 8.34 Y: 0.17 Z: -3.72 @ http://localhost:3000/_next/static/chunks/0-ynv9eqilv7x.js:0
[   10621ms] [LOG] Player X: 8.36 Y: 0.15 Z: -3.82 @ http://localhost:3000/_next/static/chunks/0-ynv9eqilv7x.js:0
[   10625ms] [LOG] Player X: 8.38 Y: 0.13 Z: -3.91 @ http://localhost:3000/_next/static/chunks/0-ynv9eqilv7x.js:0
[   10628ms] [LOG] Player X: 8.41 Y: 0.11 Z: -4.01 @ http://localhost:3000/_next/static/chunks/0-ynv9eqilv7x.js:0
[   10631ms] [LOG] Player X: 8.43 Y: 0.09 Z: -4.10 @ http://localhost:3000/_next/static/chunks/0-ynv9eqilv7x.js:0
[   10635ms] [LOG] Player X: 8.45 Y: 0.07 Z: -4.20 @ http://localhost:3000/_next/static/chunks/0-ynv9eqilv7x.js:0
[   10638ms] [LOG] Player X: 8.47 Y: 0.04 Z: -4.29 @ http://localhost:3000/_next/static/chunks/0-ynv9eqilv7x.js:0
[   10641ms] [LOG] Player X: 8.49 Y: 0.02 Z: -4.39 @ http://localhost:3000/_next/static/chunks/0-ynv9eqilv7x.js:0
[   10645ms] [LOG] Player X: 8.51 Y: 0.00 Z: -4.49 @ http://localhost:3000/_next/static/chunks/0-ynv9eqilv7x.js:0
[   10648ms] [LOG] Player X: 8.53 Y: -0.02 Z: -4.58 @ http://localhost:3000/_next/static/chunks/0-ynv9eqilv7x.js:0
[   10654ms] [LOG] Player X: 8.53 Y: -0.02 Z: -4.58 @ http://localhost:3000/_next/static/chunks/0-ynv9eqilv7x.js:0
[   10657ms] [LOG] Player X: 8.53 Y: -0.02 Z: -4.58 @ http://localhost:3000/_next/static/chunks/0-ynv9eqilv7x.js:0
[   10659ms] [LOG] Player X: 8.53 Y: -0.02 Z: -4.58 @ http://localhost:3000/_next/static/chunks/0-ynv9eqilv7x.js:0
[   10661ms] [LOG] Player X: 8.53 Y: -0.02 Z: -4.58 @ http://localhost:3000/_next/static/chunks/0-ynv9eqilv7x.js:0
[   10667ms] [LOG] Player X: 8.53 Y: -0.02 Z: -4.58 @ http://localhost:3000/_next/static/chunks/0-ynv9eqilv7x.js:0
[   10669ms] [LOG] Player X: 8.53 Y: -0.02 Z: -4.58 @ http://localhost:3000/_next/static/chunks/0-ynv9eqilv7x.js:0
[   10672ms] [LOG] Player X: 8.53 Y: -0.02 Z: -4.58 @ http://localhost:3000/_next/static/chunks/0-ynv9eqilv7x.js:0
[   10674ms] [LOG] Player X: 8.53 Y: -0.02 Z: -4.58 @ http://localhost:3000/_next/static/chunks/0-ynv9eqilv7x.js:0
[   10678ms] [LOG] Player X: 8.53 Y: -0.02 Z: -4.58 @ http://localhost:3000/_next/static/chunks/0-ynv9eqilv7x.js:0
[   10681ms] [LOG] Player X: 8.53 Y: -0.02 Z: -4.58 @ http://localhost:3000/_next/static/chunks/0-ynv9eqilv7x.js:0
[   10684ms] [LOG] Player X: 8.53 Y: -0.02 Z: -4.58 @ http://localhost:3000/_next/static/chunks/0-ynv9eqilv7x.js:0
[   10688ms] [LOG] Player X: 8.53 Y: -0.02 Z: -4.58 @ http://localhost:3000/_next/static/chunks/0-ynv9eqilv7x.js:0
[   10691ms] [LOG] Player X: 8.53 Y: -0.02 Z: -4.58 @ http://localhost:3000/_next/static/chunks/0-ynv9eqilv7x.js:0
[   10695ms] [LOG] Player X: 8.53 Y: -0.02 Z: -4.58 @ http://localhost:3000/_next/static/chunks/0-ynv9eqilv7x.js:0
[   10698ms] [LOG] Player X: 8.53 Y: -0.02 Z: -4.58 @ http://localhost:3000/_next/static/chunks/0-ynv9eqilv7x.js:0
[   10701ms] [LOG] Player X: 8.53 Y: -0.02 Z: -4.58 @ http://localhost:3000/_next/static/chunks/0-ynv9eqilv7x.js:0
[   10704ms] [LOG] Player X: 8.53 Y: -0.02 Z: -4.58 @ http://localhost:3000/_next/static/chunks/0-ynv9eqilv7x.js:0
[   10708ms] [LOG] Player X: 8.53 Y: -0.02 Z: -4.58 @ http://localhost:3000/_next/static/chunks/0-ynv9eqilv7x.js:0
[   10711ms] [LOG] Player X: 8.53 Y: -0.02 Z: -4.58 @ http://localhost:3000/_next/static/chunks/0-ynv9eqilv7x.js:0
[   10714ms] [LOG] Player X: 8.53 Y: -0.02 Z: -4.58 @ http://localhost:3000/_next/static/chunks/0-ynv9eqilv7x.js:0
[   10718ms] [LOG] Player X: 8.53 Y: -0.02 Z: -4.58 @ http://localhost:3000/_next/static/chunks/0-ynv9eqilv7x.js:0
[   10721ms] [LOG] Player X: 8.53 Y: -0.02 Z: -4.58 @ http://localhost:3000/_next/static/chunks/0-ynv9eqilv7x.js:0
[   10724ms] [LOG] Player X: 8.53 Y: -0.02 Z: -4.58 @ http://localhost:3000/_next/static/chunks/0-ynv9eqilv7x.js:0
[   10728ms] [LOG] Player X: 8.53 Y: -0.02 Z: -4.58 @ http://localhost:3000/_next/static/chunks/0-ynv9eqilv7x.js:0
[   10731ms] [LOG] Player X: 8.53 Y: -0.02 Z: -4.58 @ http://localhost:3000/_next/static/chunks/0-ynv9eqilv7x.js:0
[   10734ms] [LOG] Player X: 8.53 Y: -0.02 Z: -4.58 @ http://localhost:3000/_next/static/chunks/0-ynv9eqilv7x.js:0
[   10738ms] [LOG] Player X: 8.53 Y: -0.02 Z: -4.58 @ http://localhost:3000/_next/static/chunks/0-ynv9eqilv7x.js:0
[   10741ms] [LOG] Player X: 8.53 Y: -0.02 Z: -4.58 @ http://localhost:3000/_next/static/chunks/0-ynv9eqilv7x.js:0
[   10744ms] [LOG] Player X: 8.53 Y: -0.02 Z: -4.58 @ http://localhost:3000/_next/static/chunks/0-ynv9eqilv7x.js:0
[   10748ms] [LOG] Player X: 8.53 Y: -0.02 Z: -4.58 @ http://localhost:3000/_next/static/chunks/0-ynv9eqilv7x.js:0
[   10751ms] [LOG] Player X: 8.53 Y: -0.02 Z: -4.58 @ http://localhost:3000/_next/static/chunks/0-ynv9eqilv7x.js:0
[   10754ms] [LOG] Player X: 8.53 Y: -0.02 Z: -4.58 @ http://localhost:3000/_next/static/chunks/0-ynv9eqilv7x.js:0
[   10758ms] [LOG] Player X: 8.53 Y: -0.02 Z: -4.58 @ http://localhost:3000/_next/static/chunks/0-ynv9eqilv7x.js:0
[   10761ms] [LOG] Player X: 8.53 Y: -0.02 Z: -4.58 @ http://localhost:3000/_next/static/chunks/0-ynv9eqilv7x.js:0
[   10764ms] [LOG] Player X: 8.53 Y: -0.02 Z: -4.58 @ http://localhost:3000/_next/static/chunks/0-ynv9eqilv7x.js:0
[   10768ms] [LOG] Player X: 8.53 Y: -0.02 Z: -4.58 @ http://localhost:3000/_next/static/chunks/0-ynv9eqilv7x.js:0
[   10771ms] [LOG] Player X: 8.53 Y: -0.02 Z: -4.58 @ http://localhost:3000/_next/static/chunks/0-ynv9eqilv7x.js:0
[   10774ms] [LOG] Player X: 8.53 Y: -0.02 Z: -4.58 @ http://localhost:3000/_next/static/chunks/0-ynv9eqilv7x.js:0
[   10778ms] [LOG] Player X: 8.53 Y: -0.02 Z: -4.58 @ http://localhost:3000/_next/static/chunks/0-ynv9eqilv7x.js:0
[   10781ms] [LOG] Player X: 8.53 Y: -0.02 Z: -4.58 @ http://localhost:3000/_next/static/chunks/0-ynv9eqilv7x.js:0
[   10784ms] [LOG] Player X: 8.53 Y: -0.02 Z: -4.58 @ http://localhost:3000/_next/static/chunks/0-ynv9eqilv7x.js:0
[   10788ms] [LOG] Player X: 8.53 Y: -0.02 Z: -4.58 @ http://localhost:3000/_next/static/chunks/0-ynv9eqilv7x.js:0
[   10791ms] [LOG] Player X: 8.53 Y: -0.02 Z: -4.58 @ http://localhost:3000/_next/static/chunks/0-ynv9eqilv7x.js:0
[   10795ms] [LOG] Player X: 8.53 Y: -0.02 Z: -4.58 @ http://localhost:3000/_next/static/chunks/0-ynv9eqilv7x.js:0
[   10798ms] [LOG] Player X: 8.53 Y: -0.02 Z: -4.58 @ http://localhost:3000/_next/static/chunks/0-ynv9eqilv7x.js:0
[   10801ms] [LOG] Player X: 8.53 Y: -0.02 Z: -4.58 @ http://localhost:3000/_next/static/chunks/0-ynv9eqilv7x.js:0
[   10804ms] [LOG] Player X: 8.53 Y: -0.02 Z: -4.58 @ http://localhost:3000/_next/static/chunks/0-ynv9eqilv7x.js:0
[   10808ms] [LOG] Player X: 8.53 Y: -0.02 Z: -4.58 @ http://localhost:3000/_next/static/chunks/0-ynv9eqilv7x.js:0
[   10811ms] [LOG] Player X: 8.53 Y: -0.02 Z: -4.58 @ http://localhost:3000/_next/static/chunks/0-ynv9eqilv7x.js:0
[   10814ms] [LOG] Player X: 8.53 Y: -0.02 Z: -4.58 @ http://localhost:3000/_next/static/chunks/0-ynv9eqilv7x.js:0
[   10818ms] [LOG] Player X: 8.53 Y: -0.02 Z: -4.58 @ http://localhost:3000/_next/static/chunks/0-ynv9eqilv7x.js:0
[   10821ms] [LOG] Player X: 8.53 Y: -0.02 Z: -4.58 @ http://localhost:3000/_next/static/chunks/0-ynv9eqilv7x.js:0
[   10825ms] [LOG] Player X: 8.53 Y: -0.02 Z: -4.58 @ http://localhost:3000/_next/static/chunks/0-ynv9eqilv7x.js:0
[   10828ms] [LOG] Player X: 8.53 Y: -0.02 Z: -4.58 @ http://localhost:3000/_next/static/chunks/0-ynv9eqilv7x.js:0
[   10831ms] [LOG] Player X: 8.53 Y: -0.02 Z: -4.58 @ http://localhost:3000/_next/static/chunks/0-ynv9eqilv7x.js:0
[   10835ms] [LOG] Player X: 8.53 Y: -0.02 Z: -4.58 @ http://localhost:3000/_next/static/chunks/0-ynv9eqilv7x.js:0
[   10838ms] [LOG] Player X: 8.53 Y: -0.02 Z: -4.58 @ http://localhost:3000/_next/static/chunks/0-ynv9eqilv7x.js:0
[   10841ms] [LOG] Player X: 8.53 Y: -0.02 Z: -4.58 @ http://localhost:3000/_next/static/chunks/0-ynv9eqilv7x.js:0
[   10844ms] [LOG] Player X: 8.53 Y: -0.02 Z: -4.58 @ http://localhost:3000/_next/static/chunks/0-ynv9eqilv7x.js:0
[   10848ms] [LOG] Player X: 8.53 Y: -0.02 Z: -4.58 @ http://localhost:3000/_next/static/chunks/0-ynv9eqilv7x.js:0
[   10851ms] [LOG] Player X: 8.53 Y: -0.02 Z: -4.58 @ http://localhost:3000/_next/static/chunks/0-ynv9eqilv7x.js:0
[   10855ms] [LOG] Player X: 8.53 Y: -0.02 Z: -4.58 @ http://localhost:3000/_next/static/chunks/0-ynv9eqilv7x.js:0
[   10858ms] [LOG] Player X: 8.53 Y: -0.02 Z: -4.58 @ http://localhost:3000/_next/static/chunks/0-ynv9eqilv7x.js:0
[   10861ms] [LOG] Player X: 8.53 Y: -0.02 Z: -4.58 @ http://localhost:3000/_next/static/chunks/0-ynv9eqilv7x.js:0
[   10864ms] [LOG] Player X: 8.53 Y: -0.02 Z: -4.58 @ http://localhost:3000/_next/static/chunks/0-ynv9eqilv7x.js:0
[   10868ms] [LOG] Player X: 8.53 Y: -0.02 Z: -4.58 @ http://localhost:3000/_next/static/chunks/0-ynv9eqilv7x.js:0
[   10871ms] [LOG] Player X: 8.56 Y: -0.04 Z: -4.68 @ http://localhost:3000/_next/static/chunks/0-ynv9eqilv7x.js:0
[   10875ms] [LOG] Player X: 8.58 Y: -0.06 Z: -4.77 @ http://localhost:3000/_next/static/chunks/0-ynv9eqilv7x.js:0
[   10878ms] [LOG] Player X: 8.61 Y: -0.08 Z: -4.87 @ http://localhost:3000/_next/static/chunks/0-ynv9eqilv7x.js:0
[   10881ms] [LOG] Player X: 8.63 Y: -0.10 Z: -4.96 @ http://localhost:3000/_next/static/chunks/0-ynv9eqilv7x.js:0
[   10884ms] [LOG] Player X: 8.65 Y: -0.12 Z: -5.06 @ http://localhost:3000/_next/static/chunks/0-ynv9eqilv7x.js:0
[   10888ms] [LOG] Player X: 8.68 Y: -0.14 Z: -5.15 @ http://localhost:3000/_next/static/chunks/0-ynv9eqilv7x.js:0
[   10891ms] [LOG] Player X: 8.70 Y: -0.16 Z: -5.24 @ http://localhost:3000/_next/static/chunks/0-ynv9eqilv7x.js:0
[   10895ms] [LOG] Player X: 8.73 Y: -0.18 Z: -5.34 @ http://localhost:3000/_next/static/chunks/0-ynv9eqilv7x.js:0
[   10898ms] [LOG] Player X: 8.76 Y: -0.20 Z: -5.43 @ http://localhost:3000/_next/static/chunks/0-ynv9eqilv7x.js:0
[   10901ms] [LOG] Player X: 8.78 Y: -0.22 Z: -5.53 @ http://localhost:3000/_next/static/chunks/0-ynv9eqilv7x.js:0
[   10905ms] [LOG] Player X: 8.81 Y: -0.24 Z: -5.62 @ http://localhost:3000/_next/static/chunks/0-ynv9eqilv7x.js:0
[   10908ms] [LOG] Player X: 8.83 Y: -0.26 Z: -5.72 @ http://localhost:3000/_next/static/chunks/0-ynv9eqilv7x.js:0
[   10911ms] [LOG] Player X: 8.86 Y: -0.28 Z: -5.81 @ http://localhost:3000/_next/static/chunks/0-ynv9eqilv7x.js:0
[   10915ms] [LOG] Player X: 8.89 Y: -0.30 Z: -5.91 @ http://localhost:3000/_next/static/chunks/0-ynv9eqilv7x.js:0
[   10918ms] [LOG] Player X: 8.91 Y: -0.32 Z: -6.00 @ http://localhost:3000/_next/static/chunks/0-ynv9eqilv7x.js:0
[   10921ms] [LOG] Player X: 8.94 Y: -0.33 Z: -6.09 @ http://localhost:3000/_next/static/chunks/0-ynv9eqilv7x.js:0
[   10925ms] [LOG] Player X: 8.97 Y: -0.35 Z: -6.19 @ http://localhost:3000/_next/static/chunks/0-ynv9eqilv7x.js:0
[   10928ms] [LOG] Player X: 9.00 Y: -0.37 Z: -6.28 @ http://localhost:3000/_next/static/chunks/0-ynv9eqilv7x.js:0
[   10931ms] [LOG] Player X: 9.03 Y: -0.39 Z: -6.38 @ http://localhost:3000/_next/static/chunks/0-ynv9eqilv7x.js:0
[   10935ms] [LOG] Player X: 9.06 Y: -0.41 Z: -6.47 @ http://localhost:3000/_next/static/chunks/0-ynv9eqilv7x.js:0
[   10938ms] [LOG] Player X: 9.09 Y: -0.43 Z: -6.56 @ http://localhost:3000/_next/static/chunks/0-ynv9eqilv7x.js:0
[   10941ms] [LOG] Player X: 9.13 Y: -0.45 Z: -6.65 @ http://localhost:3000/_next/static/chunks/0-ynv9eqilv7x.js:0
[   10945ms] [LOG] Player X: 9.16 Y: -0.47 Z: -6.75 @ http://localhost:3000/_next/static/chunks/0-ynv9eqilv7x.js:0
[   10948ms] [LOG] Player X: 9.19 Y: -0.48 Z: -6.84 @ http://localhost:3000/_next/static/chunks/0-ynv9eqilv7x.js:0
[   10951ms] [LOG] Player X: 9.23 Y: -0.50 Z: -6.93 @ http://localhost:3000/_next/static/chunks/0-ynv9eqilv7x.js:0
[   10955ms] [LOG] Player X: 9.26 Y: -0.52 Z: -7.02 @ http://localhost:3000/_next/static/chunks/0-ynv9eqilv7x.js:0
[   10958ms] [LOG] Player X: 9.30 Y: -0.54 Z: -7.11 @ http://localhost:3000/_next/static/chunks/0-ynv9eqilv7x.js:0
[   10961ms] [LOG] Player X: 9.34 Y: -0.56 Z: -7.21 @ http://localhost:3000/_next/static/chunks/0-ynv9eqilv7x.js:0
[   10965ms] [LOG] Player X: 9.37 Y: -0.57 Z: -7.30 @ http://localhost:3000/_next/static/chunks/0-ynv9eqilv7x.js:0
[   10968ms] [LOG] Player X: 9.41 Y: -0.59 Z: -7.39 @ http://localhost:3000/_next/static/chunks/0-ynv9eqilv7x.js:0
[   10971ms] [LOG] Player X: 9.45 Y: -0.61 Z: -7.48 @ http://localhost:3000/_next/static/chunks/0-ynv9eqilv7x.js:0
[   10975ms] [LOG] Player X: 9.49 Y: -0.63 Z: -7.57 @ http://localhost:3000/_next/static/chunks/0-ynv9eqilv7x.js:0
[   10978ms] [LOG] Player X: 9.53 Y: -0.65 Z: -7.66 @ http://localhost:3000/_next/static/chunks/0-ynv9eqilv7x.js:0
[   10981ms] [LOG] Player X: 9.57 Y: -0.66 Z: -7.75 @ http://localhost:3000/_next/static/chunks/0-ynv9eqilv7x.js:0
[   10985ms] [LOG] Player X: 9.61 Y: -0.68 Z: -7.84 @ http://localhost:3000/_next/static/chunks/0-ynv9eqilv7x.js:0
[   10988ms] [LOG] Player X: 9.65 Y: -0.70 Z: -7.93 @ http://localhost:3000/_next/static/chunks/0-ynv9eqilv7x.js:0
[   10991ms] [LOG] Player X: 9.70 Y: -0.72 Z: -8.01 @ http://localhost:3000/_next/static/chunks/0-ynv9eqilv7x.js:0
[   10995ms] [LOG] Player X: 9.74 Y: -0.73 Z: -8.10 @ http://localhost:3000/_next/static/chunks/0-ynv9eqilv7x.js:0
[   11000ms] [LOG] Player X: 9.78 Y: -0.75 Z: -8.19 @ http://localhost:3000/_next/static/chunks/0-ynv9eqilv7x.js:0
[   11004ms] [LOG] Player X: 9.82 Y: -0.77 Z: -8.28 @ http://localhost:3000/_next/static/chunks/0-ynv9eqilv7x.js:0
[   11006ms] [LOG] Player X: 9.87 Y: -0.79 Z: -8.37 @ http://localhost:3000/_next/static/chunks/0-ynv9eqilv7x.js:0
[   11009ms] [LOG] Player X: 9.91 Y: -0.80 Z: -8.46 @ http://localhost:3000/_next/static/chunks/0-ynv9eqilv7x.js:0
[   11012ms] [LOG] Player X: 9.96 Y: -0.82 Z: -8.55 @ http://localhost:3000/_next/static/chunks/0-ynv9eqilv7x.js:0
[   11015ms] [LOG] Player X: 10.00 Y: -0.84 Z: -8.63 @ http://localhost:3000/_next/static/chunks/0-ynv9eqilv7x.js:0
[   11018ms] [LOG] Player X: 10.05 Y: -0.86 Z: -8.72 @ http://localhost:3000/_next/static/chunks/0-ynv9eqilv7x.js:0
[   11021ms] [LOG] Player X: 10.09 Y: -0.87 Z: -8.81 @ http://localhost:3000/_next/static/chunks/0-ynv9eqilv7x.js:0
[   11025ms] [LOG] Player X: 10.14 Y: -0.89 Z: -8.90 @ http://localhost:3000/_next/static/chunks/0-ynv9eqilv7x.js:0
[   11028ms] [LOG] Player X: 10.18 Y: -0.91 Z: -8.98 @ http://localhost:3000/_next/static/chunks/0-ynv9eqilv7x.js:0
[   11031ms] [LOG] Player X: 10.23 Y: -0.92 Z: -9.07 @ http://localhost:3000/_next/static/chunks/0-ynv9eqilv7x.js:0
[   11035ms] [LOG] Player X: 10.28 Y: -0.94 Z: -9.16 @ http://localhost:3000/_next/static/chunks/0-ynv9eqilv7x.js:0
[   11038ms] [LOG] Player X: 10.32 Y: -0.96 Z: -9.24 @ http://localhost:3000/_next/static/chunks/0-ynv9eqilv7x.js:0
[   11041ms] [LOG] Player X: 10.37 Y: -0.98 Z: -9.33 @ http://localhost:3000/_next/static/chunks/0-ynv9eqilv7x.js:0
[   11045ms] [LOG] Player X: 10.42 Y: -0.99 Z: -9.41 @ http://localhost:3000/_next/static/chunks/0-ynv9eqilv7x.js:0
[   11048ms] [LOG] Player X: 10.47 Y: -1.01 Z: -9.50 @ http://localhost:3000/_next/static/chunks/0-ynv9eqilv7x.js:0
[   11051ms] [LOG] Player X: 10.52 Y: -1.03 Z: -9.59 @ http://localhost:3000/_next/static/chunks/0-ynv9eqilv7x.js:0
[   11055ms] [LOG] Player X: 10.57 Y: -1.05 Z: -9.67 @ http://localhost:3000/_next/static/chunks/0-ynv9eqilv7x.js:0
[   11058ms] [LOG] Player X: 10.62 Y: -1.06 Z: -9.76 @ http://localhost:3000/_next/static/chunks/0-ynv9eqilv7x.js:0
[   11061ms] [LOG] Player X: 10.67 Y: -1.08 Z: -9.84 @ http://localhost:3000/_next/static/chunks/0-ynv9eqilv7x.js:0
[   11065ms] [LOG] Player X: 10.72 Y: -1.10 Z: -9.93 @ http://localhost:3000/_next/static/chunks/0-ynv9eqilv7x.js:0
[   11068ms] [LOG] Player X: 10.77 Y: -1.11 Z: -10.01 @ http://localhost:3000/_next/static/chunks/0-ynv9eqilv7x.js:0
[   11071ms] [LOG] Player X: 10.82 Y: -1.13 Z: -10.09 @ http://localhost:3000/_next/static/chunks/0-ynv9eqilv7x.js:0
[   11075ms] [LOG] Player X: 10.82 Y: -1.13 Z: -10.09 @ http://localhost:3000/_next/static/chunks/0-ynv9eqilv7x.js:0
[   11078ms] [LOG] Player X: 10.82 Y: -1.13 Z: -10.09 @ http://localhost:3000/_next/static/chunks/0-ynv9eqilv7x.js:0
[   11081ms] [LOG] Player X: 10.82 Y: -1.13 Z: -10.09 @ http://localhost:3000/_next/static/chunks/0-ynv9eqilv7x.js:0
[   11085ms] [LOG] Player X: 10.82 Y: -1.13 Z: -10.09 @ http://localhost:3000/_next/static/chunks/0-ynv9eqilv7x.js:0
[   11088ms] [LOG] Player X: 10.82 Y: -1.13 Z: -10.09 @ http://localhost:3000/_next/static/chunks/0-ynv9eqilv7x.js:0
[   11091ms] [LOG] Player X: 10.82 Y: -1.13 Z: -10.09 @ http://localhost:3000/_next/static/chunks/0-ynv9eqilv7x.js:0
[   11095ms] [LOG] Player X: 10.82 Y: -1.13 Z: -10.09 @ http://localhost:3000/_next/static/chunks/0-ynv9eqilv7x.js:0
[   11098ms] [LOG] Player X: 10.82 Y: -1.13 Z: -10.09 @ http://localhost:3000/_next/static/chunks/0-ynv9eqilv7x.js:0
[   11102ms] [LOG] Player X: 10.82 Y: -1.13 Z: -10.09 @ http://localhost:3000/_next/static/chunks/0-ynv9eqilv7x.js:0
[   11105ms] [LOG] Player X: 10.82 Y: -1.13 Z: -10.09 @ http://localhost:3000/_next/static/chunks/0-ynv9eqilv7x.js:0
[   11108ms] [LOG] Player X: 10.82 Y: -1.13 Z: -10.09 @ http://localhost:3000/_next/static/chunks/0-ynv9eqilv7x.js:0
[   11111ms] [LOG] Player X: 10.82 Y: -1.13 Z: -10.09 @ http://localhost:3000/_next/static/chunks/0-ynv9eqilv7x.js:0
[   11115ms] [LOG] Player X: 10.82 Y: -1.13 Z: -10.09 @ http://localhost:3000/_next/static/chunks/0-ynv9eqilv7x.js:0
[   11118ms] [LOG] Player X: 10.82 Y: -1.13 Z: -10.09 @ http://localhost:3000/_next/static/chunks/0-ynv9eqilv7x.js:0
[   11122ms] [LOG] Player X: 10.82 Y: -1.13 Z: -10.09 @ http://localhost:3000/_next/static/chunks/0-ynv9eqilv7x.js:0
[   11125ms] [LOG] Player X: 10.82 Y: -1.13 Z: -10.09 @ http://localhost:3000/_next/static/chunks/0-ynv9eqilv7x.js:0
[   11128ms] [LOG] Player X: 10.82 Y: -1.13 Z: -10.09 @ http://localhost:3000/_next/static/chunks/0-ynv9eqilv7x.js:0
[   11139ms] [LOG] Player X: 10.82 Y: -1.13 Z: -10.09 @ http://localhost:3000/_next/static/chunks/0-ynv9eqilv7x.js:0
[   11143ms] [LOG] Player X: 10.82 Y: -1.13 Z: -10.09 @ http://localhost:3000/_next/static/chunks/0-ynv9eqilv7x.js:0
[   11145ms] [LOG] Player X: 10.82 Y: -1.13 Z: -10.09 @ http://localhost:3000/_next/static/chunks/0-ynv9eqilv7x.js:0
[   11154ms] [LOG] Player X: 10.82 Y: -1.13 Z: -10.09 @ http://localhost:3000/_next/static/chunks/0-ynv9eqilv7x.js:0
[   11156ms] [LOG] Player X: 10.82 Y: -1.13 Z: -10.09 @ http://localhost:3000/_next/static/chunks/0-ynv9eqilv7x.js:0
[   11158ms] [LOG] Player X: 10.82 Y: -1.13 Z: -10.09 @ http://localhost:3000/_next/static/chunks/0-ynv9eqilv7x.js:0
[   11161ms] [LOG] Player X: 10.82 Y: -1.13 Z: -10.09 @ http://localhost:3000/_next/static/chunks/0-ynv9eqilv7x.js:0
[   11165ms] [LOG] Player X: 10.82 Y: -1.13 Z: -10.09 @ http://localhost:3000/_next/static/chunks/0-ynv9eqilv7x.js:0
[   11168ms] [LOG] Player X: 10.82 Y: -1.13 Z: -10.09 @ http://localhost:3000/_next/static/chunks/0-ynv9eqilv7x.js:0
[   11171ms] [LOG] Player X: 10.82 Y: -1.13 Z: -10.09 @ http://localhost:3000/_next/static/chunks/0-ynv9eqilv7x.js:0
[   11175ms] [LOG] Player X: 10.82 Y: -1.13 Z: -10.09 @ http://localhost:3000/_next/static/chunks/0-ynv9eqilv7x.js:0
[   11178ms] [LOG] Player X: 10.82 Y: -1.13 Z: -10.09 @ http://localhost:3000/_next/static/chunks/0-ynv9eqilv7x.js:0
[   11181ms] [LOG] Player X: 10.82 Y: -1.13 Z: -10.09 @ http://localhost:3000/_next/static/chunks/0-ynv9eqilv7x.js:0
[   11184ms] [LOG] Player X: 10.82 Y: -1.13 Z: -10.09 @ http://localhost:3000/_next/static/chunks/0-ynv9eqilv7x.js:0
[   11188ms] [LOG] Player X: 10.82 Y: -1.13 Z: -10.09 @ http://localhost:3000/_next/static/chunks/0-ynv9eqilv7x.js:0
[   11191ms] [LOG] Player X: 10.82 Y: -1.13 Z: -10.09 @ http://localhost:3000/_next/static/chunks/0-ynv9eqilv7x.js:0
[   11195ms] [LOG] Player X: 10.82 Y: -1.13 Z: -10.09 @ http://localhost:3000/_next/static/chunks/0-ynv9eqilv7x.js:0
[   11198ms] [LOG] Player X: 10.82 Y: -1.13 Z: -10.09 @ http://localhost:3000/_next/static/chunks/0-ynv9eqilv7x.js:0
[   11201ms] [LOG] Player X: 10.82 Y: -1.13 Z: -10.09 @ http://localhost:3000/_next/static/chunks/0-ynv9eqilv7x.js:0
[   11204ms] [LOG] Player X: 10.82 Y: -1.13 Z: -10.09 @ http://localhost:3000/_next/static/chunks/0-ynv9eqilv7x.js:0
[   11208ms] [LOG] Player X: 10.82 Y: -1.13 Z: -10.09 @ http://localhost:3000/_next/static/chunks/0-ynv9eqilv7x.js:0
[   11211ms] [LOG] Player X: 10.82 Y: -1.13 Z: -10.09 @ http://localhost:3000/_next/static/chunks/0-ynv9eqilv7x.js:0
[   11214ms] [LOG] Player X: 10.82 Y: -1.13 Z: -10.09 @ http://localhost:3000/_next/static/chunks/0-ynv9eqilv7x.js:0
[   11218ms] [LOG] Player X: 10.82 Y: -1.13 Z: -10.09 @ http://localhost:3000/_next/static/chunks/0-ynv9eqilv7x.js:0
[   11221ms] [LOG] Player X: 10.82 Y: -1.13 Z: -10.09 @ http://localhost:3000/_next/static/chunks/0-ynv9eqilv7x.js:0
[   11224ms] [LOG] Player X: 10.82 Y: -1.13 Z: -10.09 @ http://localhost:3000/_next/static/chunks/0-ynv9eqilv7x.js:0
[   11228ms] [LOG] Player X: 10.82 Y: -1.13 Z: -10.09 @ http://localhost:3000/_next/static/chunks/0-ynv9eqilv7x.js:0
[   11231ms] [LOG] Player X: 10.82 Y: -1.13 Z: -10.09 @ http://localhost:3000/_next/static/chunks/0-ynv9eqilv7x.js:0
[   11234ms] [LOG] Player X: 10.82 Y: -1.13 Z: -10.09 @ http://localhost:3000/_next/static/chunks/0-ynv9eqilv7x.js:0
[   11238ms] [LOG] Player X: 10.82 Y: -1.13 Z: -10.09 @ http://localhost:3000/_next/static/chunks/0-ynv9eqilv7x.js:0
[   11241ms] [LOG] Player X: 10.82 Y: -1.13 Z: -10.09 @ http://localhost:3000/_next/static/chunks/0-ynv9eqilv7x.js:0
[   11244ms] [LOG] Player X: 10.82 Y: -1.13 Z: -10.09 @ http://localhost:3000/_next/static/chunks/0-ynv9eqilv7x.js:0
[   11248ms] [LOG] Player X: 10.82 Y: -1.13 Z: -10.09 @ http://localhost:3000/_next/static/chunks/0-ynv9eqilv7x.js:0
[   11251ms] [LOG] Player X: 10.82 Y: -1.13 Z: -10.09 @ http://localhost:3000/_next/static/chunks/0-ynv9eqilv7x.js:0
[   11254ms] [LOG] Player X: 10.82 Y: -1.13 Z: -10.09 @ http://localhost:3000/_next/static/chunks/0-ynv9eqilv7x.js:0
[   11258ms] [LOG] Player X: 10.82 Y: -1.13 Z: -10.09 @ http://localhost:3000/_next/static/chunks/0-ynv9eqilv7x.js:0
[   11261ms] [LOG] Player X: 10.82 Y: -1.13 Z: -10.09 @ http://localhost:3000/_next/static/chunks/0-ynv9eqilv7x.js:0
[   11265ms] [LOG] Player X: 10.82 Y: -1.13 Z: -10.09 @ http://localhost:3000/_next/static/chunks/0-ynv9eqilv7x.js:0
[   11268ms] [LOG] Player X: 10.82 Y: -1.13 Z: -10.09 @ http://localhost:3000/_next/static/chunks/0-ynv9eqilv7x.js:0
[   11271ms] [LOG] Player X: 10.82 Y: -1.13 Z: -10.09 @ http://localhost:3000/_next/static/chunks/0-ynv9eqilv7x.js:0
[   11275ms] [LOG] Player X: 10.82 Y: -1.13 Z: -10.09 @ http://localhost:3000/_next/static/chunks/0-ynv9eqilv7x.js:0
[   11278ms] [LOG] Player X: 10.82 Y: -1.13 Z: -10.09 @ http://localhost:3000/_next/static/chunks/0-ynv9eqilv7x.js:0
[   11281ms] [LOG] Player X: 10.82 Y: -1.13 Z: -10.09 @ http://localhost:3000/_next/static/chunks/0-ynv9eqilv7x.js:0
[   11285ms] [LOG] Player X: 10.82 Y: -1.13 Z: -10.09 @ http://localhost:3000/_next/static/chunks/0-ynv9eqilv7x.js:0
[   11288ms] [LOG] Player X: 10.82 Y: -1.13 Z: -10.09 @ http://localhost:3000/_next/static/chunks/0-ynv9eqilv7x.js:0
[   11291ms] [LOG] Player X: 10.82 Y: -1.13 Z: -10.09 @ http://localhost:3000/_next/static/chunks/0-ynv9eqilv7x.js:0
[   11295ms] [LOG] Player X: 10.82 Y: -1.13 Z: -10.09 @ http://localhost:3000/_next/static/chunks/0-ynv9eqilv7x.js:0
[   11298ms] [LOG] Player X: 10.82 Y: -1.13 Z: -10.09 @ http://localhost:3000/_next/static/chunks/0-ynv9eqilv7x.js:0
[   11301ms] [LOG] Player X: 10.82 Y: -1.13 Z: -10.09 @ http://localhost:3000/_next/static/chunks/0-ynv9eqilv7x.js:0
[   11305ms] [LOG] Player X: 10.82 Y: -1.13 Z: -10.09 @ http://localhost:3000/_next/static/chunks/0-ynv9eqilv7x.js:0
[   11308ms] [LOG] Player X: 10.82 Y: -1.13 Z: -10.09 @ http://localhost:3000/_next/static/chunks/0-ynv9eqilv7x.js:0
[   11311ms] [LOG] Player X: 10.82 Y: -1.13 Z: -10.09 @ http://localhost:3000/_next/static/chunks/0-ynv9eqilv7x.js:0
[   11314ms] [LOG] Player X: 10.82 Y: -1.13 Z: -10.09 @ http://localhost:3000/_next/static/chunks/0-ynv9eqilv7x.js:0
[   11318ms] [LOG] Player X: 10.82 Y: -1.13 Z: -10.09 @ http://localhost:3000/_next/static/chunks/0-ynv9eqilv7x.js:0
[   11321ms] [LOG] Player X: 10.82 Y: -1.13 Z: -10.09 @ http://localhost:3000/_next/static/chunks/0-ynv9eqilv7x.js:0
[   11324ms] [LOG] Player X: 10.82 Y: -1.13 Z: -10.09 @ http://localhost:3000/_next/static/chunks/0-ynv9eqilv7x.js:0
[   11328ms] [LOG] Player X: 10.82 Y: -1.13 Z: -10.09 @ http://localhost:3000/_next/static/chunks/0-ynv9eqilv7x.js:0
[   11331ms] [LOG] Player X: 10.82 Y: -1.13 Z: -10.09 @ http://localhost:3000/_next/static/chunks/0-ynv9eqilv7x.js:0
[   11335ms] [LOG] Player X: 10.82 Y: -1.13 Z: -10.09 @ http://localhost:3000/_next/static/chunks/0-ynv9eqilv7x.js:0
[   11338ms] [LOG] Player X: 10.82 Y: -1.13 Z: -10.09 @ http://localhost:3000/_next/static/chunks/0-ynv9eqilv7x.js:0
[   11341ms] [LOG] Player X: 10.82 Y: -1.13 Z: -10.09 @ http://localhost:3000/_next/static/chunks/0-ynv9eqilv7x.js:0
[   11344ms] [LOG] Player X: 10.82 Y: -1.13 Z: -10.09 @ http://localhost:3000/_next/static/chunks/0-ynv9eqilv7x.js:0
[   11348ms] [LOG] Player X: 10.82 Y: -1.13 Z: -10.09 @ http://localhost:3000/_next/static/chunks/0-ynv9eqilv7x.js:0
[   11351ms] [LOG] Player X: 10.82 Y: -1.13 Z: -10.09 @ http://localhost:3000/_next/static/chunks/0-ynv9eqilv7x.js:0
[   11354ms] [LOG] Player X: 10.82 Y: -1.13 Z: -10.09 @ http://localhost:3000/_next/static/chunks/0-ynv9eqilv7x.js:0
[   11358ms] [LOG] Player X: 10.82 Y: -1.13 Z: -10.09 @ http://localhost:3000/_next/static/chunks/0-ynv9eqilv7x.js:0
[   11361ms] [LOG] Player X: 10.82 Y: -1.13 Z: -10.09 @ http://localhost:3000/_next/static/chunks/0-ynv9eqilv7x.js:0
[   11365ms] [LOG] Player X: 10.82 Y: -1.13 Z: -10.09 @ http://localhost:3000/_next/static/chunks/0-ynv9eqilv7x.js:0
[   11368ms] [LOG] Player X: 10.82 Y: -1.13 Z: -10.09 @ http://localhost:3000/_next/static/chunks/0-ynv9eqilv7x.js:0
[   11371ms] [LOG] Player X: 10.82 Y: -1.13 Z: -10.09 @ http://localhost:3000/_next/static/chunks/0-ynv9eqilv7x.js:0
[   11375ms] [LOG] Player X: 10.82 Y: -1.13 Z: -10.09 @ http://localhost:3000/_next/static/chunks/0-ynv9eqilv7x.js:0
[   11378ms] [LOG] Player X: 10.82 Y: -1.13 Z: -10.09 @ http://localhost:3000/_next/static/chunks/0-ynv9eqilv7x.js:0
[   11381ms] [LOG] Player X: 10.82 Y: -1.13 Z: -10.09 @ http://localhost:3000/_next/static/chunks/0-ynv9eqilv7x.js:0
[   11385ms] [LOG] Player X: 10.82 Y: -1.13 Z: -10.09 @ http://localhost:3000/_next/static/chunks/0-ynv9eqilv7x.js:0
[   11388ms] [LOG] Player X: 10.82 Y: -1.13 Z: -10.09 @ http://localhost:3000/_next/static/chunks/0-ynv9eqilv7x.js:0
[   11391ms] [LOG] Player X: 10.82 Y: -1.13 Z: -10.09 @ http://localhost:3000/_next/static/chunks/0-ynv9eqilv7x.js:0
[   11395ms] [LOG] Player X: 10.82 Y: -1.13 Z: -10.09 @ http://localhost:3000/_next/static/chunks/0-ynv9eqilv7x.js:0
[   11398ms] [LOG] Player X: 10.82 Y: -1.13 Z: -10.09 @ http://localhost:3000/_next/static/chunks/0-ynv9eqilv7x.js:0
[   11401ms] [LOG] Player X: 10.82 Y: -1.13 Z: -10.09 @ http://localhost:3000/_next/static/chunks/0-ynv9eqilv7x.js:0
[   11405ms] [LOG] Player X: 10.82 Y: -1.13 Z: -10.09 @ http://localhost:3000/_next/static/chunks/0-ynv9eqilv7x.js:0
[   11408ms] [LOG] Player X: 10.82 Y: -1.13 Z: -10.09 @ http://localhost:3000/_next/static/chunks/0-ynv9eqilv7x.js:0
[   11412ms] [LOG] Player X: 10.82 Y: -1.13 Z: -10.09 @ http://localhost:3000/_next/static/chunks/0-ynv9eqilv7x.js:0
[   11415ms] [LOG] Player X: 10.82 Y: -1.13 Z: -10.09 @ http://localhost:3000/_next/static/chunks/0-ynv9eqilv7x.js:0
[   11418ms] [LOG] Player X: 10.82 Y: -1.13 Z: -10.09 @ http://localhost:3000/_next/static/chunks/0-ynv9eqilv7x.js:0
[   11421ms] [LOG] Player X: 10.82 Y: -1.13 Z: -10.09 @ http://localhost:3000/_next/static/chunks/0-ynv9eqilv7x.js:0
[   11424ms] [LOG] Player X: 10.82 Y: -1.13 Z: -10.09 @ http://localhost:3000/_next/static/chunks/0-ynv9eqilv7x.js:0
[   11428ms] [LOG] Player X: 10.82 Y: -1.13 Z: -10.09 @ http://localhost:3000/_next/static/chunks/0-ynv9eqilv7x.js:0
[   11431ms] [LOG] Player X: 10.82 Y: -1.13 Z: -10.09 @ http://localhost:3000/_next/static/chunks/0-ynv9eqilv7x.js:0
[   11434ms] [LOG] Player X: 10.82 Y: -1.13 Z: -10.09 @ http://localhost:3000/_next/static/chunks/0-ynv9eqilv7x.js:0
[   11438ms] [LOG] Player X: 10.82 Y: -1.13 Z: -10.09 @ http://localhost:3000/_next/static/chunks/0-ynv9eqilv7x.js:0
[   11442ms] [LOG] Player X: 10.82 Y: -1.13 Z: -10.09 @ http://localhost:3000/_next/static/chunks/0-ynv9eqilv7x.js:0
[   11445ms] [LOG] Player X: 10.82 Y: -1.13 Z: -10.09 @ http://localhost:3000/_next/static/chunks/0-ynv9eqilv7x.js:0
[   11448ms] [LOG] Player X: 10.82 Y: -1.13 Z: -10.09 @ http://localhost:3000/_next/static/chunks/0-ynv9eqilv7x.js:0
[   11451ms] [LOG] Player X: 10.82 Y: -1.13 Z: -10.09 @ http://localhost:3000/_next/static/chunks/0-ynv9eqilv7x.js:0
[   11454ms] [LOG] Player X: 10.82 Y: -1.13 Z: -10.09 @ http://localhost:3000/_next/static/chunks/0-ynv9eqilv7x.js:0
[   11458ms] [LOG] Player X: 10.82 Y: -1.13 Z: -10.09 @ http://localhost:3000/_next/static/chunks/0-ynv9eqilv7x.js:0
[   11461ms] [LOG] Player X: 10.82 Y: -1.13 Z: -10.09 @ http://localhost:3000/_next/static/chunks/0-ynv9eqilv7x.js:0
[   11465ms] [LOG] Player X: 10.82 Y: -1.13 Z: -10.09 @ http://localhost:3000/_next/static/chunks/0-ynv9eqilv7x.js:0
[   11468ms] [LOG] Player X: 10.82 Y: -1.13 Z: -10.09 @ http://localhost:3000/_next/static/chunks/0-ynv9eqilv7x.js:0
[   11471ms] [LOG] Player X: 10.82 Y: -1.13 Z: -10.09 @ http://localhost:3000/_next/static/chunks/0-ynv9eqilv7x.js:0
[   11475ms] [LOG] Player X: 10.82 Y: -1.13 Z: -10.09 @ http://localhost:3000/_next/static/chunks/0-ynv9eqilv7x.js:0
[   11478ms] [LOG] Player X: 10.82 Y: -1.13 Z: -10.09 @ http://localhost:3000/_next/static/chunks/0-ynv9eqilv7x.js:0
[   11481ms] [LOG] Player X: 10.82 Y: -1.13 Z: -10.09 @ http://localhost:3000/_next/static/chunks/0-ynv9eqilv7x.js:0
[   11485ms] [LOG] Player X: 10.82 Y: -1.13 Z: -10.09 @ http://localhost:3000/_next/static/chunks/0-ynv9eqilv7x.js:0
[   11488ms] [LOG] Player X: 10.82 Y: -1.13 Z: -10.09 @ http://localhost:3000/_next/static/chunks/0-ynv9eqilv7x.js:0
[   11492ms] [LOG] Player X: 10.82 Y: -1.13 Z: -10.09 @ http://localhost:3000/_next/static/chunks/0-ynv9eqilv7x.js:0
[   11495ms] [LOG] Player X: 10.82 Y: -1.13 Z: -10.09 @ http://localhost:3000/_next/static/chunks/0-ynv9eqilv7x.js:0
[   11498ms] [LOG] Player X: 10.82 Y: -1.13 Z: -10.09 @ http://localhost:3000/_next/static/chunks/0-ynv9eqilv7x.js:0
[   11501ms] [LOG] Player X: 10.82 Y: -1.13 Z: -10.09 @ http://localhost:3000/_next/static/chunks/0-ynv9eqilv7x.js:0
[   11505ms] [LOG] Player X: 10.82 Y: -1.13 Z: -10.09 @ http://localhost:3000/_next/static/chunks/0-ynv9eqilv7x.js:0
[   11508ms] [LOG] Player X: 10.82 Y: -1.13 Z: -10.09 @ http://localhost:3000/_next/static/chunks/0-ynv9eqilv7x.js:0
[   11511ms] [LOG] Player X: 10.82 Y: -1.13 Z: -10.09 @ http://localhost:3000/_next/static/chunks/0-ynv9eqilv7x.js:0
[   11514ms] [LOG] Player X: 10.82 Y: -1.13 Z: -10.09 @ http://localhost:3000/_next/static/chunks/0-ynv9eqilv7x.js:0
[   11518ms] [LOG] Player X: 10.82 Y: -1.13 Z: -10.09 @ http://localhost:3000/_next/static/chunks/0-ynv9eqilv7x.js:0
[   11521ms] [LOG] Player X: 10.82 Y: -1.13 Z: -10.09 @ http://localhost:3000/_next/static/chunks/0-ynv9eqilv7x.js:0
[   11524ms] [LOG] Player X: 10.82 Y: -1.13 Z: -10.09 @ http://localhost:3000/_next/static/chunks/0-ynv9eqilv7x.js:0
[   11528ms] [LOG] Player X: 10.82 Y: -1.13 Z: -10.09 @ http://localhost:3000/_next/static/chunks/0-ynv9eqilv7x.js:0
[   11531ms] [LOG] Player X: 10.82 Y: -1.13 Z: -10.09 @ http://localhost:3000/_next/static/chunks/0-ynv9eqilv7x.js:0
[   11534ms] [LOG] Player X: 10.82 Y: -1.13 Z: -10.09 @ http://localhost:3000/_next/static/chunks/0-ynv9eqilv7x.js:0
[   11538ms] [LOG] Player X: 10.82 Y: -1.13 Z: -10.09 @ http://localhost:3000/_next/static/chunks/0-ynv9eqilv7x.js:0
[   11541ms] [LOG] Player X: 10.82 Y: -1.13 Z: -10.09 @ http://localhost:3000/_next/static/chunks/0-ynv9eqilv7x.js:0
[   11544ms] [LOG] Player X: 10.82 Y: -1.13 Z: -10.09 @ http://localhost:3000/_next/static/chunks/0-ynv9eqilv7x.js:0
[   11548ms] [LOG] Player X: 10.82 Y: -1.13 Z: -10.09 @ http://localhost:3000/_next/static/chunks/0-ynv9eqilv7x.js:0
[   11551ms] [LOG] Player X: 10.82 Y: -1.13 Z: -10.09 @ http://localhost:3000/_next/static/chunks/0-ynv9eqilv7x.js:0
[   11554ms] [LOG] Player X: 10.82 Y: -1.13 Z: -10.09 @ http://localhost:3000/_next/static/chunks/0-ynv9eqilv7x.js:0
[   11558ms] [LOG] Player X: 10.82 Y: -1.13 Z: -10.09 @ http://localhost:3000/_next/static/chunks/0-ynv9eqilv7x.js:0
[   11561ms] [LOG] Player X: 10.82 Y: -1.13 Z: -10.09 @ http://localhost:3000/_next/static/chunks/0-ynv9eqilv7x.js:0
[   11565ms] [LOG] Player X: 10.82 Y: -1.13 Z: -10.09 @ http://localhost:3000/_next/static/chunks/0-ynv9eqilv7x.js:0
[   11568ms] [LOG] Player X: 10.82 Y: -1.13 Z: -10.09 @ http://localhost:3000/_next/static/chunks/0-ynv9eqilv7x.js:0
[   11571ms] [LOG] Player X: 10.82 Y: -1.13 Z: -10.09 @ http://localhost:3000/_next/static/chunks/0-ynv9eqilv7x.js:0
[   11574ms] [LOG] Player X: 10.82 Y: -1.13 Z: -10.09 @ http://localhost:3000/_next/static/chunks/0-ynv9eqilv7x.js:0
[   11578ms] [LOG] Player X: 10.88 Y: -1.12 Z: -10.17 @ http://localhost:3000/_next/static/chunks/0-ynv9eqilv7x.js:0
[   11581ms] [LOG] Player X: 10.95 Y: -1.11 Z: -10.25 @ http://localhost:3000/_next/static/chunks/0-ynv9eqilv7x.js:0
[   11584ms] [LOG] Player X: 11.01 Y: -1.09 Z: -10.32 @ http://localhost:3000/_next/static/chunks/0-ynv9eqilv7x.js:0
[   11588ms] [LOG] Player X: 11.07 Y: -1.08 Z: -10.40 @ http://localhost:3000/_next/static/chunks/0-ynv9eqilv7x.js:0
[   11591ms] [LOG] Player X: 11.13 Y: -1.07 Z: -10.48 @ http://localhost:3000/_next/static/chunks/0-ynv9eqilv7x.js:0
[   11595ms] [LOG] Player X: 11.20 Y: -1.06 Z: -10.55 @ http://localhost:3000/_next/static/chunks/0-ynv9eqilv7x.js:0
[   11598ms] [LOG] Player X: 11.26 Y: -1.04 Z: -10.63 @ http://localhost:3000/_next/static/chunks/0-ynv9eqilv7x.js:0
[   11601ms] [LOG] Player X: 11.32 Y: -1.03 Z: -10.71 @ http://localhost:3000/_next/static/chunks/0-ynv9eqilv7x.js:0
[   11605ms] [LOG] Player X: 11.39 Y: -1.02 Z: -10.78 @ http://localhost:3000/_next/static/chunks/0-ynv9eqilv7x.js:0
[   11608ms] [LOG] Player X: 11.45 Y: -1.01 Z: -10.86 @ http://localhost:3000/_next/static/chunks/0-ynv9eqilv7x.js:0
[   11611ms] [LOG] Player X: 11.51 Y: -0.99 Z: -10.94 @ http://localhost:3000/_next/static/chunks/0-ynv9eqilv7x.js:0
[   11614ms] [LOG] Player X: 11.58 Y: -0.98 Z: -11.01 @ http://localhost:3000/_next/static/chunks/0-ynv9eqilv7x.js:0
[   11618ms] [LOG] Player X: 11.64 Y: -0.97 Z: -11.09 @ http://localhost:3000/_next/static/chunks/0-ynv9eqilv7x.js:0
[   11622ms] [LOG] Player X: 11.70 Y: -0.95 Z: -11.17 @ http://localhost:3000/_next/static/chunks/0-ynv9eqilv7x.js:0
[   11624ms] [LOG] Player X: 11.76 Y: -0.94 Z: -11.24 @ http://localhost:3000/_next/static/chunks/0-ynv9eqilv7x.js:0
[   11628ms] [LOG] Player X: 11.83 Y: -0.93 Z: -11.32 @ http://localhost:3000/_next/static/chunks/0-ynv9eqilv7x.js:0
[   11631ms] [LOG] Player X: 11.89 Y: -0.91 Z: -11.40 @ http://localhost:3000/_next/static/chunks/0-ynv9eqilv7x.js:0
[   11634ms] [LOG] Player X: 11.95 Y: -0.90 Z: -11.47 @ http://localhost:3000/_next/static/chunks/0-ynv9eqilv7x.js:0
[   11638ms] [LOG] Player X: 12.01 Y: -0.89 Z: -11.55 @ http://localhost:3000/_next/static/chunks/0-ynv9eqilv7x.js:0
[   11641ms] [LOG] Player X: 12.08 Y: -0.87 Z: -11.63 @ http://localhost:3000/_next/static/chunks/0-ynv9eqilv7x.js:0
[   11645ms] [LOG] Player X: 12.14 Y: -0.86 Z: -11.70 @ http://localhost:3000/_next/static/chunks/0-ynv9eqilv7x.js:0
[   11648ms] [LOG] Player X: 12.20 Y: -0.84 Z: -11.78 @ http://localhost:3000/_next/static/chunks/0-ynv9eqilv7x.js:0
[   11651ms] [LOG] Player X: 12.27 Y: -0.83 Z: -11.86 @ http://localhost:3000/_next/static/chunks/0-ynv9eqilv7x.js:0
[   11654ms] [LOG] Player X: 12.33 Y: -0.82 Z: -11.93 @ http://localhost:3000/_next/static/chunks/0-ynv9eqilv7x.js:0
[   11658ms] [LOG] Player X: 12.39 Y: -0.80 Z: -12.01 @ http://localhost:3000/_next/static/chunks/0-ynv9eqilv7x.js:0
[   11661ms] [LOG] Player X: 12.45 Y: -0.79 Z: -12.09 @ http://localhost:3000/_next/static/chunks/0-ynv9eqilv7x.js:0
[   11665ms] [LOG] Player X: 12.52 Y: -0.77 Z: -12.16 @ http://localhost:3000/_next/static/chunks/0-ynv9eqilv7x.js:0
[   11668ms] [LOG] Player X: 12.58 Y: -0.76 Z: -12.24 @ http://localhost:3000/_next/static/chunks/0-ynv9eqilv7x.js:0
[   11671ms] [LOG] Player X: 12.64 Y: -0.74 Z: -12.32 @ http://localhost:3000/_next/static/chunks/0-ynv9eqilv7x.js:0
[   11675ms] [LOG] Player X: 12.70 Y: -0.73 Z: -12.39 @ http://localhost:3000/_next/static/chunks/0-ynv9eqilv7x.js:0
[   11678ms] [LOG] Player X: 12.77 Y: -0.71 Z: -12.47 @ http://localhost:3000/_next/static/chunks/0-ynv9eqilv7x.js:0
[   11681ms] [LOG] Player X: 12.83 Y: -0.70 Z: -12.54 @ http://localhost:3000/_next/static/chunks/0-ynv9eqilv7x.js:0
[   11684ms] [LOG] Player X: 12.89 Y: -0.68 Z: -12.62 @ http://localhost:3000/_next/static/chunks/0-ynv9eqilv7x.js:0
[   11688ms] [LOG] Player X: 12.96 Y: -0.66 Z: -12.70 @ http://localhost:3000/_next/static/chunks/0-ynv9eqilv7x.js:0
[   11691ms] [LOG] Player X: 13.02 Y: -0.65 Z: -12.77 @ http://localhost:3000/_next/static/chunks/0-ynv9eqilv7x.js:0
[   11695ms] [LOG] Player X: 13.08 Y: -0.63 Z: -12.85 @ http://localhost:3000/_next/static/chunks/0-ynv9eqilv7x.js:0
[   11698ms] [LOG] Player X: 13.15 Y: -0.62 Z: -12.92 @ http://localhost:3000/_next/static/chunks/0-ynv9eqilv7x.js:0
[   11701ms] [LOG] Player X: 13.21 Y: -0.60 Z: -13.00 @ http://localhost:3000/_next/static/chunks/0-ynv9eqilv7x.js:0
[   11705ms] [LOG] Player X: 13.27 Y: -0.58 Z: -13.08 @ http://localhost:3000/_next/static/chunks/0-ynv9eqilv7x.js:0
[   11708ms] [LOG] Player X: 13.33 Y: -0.57 Z: -13.15 @ http://localhost:3000/_next/static/chunks/0-ynv9eqilv7x.js:0
[   11711ms] [LOG] Player X: 13.40 Y: -0.55 Z: -13.23 @ http://localhost:3000/_next/static/chunks/0-ynv9eqilv7x.js:0
[   11714ms] [LOG] Player X: 13.46 Y: -0.53 Z: -13.30 @ http://localhost:3000/_next/static/chunks/0-ynv9eqilv7x.js:0
[   11718ms] [LOG] Player X: 13.52 Y: -0.52 Z: -13.38 @ http://localhost:3000/_next/static/chunks/0-ynv9eqilv7x.js:0
[   11721ms] [LOG] Player X: 13.59 Y: -0.50 Z: -13.46 @ http://localhost:3000/_next/static/chunks/0-ynv9eqilv7x.js:0
[   11724ms] [LOG] Player X: 13.65 Y: -0.48 Z: -13.53 @ http://localhost:3000/_next/static/chunks/0-ynv9eqilv7x.js:0
[   11728ms] [LOG] Player X: 13.71 Y: -0.47 Z: -13.61 @ http://localhost:3000/_next/static/chunks/0-ynv9eqilv7x.js:0
[   11731ms] [LOG] Player X: 13.78 Y: -0.45 Z: -13.68 @ http://localhost:3000/_next/static/chunks/0-ynv9eqilv7x.js:0
[   11734ms] [LOG] Player X: 13.84 Y: -0.43 Z: -13.76 @ http://localhost:3000/_next/static/chunks/0-ynv9eqilv7x.js:0
[   11738ms] [LOG] Player X: 13.90 Y: -0.42 Z: -13.83 @ http://localhost:3000/_next/static/chunks/0-ynv9eqilv7x.js:0
[   11741ms] [LOG] Player X: 13.90 Y: -0.42 Z: -13.83 @ http://localhost:3000/_next/static/chunks/0-ynv9eqilv7x.js:0
[   11744ms] [LOG] Player X: 13.90 Y: -0.42 Z: -13.83 @ http://localhost:3000/_next/static/chunks/0-ynv9eqilv7x.js:0
[   11748ms] [LOG] Player X: 13.90 Y: -0.42 Z: -13.83 @ http://localhost:3000/_next/static/chunks/0-ynv9eqilv7x.js:0
[   11751ms] [LOG] Player X: 13.90 Y: -0.42 Z: -13.83 @ http://localhost:3000/_next/static/chunks/0-ynv9eqilv7x.js:0
[   11754ms] [LOG] Player X: 13.90 Y: -0.42 Z: -13.83 @ http://localhost:3000/_next/static/chunks/0-ynv9eqilv7x.js:0
[   11758ms] [LOG] Player X: 13.90 Y: -0.42 Z: -13.83 @ http://localhost:3000/_next/static/chunks/0-ynv9eqilv7x.js:0
[   11761ms] [LOG] Player X: 13.90 Y: -0.42 Z: -13.83 @ http://localhost:3000/_next/static/chunks/0-ynv9eqilv7x.js:0
[   11764ms] [LOG] Player X: 13.90 Y: -0.42 Z: -13.83 @ http://localhost:3000/_next/static/chunks/0-ynv9eqilv7x.js:0
[   11768ms] [LOG] Player X: 13.90 Y: -0.42 Z: -13.83 @ http://localhost:3000/_next/static/chunks/0-ynv9eqilv7x.js:0
[   11771ms] [LOG] Player X: 13.90 Y: -0.42 Z: -13.83 @ http://localhost:3000/_next/static/chunks/0-ynv9eqilv7x.js:0
[   11774ms] [LOG] Player X: 13.90 Y: -0.42 Z: -13.83 @ http://localhost:3000/_next/static/chunks/0-ynv9eqilv7x.js:0
[   11778ms] [LOG] Player X: 13.90 Y: -0.42 Z: -13.83 @ http://localhost:3000/_next/static/chunks/0-ynv9eqilv7x.js:0
[   11781ms] [LOG] Player X: 13.90 Y: -0.42 Z: -13.83 @ http://localhost:3000/_next/static/chunks/0-ynv9eqilv7x.js:0
[   11785ms] [LOG] Player X: 13.90 Y: -0.42 Z: -13.83 @ http://localhost:3000/_next/static/chunks/0-ynv9eqilv7x.js:0
[   11788ms] [LOG] Player X: 13.90 Y: -0.42 Z: -13.83 @ http://localhost:3000/_next/static/chunks/0-ynv9eqilv7x.js:0
[   11791ms] [LOG] Player X: 13.90 Y: -0.42 Z: -13.83 @ http://localhost:3000/_next/static/chunks/0-ynv9eqilv7x.js:0
[   11794ms] [LOG] Player X: 13.90 Y: -0.42 Z: -13.83 @ http://localhost:3000/_next/static/chunks/0-ynv9eqilv7x.js:0
[   11798ms] [LOG] Player X: 13.90 Y: -0.42 Z: -13.83 @ http://localhost:3000/_next/static/chunks/0-ynv9eqilv7x.js:0
[   11801ms] [LOG] Player X: 13.90 Y: -0.42 Z: -13.83 @ http://localhost:3000/_next/static/chunks/0-ynv9eqilv7x.js:0
[   11804ms] [LOG] Player X: 13.90 Y: -0.42 Z: -13.83 @ http://localhost:3000/_next/static/chunks/0-ynv9eqilv7x.js:0
[   11808ms] [LOG] Player X: 13.90 Y: -0.42 Z: -13.83 @ http://localhost:3000/_next/static/chunks/0-ynv9eqilv7x.js:0
[   11811ms] [LOG] Player X: 13.90 Y: -0.42 Z: -13.83 @ http://localhost:3000/_next/static/chunks/0-ynv9eqilv7x.js:0
[   11815ms] [LOG] Player X: 13.90 Y: -0.42 Z: -13.83 @ http://localhost:3000/_next/static/chunks/0-ynv9eqilv7x.js:0
[   11818ms] [LOG] Player X: 13.90 Y: -0.42 Z: -13.83 @ http://localhost:3000/_next/static/chunks/0-ynv9eqilv7x.js:0
[   11821ms] [LOG] Player X: 13.90 Y: -0.42 Z: -13.83 @ http://localhost:3000/_next/static/chunks/0-ynv9eqilv7x.js:0
[   11824ms] [LOG] Player X: 13.90 Y: -0.42 Z: -13.83 @ http://localhost:3000/_next/static/chunks/0-ynv9eqilv7x.js:0
[   11828ms] [LOG] Player X: 13.90 Y: -0.42 Z: -13.83 @ http://localhost:3000/_next/static/chunks/0-ynv9eqilv7x.js:0
[   11831ms] [LOG] Player X: 13.90 Y: -0.42 Z: -13.83 @ http://localhost:3000/_next/static/chunks/0-ynv9eqilv7x.js:0
[   11835ms] [LOG] Player X: 13.90 Y: -0.42 Z: -13.83 @ http://localhost:3000/_next/static/chunks/0-ynv9eqilv7x.js:0
[   11838ms] [LOG] Player X: 13.90 Y: -0.42 Z: -13.83 @ http://localhost:3000/_next/static/chunks/0-ynv9eqilv7x.js:0
[   11841ms] [LOG] Player X: 13.90 Y: -0.42 Z: -13.83 @ http://localhost:3000/_next/static/chunks/0-ynv9eqilv7x.js:0
[   11844ms] [LOG] Player X: 13.90 Y: -0.42 Z: -13.83 @ http://localhost:3000/_next/static/chunks/0-ynv9eqilv7x.js:0
[   11848ms] [LOG] Player X: 13.90 Y: -0.42 Z: -13.83 @ http://localhost:3000/_next/static/chunks/0-ynv9eqilv7x.js:0
[   11851ms] [LOG] Player X: 13.90 Y: -0.42 Z: -13.83 @ http://localhost:3000/_next/static/chunks/0-ynv9eqilv7x.js:0
[   11854ms] [LOG] Player X: 13.90 Y: -0.42 Z: -13.83 @ http://localhost:3000/_next/static/chunks/0-ynv9eqilv7x.js:0
[   11858ms] [LOG] Player X: 13.90 Y: -0.42 Z: -13.83 @ http://localhost:3000/_next/static/chunks/0-ynv9eqilv7x.js:0
[   11861ms] [LOG] Player X: 13.90 Y: -0.42 Z: -13.83 @ http://localhost:3000/_next/static/chunks/0-ynv9eqilv7x.js:0
[   11865ms] [LOG] Player X: 13.90 Y: -0.42 Z: -13.83 @ http://localhost:3000/_next/static/chunks/0-ynv9eqilv7x.js:0
[   11868ms] [LOG] Player X: 13.90 Y: -0.42 Z: -13.83 @ http://localhost:3000/_next/static/chunks/0-ynv9eqilv7x.js:0
[   11871ms] [LOG] Player X: 13.90 Y: -0.42 Z: -13.83 @ http://localhost:3000/_next/static/chunks/0-ynv9eqilv7x.js:0
[   11875ms] [LOG] Player X: 13.90 Y: -0.42 Z: -13.83 @ http://localhost:3000/_next/static/chunks/0-ynv9eqilv7x.js:0
[   11878ms] [LOG] Player X: 13.90 Y: -0.42 Z: -13.83 @ http://localhost:3000/_next/static/chunks/0-ynv9eqilv7x.js:0
[   11883ms] [LOG] Player X: 13.90 Y: -0.42 Z: -13.83 @ http://localhost:3000/_next/static/chunks/0-ynv9eqilv7x.js:0
[   11886ms] [LOG] Player X: 13.90 Y: -0.42 Z: -13.83 @ http://localhost:3000/_next/static/chunks/0-ynv9eqilv7x.js:0
[   11888ms] [LOG] Player X: 13.90 Y: -0.42 Z: -13.83 @ http://localhost:3000/_next/static/chunks/0-ynv9eqilv7x.js:0
[   11891ms] [LOG] Player X: 13.90 Y: -0.42 Z: -13.83 @ http://localhost:3000/_next/static/chunks/0-ynv9eqilv7x.js:0
[   11895ms] [LOG] Player X: 13.90 Y: -0.42 Z: -13.83 @ http://localhost:3000/_next/static/chunks/0-ynv9eqilv7x.js:0
[   11898ms] [LOG] Player X: 13.90 Y: -0.42 Z: -13.83 @ http://localhost:3000/_next/static/chunks/0-ynv9eqilv7x.js:0
[   11901ms] [LOG] Player X: 13.90 Y: -0.42 Z: -13.83 @ http://localhost:3000/_next/static/chunks/0-ynv9eqilv7x.js:0
[   11905ms] [LOG] Player X: 13.90 Y: -0.42 Z: -13.83 @ http://localhost:3000/_next/static/chunks/0-ynv9eqilv7x.js:0
[   11908ms] [LOG] Player X: 13.90 Y: -0.42 Z: -13.83 @ http://localhost:3000/_next/static/chunks/0-ynv9eqilv7x.js:0
[   11911ms] [LOG] Player X: 13.90 Y: -0.42 Z: -13.83 @ http://localhost:3000/_next/static/chunks/0-ynv9eqilv7x.js:0
[   11914ms] [LOG] Player X: 13.90 Y: -0.42 Z: -13.83 @ http://localhost:3000/_next/static/chunks/0-ynv9eqilv7x.js:0
[   11918ms] [LOG] Player X: 13.90 Y: -0.42 Z: -13.83 @ http://localhost:3000/_next/static/chunks/0-ynv9eqilv7x.js:0
[   11921ms] [LOG] Player X: 13.90 Y: -0.42 Z: -13.83 @ http://localhost:3000/_next/static/chunks/0-ynv9eqilv7x.js:0
[   11925ms] [LOG] Player X: 13.90 Y: -0.42 Z: -13.83 @ http://localhost:3000/_next/static/chunks/0-ynv9eqilv7x.js:0
[   11928ms] [LOG] Player X: 13.90 Y: -0.42 Z: -13.83 @ http://localhost:3000/_next/static/chunks/0-ynv9eqilv7x.js:0
[   11931ms] [LOG] Player X: 13.90 Y: -0.42 Z: -13.83 @ http://localhost:3000/_next/static/chunks/0-ynv9eqilv7x.js:0
[   11935ms] [LOG] Player X: 13.90 Y: -0.42 Z: -13.83 @ http://localhost:3000/_next/static/chunks/0-ynv9eqilv7x.js:0
[   11938ms] [LOG] Player X: 13.90 Y: -0.42 Z: -13.83 @ http://localhost:3000/_next/static/chunks/0-ynv9eqilv7x.js:0
[   11941ms] [LOG] Player X: 13.90 Y: -0.42 Z: -13.83 @ http://localhost:3000/_next/static/chunks/0-ynv9eqilv7x.js:0
[   11945ms] [LOG] Player X: 13.90 Y: -0.42 Z: -13.83 @ http://localhost:3000/_next/static/chunks/0-ynv9eqilv7x.js:0
[   11948ms] [LOG] Player X: 13.90 Y: -0.42 Z: -13.83 @ http://localhost:3000/_next/static/chunks/0-ynv9eqilv7x.js:0
[   11951ms] [LOG] Player X: 13.90 Y: -0.42 Z: -13.83 @ http://localhost:3000/_next/static/chunks/0-ynv9eqilv7x.js:0
[   11955ms] [LOG] Player X: 13.90 Y: -0.42 Z: -13.83 @ http://localhost:3000/_next/static/chunks/0-ynv9eqilv7x.js:0
[   11958ms] [LOG] Player X: 13.90 Y: -0.42 Z: -13.83 @ http://localhost:3000/_next/static/chunks/0-ynv9eqilv7x.js:0
[   11961ms] [LOG] Player X: 13.90 Y: -0.42 Z: -13.83 @ http://localhost:3000/_next/static/chunks/0-ynv9eqilv7x.js:0
[   11965ms] [LOG] Player X: 13.90 Y: -0.42 Z: -13.83 @ http://localhost:3000/_next/static/chunks/0-ynv9eqilv7x.js:0
[   11969ms] [LOG] Player X: 13.90 Y: -0.42 Z: -13.83 @ http://localhost:3000/_next/static/chunks/0-ynv9eqilv7x.js:0
[   11971ms] [LOG] Player X: 13.90 Y: -0.42 Z: -13.83 @ http://localhost:3000/_next/static/chunks/0-ynv9eqilv7x.js:0
[   11975ms] [LOG] Player X: 13.90 Y: -0.42 Z: -13.83 @ http://localhost:3000/_next/static/chunks/0-ynv9eqilv7x.js:0
[   11978ms] [LOG] Player X: 13.90 Y: -0.42 Z: -13.83 @ http://localhost:3000/_next/static/chunks/0-ynv9eqilv7x.js:0
[   11982ms] [LOG] Player X: 13.90 Y: -0.42 Z: -13.83 @ http://localhost:3000/_next/static/chunks/0-ynv9eqilv7x.js:0
[   11985ms] [LOG] Player X: 13.90 Y: -0.42 Z: -13.83 @ http://localhost:3000/_next/static/chunks/0-ynv9eqilv7x.js:0
[   11988ms] [LOG] Player X: 13.90 Y: -0.42 Z: -13.83 @ http://localhost:3000/_next/static/chunks/0-ynv9eqilv7x.js:0
[   11991ms] [LOG] Player X: 13.90 Y: -0.42 Z: -13.83 @ http://localhost:3000/_next/static/chunks/0-ynv9eqilv7x.js:0
[   11995ms] [LOG] Player X: 13.90 Y: -0.42 Z: -13.83 @ http://localhost:3000/_next/static/chunks/0-ynv9eqilv7x.js:0
[   11998ms] [LOG] Player X: 13.90 Y: -0.42 Z: -13.83 @ http://localhost:3000/_next/static/chunks/0-ynv9eqilv7x.js:0
[   12001ms] [LOG] Player X: 13.90 Y: -0.42 Z: -13.83 @ http://localhost:3000/_next/static/chunks/0-ynv9eqilv7x.js:0
[   12005ms] [LOG] Player X: 13.90 Y: -0.42 Z: -13.83 @ http://localhost:3000/_next/static/chunks/0-ynv9eqilv7x.js:0
[   12008ms] [LOG] Player X: 13.90 Y: -0.42 Z: -13.83 @ http://localhost:3000/_next/static/chunks/0-ynv9eqilv7x.js:0
[   12012ms] [LOG] Player X: 13.90 Y: -0.42 Z: -13.83 @ http://localhost:3000/_next/static/chunks/0-ynv9eqilv7x.js:0
[   12015ms] [LOG] Player X: 13.90 Y: -0.42 Z: -13.83 @ http://localhost:3000/_next/static/chunks/0-ynv9eqilv7x.js:0
[   12018ms] [LOG] Player X: 13.90 Y: -0.42 Z: -13.83 @ http://localhost:3000/_next/static/chunks/0-ynv9eqilv7x.js:0
[   12021ms] [LOG] Player X: 13.99 Y: -0.40 Z: -13.88 @ http://localhost:3000/_next/static/chunks/0-ynv9eqilv7x.js:0
[   12025ms] [LOG] Player X: 14.07 Y: -0.38 Z: -13.93 @ http://localhost:3000/_next/static/chunks/0-ynv9eqilv7x.js:0
[   12028ms] [LOG] Player X: 14.16 Y: -0.36 Z: -13.98 @ http://localhost:3000/_next/static/chunks/0-ynv9eqilv7x.js:0
[   12032ms] [LOG] Player X: 14.24 Y: -0.35 Z: -14.03 @ http://localhost:3000/_next/static/chunks/0-ynv9eqilv7x.js:0
[   12035ms] [LOG] Player X: 14.33 Y: -0.33 Z: -14.07 @ http://localhost:3000/_next/static/chunks/0-ynv9eqilv7x.js:0
[   12038ms] [LOG] Player X: 14.42 Y: -0.31 Z: -14.12 @ http://localhost:3000/_next/static/chunks/0-ynv9eqilv7x.js:0
[   12041ms] [LOG] Player X: 14.51 Y: -0.30 Z: -14.16 @ http://localhost:3000/_next/static/chunks/0-ynv9eqilv7x.js:0
[   12045ms] [LOG] Player X: 14.60 Y: -0.28 Z: -14.21 @ http://localhost:3000/_next/static/chunks/0-ynv9eqilv7x.js:0
[   12048ms] [LOG] Player X: 14.68 Y: -0.26 Z: -14.25 @ http://localhost:3000/_next/static/chunks/0-ynv9eqilv7x.js:0
[   12051ms] [LOG] Player X: 14.77 Y: -0.25 Z: -14.29 @ http://localhost:3000/_next/static/chunks/0-ynv9eqilv7x.js:0
[   12055ms] [LOG] Player X: 14.86 Y: -0.23 Z: -14.34 @ http://localhost:3000/_next/static/chunks/0-ynv9eqilv7x.js:0
[   12058ms] [LOG] Player X: 14.95 Y: -0.21 Z: -14.38 @ http://localhost:3000/_next/static/chunks/0-ynv9eqilv7x.js:0
[   12062ms] [LOG] Player X: 15.04 Y: -0.20 Z: -14.42 @ http://localhost:3000/_next/static/chunks/0-ynv9eqilv7x.js:0
[   12065ms] [LOG] Player X: 15.13 Y: -0.18 Z: -14.46 @ http://localhost:3000/_next/static/chunks/0-ynv9eqilv7x.js:0
[   12068ms] [LOG] Player X: 15.22 Y: -0.17 Z: -14.50 @ http://localhost:3000/_next/static/chunks/0-ynv9eqilv7x.js:0
[   12071ms] [LOG] Player X: 15.31 Y: -0.15 Z: -14.53 @ http://localhost:3000/_next/static/chunks/0-ynv9eqilv7x.js:0
[   12075ms] [LOG] Player X: 15.41 Y: -0.14 Z: -14.57 @ http://localhost:3000/_next/static/chunks/0-ynv9eqilv7x.js:0
[   12078ms] [LOG] Player X: 15.50 Y: -0.12 Z: -14.61 @ http://localhost:3000/_next/static/chunks/0-ynv9eqilv7x.js:0
[   12081ms] [LOG] Player X: 15.59 Y: -0.11 Z: -14.64 @ http://localhost:3000/_next/static/chunks/0-ynv9eqilv7x.js:0
[   12085ms] [LOG] Player X: 15.68 Y: -0.09 Z: -14.68 @ http://localhost:3000/_next/static/chunks/0-ynv9eqilv7x.js:0
[   12088ms] [LOG] Player X: 15.78 Y: -0.08 Z: -14.71 @ http://localhost:3000/_next/static/chunks/0-ynv9eqilv7x.js:0
[   12092ms] [LOG] Player X: 15.87 Y: -0.06 Z: -14.75 @ http://localhost:3000/_next/static/chunks/0-ynv9eqilv7x.js:0
[   12095ms] [LOG] Player X: 15.96 Y: -0.05 Z: -14.78 @ http://localhost:3000/_next/static/chunks/0-ynv9eqilv7x.js:0
[   12098ms] [LOG] Player X: 16.06 Y: -0.04 Z: -14.81 @ http://localhost:3000/_next/static/chunks/0-ynv9eqilv7x.js:0
[   12101ms] [LOG] Player X: 16.15 Y: -0.02 Z: -14.84 @ http://localhost:3000/_next/static/chunks/0-ynv9eqilv7x.js:0
[   12105ms] [LOG] Player X: 16.25 Y: -0.01 Z: -14.86 @ http://localhost:3000/_next/static/chunks/0-ynv9eqilv7x.js:0
[   12108ms] [LOG] Player X: 16.29 Y: 0.04 Z: -14.79 @ http://localhost:3000/_next/static/chunks/0-ynv9eqilv7x.js:0
[   12111ms] [LOG] Player X: 16.34 Y: 0.10 Z: -14.72 @ http://localhost:3000/_next/static/chunks/0-ynv9eqilv7x.js:0
[   12115ms] [LOG] Player X: 16.38 Y: 0.15 Z: -14.65 @ http://localhost:3000/_next/static/chunks/0-ynv9eqilv7x.js:0
[   12118ms] [LOG] Player X: 16.43 Y: 0.20 Z: -14.58 @ http://localhost:3000/_next/static/chunks/0-ynv9eqilv7x.js:0
[   12121ms] [LOG] Player X: 16.47 Y: 0.26 Z: -14.50 @ http://localhost:3000/_next/static/chunks/0-ynv9eqilv7x.js:0
[   12125ms] [LOG] Player X: 16.51 Y: 0.31 Z: -14.43 @ http://localhost:3000/_next/static/chunks/0-ynv9eqilv7x.js:0
[   12128ms] [LOG] Player X: 16.55 Y: 0.36 Z: -14.35 @ http://localhost:3000/_next/static/chunks/0-ynv9eqilv7x.js:0
[   12131ms] [LOG] Player X: 16.59 Y: 0.41 Z: -14.28 @ http://localhost:3000/_next/static/chunks/0-ynv9eqilv7x.js:0
[   12135ms] [LOG] Player X: 16.63 Y: 0.46 Z: -14.20 @ http://localhost:3000/_next/static/chunks/0-ynv9eqilv7x.js:0
[   12138ms] [LOG] Player X: 16.67 Y: 0.51 Z: -14.12 @ http://localhost:3000/_next/static/chunks/0-ynv9eqilv7x.js:0
[   12141ms] [LOG] Player X: 16.70 Y: 0.56 Z: -14.05 @ http://localhost:3000/_next/static/chunks/0-ynv9eqilv7x.js:0
[   12145ms] [LOG] Player X: 16.74 Y: 0.62 Z: -13.97 @ http://localhost:3000/_next/static/chunks/0-ynv9eqilv7x.js:0
[   12148ms] [LOG] Player X: 16.77 Y: 0.67 Z: -13.89 @ http://localhost:3000/_next/static/chunks/0-ynv9eqilv7x.js:0
[   12151ms] [LOG] Player X: 16.80 Y: 0.72 Z: -13.81 @ http://localhost:3000/_next/static/chunks/0-ynv9eqilv7x.js:0
[   12155ms] [LOG] Player X: 16.83 Y: 0.76 Z: -13.73 @ http://localhost:3000/_next/static/chunks/0-ynv9eqilv7x.js:0
[   12158ms] [LOG] Player X: 16.86 Y: 0.81 Z: -13.64 @ http://localhost:3000/_next/static/chunks/0-ynv9eqilv7x.js:0
[   12161ms] [LOG] Player X: 16.89 Y: 0.86 Z: -13.56 @ http://localhost:3000/_next/static/chunks/0-ynv9eqilv7x.js:0
[   12165ms] [LOG] Player X: 16.92 Y: 0.91 Z: -13.48 @ http://localhost:3000/_next/static/chunks/0-ynv9eqilv7x.js:0
[   12168ms] [LOG] Player X: 16.94 Y: 0.96 Z: -13.39 @ http://localhost:3000/_next/static/chunks/0-ynv9eqilv7x.js:0
[   12171ms] [LOG] Player X: 16.96 Y: 1.01 Z: -13.31 @ http://localhost:3000/_next/static/chunks/0-ynv9eqilv7x.js:0
[   12175ms] [LOG] Player X: 16.98 Y: 1.06 Z: -13.22 @ http://localhost:3000/_next/static/chunks/0-ynv9eqilv7x.js:0
[   12178ms] [LOG] Player X: 17.00 Y: 1.10 Z: -13.14 @ http://localhost:3000/_next/static/chunks/0-ynv9eqilv7x.js:0
[   12181ms] [LOG] Player X: 17.01 Y: 1.15 Z: -13.05 @ http://localhost:3000/_next/static/chunks/0-ynv9eqilv7x.js:0
[   12185ms] [LOG] Player X: 17.02 Y: 1.20 Z: -12.96 @ http://localhost:3000/_next/static/chunks/0-ynv9eqilv7x.js:0
[   12188ms] [LOG] Player X: 17.03 Y: 1.25 Z: -12.88 @ http://localhost:3000/_next/static/chunks/0-ynv9eqilv7x.js:0
[   12191ms] [LOG] Player X: 17.04 Y: 1.29 Z: -12.79 @ http://localhost:3000/_next/static/chunks/0-ynv9eqilv7x.js:0
[   12195ms] [LOG] Player X: 17.05 Y: 1.34 Z: -12.70 @ http://localhost:3000/_next/static/chunks/0-ynv9eqilv7x.js:0
[   12198ms] [LOG] Player X: 17.05 Y: 1.39 Z: -12.61 @ http://localhost:3000/_next/static/chunks/0-ynv9eqilv7x.js:0
[   12201ms] [LOG] Player X: 17.05 Y: 1.43 Z: -12.52 @ http://localhost:3000/_next/static/chunks/0-ynv9eqilv7x.js:0
[   12205ms] [LOG] Player X: 17.05 Y: 1.48 Z: -12.43 @ http://localhost:3000/_next/static/chunks/0-ynv9eqilv7x.js:0
[   12208ms] [LOG] Player X: 17.04 Y: 1.52 Z: -12.34 @ http://localhost:3000/_next/static/chunks/0-ynv9eqilv7x.js:0
[   12211ms] [LOG] Player X: 17.04 Y: 1.57 Z: -12.26 @ http://localhost:3000/_next/static/chunks/0-ynv9eqilv7x.js:0
[   12214ms] [LOG] Player X: 17.03 Y: 1.62 Z: -12.17 @ http://localhost:3000/_next/static/chunks/0-ynv9eqilv7x.js:0
[   12218ms] [LOG] Player X: 17.01 Y: 1.66 Z: -12.08 @ http://localhost:3000/_next/static/chunks/0-ynv9eqilv7x.js:0
[   12222ms] [LOG] Player X: 17.00 Y: 1.71 Z: -11.99 @ http://localhost:3000/_next/static/chunks/0-ynv9eqilv7x.js:0
[   12225ms] [LOG] Player X: 16.99 Y: 1.75 Z: -11.90 @ http://localhost:3000/_next/static/chunks/0-ynv9eqilv7x.js:0
[   12228ms] [LOG] Player X: 16.97 Y: 1.80 Z: -11.82 @ http://localhost:3000/_next/static/chunks/0-ynv9eqilv7x.js:0
[   12231ms] [LOG] Player X: 16.95 Y: 1.84 Z: -11.73 @ http://localhost:3000/_next/static/chunks/0-ynv9eqilv7x.js:0
[   12235ms] [LOG] Player X: 16.93 Y: 1.89 Z: -11.64 @ http://localhost:3000/_next/static/chunks/0-ynv9eqilv7x.js:0
[   12238ms] [LOG] Player X: 16.90 Y: 1.94 Z: -11.56 @ http://localhost:3000/_next/static/chunks/0-ynv9eqilv7x.js:0
[   12241ms] [LOG] Player X: 16.88 Y: 1.98 Z: -11.47 @ http://localhost:3000/_next/static/chunks/0-ynv9eqilv7x.js:0
[   12245ms] [LOG] Player X: 16.85 Y: 2.03 Z: -11.39 @ http://localhost:3000/_next/static/chunks/0-ynv9eqilv7x.js:0
[   12248ms] [LOG] Player X: 16.83 Y: 2.07 Z: -11.30 @ http://localhost:3000/_next/static/chunks/0-ynv9eqilv7x.js:0
[   12251ms] [LOG] Player X: 16.80 Y: 2.12 Z: -11.22 @ http://localhost:3000/_next/static/chunks/0-ynv9eqilv7x.js:0
[   12255ms] [LOG] Player X: 16.77 Y: 2.16 Z: -11.13 @ http://localhost:3000/_next/static/chunks/0-ynv9eqilv7x.js:0
[   12258ms] [LOG] Player X: 16.73 Y: 2.21 Z: -11.05 @ http://localhost:3000/_next/static/chunks/0-ynv9eqilv7x.js:0
[   12261ms] [LOG] Player X: 16.70 Y: 2.25 Z: -10.97 @ http://localhost:3000/_next/static/chunks/0-ynv9eqilv7x.js:0
[   12265ms] [LOG] Player X: 16.67 Y: 2.30 Z: -10.89 @ http://localhost:3000/_next/static/chunks/0-ynv9eqilv7x.js:0
[   12268ms] [LOG] Player X: 16.63 Y: 2.34 Z: -10.80 @ http://localhost:3000/_next/static/chunks/0-ynv9eqilv7x.js:0
[   12271ms] [LOG] Player X: 16.60 Y: 2.39 Z: -10.72 @ http://localhost:3000/_next/static/chunks/0-ynv9eqilv7x.js:0
[   12275ms] [LOG] Player X: 16.56 Y: 2.43 Z: -10.64 @ http://localhost:3000/_next/static/chunks/0-ynv9eqilv7x.js:0
[   12278ms] [LOG] Player X: 16.52 Y: 2.48 Z: -10.56 @ http://localhost:3000/_next/static/chunks/0-ynv9eqilv7x.js:0
[   12281ms] [LOG] Player X: 16.48 Y: 2.52 Z: -10.48 @ http://localhost:3000/_next/static/chunks/0-ynv9eqilv7x.js:0
[   12285ms] [LOG] Player X: 16.44 Y: 2.57 Z: -10.40 @ http://localhost:3000/_next/static/chunks/0-ynv9eqilv7x.js:0
[   12288ms] [LOG] Player X: 16.40 Y: 2.61 Z: -10.32 @ http://localhost:3000/_next/static/chunks/0-ynv9eqilv7x.js:0
[   12291ms] [LOG] Player X: 16.36 Y: 2.66 Z: -10.24 @ http://localhost:3000/_next/static/chunks/0-ynv9eqilv7x.js:0
[   12294ms] [LOG] Player X: 16.32 Y: 2.70 Z: -10.16 @ http://localhost:3000/_next/static/chunks/0-ynv9eqilv7x.js:0
[   12298ms] [LOG] Player X: 16.28 Y: 2.75 Z: -10.08 @ http://localhost:3000/_next/static/chunks/0-ynv9eqilv7x.js:0
[   12301ms] [LOG] Player X: 16.24 Y: 2.79 Z: -10.00 @ http://localhost:3000/_next/static/chunks/0-ynv9eqilv7x.js:0
[   12304ms] [LOG] Player X: 16.24 Y: 2.79 Z: -10.00 @ http://localhost:3000/_next/static/chunks/0-ynv9eqilv7x.js:0
[   12308ms] [LOG] Player X: 16.24 Y: 2.79 Z: -10.00 @ http://localhost:3000/_next/static/chunks/0-ynv9eqilv7x.js:0
[   12311ms] [LOG] Player X: 16.24 Y: 2.79 Z: -10.00 @ http://localhost:3000/_next/static/chunks/0-ynv9eqilv7x.js:0
[   12314ms] [LOG] Player X: 16.24 Y: 2.79 Z: -10.00 @ http://localhost:3000/_next/static/chunks/0-ynv9eqilv7x.js:0
[   12318ms] [LOG] Player X: 16.24 Y: 2.79 Z: -10.00 @ http://localhost:3000/_next/static/chunks/0-ynv9eqilv7x.js:0
[   12321ms] [LOG] Player X: 16.24 Y: 2.79 Z: -10.00 @ http://localhost:3000/_next/static/chunks/0-ynv9eqilv7x.js:0
[   12324ms] [LOG] Player X: 16.24 Y: 2.79 Z: -10.00 @ http://localhost:3000/_next/static/chunks/0-ynv9eqilv7x.js:0
[   12328ms] [LOG] Player X: 16.24 Y: 2.79 Z: -10.00 @ http://localhost:3000/_next/static/chunks/0-ynv9eqilv7x.js:0
[   12331ms] [LOG] Player X: 16.24 Y: 2.79 Z: -10.00 @ http://localhost:3000/_next/static/chunks/0-ynv9eqilv7x.js:0
[   12334ms] [LOG] Player X: 16.24 Y: 2.79 Z: -10.00 @ http://localhost:3000/_next/static/chunks/0-ynv9eqilv7x.js:0
[   12338ms] [LOG] Player X: 16.24 Y: 2.79 Z: -10.00 @ http://localhost:3000/_next/static/chunks/0-ynv9eqilv7x.js:0
[   12341ms] [LOG] Player X: 16.24 Y: 2.79 Z: -10.00 @ http://localhost:3000/_next/static/chunks/0-ynv9eqilv7x.js:0
[   12344ms] [LOG] Player X: 16.24 Y: 2.79 Z: -10.00 @ http://localhost:3000/_next/static/chunks/0-ynv9eqilv7x.js:0
[   12348ms] [LOG] Player X: 16.24 Y: 2.79 Z: -10.00 @ http://localhost:3000/_next/static/chunks/0-ynv9eqilv7x.js:0
[   12351ms] [LOG] Player X: 16.24 Y: 2.79 Z: -10.00 @ http://localhost:3000/_next/static/chunks/0-ynv9eqilv7x.js:0
[   12354ms] [LOG] Player X: 16.24 Y: 2.79 Z: -10.00 @ http://localhost:3000/_next/static/chunks/0-ynv9eqilv7x.js:0
[   12358ms] [LOG] Player X: 16.24 Y: 2.79 Z: -10.00 @ http://localhost:3000/_next/static/chunks/0-ynv9eqilv7x.js:0
[   12361ms] [LOG] Player X: 16.24 Y: 2.79 Z: -10.00 @ http://localhost:3000/_next/static/chunks/0-ynv9eqilv7x.js:0
[   12364ms] [LOG] Player X: 16.24 Y: 2.79 Z: -10.00 @ http://localhost:3000/_next/static/chunks/0-ynv9eqilv7x.js:0
[   12368ms] [LOG] Player X: 16.24 Y: 2.79 Z: -10.00 @ http://localhost:3000/_next/static/chunks/0-ynv9eqilv7x.js:0
[   12371ms] [LOG] Player X: 16.24 Y: 2.79 Z: -10.00 @ http://localhost:3000/_next/static/chunks/0-ynv9eqilv7x.js:0
[   12374ms] [LOG] Player X: 16.24 Y: 2.79 Z: -10.00 @ http://localhost:3000/_next/static/chunks/0-ynv9eqilv7x.js:0
[   12378ms] [LOG] Player X: 16.24 Y: 2.79 Z: -10.00 @ http://localhost:3000/_next/static/chunks/0-ynv9eqilv7x.js:0
[   12381ms] [LOG] Player X: 16.24 Y: 2.79 Z: -10.00 @ http://localhost:3000/_next/static/chunks/0-ynv9eqilv7x.js:0
[   12384ms] [LOG] Player X: 16.24 Y: 2.79 Z: -10.00 @ http://localhost:3000/_next/static/chunks/0-ynv9eqilv7x.js:0
[   12388ms] [LOG] Player X: 16.24 Y: 2.79 Z: -10.00 @ http://localhost:3000/_next/static/chunks/0-ynv9eqilv7x.js:0
[   12391ms] [LOG] Player X: 16.24 Y: 2.79 Z: -10.00 @ http://localhost:3000/_next/static/chunks/0-ynv9eqilv7x.js:0
[   12394ms] [LOG] Player X: 16.24 Y: 2.79 Z: -10.00 @ http://localhost:3000/_next/static/chunks/0-ynv9eqilv7x.js:0
[   12398ms] [LOG] Player X: 16.24 Y: 2.79 Z: -10.00 @ http://localhost:3000/_next/static/chunks/0-ynv9eqilv7x.js:0
[   12401ms] [LOG] Player X: 16.24 Y: 2.79 Z: -10.00 @ http://localhost:3000/_next/static/chunks/0-ynv9eqilv7x.js:0
[   12404ms] [LOG] Player X: 16.24 Y: 2.79 Z: -10.00 @ http://localhost:3000/_next/static/chunks/0-ynv9eqilv7x.js:0
[   12408ms] [LOG] Player X: 16.24 Y: 2.79 Z: -10.00 @ http://localhost:3000/_next/static/chunks/0-ynv9eqilv7x.js:0
[   12411ms] [LOG] Player X: 16.24 Y: 2.79 Z: -10.00 @ http://localhost:3000/_next/static/chunks/0-ynv9eqilv7x.js:0
[   12414ms] [LOG] Player X: 16.24 Y: 2.79 Z: -10.00 @ http://localhost:3000/_next/static/chunks/0-ynv9eqilv7x.js:0
[   12418ms] [LOG] Player X: 16.24 Y: 2.79 Z: -10.00 @ http://localhost:3000/_next/static/chunks/0-ynv9eqilv7x.js:0
[   12421ms] [LOG] Player X: 16.24 Y: 2.79 Z: -10.00 @ http://localhost:3000/_next/static/chunks/0-ynv9eqilv7x.js:0
[   12424ms] [LOG] Player X: 16.24 Y: 2.79 Z: -10.00 @ http://localhost:3000/_next/static/chunks/0-ynv9eqilv7x.js:0
[   12428ms] [LOG] Player X: 16.24 Y: 2.79 Z: -10.00 @ http://localhost:3000/_next/static/chunks/0-ynv9eqilv7x.js:0
[   12431ms] [LOG] Player X: 16.24 Y: 2.79 Z: -10.00 @ http://localhost:3000/_next/static/chunks/0-ynv9eqilv7x.js:0
[   12434ms] [LOG] Player X: 16.24 Y: 2.79 Z: -10.00 @ http://localhost:3000/_next/static/chunks/0-ynv9eqilv7x.js:0
[   12438ms] [LOG] Player X: 16.24 Y: 2.79 Z: -10.00 @ http://localhost:3000/_next/static/chunks/0-ynv9eqilv7x.js:0
[   12441ms] [LOG] Player X: 16.24 Y: 2.79 Z: -10.00 @ http://localhost:3000/_next/static/chunks/0-ynv9eqilv7x.js:0
[   12444ms] [LOG] Player X: 16.24 Y: 2.79 Z: -10.00 @ http://localhost:3000/_next/static/chunks/0-ynv9eqilv7x.js:0
[   12448ms] [LOG] Player X: 16.24 Y: 2.79 Z: -10.00 @ http://localhost:3000/_next/static/chunks/0-ynv9eqilv7x.js:0
[   12451ms] [LOG] Player X: 16.24 Y: 2.79 Z: -10.00 @ http://localhost:3000/_next/static/chunks/0-ynv9eqilv7x.js:0
[   12454ms] [LOG] Player X: 16.24 Y: 2.79 Z: -10.00 @ http://localhost:3000/_next/static/chunks/0-ynv9eqilv7x.js:0
[   12458ms] [LOG] Player X: 16.24 Y: 2.79 Z: -10.00 @ http://localhost:3000/_next/static/chunks/0-ynv9eqilv7x.js:0
[   12461ms] [LOG] Player X: 16.24 Y: 2.79 Z: -10.00 @ http://localhost:3000/_next/static/chunks/0-ynv9eqilv7x.js:0
[   12464ms] [LOG] Player X: 16.24 Y: 2.79 Z: -10.00 @ http://localhost:3000/_next/static/chunks/0-ynv9eqilv7x.js:0
[   12468ms] [LOG] Player X: 16.24 Y: 2.79 Z: -10.00 @ http://localhost:3000/_next/static/chunks/0-ynv9eqilv7x.js:0
[   12471ms] [LOG] Player X: 16.24 Y: 2.79 Z: -10.00 @ http://localhost:3000/_next/static/chunks/0-ynv9eqilv7x.js:0
[   12474ms] [LOG] Player X: 16.22 Y: 2.75 Z: -10.08 @ http://localhost:3000/_next/static/chunks/0-ynv9eqilv7x.js:0
[   12478ms] [LOG] Player X: 16.20 Y: 2.70 Z: -10.17 @ http://localhost:3000/_next/static/chunks/0-ynv9eqilv7x.js:0
[   12481ms] [LOG] Player X: 16.17 Y: 2.66 Z: -10.26 @ http://localhost:3000/_next/static/chunks/0-ynv9eqilv7x.js:0
[   12484ms] [LOG] Player X: 16.15 Y: 2.61 Z: -10.34 @ http://localhost:3000/_next/static/chunks/0-ynv9eqilv7x.js:0
[   12488ms] [LOG] Player X: 16.13 Y: 2.57 Z: -10.43 @ http://localhost:3000/_next/static/chunks/0-ynv9eqilv7x.js:0
[   12491ms] [LOG] Player X: 16.11 Y: 2.52 Z: -10.52 @ http://localhost:3000/_next/static/chunks/0-ynv9eqilv7x.js:0
[   12494ms] [LOG] Player X: 16.08 Y: 2.48 Z: -10.60 @ http://localhost:3000/_next/static/chunks/0-ynv9eqilv7x.js:0
[   12498ms] [LOG] Player X: 16.06 Y: 2.43 Z: -10.69 @ http://localhost:3000/_next/static/chunks/0-ynv9eqilv7x.js:0
[   12501ms] [LOG] Player X: 16.04 Y: 2.39 Z: -10.78 @ http://localhost:3000/_next/static/chunks/0-ynv9eqilv7x.js:0
[   12504ms] [LOG] Player X: 16.02 Y: 2.35 Z: -10.86 @ http://localhost:3000/_next/static/chunks/0-ynv9eqilv7x.js:0
[   12508ms] [LOG] Player X: 15.99 Y: 2.30 Z: -10.95 @ http://localhost:3000/_next/static/chunks/0-ynv9eqilv7x.js:0
[   12511ms] [LOG] Player X: 15.97 Y: 2.26 Z: -11.04 @ http://localhost:3000/_next/static/chunks/0-ynv9eqilv7x.js:0
[   12514ms] [LOG] Player X: 15.95 Y: 2.21 Z: -11.12 @ http://localhost:3000/_next/static/chunks/0-ynv9eqilv7x.js:0
[   12518ms] [LOG] Player X: 15.92 Y: 2.17 Z: -11.21 @ http://localhost:3000/_next/static/chunks/0-ynv9eqilv7x.js:0
[   12521ms] [LOG] Player X: 15.90 Y: 2.12 Z: -11.30 @ http://localhost:3000/_next/static/chunks/0-ynv9eqilv7x.js:0
[   12524ms] [LOG] Player X: 15.88 Y: 2.08 Z: -11.38 @ http://localhost:3000/_next/static/chunks/0-ynv9eqilv7x.js:0
[   12528ms] [LOG] Player X: 15.86 Y: 2.03 Z: -11.47 @ http://localhost:3000/_next/static/chunks/0-ynv9eqilv7x.js:0
[   12531ms] [LOG] Player X: 15.83 Y: 1.99 Z: -11.56 @ http://localhost:3000/_next/static/chunks/0-ynv9eqilv7x.js:0
[   12534ms] [LOG] Player X: 15.81 Y: 1.94 Z: -11.64 @ http://localhost:3000/_next/static/chunks/0-ynv9eqilv7x.js:0
[   12538ms] [LOG] Player X: 15.79 Y: 1.90 Z: -11.73 @ http://localhost:3000/_next/static/chunks/0-ynv9eqilv7x.js:0
[   12541ms] [LOG] Player X: 15.77 Y: 1.86 Z: -11.82 @ http://localhost:3000/_next/static/chunks/0-ynv9eqilv7x.js:0
[   12545ms] [LOG] Player X: 15.74 Y: 1.81 Z: -11.90 @ http://localhost:3000/_next/static/chunks/0-ynv9eqilv7x.js:0
[   12548ms] [LOG] Player X: 15.72 Y: 1.77 Z: -11.99 @ http://localhost:3000/_next/static/chunks/0-ynv9eqilv7x.js:0
[   12551ms] [LOG] Player X: 15.70 Y: 1.72 Z: -12.08 @ http://localhost:3000/_next/static/chunks/0-ynv9eqilv7x.js:0
[   12554ms] [LOG] Player X: 15.68 Y: 1.68 Z: -12.16 @ http://localhost:3000/_next/static/chunks/0-ynv9eqilv7x.js:0
[   12558ms] [LOG] Player X: 15.65 Y: 1.63 Z: -12.25 @ http://localhost:3000/_next/static/chunks/0-ynv9eqilv7x.js:0
[   12561ms] [LOG] Player X: 15.63 Y: 1.59 Z: -12.34 @ http://localhost:3000/_next/static/chunks/0-ynv9eqilv7x.js:0
[   12564ms] [LOG] Player X: 15.61 Y: 1.54 Z: -12.42 @ http://localhost:3000/_next/static/chunks/0-ynv9eqilv7x.js:0
[   12568ms] [LOG] Player X: 15.59 Y: 1.50 Z: -12.51 @ http://localhost:3000/_next/static/chunks/0-ynv9eqilv7x.js:0
[   12571ms] [LOG] Player X: 15.56 Y: 1.46 Z: -12.60 @ http://localhost:3000/_next/static/chunks/0-ynv9eqilv7x.js:0
[   12574ms] [LOG] Player X: 15.54 Y: 1.41 Z: -12.68 @ http://localhost:3000/_next/static/chunks/0-ynv9eqilv7x.js:0
[   12578ms] [LOG] Player X: 15.52 Y: 1.37 Z: -12.77 @ http://localhost:3000/_next/static/chunks/0-ynv9eqilv7x.js:0
[   12581ms] [LOG] Player X: 15.49 Y: 1.32 Z: -12.86 @ http://localhost:3000/_next/static/chunks/0-ynv9eqilv7x.js:0
[   12584ms] [LOG] Player X: 15.47 Y: 1.28 Z: -12.94 @ http://localhost:3000/_next/static/chunks/0-ynv9eqilv7x.js:0
[   12588ms] [LOG] Player X: 15.45 Y: 1.23 Z: -13.03 @ http://localhost:3000/_next/static/chunks/0-ynv9eqilv7x.js:0
[   12591ms] [LOG] Player X: 15.43 Y: 1.19 Z: -13.12 @ http://localhost:3000/_next/static/chunks/0-ynv9eqilv7x.js:0
[   12594ms] [LOG] Player X: 15.40 Y: 1.14 Z: -13.20 @ http://localhost:3000/_next/static/chunks/0-ynv9eqilv7x.js:0
[   12598ms] [LOG] Player X: 15.38 Y: 1.10 Z: -13.29 @ http://localhost:3000/_next/static/chunks/0-ynv9eqilv7x.js:0
[   12601ms] [LOG] Player X: 15.36 Y: 1.05 Z: -13.38 @ http://localhost:3000/_next/static/chunks/0-ynv9eqilv7x.js:0
[   12604ms] [LOG] Player X: 15.34 Y: 1.01 Z: -13.46 @ http://localhost:3000/_next/static/chunks/0-ynv9eqilv7x.js:0
[   12608ms] [LOG] Player X: 15.31 Y: 0.97 Z: -13.55 @ http://localhost:3000/_next/static/chunks/0-ynv9eqilv7x.js:0
[   12611ms] [LOG] Player X: 15.29 Y: 0.92 Z: -13.64 @ http://localhost:3000/_next/static/chunks/0-ynv9eqilv7x.js:0
[   12614ms] [LOG] Player X: 15.27 Y: 0.88 Z: -13.72 @ http://localhost:3000/_next/static/chunks/0-ynv9eqilv7x.js:0
[   12618ms] [LOG] Player X: 15.25 Y: 0.83 Z: -13.81 @ http://localhost:3000/_next/static/chunks/0-ynv9eqilv7x.js:0
[   12621ms] [LOG] Player X: 15.22 Y: 0.79 Z: -13.90 @ http://localhost:3000/_next/static/chunks/0-ynv9eqilv7x.js:0
[   12625ms] [LOG] Player X: 15.20 Y: 0.74 Z: -13.98 @ http://localhost:3000/_next/static/chunks/0-ynv9eqilv7x.js:0
[   12628ms] [LOG] Player X: 15.18 Y: 0.70 Z: -14.07 @ http://localhost:3000/_next/static/chunks/0-ynv9eqilv7x.js:0
[   12631ms] [LOG] Player X: 15.16 Y: 0.66 Z: -14.16 @ http://localhost:3000/_next/static/chunks/0-ynv9eqilv7x.js:0
[   12635ms] [LOG] Player X: 15.14 Y: 0.61 Z: -14.25 @ http://localhost:3000/_next/static/chunks/0-ynv9eqilv7x.js:0
[   12638ms] [LOG] Player X: 15.11 Y: 0.57 Z: -14.33 @ http://localhost:3000/_next/static/chunks/0-ynv9eqilv7x.js:0
[   12641ms] [LOG] Player X: 15.09 Y: 0.52 Z: -14.42 @ http://localhost:3000/_next/static/chunks/0-ynv9eqilv7x.js:0
[   12645ms] [LOG] Player X: 15.07 Y: 0.48 Z: -14.51 @ http://localhost:3000/_next/static/chunks/0-ynv9eqilv7x.js:0
[   12648ms] [LOG] Player X: 15.05 Y: 0.44 Z: -14.60 @ http://localhost:3000/_next/static/chunks/0-ynv9eqilv7x.js:0
[   12651ms] [LOG] Player X: 15.03 Y: 0.40 Z: -14.68 @ http://localhost:3000/_next/static/chunks/0-ynv9eqilv7x.js:0
[   12655ms] [LOG] Player X: 15.01 Y: 0.35 Z: -14.77 @ http://localhost:3000/_next/static/chunks/0-ynv9eqilv7x.js:0
[   12658ms] [LOG] Player X: 14.99 Y: 0.31 Z: -14.86 @ http://localhost:3000/_next/static/chunks/0-ynv9eqilv7x.js:0
[   12661ms] [LOG] Player X: 14.97 Y: 0.27 Z: -14.95 @ http://localhost:3000/_next/static/chunks/0-ynv9eqilv7x.js:0
[   12665ms] [LOG] Player X: 14.95 Y: 0.22 Z: -15.04 @ http://localhost:3000/_next/static/chunks/0-ynv9eqilv7x.js:0
[   12668ms] [LOG] Player X: 14.93 Y: 0.18 Z: -15.12 @ http://localhost:3000/_next/static/chunks/0-ynv9eqilv7x.js:0
[   12671ms] [LOG] Player X: 14.91 Y: 0.14 Z: -15.21 @ http://localhost:3000/_next/static/chunks/0-ynv9eqilv7x.js:0
[   12675ms] [LOG] Player X: 14.89 Y: 0.10 Z: -15.30 @ http://localhost:3000/_next/static/chunks/0-ynv9eqilv7x.js:0
[   12678ms] [LOG] Player X: 14.87 Y: 0.06 Z: -15.39 @ http://localhost:3000/_next/static/chunks/0-ynv9eqilv7x.js:0
[   12681ms] [LOG] Player X: 14.85 Y: 0.01 Z: -15.48 @ http://localhost:3000/_next/static/chunks/0-ynv9eqilv7x.js:0
[   12685ms] [LOG] Player X: 14.83 Y: -0.03 Z: -15.57 @ http://localhost:3000/_next/static/chunks/0-ynv9eqilv7x.js:0
[   12688ms] [LOG] Player X: 14.81 Y: -0.07 Z: -15.66 @ http://localhost:3000/_next/static/chunks/0-ynv9eqilv7x.js:0
[   12691ms] [LOG] Player X: 14.79 Y: -0.11 Z: -15.74 @ http://localhost:3000/_next/static/chunks/0-ynv9eqilv7x.js:0
[   12695ms] [LOG] Player X: 14.77 Y: -0.15 Z: -15.83 @ http://localhost:3000/_next/static/chunks/0-ynv9eqilv7x.js:0
[   12698ms] [LOG] Player X: 14.75 Y: -0.19 Z: -15.92 @ http://localhost:3000/_next/static/chunks/0-ynv9eqilv7x.js:0
[   12701ms] [LOG] Player X: 14.73 Y: -0.23 Z: -16.01 @ http://localhost:3000/_next/static/chunks/0-ynv9eqilv7x.js:0
[   12705ms] [LOG] Player X: 14.71 Y: -0.27 Z: -16.10 @ http://localhost:3000/_next/static/chunks/0-ynv9eqilv7x.js:0
[   12708ms] [LOG] Player X: 14.69 Y: -0.32 Z: -16.19 @ http://localhost:3000/_next/static/chunks/0-ynv9eqilv7x.js:0
[   12711ms] [LOG] Player X: 14.67 Y: -0.36 Z: -16.28 @ http://localhost:3000/_next/static/chunks/0-ynv9eqilv7x.js:0
[   12715ms] [LOG] Player X: 14.65 Y: -0.40 Z: -16.37 @ http://localhost:3000/_next/static/chunks/0-ynv9eqilv7x.js:0
[   12718ms] [LOG] Player X: 14.63 Y: -0.44 Z: -16.46 @ http://localhost:3000/_next/static/chunks/0-ynv9eqilv7x.js:0
[   12721ms] [LOG] Player X: 14.61 Y: -0.48 Z: -16.55 @ http://localhost:3000/_next/static/chunks/0-ynv9eqilv7x.js:0
[   12725ms] [LOG] Player X: 14.59 Y: -0.52 Z: -16.64 @ http://localhost:3000/_next/static/chunks/0-ynv9eqilv7x.js:0
[   12728ms] [LOG] Player X: 14.57 Y: -0.56 Z: -16.73 @ http://localhost:3000/_next/static/chunks/0-ynv9eqilv7x.js:0
[   12731ms] [LOG] Player X: 14.55 Y: -0.60 Z: -16.82 @ http://localhost:3000/_next/static/chunks/0-ynv9eqilv7x.js:0
[   12734ms] [LOG] Player X: 14.53 Y: -0.64 Z: -16.91 @ http://localhost:3000/_next/static/chunks/0-ynv9eqilv7x.js:0
[   12738ms] [LOG] Player X: 14.51 Y: -0.68 Z: -17.00 @ http://localhost:3000/_next/static/chunks/0-ynv9eqilv7x.js:0
[   12741ms] [LOG] Player X: 14.49 Y: -0.72 Z: -17.09 @ http://localhost:3000/_next/static/chunks/0-ynv9eqilv7x.js:0
[   12744ms] [LOG] Player X: 14.47 Y: -0.76 Z: -17.17 @ http://localhost:3000/_next/static/chunks/0-ynv9eqilv7x.js:0
[   12748ms] [LOG] Player X: 14.45 Y: -0.80 Z: -17.26 @ http://localhost:3000/_next/static/chunks/0-ynv9eqilv7x.js:0
[   12751ms] [LOG] Player X: 14.44 Y: -0.84 Z: -17.35 @ http://localhost:3000/_next/static/chunks/0-ynv9eqilv7x.js:0
[   12754ms] [LOG] Player X: 14.42 Y: -0.87 Z: -17.44 @ http://localhost:3000/_next/static/chunks/0-ynv9eqilv7x.js:0
[   12758ms] [LOG] Player X: 14.40 Y: -0.91 Z: -17.53 @ http://localhost:3000/_next/static/chunks/0-ynv9eqilv7x.js:0
[   12761ms] [LOG] Player X: 14.38 Y: -0.95 Z: -17.62 @ http://localhost:3000/_next/static/chunks/0-ynv9eqilv7x.js:0
[   12764ms] [LOG] Player X: 14.36 Y: -0.99 Z: -17.71 @ http://localhost:3000/_next/static/chunks/0-ynv9eqilv7x.js:0
[   12768ms] [LOG] Player X: 14.34 Y: -1.03 Z: -17.80 @ http://localhost:3000/_next/static/chunks/0-ynv9eqilv7x.js:0
[   12771ms] [LOG] Player X: 14.32 Y: -1.07 Z: -17.89 @ http://localhost:3000/_next/static/chunks/0-ynv9eqilv7x.js:0
[   12774ms] [LOG] Player X: 14.30 Y: -1.11 Z: -17.98 @ http://localhost:3000/_next/static/chunks/0-ynv9eqilv7x.js:0
[   12778ms] [LOG] Player X: 14.28 Y: -1.15 Z: -18.07 @ http://localhost:3000/_next/static/chunks/0-ynv9eqilv7x.js:0
[   12781ms] [LOG] Player X: 14.26 Y: -1.19 Z: -18.16 @ http://localhost:3000/_next/static/chunks/0-ynv9eqilv7x.js:0
[   12784ms] [LOG] Player X: 14.24 Y: -1.23 Z: -18.25 @ http://localhost:3000/_next/static/chunks/0-ynv9eqilv7x.js:0
[   12788ms] [LOG] Player X: 14.23 Y: -1.27 Z: -18.34 @ http://localhost:3000/_next/static/chunks/0-ynv9eqilv7x.js:0
[   12791ms] [LOG] Player X: 14.21 Y: -1.31 Z: -18.43 @ http://localhost:3000/_next/static/chunks/0-ynv9eqilv7x.js:0
[   12794ms] [LOG] Player X: 14.19 Y: -1.35 Z: -18.52 @ http://localhost:3000/_next/static/chunks/0-ynv9eqilv7x.js:0
[   12798ms] [LOG] Player X: 14.17 Y: -1.39 Z: -18.61 @ http://localhost:3000/_next/static/chunks/0-ynv9eqilv7x.js:0
[   12801ms] [LOG] Player X: 14.15 Y: -1.43 Z: -18.70 @ http://localhost:3000/_next/static/chunks/0-ynv9eqilv7x.js:0
[   12804ms] [LOG] Player X: 14.13 Y: -1.47 Z: -18.79 @ http://localhost:3000/_next/static/chunks/0-ynv9eqilv7x.js:0
[   12808ms] [LOG] Player X: 14.11 Y: -1.51 Z: -18.88 @ http://localhost:3000/_next/static/chunks/0-ynv9eqilv7x.js:0
[   12811ms] [LOG] Player X: 14.09 Y: -1.55 Z: -18.97 @ http://localhost:3000/_next/static/chunks/0-ynv9eqilv7x.js:0
[   12814ms] [LOG] Player X: 14.07 Y: -1.59 Z: -19.06 @ http://localhost:3000/_next/static/chunks/0-ynv9eqilv7x.js:0
[   12818ms] [LOG] Player X: 14.05 Y: -1.63 Z: -19.15 @ http://localhost:3000/_next/static/chunks/0-ynv9eqilv7x.js:0
[   12821ms] [LOG] Player X: 14.03 Y: -1.67 Z: -19.24 @ http://localhost:3000/_next/static/chunks/0-ynv9eqilv7x.js:0
[   12824ms] [LOG] Player X: 14.02 Y: -1.71 Z: -19.33 @ http://localhost:3000/_next/static/chunks/0-ynv9eqilv7x.js:0
[   12828ms] [LOG] Player X: 14.00 Y: -1.75 Z: -19.42 @ http://localhost:3000/_next/static/chunks/0-ynv9eqilv7x.js:0
[   12831ms] [LOG] Player X: 13.98 Y: -1.79 Z: -19.51 @ http://localhost:3000/_next/static/chunks/0-ynv9eqilv7x.js:0
[   12834ms] [LOG] Player X: 13.96 Y: -1.83 Z: -19.60 @ http://localhost:3000/_next/static/chunks/0-ynv9eqilv7x.js:0
[   12838ms] [LOG] Player X: 13.94 Y: -1.87 Z: -19.69 @ http://localhost:3000/_next/static/chunks/0-ynv9eqilv7x.js:0
[   12841ms] [LOG] Player X: 13.92 Y: -1.91 Z: -19.78 @ http://localhost:3000/_next/static/chunks/0-ynv9eqilv7x.js:0
[   12844ms] [LOG] Player X: 13.90 Y: -1.95 Z: -19.87 @ http://localhost:3000/_next/static/chunks/0-ynv9eqilv7x.js:0
[   12848ms] [LOG] Player X: 13.88 Y: -1.99 Z: -19.96 @ http://localhost:3000/_next/static/chunks/0-ynv9eqilv7x.js:0
[   12851ms] [LOG] Player X: 13.86 Y: -2.03 Z: -20.05 @ http://localhost:3000/_next/static/chunks/0-ynv9eqilv7x.js:0
[   12854ms] [LOG] Player X: 13.84 Y: -2.07 Z: -20.14 @ http://localhost:3000/_next/static/chunks/0-ynv9eqilv7x.js:0
[   12858ms] [LOG] Player X: 13.82 Y: -2.11 Z: -20.23 @ http://localhost:3000/_next/static/chunks/0-ynv9eqilv7x.js:0
[   12861ms] [LOG] Player X: 13.81 Y: -2.15 Z: -20.32 @ http://localhost:3000/_next/static/chunks/0-ynv9eqilv7x.js:0
[   12864ms] [LOG] Player X: 13.79 Y: -2.19 Z: -20.41 @ http://localhost:3000/_next/static/chunks/0-ynv9eqilv7x.js:0
[   12868ms] [LOG] Player X: 13.77 Y: -2.23 Z: -20.50 @ http://localhost:3000/_next/static/chunks/0-ynv9eqilv7x.js:0
[   12871ms] [LOG] Player X: 13.75 Y: -2.27 Z: -20.58 @ http://localhost:3000/_next/static/chunks/0-ynv9eqilv7x.js:0
[   12874ms] [LOG] Player X: 13.73 Y: -2.31 Z: -20.67 @ http://localhost:3000/_next/static/chunks/0-ynv9eqilv7x.js:0
[   12878ms] [LOG] Player X: 13.71 Y: -2.35 Z: -20.76 @ http://localhost:3000/_next/static/chunks/0-ynv9eqilv7x.js:0
[   12881ms] [LOG] Player X: 13.69 Y: -2.39 Z: -20.85 @ http://localhost:3000/_next/static/chunks/0-ynv9eqilv7x.js:0
[   12884ms] [LOG] Player X: 13.67 Y: -2.43 Z: -20.94 @ http://localhost:3000/_next/static/chunks/0-ynv9eqilv7x.js:0
[   12888ms] [LOG] Player X: 13.65 Y: -2.47 Z: -21.03 @ http://localhost:3000/_next/static/chunks/0-ynv9eqilv7x.js:0
[   12891ms] [LOG] Player X: 13.63 Y: -2.51 Z: -21.12 @ http://localhost:3000/_next/static/chunks/0-ynv9eqilv7x.js:0
[   12894ms] [LOG] Player X: 13.61 Y: -2.55 Z: -21.21 @ http://localhost:3000/_next/static/chunks/0-ynv9eqilv7x.js:0
[   12898ms] [LOG] Player X: 13.60 Y: -2.59 Z: -21.30 @ http://localhost:3000/_next/static/chunks/0-ynv9eqilv7x.js:0
[   12901ms] [LOG] Player X: 13.58 Y: -2.63 Z: -21.39 @ http://localhost:3000/_next/static/chunks/0-ynv9eqilv7x.js:0
[   12904ms] [LOG] Player X: 13.56 Y: -2.67 Z: -21.48 @ http://localhost:3000/_next/static/chunks/0-ynv9eqilv7x.js:0
[   12908ms] [LOG] Player X: 13.54 Y: -2.71 Z: -21.57 @ http://localhost:3000/_next/static/chunks/0-ynv9eqilv7x.js:0
[   12911ms] [LOG] Player X: 13.52 Y: -2.74 Z: -21.66 @ http://localhost:3000/_next/static/chunks/0-ynv9eqilv7x.js:0
[   12914ms] [LOG] Player X: 13.50 Y: -2.78 Z: -21.75 @ http://localhost:3000/_next/static/chunks/0-ynv9eqilv7x.js:0
[   12918ms] [LOG] Player X: 13.48 Y: -2.82 Z: -21.84 @ http://localhost:3000/_next/static/chunks/0-ynv9eqilv7x.js:0
[   12921ms] [LOG] Player X: 13.46 Y: -2.86 Z: -21.93 @ http://localhost:3000/_next/static/chunks/0-ynv9eqilv7x.js:0
[   12924ms] [LOG] Player X: 13.44 Y: -2.90 Z: -22.02 @ http://localhost:3000/_next/static/chunks/0-ynv9eqilv7x.js:0
[   12928ms] [LOG] Player X: 13.42 Y: -2.94 Z: -22.11 @ http://localhost:3000/_next/static/chunks/0-ynv9eqilv7x.js:0
[   12931ms] [LOG] Player X: 13.40 Y: -2.98 Z: -22.20 @ http://localhost:3000/_next/static/chunks/0-ynv9eqilv7x.js:0
[   12934ms] [LOG] Player X: 13.39 Y: -3.02 Z: -22.29 @ http://localhost:3000/_next/static/chunks/0-ynv9eqilv7x.js:0
[   12938ms] [LOG] Player X: 13.37 Y: -3.06 Z: -22.38 @ http://localhost:3000/_next/static/chunks/0-ynv9eqilv7x.js:0
[   12941ms] [LOG] Player X: 13.35 Y: -3.10 Z: -22.47 @ http://localhost:3000/_next/static/chunks/0-ynv9eqilv7x.js:0
[   12944ms] [LOG] Player X: 13.33 Y: -3.14 Z: -22.56 @ http://localhost:3000/_next/static/chunks/0-ynv9eqilv7x.js:0
[   12948ms] [LOG] Player X: 13.31 Y: -3.18 Z: -22.65 @ http://localhost:3000/_next/static/chunks/0-ynv9eqilv7x.js:0
[   12951ms] [LOG] Player X: 13.29 Y: -3.22 Z: -22.74 @ http://localhost:3000/_next/static/chunks/0-ynv9eqilv7x.js:0
[   12954ms] [LOG] Player X: 13.27 Y: -3.26 Z: -22.83 @ http://localhost:3000/_next/static/chunks/0-ynv9eqilv7x.js:0
[   12958ms] [LOG] Player X: 13.25 Y: -3.30 Z: -22.92 @ http://localhost:3000/_next/static/chunks/0-ynv9eqilv7x.js:0
[   12961ms] [LOG] Player X: 13.23 Y: -3.34 Z: -23.01 @ http://localhost:3000/_next/static/chunks/0-ynv9eqilv7x.js:0
[   12964ms] [LOG] Player X: 13.21 Y: -3.38 Z: -23.10 @ http://localhost:3000/_next/static/chunks/0-ynv9eqilv7x.js:0
[   12968ms] [LOG] Player X: 13.19 Y: -3.42 Z: -23.19 @ http://localhost:3000/_next/static/chunks/0-ynv9eqilv7x.js:0
[   12971ms] [LOG] Player X: 13.18 Y: -3.46 Z: -23.28 @ http://localhost:3000/_next/static/chunks/0-ynv9eqilv7x.js:0
[   12974ms] [LOG] Player X: 13.16 Y: -3.50 Z: -23.37 @ http://localhost:3000/_next/static/chunks/0-ynv9eqilv7x.js:0
[   12978ms] [LOG] Player X: 13.14 Y: -3.54 Z: -23.46 @ http://localhost:3000/_next/static/chunks/0-ynv9eqilv7x.js:0
[   12981ms] [LOG] Player X: 13.12 Y: -3.58 Z: -23.55 @ http://localhost:3000/_next/static/chunks/0-ynv9eqilv7x.js:0
[   12984ms] [LOG] Player X: 13.10 Y: -3.62 Z: -23.64 @ http://localhost:3000/_next/static/chunks/0-ynv9eqilv7x.js:0
[   12988ms] [LOG] Player X: 13.08 Y: -3.66 Z: -23.73 @ http://localhost:3000/_next/static/chunks/0-ynv9eqilv7x.js:0
[   12991ms] [LOG] Player X: 13.06 Y: -3.70 Z: -23.82 @ http://localhost:3000/_next/static/chunks/0-ynv9eqilv7x.js:0
[   12994ms] [LOG] Player X: 13.04 Y: -3.74 Z: -23.91 @ http://localhost:3000/_next/static/chunks/0-ynv9eqilv7x.js:0
[   12998ms] [LOG] Player X: 13.02 Y: -3.78 Z: -23.99 @ http://localhost:3000/_next/static/chunks/0-ynv9eqilv7x.js:0
[   13001ms] [LOG] Player X: 13.00 Y: -3.82 Z: -24.08 @ http://localhost:3000/_next/static/chunks/0-ynv9eqilv7x.js:0
[   13004ms] [LOG] Player X: 12.98 Y: -3.86 Z: -24.17 @ http://localhost:3000/_next/static/chunks/0-ynv9eqilv7x.js:0
[   13008ms] [LOG] Player X: 12.97 Y: -3.90 Z: -24.26 @ http://localhost:3000/_next/static/chunks/0-ynv9eqilv7x.js:0
[   13011ms] [LOG] Player X: 12.95 Y: -3.94 Z: -24.35 @ http://localhost:3000/_next/static/chunks/0-ynv9eqilv7x.js:0
[   13014ms] [LOG] Player X: 12.93 Y: -3.98 Z: -24.44 @ http://localhost:3000/_next/static/chunks/0-ynv9eqilv7x.js:0
[   13018ms] [LOG] Player X: 12.91 Y: -4.02 Z: -24.53 @ http://localhost:3000/_next/static/chunks/0-ynv9eqilv7x.js:0
[   13021ms] [LOG] Player X: 12.89 Y: -4.06 Z: -24.62 @ http://localhost:3000/_next/static/chunks/0-ynv9eqilv7x.js:0
[   13024ms] [LOG] Player X: 12.87 Y: -4.10 Z: -24.71 @ http://localhost:3000/_next/static/chunks/0-ynv9eqilv7x.js:0
[   13028ms] [LOG] Player X: 12.85 Y: -4.14 Z: -24.80 @ http://localhost:3000/_next/static/chunks/0-ynv9eqilv7x.js:0
[   13031ms] [LOG] Player X: 12.83 Y: -4.18 Z: -24.89 @ http://localhost:3000/_next/static/chunks/0-ynv9eqilv7x.js:0
[   13034ms] [LOG] Player X: 12.81 Y: -4.21 Z: -24.98 @ http://localhost:3000/_next/static/chunks/0-ynv9eqilv7x.js:0
[   13038ms] [LOG] Player X: 12.79 Y: -4.25 Z: -25.07 @ http://localhost:3000/_next/static/chunks/0-ynv9eqilv7x.js:0
[   13041ms] [LOG] Player X: 12.77 Y: -4.29 Z: -25.16 @ http://localhost:3000/_next/static/chunks/0-ynv9eqilv7x.js:0
[   13044ms] [LOG] Player X: 12.76 Y: -4.33 Z: -25.25 @ http://localhost:3000/_next/static/chunks/0-ynv9eqilv7x.js:0
[   13048ms] [LOG] Player X: 12.74 Y: -4.37 Z: -25.34 @ http://localhost:3000/_next/static/chunks/0-ynv9eqilv7x.js:0
[   13051ms] [LOG] Player X: 12.72 Y: -4.41 Z: -25.43 @ http://localhost:3000/_next/static/chunks/0-ynv9eqilv7x.js:0
[   13055ms] [LOG] Player X: 12.70 Y: -4.45 Z: -25.52 @ http://localhost:3000/_next/static/chunks/0-ynv9eqilv7x.js:0
[   13058ms] [LOG] Player X: 12.68 Y: -4.49 Z: -25.61 @ http://localhost:3000/_next/static/chunks/0-ynv9eqilv7x.js:0
[   13061ms] [LOG] Player X: 12.66 Y: -4.53 Z: -25.70 @ http://localhost:3000/_next/static/chunks/0-ynv9eqilv7x.js:0
[   13064ms] [LOG] Player X: 12.64 Y: -4.56 Z: -25.79 @ http://localhost:3000/_next/static/chunks/0-ynv9eqilv7x.js:0
[   13068ms] [LOG] Player X: 12.62 Y: -4.60 Z: -25.88 @ http://localhost:3000/_next/static/chunks/0-ynv9eqilv7x.js:0
[   13071ms] [LOG] Player X: 12.60 Y: -4.64 Z: -25.97 @ http://localhost:3000/_next/static/chunks/0-ynv9eqilv7x.js:0
[   13075ms] [LOG] Player X: 12.58 Y: -4.68 Z: -26.07 @ http://localhost:3000/_next/static/chunks/0-ynv9eqilv7x.js:0
[   13078ms] [LOG] Player X: 12.56 Y: -4.72 Z: -26.16 @ http://localhost:3000/_next/static/chunks/0-ynv9eqilv7x.js:0
[   13081ms] [LOG] Player X: 12.54 Y: -4.75 Z: -26.25 @ http://localhost:3000/_next/static/chunks/0-ynv9eqilv7x.js:0
[   13084ms] [LOG] Player X: 12.52 Y: -4.79 Z: -26.34 @ http://localhost:3000/_next/static/chunks/0-ynv9eqilv7x.js:0
[   13088ms] [LOG] Player X: 12.51 Y: -4.83 Z: -26.43 @ http://localhost:3000/_next/static/chunks/0-ynv9eqilv7x.js:0
[   13091ms] [LOG] Player X: 12.49 Y: -4.86 Z: -26.52 @ http://localhost:3000/_next/static/chunks/0-ynv9eqilv7x.js:0
[   13095ms] [LOG] Player X: 12.47 Y: -4.90 Z: -26.61 @ http://localhost:3000/_next/static/chunks/0-ynv9eqilv7x.js:0
[   13098ms] [LOG] Player X: 12.45 Y: -4.93 Z: -26.70 @ http://localhost:3000/_next/static/chunks/0-ynv9eqilv7x.js:0
[   13101ms] [LOG] Player X: 12.43 Y: -4.97 Z: -26.79 @ http://localhost:3000/_next/static/chunks/0-ynv9eqilv7x.js:0
[   13105ms] [LOG] Player X: 12.41 Y: -5.01 Z: -26.89 @ http://localhost:3000/_next/static/chunks/0-ynv9eqilv7x.js:0
[   13108ms] [LOG] Player X: 12.39 Y: -5.04 Z: -26.98 @ http://localhost:3000/_next/static/chunks/0-ynv9eqilv7x.js:0
[   13111ms] [LOG] Player X: 12.37 Y: -5.08 Z: -27.07 @ http://localhost:3000/_next/static/chunks/0-ynv9eqilv7x.js:0
[   13114ms] [LOG] Player X: 12.35 Y: -5.11 Z: -27.16 @ http://localhost:3000/_next/static/chunks/0-ynv9eqilv7x.js:0
[   13118ms] [LOG] Player X: 12.33 Y: -5.15 Z: -27.25 @ http://localhost:3000/_next/static/chunks/0-ynv9eqilv7x.js:0
[   13121ms] [LOG] Player X: 12.31 Y: -5.18 Z: -27.34 @ http://localhost:3000/_next/static/chunks/0-ynv9eqilv7x.js:0
[   13124ms] [LOG] Player X: 12.29 Y: -5.22 Z: -27.44 @ http://localhost:3000/_next/static/chunks/0-ynv9eqilv7x.js:0
[   13128ms] [LOG] Player X: 12.28 Y: -5.25 Z: -27.53 @ http://localhost:3000/_next/static/chunks/0-ynv9eqilv7x.js:0
[   13131ms] [LOG] Player X: 12.26 Y: -5.28 Z: -27.62 @ http://localhost:3000/_next/static/chunks/0-ynv9eqilv7x.js:0
[   13134ms] [LOG] Player X: 12.24 Y: -5.32 Z: -27.71 @ http://localhost:3000/_next/static/chunks/0-ynv9eqilv7x.js:0
[   13138ms] [LOG] Player X: 12.22 Y: -5.35 Z: -27.80 @ http://localhost:3000/_next/static/chunks/0-ynv9eqilv7x.js:0
[   13141ms] [LOG] Player X: 12.20 Y: -5.38 Z: -27.90 @ http://localhost:3000/_next/static/chunks/0-ynv9eqilv7x.js:0
[   13145ms] [LOG] Player X: 12.18 Y: -5.42 Z: -27.99 @ http://localhost:3000/_next/static/chunks/0-ynv9eqilv7x.js:0
[   13148ms] [LOG] Player X: 12.17 Y: -5.45 Z: -28.08 @ http://localhost:3000/_next/static/chunks/0-ynv9eqilv7x.js:0
[   13151ms] [LOG] Player X: 12.15 Y: -5.48 Z: -28.18 @ http://localhost:3000/_next/static/chunks/0-ynv9eqilv7x.js:0
[   13154ms] [LOG] Player X: 12.13 Y: -5.52 Z: -28.27 @ http://localhost:3000/_next/static/chunks/0-ynv9eqilv7x.js:0
[   13158ms] [LOG] Player X: 12.11 Y: -5.55 Z: -28.36 @ http://localhost:3000/_next/static/chunks/0-ynv9eqilv7x.js:0
[   13161ms] [LOG] Player X: 12.10 Y: -5.58 Z: -28.46 @ http://localhost:3000/_next/static/chunks/0-ynv9eqilv7x.js:0
[   13165ms] [LOG] Player X: 12.08 Y: -5.61 Z: -28.55 @ http://localhost:3000/_next/static/chunks/0-ynv9eqilv7x.js:0
[   13168ms] [LOG] Player X: 12.06 Y: -5.64 Z: -28.64 @ http://localhost:3000/_next/static/chunks/0-ynv9eqilv7x.js:0
[   13171ms] [LOG] Player X: 12.05 Y: -5.67 Z: -28.74 @ http://localhost:3000/_next/static/chunks/0-ynv9eqilv7x.js:0
[   13175ms] [LOG] Player X: 12.03 Y: -5.70 Z: -28.83 @ http://localhost:3000/_next/static/chunks/0-ynv9eqilv7x.js:0
[   13178ms] [LOG] Player X: 12.02 Y: -5.73 Z: -28.92 @ http://localhost:3000/_next/static/chunks/0-ynv9eqilv7x.js:0
[   13181ms] [LOG] Player X: 12.02 Y: -5.73 Z: -28.92 @ http://localhost:3000/_next/static/chunks/0-ynv9eqilv7x.js:0
[   13185ms] [LOG] Player X: 12.02 Y: -5.73 Z: -28.92 @ http://localhost:3000/_next/static/chunks/0-ynv9eqilv7x.js:0
[   13188ms] [LOG] Player X: 12.02 Y: -5.73 Z: -28.92 @ http://localhost:3000/_next/static/chunks/0-ynv9eqilv7x.js:0
[   13191ms] [LOG] Player X: 12.02 Y: -5.73 Z: -28.92 @ http://localhost:3000/_next/static/chunks/0-ynv9eqilv7x.js:0
[   13194ms] [LOG] Player X: 12.02 Y: -5.73 Z: -28.92 @ http://localhost:3000/_next/static/chunks/0-ynv9eqilv7x.js:0
[   13198ms] [LOG] Player X: 12.02 Y: -5.73 Z: -28.92 @ http://localhost:3000/_next/static/chunks/0-ynv9eqilv7x.js:0
[   13201ms] [LOG] Player X: 12.02 Y: -5.73 Z: -28.92 @ http://localhost:3000/_next/static/chunks/0-ynv9eqilv7x.js:0
[   13204ms] [LOG] Player X: 12.02 Y: -5.73 Z: -28.92 @ http://localhost:3000/_next/static/chunks/0-ynv9eqilv7x.js:0
[   13208ms] [LOG] Player X: 12.02 Y: -5.73 Z: -28.92 @ http://localhost:3000/_next/static/chunks/0-ynv9eqilv7x.js:0
[   13211ms] [LOG] Player X: 12.02 Y: -5.73 Z: -28.92 @ http://localhost:3000/_next/static/chunks/0-ynv9eqilv7x.js:0
[   13215ms] [LOG] Player X: 12.02 Y: -5.73 Z: -28.92 @ http://localhost:3000/_next/static/chunks/0-ynv9eqilv7x.js:0
[   13218ms] [LOG] Player X: 12.02 Y: -5.73 Z: -28.92 @ http://localhost:3000/_next/static/chunks/0-ynv9eqilv7x.js:0
[   13221ms] [LOG] Player X: 12.02 Y: -5.73 Z: -28.92 @ http://localhost:3000/_next/static/chunks/0-ynv9eqilv7x.js:0
[   13225ms] [LOG] Player X: 12.02 Y: -5.73 Z: -28.92 @ http://localhost:3000/_next/static/chunks/0-ynv9eqilv7x.js:0
[   13228ms] [LOG] Player X: 12.02 Y: -5.73 Z: -28.92 @ http://localhost:3000/_next/static/chunks/0-ynv9eqilv7x.js:0
[   13231ms] [LOG] Player X: 12.02 Y: -5.73 Z: -28.92 @ http://localhost:3000/_next/static/chunks/0-ynv9eqilv7x.js:0
[   13234ms] [LOG] Player X: 12.02 Y: -5.73 Z: -28.92 @ http://localhost:3000/_next/static/chunks/0-ynv9eqilv7x.js:0
[   13238ms] [LOG] Player X: 12.02 Y: -5.73 Z: -28.92 @ http://localhost:3000/_next/static/chunks/0-ynv9eqilv7x.js:0
[   13241ms] [LOG] Player X: 12.02 Y: -5.73 Z: -28.92 @ http://localhost:3000/_next/static/chunks/0-ynv9eqilv7x.js:0
[   13244ms] [LOG] Player X: 12.02 Y: -5.73 Z: -28.92 @ http://localhost:3000/_next/static/chunks/0-ynv9eqilv7x.js:0
[   13248ms] [LOG] Player X: 12.02 Y: -5.73 Z: -28.92 @ http://localhost:3000/_next/static/chunks/0-ynv9eqilv7x.js:0
[   13251ms] [LOG] Player X: 12.02 Y: -5.73 Z: -28.92 @ http://localhost:3000/_next/static/chunks/0-ynv9eqilv7x.js:0
[   13254ms] [LOG] Player X: 12.02 Y: -5.73 Z: -28.92 @ http://localhost:3000/_next/static/chunks/0-ynv9eqilv7x.js:0
[   13258ms] [LOG] Player X: 12.02 Y: -5.73 Z: -28.92 @ http://localhost:3000/_next/static/chunks/0-ynv9eqilv7x.js:0
[   13261ms] [LOG] Player X: 12.02 Y: -5.73 Z: -28.92 @ http://localhost:3000/_next/static/chunks/0-ynv9eqilv7x.js:0
[   13264ms] [LOG] Player X: 12.02 Y: -5.73 Z: -28.92 @ http://localhost:3000/_next/static/chunks/0-ynv9eqilv7x.js:0
[   13268ms] [LOG] Player X: 12.02 Y: -5.73 Z: -28.92 @ http://localhost:3000/_next/static/chunks/0-ynv9eqilv7x.js:0
[   13271ms] [LOG] Player X: 12.02 Y: -5.73 Z: -28.92 @ http://localhost:3000/_next/static/chunks/0-ynv9eqilv7x.js:0
[   13274ms] [LOG] Player X: 12.02 Y: -5.73 Z: -28.92 @ http://localhost:3000/_next/static/chunks/0-ynv9eqilv7x.js:0
[   13278ms] [LOG] Player X: 12.02 Y: -5.73 Z: -28.92 @ http://localhost:3000/_next/static/chunks/0-ynv9eqilv7x.js:0
[   13281ms] [LOG] Player X: 12.02 Y: -5.73 Z: -28.92 @ http://localhost:3000/_next/static/chunks/0-ynv9eqilv7x.js:0
[   13284ms] [LOG] Player X: 12.02 Y: -5.73 Z: -28.92 @ http://localhost:3000/_next/static/chunks/0-ynv9eqilv7x.js:0
[   13288ms] [LOG] Player X: 12.02 Y: -5.73 Z: -28.92 @ http://localhost:3000/_next/static/chunks/0-ynv9eqilv7x.js:0
[   13291ms] [LOG] Player X: 12.02 Y: -5.73 Z: -28.92 @ http://localhost:3000/_next/static/chunks/0-ynv9eqilv7x.js:0
[   13295ms] [LOG] Player X: 12.02 Y: -5.73 Z: -28.92 @ http://localhost:3000/_next/static/chunks/0-ynv9eqilv7x.js:0
[   13298ms] [LOG] Player X: 12.02 Y: -5.73 Z: -28.92 @ http://localhost:3000/_next/static/chunks/0-ynv9eqilv7x.js:0
[   13301ms] [LOG] Player X: 12.02 Y: -5.73 Z: -28.92 @ http://localhost:3000/_next/static/chunks/0-ynv9eqilv7x.js:0
[   13304ms] [LOG] Player X: 12.02 Y: -5.73 Z: -28.92 @ http://localhost:3000/_next/static/chunks/0-ynv9eqilv7x.js:0
[   13308ms] [LOG] Player X: 12.02 Y: -5.73 Z: -28.92 @ http://localhost:3000/_next/static/chunks/0-ynv9eqilv7x.js:0
[   13312ms] [LOG] Player X: 12.02 Y: -5.73 Z: -28.92 @ http://localhost:3000/_next/static/chunks/0-ynv9eqilv7x.js:0
[   13315ms] [LOG] Player X: 12.02 Y: -5.73 Z: -28.92 @ http://localhost:3000/_next/static/chunks/0-ynv9eqilv7x.js:0
[   13318ms] [LOG] Player X: 12.02 Y: -5.73 Z: -28.92 @ http://localhost:3000/_next/static/chunks/0-ynv9eqilv7x.js:0
[   13321ms] [LOG] Player X: 12.02 Y: -5.73 Z: -28.92 @ http://localhost:3000/_next/static/chunks/0-ynv9eqilv7x.js:0
[   13324ms] [LOG] Player X: 12.02 Y: -5.73 Z: -28.92 @ http://localhost:3000/_next/static/chunks/0-ynv9eqilv7x.js:0
[   13328ms] [LOG] Player X: 12.02 Y: -5.73 Z: -28.92 @ http://localhost:3000/_next/static/chunks/0-ynv9eqilv7x.js:0
[   13331ms] [LOG] Player X: 12.02 Y: -5.73 Z: -28.92 @ http://localhost:3000/_next/static/chunks/0-ynv9eqilv7x.js:0
[   13334ms] [LOG] Player X: 12.02 Y: -5.73 Z: -28.92 @ http://localhost:3000/_next/static/chunks/0-ynv9eqilv7x.js:0
[   13338ms] [LOG] Player X: 12.02 Y: -5.73 Z: -28.92 @ http://localhost:3000/_next/static/chunks/0-ynv9eqilv7x.js:0
[   13341ms] [LOG] Player X: 12.02 Y: -5.73 Z: -28.92 @ http://localhost:3000/_next/static/chunks/0-ynv9eqilv7x.js:0
[   13344ms] [LOG] Player X: 12.02 Y: -5.73 Z: -28.92 @ http://localhost:3000/_next/static/chunks/0-ynv9eqilv7x.js:0
[   13348ms] [LOG] Player X: 12.02 Y: -5.73 Z: -28.92 @ http://localhost:3000/_next/static/chunks/0-ynv9eqilv7x.js:0
[   13351ms] [LOG] Player X: 12.02 Y: -5.73 Z: -28.92 @ http://localhost:3000/_next/static/chunks/0-ynv9eqilv7x.js:0
[   13355ms] [LOG] Player X: 12.02 Y: -5.73 Z: -28.92 @ http://localhost:3000/_next/static/chunks/0-ynv9eqilv7x.js:0
[   13358ms] [LOG] Player X: 12.02 Y: -5.73 Z: -28.92 @ http://localhost:3000/_next/static/chunks/0-ynv9eqilv7x.js:0
[   13361ms] [LOG] Player X: 12.02 Y: -5.73 Z: -28.92 @ http://localhost:3000/_next/static/chunks/0-ynv9eqilv7x.js:0
[   13364ms] [LOG] Player X: 12.02 Y: -5.73 Z: -28.92 @ http://localhost:3000/_next/static/chunks/0-ynv9eqilv7x.js:0
[   13368ms] [LOG] Player X: 12.02 Y: -5.73 Z: -28.92 @ http://localhost:3000/_next/static/chunks/0-ynv9eqilv7x.js:0
[   13371ms] [LOG] Player X: 12.02 Y: -5.73 Z: -28.92 @ http://localhost:3000/_next/static/chunks/0-ynv9eqilv7x.js:0
[   13374ms] [LOG] Player X: 12.02 Y: -5.73 Z: -28.92 @ http://localhost:3000/_next/static/chunks/0-ynv9eqilv7x.js:0
[   13378ms] [LOG] Player X: 12.02 Y: -5.73 Z: -28.92 @ http://localhost:3000/_next/static/chunks/0-ynv9eqilv7x.js:0
[   13381ms] [LOG] Player X: 12.02 Y: -5.73 Z: -28.92 @ http://localhost:3000/_next/static/chunks/0-ynv9eqilv7x.js:0
[   13384ms] [LOG] Player X: 12.02 Y: -5.73 Z: -28.92 @ http://localhost:3000/_next/static/chunks/0-ynv9eqilv7x.js:0
[   13388ms] [LOG] Player X: 12.02 Y: -5.73 Z: -28.92 @ http://localhost:3000/_next/static/chunks/0-ynv9eqilv7x.js:0
[   13391ms] [LOG] Player X: 12.02 Y: -5.73 Z: -28.92 @ http://localhost:3000/_next/static/chunks/0-ynv9eqilv7x.js:0
[   13394ms] [LOG] Player X: 12.02 Y: -5.73 Z: -28.92 @ http://localhost:3000/_next/static/chunks/0-ynv9eqilv7x.js:0
[   13398ms] [LOG] Player X: 12.02 Y: -5.73 Z: -28.92 @ http://localhost:3000/_next/static/chunks/0-ynv9eqilv7x.js:0
[   13401ms] [LOG] Player X: 12.02 Y: -5.73 Z: -28.92 @ http://localhost:3000/_next/static/chunks/0-ynv9eqilv7x.js:0
[   13404ms] [LOG] Player X: 12.02 Y: -5.73 Z: -28.92 @ http://localhost:3000/_next/static/chunks/0-ynv9eqilv7x.js:0
[   13408ms] [LOG] Player X: 12.02 Y: -5.73 Z: -28.92 @ http://localhost:3000/_next/static/chunks/0-ynv9eqilv7x.js:0
[   13411ms] [LOG] Player X: 12.02 Y: -5.73 Z: -28.92 @ http://localhost:3000/_next/static/chunks/0-ynv9eqilv7x.js:0
[   13414ms] [LOG] Player X: 12.02 Y: -5.73 Z: -28.92 @ http://localhost:3000/_next/static/chunks/0-ynv9eqilv7x.js:0
[   13418ms] [LOG] Player X: 12.02 Y: -5.73 Z: -28.92 @ http://localhost:3000/_next/static/chunks/0-ynv9eqilv7x.js:0
[   13421ms] [LOG] Player X: 12.02 Y: -5.73 Z: -28.92 @ http://localhost:3000/_next/static/chunks/0-ynv9eqilv7x.js:0
[   13425ms] [LOG] Player X: 12.02 Y: -5.73 Z: -28.92 @ http://localhost:3000/_next/static/chunks/0-ynv9eqilv7x.js:0
[   13428ms] [LOG] Player X: 12.02 Y: -5.73 Z: -28.92 @ http://localhost:3000/_next/static/chunks/0-ynv9eqilv7x.js:0
[   13431ms] [LOG] Player X: 12.02 Y: -5.73 Z: -28.92 @ http://localhost:3000/_next/static/chunks/0-ynv9eqilv7x.js:0
[   13435ms] [LOG] Player X: 12.02 Y: -5.73 Z: -28.92 @ http://localhost:3000/_next/static/chunks/0-ynv9eqilv7x.js:0
[   13438ms] [LOG] Player X: 12.02 Y: -5.73 Z: -28.92 @ http://localhost:3000/_next/static/chunks/0-ynv9eqilv7x.js:0
[   13441ms] [LOG] Player X: 12.02 Y: -5.73 Z: -28.92 @ http://localhost:3000/_next/static/chunks/0-ynv9eqilv7x.js:0
[   13444ms] [LOG] Player X: 12.02 Y: -5.73 Z: -28.92 @ http://localhost:3000/_next/static/chunks/0-ynv9eqilv7x.js:0
[   13448ms] [LOG] Player X: 12.02 Y: -5.73 Z: -28.92 @ http://localhost:3000/_next/static/chunks/0-ynv9eqilv7x.js:0
[   13451ms] [LOG] Player X: 12.02 Y: -5.73 Z: -28.92 @ http://localhost:3000/_next/static/chunks/0-ynv9eqilv7x.js:0
[   13454ms] [LOG] Player X: 12.02 Y: -5.73 Z: -28.92 @ http://localhost:3000/_next/static/chunks/0-ynv9eqilv7x.js:0
[   13458ms] [LOG] Player X: 12.02 Y: -5.73 Z: -28.92 @ http://localhost:3000/_next/static/chunks/0-ynv9eqilv7x.js:0
[   13461ms] [LOG] Player X: 12.02 Y: -5.73 Z: -28.92 @ http://localhost:3000/_next/static/chunks/0-ynv9eqilv7x.js:0
[   13464ms] [LOG] Player X: 12.02 Y: -5.73 Z: -28.92 @ http://localhost:3000/_next/static/chunks/0-ynv9eqilv7x.js:0
[   13468ms] [LOG] Player X: 12.02 Y: -5.73 Z: -28.92 @ http://localhost:3000/_next/static/chunks/0-ynv9eqilv7x.js:0
[   13471ms] [LOG] Player X: 12.02 Y: -5.73 Z: -28.92 @ http://localhost:3000/_next/static/chunks/0-ynv9eqilv7x.js:0
[   13474ms] [LOG] Player X: 12.02 Y: -5.73 Z: -28.92 @ http://localhost:3000/_next/static/chunks/0-ynv9eqilv7x.js:0
[   13478ms] [LOG] Player X: 12.02 Y: -5.73 Z: -28.92 @ http://localhost:3000/_next/static/chunks/0-ynv9eqilv7x.js:0
[   13481ms] [LOG] Player X: 12.02 Y: -5.73 Z: -28.92 @ http://localhost:3000/_next/static/chunks/0-ynv9eqilv7x.js:0
[   13484ms] [LOG] Player X: 12.02 Y: -5.73 Z: -28.92 @ http://localhost:3000/_next/static/chunks/0-ynv9eqilv7x.js:0
[   13488ms] [LOG] Player X: 12.02 Y: -5.73 Z: -28.92 @ http://localhost:3000/_next/static/chunks/0-ynv9eqilv7x.js:0
[   13491ms] [LOG] Player X: 12.02 Y: -5.73 Z: -28.92 @ http://localhost:3000/_next/static/chunks/0-ynv9eqilv7x.js:0
[   13494ms] [LOG] Player X: 12.03 Y: -5.71 Z: -28.83 @ http://localhost:3000/_next/static/chunks/0-ynv9eqilv7x.js:0
[   13498ms] [LOG] Player X: 12.04 Y: -5.69 Z: -28.73 @ http://localhost:3000/_next/static/chunks/0-ynv9eqilv7x.js:0
[   13501ms] [LOG] Player X: 12.05 Y: -5.67 Z: -28.63 @ http://localhost:3000/_next/static/chunks/0-ynv9eqilv7x.js:0
[   13504ms] [LOG] Player X: 12.06 Y: -5.65 Z: -28.54 @ http://localhost:3000/_next/static/chunks/0-ynv9eqilv7x.js:0
[   13508ms] [LOG] Player X: 12.07 Y: -5.62 Z: -28.44 @ http://localhost:3000/_next/static/chunks/0-ynv9eqilv7x.js:0
[   13511ms] [LOG] Player X: 12.08 Y: -5.60 Z: -28.34 @ http://localhost:3000/_next/static/chunks/0-ynv9eqilv7x.js:0
[   13514ms] [LOG] Player X: 12.09 Y: -5.58 Z: -28.25 @ http://localhost:3000/_next/static/chunks/0-ynv9eqilv7x.js:0
[   13518ms] [LOG] Player X: 12.10 Y: -5.56 Z: -28.15 @ http://localhost:3000/_next/static/chunks/0-ynv9eqilv7x.js:0
[   13521ms] [LOG] Player X: 12.11 Y: -5.54 Z: -28.05 @ http://localhost:3000/_next/static/chunks/0-ynv9eqilv7x.js:0
[   13524ms] [LOG] Player X: 12.13 Y: -5.51 Z: -27.95 @ http://localhost:3000/_next/static/chunks/0-ynv9eqilv7x.js:0
[   13528ms] [LOG] Player X: 12.14 Y: -5.49 Z: -27.86 @ http://localhost:3000/_next/static/chunks/0-ynv9eqilv7x.js:0
[   13532ms] [LOG] Player X: 12.15 Y: -5.47 Z: -27.76 @ http://localhost:3000/_next/static/chunks/0-ynv9eqilv7x.js:0
[   13536ms] [LOG] Player X: 12.16 Y: -5.45 Z: -27.66 @ http://localhost:3000/_next/static/chunks/0-ynv9eqilv7x.js:0
[   13538ms] [LOG] Player X: 12.17 Y: -5.43 Z: -27.57 @ http://localhost:3000/_next/static/chunks/0-ynv9eqilv7x.js:0
[   13541ms] [LOG] Player X: 12.18 Y: -5.40 Z: -27.47 @ http://localhost:3000/_next/static/chunks/0-ynv9eqilv7x.js:0
[   13545ms] [LOG] Player X: 12.19 Y: -5.38 Z: -27.37 @ http://localhost:3000/_next/static/chunks/0-ynv9eqilv7x.js:0
[   13548ms] [LOG] Player X: 12.20 Y: -5.36 Z: -27.28 @ http://localhost:3000/_next/static/chunks/0-ynv9eqilv7x.js:0
[   13551ms] [LOG] Player X: 12.21 Y: -5.34 Z: -27.18 @ http://localhost:3000/_next/static/chunks/0-ynv9eqilv7x.js:0
[   13554ms] [LOG] Player X: 12.22 Y: -5.32 Z: -27.08 @ http://localhost:3000/_next/static/chunks/0-ynv9eqilv7x.js:0
[   13558ms] [LOG] Player X: 12.23 Y: -5.29 Z: -26.98 @ http://localhost:3000/_next/static/chunks/0-ynv9eqilv7x.js:0
[   13562ms] [LOG] Player X: 12.24 Y: -5.27 Z: -26.89 @ http://localhost:3000/_next/static/chunks/0-ynv9eqilv7x.js:0
[   13565ms] [LOG] Player X: 12.25 Y: -5.25 Z: -26.79 @ http://localhost:3000/_next/static/chunks/0-ynv9eqilv7x.js:0
[   13568ms] [LOG] Player X: 12.26 Y: -5.23 Z: -26.69 @ http://localhost:3000/_next/static/chunks/0-ynv9eqilv7x.js:0
[   13572ms] [LOG] Player X: 12.26 Y: -5.21 Z: -26.60 @ http://localhost:3000/_next/static/chunks/0-ynv9eqilv7x.js:0
[   13575ms] [LOG] Player X: 12.27 Y: -5.18 Z: -26.50 @ http://localhost:3000/_next/static/chunks/0-ynv9eqilv7x.js:0
[   13578ms] [LOG] Player X: 12.28 Y: -5.16 Z: -26.40 @ http://localhost:3000/_next/static/chunks/0-ynv9eqilv7x.js:0
[   13581ms] [LOG] Player X: 12.29 Y: -5.14 Z: -26.30 @ http://localhost:3000/_next/static/chunks/0-ynv9eqilv7x.js:0
[   13585ms] [LOG] Player X: 12.30 Y: -5.12 Z: -26.21 @ http://localhost:3000/_next/static/chunks/0-ynv9eqilv7x.js:0
[   13588ms] [LOG] Player X: 12.31 Y: -5.10 Z: -26.11 @ http://localhost:3000/_next/static/chunks/0-ynv9eqilv7x.js:0
[   13591ms] [LOG] Player X: 12.31 Y: -5.07 Z: -26.01 @ http://localhost:3000/_next/static/chunks/0-ynv9eqilv7x.js:0
[   13594ms] [LOG] Player X: 12.32 Y: -5.05 Z: -25.91 @ http://localhost:3000/_next/static/chunks/0-ynv9eqilv7x.js:0
[   13598ms] [LOG] Player X: 12.33 Y: -5.03 Z: -25.82 @ http://localhost:3000/_next/static/chunks/0-ynv9eqilv7x.js:0
[   13601ms] [LOG] Player X: 12.33 Y: -5.01 Z: -25.72 @ http://localhost:3000/_next/static/chunks/0-ynv9eqilv7x.js:0
[   13605ms] [LOG] Player X: 12.34 Y: -4.99 Z: -25.62 @ http://localhost:3000/_next/static/chunks/0-ynv9eqilv7x.js:0
[   13608ms] [LOG] Player X: 12.35 Y: -4.96 Z: -25.53 @ http://localhost:3000/_next/static/chunks/0-ynv9eqilv7x.js:0
[   13611ms] [LOG] Player X: 12.36 Y: -4.94 Z: -25.43 @ http://localhost:3000/_next/static/chunks/0-ynv9eqilv7x.js:0
[   13614ms] [LOG] Player X: 12.36 Y: -4.92 Z: -25.33 @ http://localhost:3000/_next/static/chunks/0-ynv9eqilv7x.js:0
[   13618ms] [LOG] Player X: 12.37 Y: -4.90 Z: -25.23 @ http://localhost:3000/_next/static/chunks/0-ynv9eqilv7x.js:0
[   13621ms] [LOG] Player X: 12.38 Y: -4.87 Z: -25.14 @ http://localhost:3000/_next/static/chunks/0-ynv9eqilv7x.js:0
[   13625ms] [LOG] Player X: 12.38 Y: -4.85 Z: -25.04 @ http://localhost:3000/_next/static/chunks/0-ynv9eqilv7x.js:0
[   13629ms] [LOG] Player X: 12.39 Y: -4.83 Z: -24.94 @ http://localhost:3000/_next/static/chunks/0-ynv9eqilv7x.js:0
[   13631ms] [LOG] Player X: 12.40 Y: -4.81 Z: -24.85 @ http://localhost:3000/_next/static/chunks/0-ynv9eqilv7x.js:0
[   13635ms] [LOG] Player X: 12.40 Y: -4.78 Z: -24.75 @ http://localhost:3000/_next/static/chunks/0-ynv9eqilv7x.js:0
[   13638ms] [LOG] Player X: 12.41 Y: -4.76 Z: -24.65 @ http://localhost:3000/_next/static/chunks/0-ynv9eqilv7x.js:0
[   13641ms] [LOG] Player X: 12.42 Y: -4.74 Z: -24.55 @ http://localhost:3000/_next/static/chunks/0-ynv9eqilv7x.js:0
[   13645ms] [LOG] Player X: 12.42 Y: -4.71 Z: -24.46 @ http://localhost:3000/_next/static/chunks/0-ynv9eqilv7x.js:0
[   13648ms] [LOG] Player X: 12.43 Y: -4.69 Z: -24.36 @ http://localhost:3000/_next/static/chunks/0-ynv9eqilv7x.js:0
[   13651ms] [LOG] Player X: 12.43 Y: -4.67 Z: -24.26 @ http://localhost:3000/_next/static/chunks/0-ynv9eqilv7x.js:0
[   13654ms] [LOG] Player X: 12.44 Y: -4.65 Z: -24.17 @ http://localhost:3000/_next/static/chunks/0-ynv9eqilv7x.js:0
[   13659ms] [LOG] Player X: 12.45 Y: -4.62 Z: -24.07 @ http://localhost:3000/_next/static/chunks/0-ynv9eqilv7x.js:0
[   13662ms] [LOG] Player X: 12.45 Y: -4.60 Z: -23.97 @ http://localhost:3000/_next/static/chunks/0-ynv9eqilv7x.js:0
[   13664ms] [LOG] Player X: 12.46 Y: -4.58 Z: -23.87 @ http://localhost:3000/_next/static/chunks/0-ynv9eqilv7x.js:0
[   13668ms] [LOG] Player X: 12.46 Y: -4.55 Z: -23.78 @ http://localhost:3000/_next/static/chunks/0-ynv9eqilv7x.js:0
[   13671ms] [LOG] Player X: 12.47 Y: -4.53 Z: -23.68 @ http://localhost:3000/_next/static/chunks/0-ynv9eqilv7x.js:0
[   13675ms] [LOG] Player X: 12.48 Y: -4.50 Z: -23.58 @ http://localhost:3000/_next/static/chunks/0-ynv9eqilv7x.js:0
[   13678ms] [LOG] Player X: 12.48 Y: -4.48 Z: -23.49 @ http://localhost:3000/_next/static/chunks/0-ynv9eqilv7x.js:0
[   13681ms] [LOG] Player X: 12.49 Y: -4.46 Z: -23.39 @ http://localhost:3000/_next/static/chunks/0-ynv9eqilv7x.js:0
[   13684ms] [LOG] Player X: 12.49 Y: -4.43 Z: -23.29 @ http://localhost:3000/_next/static/chunks/0-ynv9eqilv7x.js:0
[   13688ms] [LOG] Player X: 12.50 Y: -4.41 Z: -23.20 @ http://localhost:3000/_next/static/chunks/0-ynv9eqilv7x.js:0
[   13691ms] [LOG] Player X: 12.51 Y: -4.39 Z: -23.10 @ http://localhost:3000/_next/static/chunks/0-ynv9eqilv7x.js:0
[   13694ms] [LOG] Player X: 12.51 Y: -4.36 Z: -23.00 @ http://localhost:3000/_next/static/chunks/0-ynv9eqilv7x.js:0
[   13698ms] [LOG] Player X: 12.52 Y: -4.34 Z: -22.90 @ http://localhost:3000/_next/static/chunks/0-ynv9eqilv7x.js:0
[   13701ms] [LOG] Player X: 12.52 Y: -4.32 Z: -22.81 @ http://localhost:3000/_next/static/chunks/0-ynv9eqilv7x.js:0
[   13704ms] [LOG] Player X: 12.53 Y: -4.29 Z: -22.71 @ http://localhost:3000/_next/static/chunks/0-ynv9eqilv7x.js:0
[   13708ms] [LOG] Player X: 12.54 Y: -4.27 Z: -22.61 @ http://localhost:3000/_next/static/chunks/0-ynv9eqilv7x.js:0
[   13711ms] [LOG] Player X: 12.54 Y: -4.24 Z: -22.52 @ http://localhost:3000/_next/static/chunks/0-ynv9eqilv7x.js:0
[   13715ms] [LOG] Player X: 12.55 Y: -4.22 Z: -22.42 @ http://localhost:3000/_next/static/chunks/0-ynv9eqilv7x.js:0
[   13718ms] [LOG] Player X: 12.55 Y: -4.19 Z: -22.32 @ http://localhost:3000/_next/static/chunks/0-ynv9eqilv7x.js:0
[   13721ms] [LOG] Player X: 12.56 Y: -4.17 Z: -22.23 @ http://localhost:3000/_next/static/chunks/0-ynv9eqilv7x.js:0
[   13724ms] [LOG] Player X: 12.57 Y: -4.15 Z: -22.13 @ http://localhost:3000/_next/static/chunks/0-ynv9eqilv7x.js:0
[   13728ms] [LOG] Player X: 12.57 Y: -4.12 Z: -22.03 @ http://localhost:3000/_next/static/chunks/0-ynv9eqilv7x.js:0
[   13731ms] [LOG] Player X: 12.58 Y: -4.10 Z: -21.94 @ http://localhost:3000/_next/static/chunks/0-ynv9eqilv7x.js:0
[   13734ms] [LOG] Player X: 12.58 Y: -4.07 Z: -21.84 @ http://localhost:3000/_next/static/chunks/0-ynv9eqilv7x.js:0
[   13738ms] [LOG] Player X: 12.59 Y: -4.05 Z: -21.74 @ http://localhost:3000/_next/static/chunks/0-ynv9eqilv7x.js:0
[   13741ms] [LOG] Player X: 12.60 Y: -4.03 Z: -21.65 @ http://localhost:3000/_next/static/chunks/0-ynv9eqilv7x.js:0
[   13745ms] [LOG] Player X: 12.60 Y: -4.00 Z: -21.55 @ http://localhost:3000/_next/static/chunks/0-ynv9eqilv7x.js:0
[   13748ms] [LOG] Player X: 12.61 Y: -3.98 Z: -21.45 @ http://localhost:3000/_next/static/chunks/0-ynv9eqilv7x.js:0
[   13751ms] [LOG] Player X: 12.61 Y: -3.95 Z: -21.36 @ http://localhost:3000/_next/static/chunks/0-ynv9eqilv7x.js:0
[   13755ms] [LOG] Player X: 12.62 Y: -3.93 Z: -21.26 @ http://localhost:3000/_next/static/chunks/0-ynv9eqilv7x.js:0
[   13758ms] [LOG] Player X: 12.63 Y: -3.90 Z: -21.16 @ http://localhost:3000/_next/static/chunks/0-ynv9eqilv7x.js:0
[   13761ms] [LOG] Player X: 12.63 Y: -3.88 Z: -21.07 @ http://localhost:3000/_next/static/chunks/0-ynv9eqilv7x.js:0
[   13764ms] [LOG] Player X: 12.64 Y: -3.85 Z: -20.97 @ http://localhost:3000/_next/static/chunks/0-ynv9eqilv7x.js:0
[   13768ms] [LOG] Player X: 12.64 Y: -3.83 Z: -20.87 @ http://localhost:3000/_next/static/chunks/0-ynv9eqilv7x.js:0
[   13771ms] [LOG] Player X: 12.65 Y: -3.80 Z: -20.77 @ http://localhost:3000/_next/static/chunks/0-ynv9eqilv7x.js:0
[   13774ms] [LOG] Player X: 12.66 Y: -3.78 Z: -20.68 @ http://localhost:3000/_next/static/chunks/0-ynv9eqilv7x.js:0
[   13778ms] [LOG] Player X: 12.66 Y: -3.75 Z: -20.58 @ http://localhost:3000/_next/static/chunks/0-ynv9eqilv7x.js:0
[   13781ms] [LOG] Player X: 12.67 Y: -3.73 Z: -20.48 @ http://localhost:3000/_next/static/chunks/0-ynv9eqilv7x.js:0
[   13784ms] [LOG] Player X: 12.67 Y: -3.71 Z: -20.39 @ http://localhost:3000/_next/static/chunks/0-ynv9eqilv7x.js:0
[   13788ms] [LOG] Player X: 12.68 Y: -3.68 Z: -20.29 @ http://localhost:3000/_next/static/chunks/0-ynv9eqilv7x.js:0
[   13791ms] [LOG] Player X: 12.69 Y: -3.66 Z: -20.19 @ http://localhost:3000/_next/static/chunks/0-ynv9eqilv7x.js:0
[   13794ms] [LOG] Player X: 12.69 Y: -3.63 Z: -20.10 @ http://localhost:3000/_next/static/chunks/0-ynv9eqilv7x.js:0
[   13798ms] [LOG] Player X: 12.70 Y: -3.61 Z: -20.00 @ http://localhost:3000/_next/static/chunks/0-ynv9eqilv7x.js:0
[   13801ms] [LOG] Player X: 12.70 Y: -3.58 Z: -19.90 @ http://localhost:3000/_next/static/chunks/0-ynv9eqilv7x.js:0
[   13804ms] [LOG] Player X: 12.71 Y: -3.56 Z: -19.81 @ http://localhost:3000/_next/static/chunks/0-ynv9eqilv7x.js:0
[   13808ms] [LOG] Player X: 12.71 Y: -3.53 Z: -19.71 @ http://localhost:3000/_next/static/chunks/0-ynv9eqilv7x.js:0
[   13811ms] [LOG] Player X: 12.72 Y: -3.51 Z: -19.61 @ http://localhost:3000/_next/static/chunks/0-ynv9eqilv7x.js:0
[   13814ms] [LOG] Player X: 12.73 Y: -3.48 Z: -19.52 @ http://localhost:3000/_next/static/chunks/0-ynv9eqilv7x.js:0
[   13818ms] [LOG] Player X: 12.73 Y: -3.46 Z: -19.42 @ http://localhost:3000/_next/static/chunks/0-ynv9eqilv7x.js:0
[   13821ms] [LOG] Player X: 12.74 Y: -3.43 Z: -19.32 @ http://localhost:3000/_next/static/chunks/0-ynv9eqilv7x.js:0
[   13824ms] [LOG] Player X: 12.74 Y: -3.41 Z: -19.23 @ http://localhost:3000/_next/static/chunks/0-ynv9eqilv7x.js:0
[   13828ms] [LOG] Player X: 12.75 Y: -3.38 Z: -19.13 @ http://localhost:3000/_next/static/chunks/0-ynv9eqilv7x.js:0
[   13831ms] [LOG] Player X: 12.76 Y: -3.36 Z: -19.03 @ http://localhost:3000/_next/static/chunks/0-ynv9eqilv7x.js:0
[   13834ms] [LOG] Player X: 12.76 Y: -3.33 Z: -18.94 @ http://localhost:3000/_next/static/chunks/0-ynv9eqilv7x.js:0
[   13838ms] [LOG] Player X: 12.77 Y: -3.31 Z: -18.84 @ http://localhost:3000/_next/static/chunks/0-ynv9eqilv7x.js:0
[   13841ms] [LOG] Player X: 12.77 Y: -3.28 Z: -18.74 @ http://localhost:3000/_next/static/chunks/0-ynv9eqilv7x.js:0
[   13844ms] [LOG] Player X: 12.78 Y: -3.26 Z: -18.65 @ http://localhost:3000/_next/static/chunks/0-ynv9eqilv7x.js:0
[   13848ms] [LOG] Player X: 12.79 Y: -3.23 Z: -18.55 @ http://localhost:3000/_next/static/chunks/0-ynv9eqilv7x.js:0
[   13851ms] [LOG] Player X: 12.79 Y: -3.21 Z: -18.45 @ http://localhost:3000/_next/static/chunks/0-ynv9eqilv7x.js:0
[   13854ms] [LOG] Player X: 12.80 Y: -3.18 Z: -18.36 @ http://localhost:3000/_next/static/chunks/0-ynv9eqilv7x.js:0
[   13858ms] [LOG] Player X: 12.80 Y: -3.16 Z: -18.26 @ http://localhost:3000/_next/static/chunks/0-ynv9eqilv7x.js:0
[   13861ms] [LOG] Player X: 12.81 Y: -3.13 Z: -18.16 @ http://localhost:3000/_next/static/chunks/0-ynv9eqilv7x.js:0
[   13865ms] [LOG] Player X: 12.82 Y: -3.11 Z: -18.07 @ http://localhost:3000/_next/static/chunks/0-ynv9eqilv7x.js:0
[   13868ms] [LOG] Player X: 12.82 Y: -3.08 Z: -17.97 @ http://localhost:3000/_next/static/chunks/0-ynv9eqilv7x.js:0
[   13871ms] [LOG] Player X: 12.83 Y: -3.06 Z: -17.87 @ http://localhost:3000/_next/static/chunks/0-ynv9eqilv7x.js:0
[   13874ms] [LOG] Player X: 12.83 Y: -3.03 Z: -17.78 @ http://localhost:3000/_next/static/chunks/0-ynv9eqilv7x.js:0
[   13878ms] [LOG] Player X: 12.84 Y: -3.01 Z: -17.68 @ http://localhost:3000/_next/static/chunks/0-ynv9eqilv7x.js:0
[   13881ms] [LOG] Player X: 12.85 Y: -2.98 Z: -17.58 @ http://localhost:3000/_next/static/chunks/0-ynv9eqilv7x.js:0
[   13885ms] [LOG] Player X: 12.85 Y: -2.96 Z: -17.49 @ http://localhost:3000/_next/static/chunks/0-ynv9eqilv7x.js:0
[   13888ms] [LOG] Player X: 12.86 Y: -2.93 Z: -17.39 @ http://localhost:3000/_next/static/chunks/0-ynv9eqilv7x.js:0
[   13891ms] [LOG] Player X: 12.86 Y: -2.91 Z: -17.29 @ http://localhost:3000/_next/static/chunks/0-ynv9eqilv7x.js:0
[   13894ms] [LOG] Player X: 12.87 Y: -2.88 Z: -17.20 @ http://localhost:3000/_next/static/chunks/0-ynv9eqilv7x.js:0
[   13898ms] [LOG] Player X: 12.88 Y: -2.86 Z: -17.10 @ http://localhost:3000/_next/static/chunks/0-ynv9eqilv7x.js:0
[   13901ms] [LOG] Player X: 12.88 Y: -2.84 Z: -17.00 @ http://localhost:3000/_next/static/chunks/0-ynv9eqilv7x.js:0
[   13905ms] [LOG] Player X: 12.89 Y: -2.81 Z: -16.91 @ http://localhost:3000/_next/static/chunks/0-ynv9eqilv7x.js:0
[   13908ms] [LOG] Player X: 12.89 Y: -2.79 Z: -16.81 @ http://localhost:3000/_next/static/chunks/0-ynv9eqilv7x.js:0
[   13912ms] [LOG] Player X: 12.90 Y: -2.76 Z: -16.71 @ http://localhost:3000/_next/static/chunks/0-ynv9eqilv7x.js:0
[   13915ms] [LOG] Player X: 12.90 Y: -2.74 Z: -16.62 @ http://localhost:3000/_next/static/chunks/0-ynv9eqilv7x.js:0
[   13918ms] [LOG] Player X: 12.91 Y: -2.71 Z: -16.52 @ http://localhost:3000/_next/static/chunks/0-ynv9eqilv7x.js:0
[   13921ms] [LOG] Player X: 12.91 Y: -2.69 Z: -16.42 @ http://localhost:3000/_next/static/chunks/0-ynv9eqilv7x.js:0
[   13925ms] [LOG] Player X: 12.92 Y: -2.66 Z: -16.33 @ http://localhost:3000/_next/static/chunks/0-ynv9eqilv7x.js:0
[   13928ms] [LOG] Player X: 12.92 Y: -2.64 Z: -16.23 @ http://localhost:3000/_next/static/chunks/0-ynv9eqilv7x.js:0
[   13931ms] [LOG] Player X: 12.92 Y: -2.61 Z: -16.13 @ http://localhost:3000/_next/static/chunks/0-ynv9eqilv7x.js:0
[   13935ms] [LOG] Player X: 12.93 Y: -2.58 Z: -16.04 @ http://localhost:3000/_next/static/chunks/0-ynv9eqilv7x.js:0
[   13938ms] [LOG] Player X: 12.93 Y: -2.56 Z: -15.94 @ http://localhost:3000/_next/static/chunks/0-ynv9eqilv7x.js:0
[   13941ms] [LOG] Player X: 12.93 Y: -2.53 Z: -15.84 @ http://localhost:3000/_next/static/chunks/0-ynv9eqilv7x.js:0
[   13945ms] [LOG] Player X: 12.93 Y: -2.51 Z: -15.75 @ http://localhost:3000/_next/static/chunks/0-ynv9eqilv7x.js:0
[   13948ms] [LOG] Player X: 12.93 Y: -2.48 Z: -15.65 @ http://localhost:3000/_next/static/chunks/0-ynv9eqilv7x.js:0
[   13951ms] [LOG] Player X: 12.93 Y: -2.46 Z: -15.55 @ http://localhost:3000/_next/static/chunks/0-ynv9eqilv7x.js:0
[   13955ms] [LOG] Player X: 12.93 Y: -2.43 Z: -15.46 @ http://localhost:3000/_next/static/chunks/0-ynv9eqilv7x.js:0
[   13958ms] [LOG] Player X: 12.93 Y: -2.41 Z: -15.36 @ http://localhost:3000/_next/static/chunks/0-ynv9eqilv7x.js:0
[   13961ms] [LOG] Player X: 12.92 Y: -2.38 Z: -15.26 @ http://localhost:3000/_next/static/chunks/0-ynv9eqilv7x.js:0
[   13965ms] [LOG] Player X: 12.92 Y: -2.36 Z: -15.17 @ http://localhost:3000/_next/static/chunks/0-ynv9eqilv7x.js:0
[   13968ms] [LOG] Player X: 12.91 Y: -2.33 Z: -15.07 @ http://localhost:3000/_next/static/chunks/0-ynv9eqilv7x.js:0
[   13971ms] [LOG] Player X: 12.90 Y: -2.30 Z: -14.97 @ http://localhost:3000/_next/static/chunks/0-ynv9eqilv7x.js:0
[   13975ms] [LOG] Player X: 12.89 Y: -2.28 Z: -14.88 @ http://localhost:3000/_next/static/chunks/0-ynv9eqilv7x.js:0
[   13978ms] [LOG] Player X: 12.88 Y: -2.25 Z: -14.78 @ http://localhost:3000/_next/static/chunks/0-ynv9eqilv7x.js:0
[   13982ms] [LOG] Player X: 12.87 Y: -2.23 Z: -14.69 @ http://localhost:3000/_next/static/chunks/0-ynv9eqilv7x.js:0
[   13985ms] [LOG] Player X: 12.85 Y: -2.20 Z: -14.59 @ http://localhost:3000/_next/static/chunks/0-ynv9eqilv7x.js:0
[   13989ms] [LOG] Player X: 12.84 Y: -2.17 Z: -14.50 @ http://localhost:3000/_next/static/chunks/0-ynv9eqilv7x.js:0
[   13993ms] [LOG] Player X: 12.82 Y: -2.15 Z: -14.40 @ http://localhost:3000/_next/static/chunks/0-ynv9eqilv7x.js:0
[   13996ms] [LOG] Player X: 12.80 Y: -2.12 Z: -14.31 @ http://localhost:3000/_next/static/chunks/0-ynv9eqilv7x.js:0
[   13998ms] [LOG] Player X: 12.78 Y: -2.10 Z: -14.21 @ http://localhost:3000/_next/static/chunks/0-ynv9eqilv7x.js:0
[   14002ms] [LOG] Player X: 12.76 Y: -2.07 Z: -14.12 @ http://localhost:3000/_next/static/chunks/0-ynv9eqilv7x.js:0
[   14005ms] [LOG] Player X: 12.73 Y: -2.04 Z: -14.02 @ http://localhost:3000/_next/static/chunks/0-ynv9eqilv7x.js:0
[   14008ms] [LOG] Player X: 12.71 Y: -2.02 Z: -13.93 @ http://localhost:3000/_next/static/chunks/0-ynv9eqilv7x.js:0
[   14012ms] [LOG] Player X: 12.68 Y: -1.99 Z: -13.84 @ http://localhost:3000/_next/static/chunks/0-ynv9eqilv7x.js:0
[   14015ms] [LOG] Player X: 12.65 Y: -1.96 Z: -13.75 @ http://localhost:3000/_next/static/chunks/0-ynv9eqilv7x.js:0
[   14018ms] [LOG] Player X: 12.62 Y: -1.94 Z: -13.66 @ http://localhost:3000/_next/static/chunks/0-ynv9eqilv7x.js:0
[   14021ms] [LOG] Player X: 12.59 Y: -1.91 Z: -13.56 @ http://localhost:3000/_next/static/chunks/0-ynv9eqilv7x.js:0
[   14025ms] [LOG] Player X: 12.56 Y: -1.89 Z: -13.47 @ http://localhost:3000/_next/static/chunks/0-ynv9eqilv7x.js:0
[   14028ms] [LOG] Player X: 12.52 Y: -1.86 Z: -13.38 @ http://localhost:3000/_next/static/chunks/0-ynv9eqilv7x.js:0
[   14032ms] [LOG] Player X: 12.49 Y: -1.83 Z: -13.29 @ http://localhost:3000/_next/static/chunks/0-ynv9eqilv7x.js:0
[   14035ms] [LOG] Player X: 12.45 Y: -1.81 Z: -13.20 @ http://localhost:3000/_next/static/chunks/0-ynv9eqilv7x.js:0
[   14038ms] [LOG] Player X: 12.42 Y: -1.78 Z: -13.11 @ http://localhost:3000/_next/static/chunks/0-ynv9eqilv7x.js:0
[   14041ms] [LOG] Player X: 12.38 Y: -1.75 Z: -13.03 @ http://localhost:3000/_next/static/chunks/0-ynv9eqilv7x.js:0
[   14045ms] [LOG] Player X: 12.34 Y: -1.73 Z: -12.94 @ http://localhost:3000/_next/static/chunks/0-ynv9eqilv7x.js:0
[   14048ms] [LOG] Player X: 12.30 Y: -1.70 Z: -12.85 @ http://localhost:3000/_next/static/chunks/0-ynv9eqilv7x.js:0
[   14051ms] [LOG] Player X: 12.26 Y: -1.67 Z: -12.76 @ http://localhost:3000/_next/static/chunks/0-ynv9eqilv7x.js:0
[   14055ms] [LOG] Player X: 12.22 Y: -1.65 Z: -12.67 @ http://localhost:3000/_next/static/chunks/0-ynv9eqilv7x.js:0
[   14059ms] [LOG] Player X: 12.18 Y: -1.62 Z: -12.58 @ http://localhost:3000/_next/static/chunks/0-ynv9eqilv7x.js:0
[   14061ms] [LOG] Player X: 12.14 Y: -1.59 Z: -12.50 @ http://localhost:3000/_next/static/chunks/0-ynv9eqilv7x.js:0
[   14065ms] [LOG] Player X: 12.10 Y: -1.57 Z: -12.41 @ http://localhost:3000/_next/static/chunks/0-ynv9eqilv7x.js:0
[   14068ms] [LOG] Player X: 12.06 Y: -1.54 Z: -12.32 @ http://localhost:3000/_next/static/chunks/0-ynv9eqilv7x.js:0
[   14071ms] [LOG] Player X: 12.02 Y: -1.52 Z: -12.23 @ http://localhost:3000/_next/static/chunks/0-ynv9eqilv7x.js:0
[   14075ms] [LOG] Player X: 11.98 Y: -1.49 Z: -12.15 @ http://localhost:3000/_next/static/chunks/0-ynv9eqilv7x.js:0
[   14078ms] [LOG] Player X: 11.94 Y: -1.46 Z: -12.06 @ http://localhost:3000/_next/static/chunks/0-ynv9eqilv7x.js:0
[   14081ms] [LOG] Player X: 11.90 Y: -1.44 Z: -11.97 @ http://localhost:3000/_next/static/chunks/0-ynv9eqilv7x.js:0
[   14084ms] [LOG] Player X: 11.86 Y: -1.41 Z: -11.88 @ http://localhost:3000/_next/static/chunks/0-ynv9eqilv7x.js:0
[   14088ms] [LOG] Player X: 11.82 Y: -1.38 Z: -11.80 @ http://localhost:3000/_next/static/chunks/0-ynv9eqilv7x.js:0
[   14091ms] [LOG] Player X: 11.78 Y: -1.36 Z: -11.71 @ http://localhost:3000/_next/static/chunks/0-ynv9eqilv7x.js:0
[   14094ms] [LOG] Player X: 11.74 Y: -1.33 Z: -11.62 @ http://localhost:3000/_next/static/chunks/0-ynv9eqilv7x.js:0
[   14098ms] [LOG] Player X: 11.70 Y: -1.30 Z: -11.53 @ http://localhost:3000/_next/static/chunks/0-ynv9eqilv7x.js:0
[   14101ms] [LOG] Player X: 11.66 Y: -1.28 Z: -11.45 @ http://localhost:3000/_next/static/chunks/0-ynv9eqilv7x.js:0
[   14104ms] [LOG] Player X: 11.62 Y: -1.25 Z: -11.36 @ http://localhost:3000/_next/static/chunks/0-ynv9eqilv7x.js:0
[   14108ms] [LOG] Player X: 11.62 Y: -1.25 Z: -11.36 @ http://localhost:3000/_next/static/chunks/0-ynv9eqilv7x.js:0
[   14111ms] [LOG] Player X: 11.62 Y: -1.25 Z: -11.36 @ http://localhost:3000/_next/static/chunks/0-ynv9eqilv7x.js:0
[   14114ms] [LOG] Player X: 11.62 Y: -1.25 Z: -11.36 @ http://localhost:3000/_next/static/chunks/0-ynv9eqilv7x.js:0
[   14118ms] [LOG] Player X: 11.62 Y: -1.25 Z: -11.36 @ http://localhost:3000/_next/static/chunks/0-ynv9eqilv7x.js:0
[   14121ms] [LOG] Player X: 11.62 Y: -1.25 Z: -11.36 @ http://localhost:3000/_next/static/chunks/0-ynv9eqilv7x.js:0
[   14124ms] [LOG] Player X: 11.62 Y: -1.25 Z: -11.36 @ http://localhost:3000/_next/static/chunks/0-ynv9eqilv7x.js:0
[   14128ms] [LOG] Player X: 11.62 Y: -1.25 Z: -11.36 @ http://localhost:3000/_next/static/chunks/0-ynv9eqilv7x.js:0
[   14131ms] [LOG] Player X: 11.62 Y: -1.25 Z: -11.36 @ http://localhost:3000/_next/static/chunks/0-ynv9eqilv7x.js:0
[   14135ms] [LOG] Player X: 11.62 Y: -1.25 Z: -11.36 @ http://localhost:3000/_next/static/chunks/0-ynv9eqilv7x.js:0
[   14138ms] [LOG] Player X: 11.62 Y: -1.25 Z: -11.36 @ http://localhost:3000/_next/static/chunks/0-ynv9eqilv7x.js:0
[   14141ms] [LOG] Player X: 11.62 Y: -1.25 Z: -11.36 @ http://localhost:3000/_next/static/chunks/0-ynv9eqilv7x.js:0
[   14144ms] [LOG] Player X: 11.62 Y: -1.25 Z: -11.36 @ http://localhost:3000/_next/static/chunks/0-ynv9eqilv7x.js:0
[   14148ms] [LOG] Player X: 11.62 Y: -1.25 Z: -11.36 @ http://localhost:3000/_next/static/chunks/0-ynv9eqilv7x.js:0
[   14151ms] [LOG] Player X: 11.62 Y: -1.25 Z: -11.36 @ http://localhost:3000/_next/static/chunks/0-ynv9eqilv7x.js:0
[   14154ms] [LOG] Player X: 11.62 Y: -1.25 Z: -11.36 @ http://localhost:3000/_next/static/chunks/0-ynv9eqilv7x.js:0
[   14158ms] [LOG] Player X: 11.62 Y: -1.25 Z: -11.36 @ http://localhost:3000/_next/static/chunks/0-ynv9eqilv7x.js:0
[   14161ms] [LOG] Player X: 11.62 Y: -1.25 Z: -11.36 @ http://localhost:3000/_next/static/chunks/0-ynv9eqilv7x.js:0
[   14165ms] [LOG] Player X: 11.62 Y: -1.25 Z: -11.36 @ http://localhost:3000/_next/static/chunks/0-ynv9eqilv7x.js:0
[   14168ms] [LOG] Player X: 11.62 Y: -1.25 Z: -11.36 @ http://localhost:3000/_next/static/chunks/0-ynv9eqilv7x.js:0
[   14171ms] [LOG] Player X: 11.62 Y: -1.25 Z: -11.36 @ http://localhost:3000/_next/static/chunks/0-ynv9eqilv7x.js:0
[   14174ms] [LOG] Player X: 11.62 Y: -1.25 Z: -11.36 @ http://localhost:3000/_next/static/chunks/0-ynv9eqilv7x.js:0
[   14178ms] [LOG] Player X: 11.62 Y: -1.25 Z: -11.36 @ http://localhost:3000/_next/static/chunks/0-ynv9eqilv7x.js:0
[   14181ms] [LOG] Player X: 11.62 Y: -1.25 Z: -11.36 @ http://localhost:3000/_next/static/chunks/0-ynv9eqilv7x.js:0
[   14184ms] [LOG] Player X: 11.62 Y: -1.25 Z: -11.36 @ http://localhost:3000/_next/static/chunks/0-ynv9eqilv7x.js:0
[   14188ms] [LOG] Player X: 11.62 Y: -1.25 Z: -11.36 @ http://localhost:3000/_next/static/chunks/0-ynv9eqilv7x.js:0
[   14191ms] [LOG] Player X: 11.62 Y: -1.25 Z: -11.36 @ http://localhost:3000/_next/static/chunks/0-ynv9eqilv7x.js:0
[   14194ms] [LOG] Player X: 11.62 Y: -1.25 Z: -11.36 @ http://localhost:3000/_next/static/chunks/0-ynv9eqilv7x.js:0
[   14198ms] [LOG] Player X: 11.62 Y: -1.25 Z: -11.36 @ http://localhost:3000/_next/static/chunks/0-ynv9eqilv7x.js:0
[   14201ms] [LOG] Player X: 11.62 Y: -1.25 Z: -11.36 @ http://localhost:3000/_next/static/chunks/0-ynv9eqilv7x.js:0
[   14204ms] [LOG] Player X: 11.62 Y: -1.25 Z: -11.36 @ http://localhost:3000/_next/static/chunks/0-ynv9eqilv7x.js:0
[   14208ms] [LOG] Player X: 11.62 Y: -1.25 Z: -11.36 @ http://localhost:3000/_next/static/chunks/0-ynv9eqilv7x.js:0
[   14211ms] [LOG] Player X: 11.62 Y: -1.25 Z: -11.36 @ http://localhost:3000/_next/static/chunks/0-ynv9eqilv7x.js:0
[   14214ms] [LOG] Player X: 11.62 Y: -1.25 Z: -11.36 @ http://localhost:3000/_next/static/chunks/0-ynv9eqilv7x.js:0
[   14218ms] [LOG] Player X: 11.62 Y: -1.25 Z: -11.36 @ http://localhost:3000/_next/static/chunks/0-ynv9eqilv7x.js:0
[   14221ms] [LOG] Player X: 11.62 Y: -1.25 Z: -11.36 @ http://localhost:3000/_next/static/chunks/0-ynv9eqilv7x.js:0
[   14224ms] [LOG] Player X: 11.62 Y: -1.25 Z: -11.36 @ http://localhost:3000/_next/static/chunks/0-ynv9eqilv7x.js:0
[   14228ms] [LOG] Player X: 11.62 Y: -1.25 Z: -11.36 @ http://localhost:3000/_next/static/chunks/0-ynv9eqilv7x.js:0
[   14231ms] [LOG] Player X: 11.62 Y: -1.25 Z: -11.36 @ http://localhost:3000/_next/static/chunks/0-ynv9eqilv7x.js:0
[   14234ms] [LOG] Player X: 11.62 Y: -1.25 Z: -11.36 @ http://localhost:3000/_next/static/chunks/0-ynv9eqilv7x.js:0
[   14238ms] [LOG] Player X: 11.62 Y: -1.25 Z: -11.36 @ http://localhost:3000/_next/static/chunks/0-ynv9eqilv7x.js:0
[   14241ms] [LOG] Player X: 11.62 Y: -1.25 Z: -11.36 @ http://localhost:3000/_next/static/chunks/0-ynv9eqilv7x.js:0
[   14244ms] [LOG] Player X: 11.62 Y: -1.25 Z: -11.36 @ http://localhost:3000/_next/static/chunks/0-ynv9eqilv7x.js:0
[   14248ms] [LOG] Player X: 11.62 Y: -1.25 Z: -11.36 @ http://localhost:3000/_next/static/chunks/0-ynv9eqilv7x.js:0
[   14251ms] [LOG] Player X: 11.62 Y: -1.25 Z: -11.36 @ http://localhost:3000/_next/static/chunks/0-ynv9eqilv7x.js:0
[   14254ms] [LOG] Player X: 11.62 Y: -1.25 Z: -11.36 @ http://localhost:3000/_next/static/chunks/0-ynv9eqilv7x.js:0
[   14258ms] [LOG] Player X: 11.62 Y: -1.25 Z: -11.36 @ http://localhost:3000/_next/static/chunks/0-ynv9eqilv7x.js:0
[   14261ms] [LOG] Player X: 11.62 Y: -1.25 Z: -11.36 @ http://localhost:3000/_next/static/chunks/0-ynv9eqilv7x.js:0
[   14264ms] [LOG] Player X: 11.62 Y: -1.25 Z: -11.36 @ http://localhost:3000/_next/static/chunks/0-ynv9eqilv7x.js:0
[   14268ms] [LOG] Player X: 11.62 Y: -1.25 Z: -11.36 @ http://localhost:3000/_next/static/chunks/0-ynv9eqilv7x.js:0
[   14271ms] [LOG] Player X: 11.62 Y: -1.25 Z: -11.36 @ http://localhost:3000/_next/static/chunks/0-ynv9eqilv7x.js:0
[   14274ms] [LOG] Player X: 11.62 Y: -1.25 Z: -11.36 @ http://localhost:3000/_next/static/chunks/0-ynv9eqilv7x.js:0
[   14278ms] [LOG] Player X: 11.62 Y: -1.25 Z: -11.36 @ http://localhost:3000/_next/static/chunks/0-ynv9eqilv7x.js:0
[   14281ms] [LOG] Player X: 11.62 Y: -1.25 Z: -11.36 @ http://localhost:3000/_next/static/chunks/0-ynv9eqilv7x.js:0
[   14284ms] [LOG] Player X: 11.62 Y: -1.25 Z: -11.36 @ http://localhost:3000/_next/static/chunks/0-ynv9eqilv7x.js:0
[   14288ms] [LOG] Player X: 11.62 Y: -1.25 Z: -11.36 @ http://localhost:3000/_next/static/chunks/0-ynv9eqilv7x.js:0
[   14291ms] [LOG] Player X: 11.62 Y: -1.25 Z: -11.36 @ http://localhost:3000/_next/static/chunks/0-ynv9eqilv7x.js:0
[   14294ms] [LOG] Player X: 11.62 Y: -1.25 Z: -11.36 @ http://localhost:3000/_next/static/chunks/0-ynv9eqilv7x.js:0
[   14298ms] [LOG] Player X: 11.62 Y: -1.25 Z: -11.36 @ http://localhost:3000/_next/static/chunks/0-ynv9eqilv7x.js:0
[   14301ms] [LOG] Player X: 11.62 Y: -1.25 Z: -11.36 @ http://localhost:3000/_next/static/chunks/0-ynv9eqilv7x.js:0
[   14304ms] [LOG] Player X: 11.62 Y: -1.25 Z: -11.36 @ http://localhost:3000/_next/static/chunks/0-ynv9eqilv7x.js:0
[   14308ms] [LOG] Player X: 11.62 Y: -1.25 Z: -11.36 @ http://localhost:3000/_next/static/chunks/0-ynv9eqilv7x.js:0
[   14311ms] [LOG] Player X: 11.62 Y: -1.25 Z: -11.36 @ http://localhost:3000/_next/static/chunks/0-ynv9eqilv7x.js:0
[   14314ms] [LOG] Player X: 11.62 Y: -1.25 Z: -11.36 @ http://localhost:3000/_next/static/chunks/0-ynv9eqilv7x.js:0
[   14318ms] [LOG] Player X: 11.62 Y: -1.25 Z: -11.36 @ http://localhost:3000/_next/static/chunks/0-ynv9eqilv7x.js:0
[   14321ms] [LOG] Player X: 11.62 Y: -1.25 Z: -11.36 @ http://localhost:3000/_next/static/chunks/0-ynv9eqilv7x.js:0
[   14324ms] [LOG] Player X: 11.62 Y: -1.25 Z: -11.36 @ http://localhost:3000/_next/static/chunks/0-ynv9eqilv7x.js:0
[   14328ms] [LOG] Player X: 11.62 Y: -1.25 Z: -11.36 @ http://localhost:3000/_next/static/chunks/0-ynv9eqilv7x.js:0
[   14331ms] [LOG] Player X: 11.62 Y: -1.25 Z: -11.36 @ http://localhost:3000/_next/static/chunks/0-ynv9eqilv7x.js:0
[   14334ms] [LOG] Player X: 11.62 Y: -1.25 Z: -11.36 @ http://localhost:3000/_next/static/chunks/0-ynv9eqilv7x.js:0
[   14338ms] [LOG] Player X: 11.62 Y: -1.25 Z: -11.36 @ http://localhost:3000/_next/static/chunks/0-ynv9eqilv7x.js:0
[   14341ms] [LOG] Player X: 11.62 Y: -1.25 Z: -11.36 @ http://localhost:3000/_next/static/chunks/0-ynv9eqilv7x.js:0
[   14344ms] [LOG] Player X: 11.62 Y: -1.25 Z: -11.36 @ http://localhost:3000/_next/static/chunks/0-ynv9eqilv7x.js:0
[   14348ms] [LOG] Player X: 11.62 Y: -1.25 Z: -11.36 @ http://localhost:3000/_next/static/chunks/0-ynv9eqilv7x.js:0
[   14351ms] [LOG] Player X: 11.62 Y: -1.25 Z: -11.36 @ http://localhost:3000/_next/static/chunks/0-ynv9eqilv7x.js:0
[   14354ms] [LOG] Player X: 11.62 Y: -1.25 Z: -11.36 @ http://localhost:3000/_next/static/chunks/0-ynv9eqilv7x.js:0
[   14358ms] [LOG] Player X: 11.62 Y: -1.25 Z: -11.36 @ http://localhost:3000/_next/static/chunks/0-ynv9eqilv7x.js:0
[   14361ms] [LOG] Player X: 11.62 Y: -1.25 Z: -11.36 @ http://localhost:3000/_next/static/chunks/0-ynv9eqilv7x.js:0
[   14364ms] [LOG] Player X: 11.62 Y: -1.25 Z: -11.36 @ http://localhost:3000/_next/static/chunks/0-ynv9eqilv7x.js:0
[   14368ms] [LOG] Player X: 11.62 Y: -1.25 Z: -11.36 @ http://localhost:3000/_next/static/chunks/0-ynv9eqilv7x.js:0
[   14371ms] [LOG] Player X: 11.62 Y: -1.25 Z: -11.36 @ http://localhost:3000/_next/static/chunks/0-ynv9eqilv7x.js:0
[   14374ms] [LOG] Player X: 11.62 Y: -1.25 Z: -11.36 @ http://localhost:3000/_next/static/chunks/0-ynv9eqilv7x.js:0
[   14378ms] [LOG] Player X: 11.62 Y: -1.25 Z: -11.36 @ http://localhost:3000/_next/static/chunks/0-ynv9eqilv7x.js:0
[   14381ms] [LOG] Player X: 11.62 Y: -1.25 Z: -11.36 @ http://localhost:3000/_next/static/chunks/0-ynv9eqilv7x.js:0
[   14384ms] [LOG] Player X: 11.62 Y: -1.25 Z: -11.36 @ http://localhost:3000/_next/static/chunks/0-ynv9eqilv7x.js:0
[   14388ms] [LOG] Player X: 11.62 Y: -1.25 Z: -11.36 @ http://localhost:3000/_next/static/chunks/0-ynv9eqilv7x.js:0
[   14391ms] [LOG] Player X: 11.62 Y: -1.25 Z: -11.36 @ http://localhost:3000/_next/static/chunks/0-ynv9eqilv7x.js:0
[   14394ms] [LOG] Player X: 11.62 Y: -1.25 Z: -11.36 @ http://localhost:3000/_next/static/chunks/0-ynv9eqilv7x.js:0
[   14398ms] [LOG] Player X: 11.62 Y: -1.25 Z: -11.36 @ http://localhost:3000/_next/static/chunks/0-ynv9eqilv7x.js:0
[   14401ms] [LOG] Player X: 11.62 Y: -1.25 Z: -11.36 @ http://localhost:3000/_next/static/chunks/0-ynv9eqilv7x.js:0
[   14404ms] [LOG] Player X: 11.62 Y: -1.25 Z: -11.36 @ http://localhost:3000/_next/static/chunks/0-ynv9eqilv7x.js:0
[   14408ms] [LOG] Player X: 11.62 Y: -1.25 Z: -11.36 @ http://localhost:3000/_next/static/chunks/0-ynv9eqilv7x.js:0
[   14411ms] [LOG] Player X: 11.62 Y: -1.25 Z: -11.36 @ http://localhost:3000/_next/static/chunks/0-ynv9eqilv7x.js:0
[   14414ms] [LOG] Player X: 11.62 Y: -1.25 Z: -11.36 @ http://localhost:3000/_next/static/chunks/0-ynv9eqilv7x.js:0
[   14418ms] [LOG] Player X: 11.62 Y: -1.25 Z: -11.36 @ http://localhost:3000/_next/static/chunks/0-ynv9eqilv7x.js:0
[   14421ms] [LOG] Player X: 11.62 Y: -1.25 Z: -11.36 @ http://localhost:3000/_next/static/chunks/0-ynv9eqilv7x.js:0
[   14424ms] [LOG] Player X: 11.62 Y: -1.25 Z: -11.36 @ http://localhost:3000/_next/static/chunks/0-ynv9eqilv7x.js:0
[   14428ms] [LOG] Player X: 11.62 Y: -1.25 Z: -11.36 @ http://localhost:3000/_next/static/chunks/0-ynv9eqilv7x.js:0
[   14431ms] [LOG] Player X: 11.62 Y: -1.25 Z: -11.36 @ http://localhost:3000/_next/static/chunks/0-ynv9eqilv7x.js:0
[   14434ms] [LOG] Player X: 11.62 Y: -1.25 Z: -11.36 @ http://localhost:3000/_next/static/chunks/0-ynv9eqilv7x.js:0
[   14438ms] [LOG] Player X: 11.62 Y: -1.25 Z: -11.36 @ http://localhost:3000/_next/static/chunks/0-ynv9eqilv7x.js:0
[   14441ms] [LOG] Player X: 11.62 Y: -1.25 Z: -11.36 @ http://localhost:3000/_next/static/chunks/0-ynv9eqilv7x.js:0
[   14444ms] [LOG] Player X: 11.62 Y: -1.25 Z: -11.36 @ http://localhost:3000/_next/static/chunks/0-ynv9eqilv7x.js:0
[   14448ms] [LOG] Player X: 11.62 Y: -1.25 Z: -11.36 @ http://localhost:3000/_next/static/chunks/0-ynv9eqilv7x.js:0
[   14451ms] [LOG] Player X: 11.62 Y: -1.25 Z: -11.36 @ http://localhost:3000/_next/static/chunks/0-ynv9eqilv7x.js:0
[   14454ms] [LOG] Player X: 11.62 Y: -1.25 Z: -11.36 @ http://localhost:3000/_next/static/chunks/0-ynv9eqilv7x.js:0
[   14458ms] [LOG] Player X: 11.62 Y: -1.25 Z: -11.36 @ http://localhost:3000/_next/static/chunks/0-ynv9eqilv7x.js:0
[   14461ms] [LOG] Player X: 11.62 Y: -1.25 Z: -11.36 @ http://localhost:3000/_next/static/chunks/0-ynv9eqilv7x.js:0
[   14465ms] [LOG] Player X: 11.62 Y: -1.25 Z: -11.36 @ http://localhost:3000/_next/static/chunks/0-ynv9eqilv7x.js:0
[   14471ms] [LOG] Player X: 11.62 Y: -1.25 Z: -11.36 @ http://localhost:3000/_next/static/chunks/0-ynv9eqilv7x.js:0
[   14474ms] [LOG] Player X: 11.62 Y: -1.25 Z: -11.36 @ http://localhost:3000/_next/static/chunks/0-ynv9eqilv7x.js:0
[   14477ms] [LOG] Player X: 11.62 Y: -1.25 Z: -11.36 @ http://localhost:3000/_next/static/chunks/0-ynv9eqilv7x.js:0
[   14479ms] [LOG] Player X: 11.62 Y: -1.25 Z: -11.36 @ http://localhost:3000/_next/static/chunks/0-ynv9eqilv7x.js:0
[   14484ms] [LOG] Player X: 11.62 Y: -1.25 Z: -11.36 @ http://localhost:3000/_next/static/chunks/0-ynv9eqilv7x.js:0
[   14485ms] [LOG] Player X: 11.62 Y: -1.25 Z: -11.36 @ http://localhost:3000/_next/static/chunks/0-ynv9eqilv7x.js:0
[   14488ms] [LOG] Player X: 11.62 Y: -1.25 Z: -11.36 @ http://localhost:3000/_next/static/chunks/0-ynv9eqilv7x.js:0
[   14491ms] [LOG] Player X: 11.62 Y: -1.25 Z: -11.36 @ http://localhost:3000/_next/static/chunks/0-ynv9eqilv7x.js:0
[   14494ms] [LOG] Player X: 11.58 Y: -1.23 Z: -11.27 @ http://localhost:3000/_next/static/chunks/0-ynv9eqilv7x.js:0
[   14498ms] [LOG] Player X: 11.54 Y: -1.20 Z: -11.18 @ http://localhost:3000/_next/static/chunks/0-ynv9eqilv7x.js:0
[   14501ms] [LOG] Player X: 11.50 Y: -1.17 Z: -11.10 @ http://localhost:3000/_next/static/chunks/0-ynv9eqilv7x.js:0
[   14505ms] [LOG] Player X: 11.46 Y: -1.15 Z: -11.01 @ http://localhost:3000/_next/static/chunks/0-ynv9eqilv7x.js:0
[   14508ms] [LOG] Player X: 11.42 Y: -1.12 Z: -10.92 @ http://localhost:3000/_next/static/chunks/0-ynv9eqilv7x.js:0
[   14511ms] [LOG] Player X: 11.38 Y: -1.09 Z: -10.83 @ http://localhost:3000/_next/static/chunks/0-ynv9eqilv7x.js:0
[   14515ms] [LOG] Player X: 11.34 Y: -1.07 Z: -10.75 @ http://localhost:3000/_next/static/chunks/0-ynv9eqilv7x.js:0
[   14518ms] [LOG] Player X: 11.30 Y: -1.04 Z: -10.66 @ http://localhost:3000/_next/static/chunks/0-ynv9eqilv7x.js:0
[   14521ms] [LOG] Player X: 11.26 Y: -1.01 Z: -10.57 @ http://localhost:3000/_next/static/chunks/0-ynv9eqilv7x.js:0
[   14525ms] [LOG] Player X: 11.21 Y: -0.99 Z: -10.48 @ http://localhost:3000/_next/static/chunks/0-ynv9eqilv7x.js:0
[   14528ms] [LOG] Player X: 11.17 Y: -0.96 Z: -10.40 @ http://localhost:3000/_next/static/chunks/0-ynv9eqilv7x.js:0
[   14531ms] [LOG] Player X: 11.13 Y: -0.93 Z: -10.31 @ http://localhost:3000/_next/static/chunks/0-ynv9eqilv7x.js:0
[   14535ms] [LOG] Player X: 11.09 Y: -0.91 Z: -10.22 @ http://localhost:3000/_next/static/chunks/0-ynv9eqilv7x.js:0
[   14539ms] [LOG] Player X: 11.05 Y: -0.88 Z: -10.13 @ http://localhost:3000/_next/static/chunks/0-ynv9eqilv7x.js:0
[   14541ms] [LOG] Player X: 11.01 Y: -0.85 Z: -10.05 @ http://localhost:3000/_next/static/chunks/0-ynv9eqilv7x.js:0
[   14544ms] [LOG] Player X: 10.97 Y: -0.83 Z: -9.96 @ http://localhost:3000/_next/static/chunks/0-ynv9eqilv7x.js:0
[   14548ms] [LOG] Player X: 10.93 Y: -0.80 Z: -9.87 @ http://localhost:3000/_next/static/chunks/0-ynv9eqilv7x.js:0
[   14551ms] [LOG] Player X: 10.89 Y: -0.77 Z: -9.78 @ http://localhost:3000/_next/static/chunks/0-ynv9eqilv7x.js:0
[   14554ms] [LOG] Player X: 10.85 Y: -0.75 Z: -9.70 @ http://localhost:3000/_next/static/chunks/0-ynv9eqilv7x.js:0
[   14558ms] [LOG] Player X: 10.81 Y: -0.72 Z: -9.61 @ http://localhost:3000/_next/static/chunks/0-ynv9eqilv7x.js:0
[   14561ms] [LOG] Player X: 10.76 Y: -0.70 Z: -9.52 @ http://localhost:3000/_next/static/chunks/0-ynv9eqilv7x.js:0
[   14564ms] [LOG] Player X: 10.72 Y: -0.67 Z: -9.44 @ http://localhost:3000/_next/static/chunks/0-ynv9eqilv7x.js:0
[   14568ms] [LOG] Player X: 10.68 Y: -0.64 Z: -9.35 @ http://localhost:3000/_next/static/chunks/0-ynv9eqilv7x.js:0
[   14571ms] [LOG] Player X: 10.64 Y: -0.62 Z: -9.26 @ http://localhost:3000/_next/static/chunks/0-ynv9eqilv7x.js:0
[   14574ms] [LOG] Player X: 10.60 Y: -0.59 Z: -9.17 @ http://localhost:3000/_next/static/chunks/0-ynv9eqilv7x.js:0
[   14578ms] [LOG] Player X: 10.56 Y: -0.56 Z: -9.09 @ http://localhost:3000/_next/static/chunks/0-ynv9eqilv7x.js:0
[   14581ms] [LOG] Player X: 10.52 Y: -0.54 Z: -9.00 @ http://localhost:3000/_next/static/chunks/0-ynv9eqilv7x.js:0
[   14584ms] [LOG] Player X: 10.48 Y: -0.51 Z: -8.91 @ http://localhost:3000/_next/static/chunks/0-ynv9eqilv7x.js:0
[   14588ms] [LOG] Player X: 10.44 Y: -0.48 Z: -8.82 @ http://localhost:3000/_next/static/chunks/0-ynv9eqilv7x.js:0
[   14591ms] [LOG] Player X: 10.40 Y: -0.46 Z: -8.74 @ http://localhost:3000/_next/static/chunks/0-ynv9eqilv7x.js:0
[   14594ms] [LOG] Player X: 10.36 Y: -0.43 Z: -8.65 @ http://localhost:3000/_next/static/chunks/0-ynv9eqilv7x.js:0
[   14598ms] [LOG] Player X: 10.31 Y: -0.40 Z: -8.56 @ http://localhost:3000/_next/static/chunks/0-ynv9eqilv7x.js:0
[   14603ms] [LOG] Player X: 10.27 Y: -0.38 Z: -8.47 @ http://localhost:3000/_next/static/chunks/0-ynv9eqilv7x.js:0
[   14606ms] [LOG] Player X: 10.23 Y: -0.35 Z: -8.39 @ http://localhost:3000/_next/static/chunks/0-ynv9eqilv7x.js:0
[   14610ms] [LOG] Player X: 10.19 Y: -0.32 Z: -8.30 @ http://localhost:3000/_next/static/chunks/0-ynv9eqilv7x.js:0
[   14612ms] [LOG] Player X: 10.15 Y: -0.30 Z: -8.21 @ http://localhost:3000/_next/static/chunks/0-ynv9eqilv7x.js:0
[   14615ms] [LOG] Player X: 10.11 Y: -0.27 Z: -8.13 @ http://localhost:3000/_next/static/chunks/0-ynv9eqilv7x.js:0
[   14618ms] [LOG] Player X: 10.07 Y: -0.24 Z: -8.04 @ http://localhost:3000/_next/static/chunks/0-ynv9eqilv7x.js:0
[   14621ms] [LOG] Player X: 10.03 Y: -0.22 Z: -7.95 @ http://localhost:3000/_next/static/chunks/0-ynv9eqilv7x.js:0
[   14624ms] [LOG] Player X: 9.99 Y: -0.19 Z: -7.86 @ http://localhost:3000/_next/static/chunks/0-ynv9eqilv7x.js:0
[   14628ms] [LOG] Player X: 9.95 Y: -0.16 Z: -7.78 @ http://localhost:3000/_next/static/chunks/0-ynv9eqilv7x.js:0
[   14631ms] [LOG] Player X: 9.91 Y: -0.14 Z: -7.69 @ http://localhost:3000/_next/static/chunks/0-ynv9eqilv7x.js:0
[   14634ms] [LOG] Player X: 9.86 Y: -0.11 Z: -7.60 @ http://localhost:3000/_next/static/chunks/0-ynv9eqilv7x.js:0
[   14638ms] [LOG] Player X: 9.82 Y: -0.08 Z: -7.51 @ http://localhost:3000/_next/static/chunks/0-ynv9eqilv7x.js:0
[   14641ms] [LOG] Player X: 9.78 Y: -0.06 Z: -7.43 @ http://localhost:3000/_next/static/chunks/0-ynv9eqilv7x.js:0
[   14644ms] [LOG] Player X: 9.74 Y: -0.03 Z: -7.34 @ http://localhost:3000/_next/static/chunks/0-ynv9eqilv7x.js:0
[   14648ms] [LOG] Player X: 9.70 Y: -0.00 Z: -7.25 @ http://localhost:3000/_next/static/chunks/0-ynv9eqilv7x.js:0
[   14651ms] [LOG] Player X: 9.66 Y: 0.02 Z: -7.17 @ http://localhost:3000/_next/static/chunks/0-ynv9eqilv7x.js:0
[   14654ms] [LOG] Player X: 9.62 Y: 0.05 Z: -7.08 @ http://localhost:3000/_next/static/chunks/0-ynv9eqilv7x.js:0
[   14658ms] [LOG] Player X: 9.58 Y: 0.08 Z: -6.99 @ http://localhost:3000/_next/static/chunks/0-ynv9eqilv7x.js:0
[   14661ms] [LOG] Player X: 9.54 Y: 0.10 Z: -6.90 @ http://localhost:3000/_next/static/chunks/0-ynv9eqilv7x.js:0
[   14664ms] [LOG] Player X: 9.50 Y: 0.13 Z: -6.82 @ http://localhost:3000/_next/static/chunks/0-ynv9eqilv7x.js:0
[   14668ms] [LOG] Player X: 9.46 Y: 0.16 Z: -6.73 @ http://localhost:3000/_next/static/chunks/0-ynv9eqilv7x.js:0
[   14671ms] [LOG] Player X: 9.41 Y: 0.18 Z: -6.64 @ http://localhost:3000/_next/static/chunks/0-ynv9eqilv7x.js:0
[   14674ms] [LOG] Player X: 9.37 Y: 0.21 Z: -6.55 @ http://localhost:3000/_next/static/chunks/0-ynv9eqilv7x.js:0
[   14678ms] [LOG] Player X: 9.33 Y: 0.24 Z: -6.47 @ http://localhost:3000/_next/static/chunks/0-ynv9eqilv7x.js:0
[   14681ms] [LOG] Player X: 9.29 Y: 0.26 Z: -6.38 @ http://localhost:3000/_next/static/chunks/0-ynv9eqilv7x.js:0
[   14684ms] [LOG] Player X: 9.25 Y: 0.29 Z: -6.29 @ http://localhost:3000/_next/static/chunks/0-ynv9eqilv7x.js:0
[   14688ms] [LOG] Player X: 9.21 Y: 0.32 Z: -6.21 @ http://localhost:3000/_next/static/chunks/0-ynv9eqilv7x.js:0
[   14691ms] [LOG] Player X: 9.17 Y: 0.34 Z: -6.12 @ http://localhost:3000/_next/static/chunks/0-ynv9eqilv7x.js:0
[   14694ms] [LOG] Player X: 9.13 Y: 0.37 Z: -6.03 @ http://localhost:3000/_next/static/chunks/0-ynv9eqilv7x.js:0
[   14698ms] [LOG] Player X: 9.09 Y: 0.40 Z: -5.94 @ http://localhost:3000/_next/static/chunks/0-ynv9eqilv7x.js:0
[   14701ms] [LOG] Player X: 9.05 Y: 0.42 Z: -5.86 @ http://localhost:3000/_next/static/chunks/0-ynv9eqilv7x.js:0
[   14705ms] [LOG] Player X: 9.01 Y: 0.45 Z: -5.77 @ http://localhost:3000/_next/static/chunks/0-ynv9eqilv7x.js:0
[   14708ms] [LOG] Player X: 8.96 Y: 0.48 Z: -5.68 @ http://localhost:3000/_next/static/chunks/0-ynv9eqilv7x.js:0
[   14711ms] [LOG] Player X: 8.92 Y: 0.50 Z: -5.59 @ http://localhost:3000/_next/static/chunks/0-ynv9eqilv7x.js:0
[   14714ms] [LOG] Player X: 8.88 Y: 0.53 Z: -5.51 @ http://localhost:3000/_next/static/chunks/0-ynv9eqilv7x.js:0
[   14718ms] [LOG] Player X: 8.84 Y: 0.55 Z: -5.42 @ http://localhost:3000/_next/static/chunks/0-ynv9eqilv7x.js:0
[   14721ms] [LOG] Player X: 8.80 Y: 0.58 Z: -5.33 @ http://localhost:3000/_next/static/chunks/0-ynv9eqilv7x.js:0
[   14724ms] [LOG] Player X: 8.76 Y: 0.61 Z: -5.25 @ http://localhost:3000/_next/static/chunks/0-ynv9eqilv7x.js:0
[   14728ms] [LOG] Player X: 8.72 Y: 0.63 Z: -5.16 @ http://localhost:3000/_next/static/chunks/0-ynv9eqilv7x.js:0
[   14731ms] [LOG] Player X: 8.68 Y: 0.66 Z: -5.07 @ http://localhost:3000/_next/static/chunks/0-ynv9eqilv7x.js:0
[   14734ms] [LOG] Player X: 8.64 Y: 0.69 Z: -4.98 @ http://localhost:3000/_next/static/chunks/0-ynv9eqilv7x.js:0
[   14738ms] [LOG] Player X: 8.60 Y: 0.71 Z: -4.90 @ http://localhost:3000/_next/static/chunks/0-ynv9eqilv7x.js:0
[   14741ms] [LOG] Player X: 8.55 Y: 0.74 Z: -4.81 @ http://localhost:3000/_next/static/chunks/0-ynv9eqilv7x.js:0
[   14744ms] [LOG] Player X: 8.51 Y: 0.77 Z: -4.72 @ http://localhost:3000/_next/static/chunks/0-ynv9eqilv7x.js:0
[   14748ms] [LOG] Player X: 8.47 Y: 0.79 Z: -4.63 @ http://localhost:3000/_next/static/chunks/0-ynv9eqilv7x.js:0
[   14751ms] [LOG] Player X: 8.43 Y: 0.82 Z: -4.55 @ http://localhost:3000/_next/static/chunks/0-ynv9eqilv7x.js:0
[   14754ms] [LOG] Player X: 8.39 Y: 0.85 Z: -4.46 @ http://localhost:3000/_next/static/chunks/0-ynv9eqilv7x.js:0
[   14758ms] [LOG] Player X: 8.35 Y: 0.87 Z: -4.37 @ http://localhost:3000/_next/static/chunks/0-ynv9eqilv7x.js:0
[   14761ms] [LOG] Player X: 8.31 Y: 0.90 Z: -4.29 @ http://localhost:3000/_next/static/chunks/0-ynv9eqilv7x.js:0
[   14764ms] [LOG] Player X: 8.27 Y: 0.93 Z: -4.20 @ http://localhost:3000/_next/static/chunks/0-ynv9eqilv7x.js:0
[   14768ms] [LOG] Player X: 8.23 Y: 0.95 Z: -4.11 @ http://localhost:3000/_next/static/chunks/0-ynv9eqilv7x.js:0
[   14771ms] [LOG] Player X: 8.19 Y: 0.98 Z: -4.02 @ http://localhost:3000/_next/static/chunks/0-ynv9eqilv7x.js:0
[   14774ms] [LOG] Player X: 8.15 Y: 1.01 Z: -3.94 @ http://localhost:3000/_next/static/chunks/0-ynv9eqilv7x.js:0
[   14778ms] [LOG] Player X: 8.10 Y: 1.03 Z: -3.85 @ http://localhost:3000/_next/static/chunks/0-ynv9eqilv7x.js:0
[   14781ms] [LOG] Player X: 8.06 Y: 1.06 Z: -3.76 @ http://localhost:3000/_next/static/chunks/0-ynv9eqilv7x.js:0
[   14784ms] [LOG] Player X: 8.02 Y: 1.09 Z: -3.67 @ http://localhost:3000/_next/static/chunks/0-ynv9eqilv7x.js:0
[   14788ms] [LOG] Player X: 7.98 Y: 1.11 Z: -3.59 @ http://localhost:3000/_next/static/chunks/0-ynv9eqilv7x.js:0
[   14791ms] [LOG] Player X: 7.94 Y: 1.14 Z: -3.50 @ http://localhost:3000/_next/static/chunks/0-ynv9eqilv7x.js:0
[   14794ms] [LOG] Player X: 7.90 Y: 1.17 Z: -3.41 @ http://localhost:3000/_next/static/chunks/0-ynv9eqilv7x.js:0
[   14798ms] [LOG] Player X: 7.86 Y: 1.19 Z: -3.33 @ http://localhost:3000/_next/static/chunks/0-ynv9eqilv7x.js:0
[   14801ms] [LOG] Player X: 7.82 Y: 1.22 Z: -3.24 @ http://localhost:3000/_next/static/chunks/0-ynv9eqilv7x.js:0
[   14804ms] [LOG] Player X: 7.78 Y: 1.25 Z: -3.15 @ http://localhost:3000/_next/static/chunks/0-ynv9eqilv7x.js:0
[   14808ms] [LOG] Player X: 7.74 Y: 1.27 Z: -3.06 @ http://localhost:3000/_next/static/chunks/0-ynv9eqilv7x.js:0
[   14811ms] [LOG] Player X: 7.70 Y: 1.30 Z: -2.98 @ http://localhost:3000/_next/static/chunks/0-ynv9eqilv7x.js:0
[   14814ms] [LOG] Player X: 7.66 Y: 1.33 Z: -2.89 @ http://localhost:3000/_next/static/chunks/0-ynv9eqilv7x.js:0
[   14818ms] [LOG] Player X: 7.62 Y: 1.35 Z: -2.80 @ http://localhost:3000/_next/static/chunks/0-ynv9eqilv7x.js:0
[   14821ms] [LOG] Player X: 7.57 Y: 1.38 Z: -2.71 @ http://localhost:3000/_next/static/chunks/0-ynv9eqilv7x.js:0
[   14824ms] [LOG] Player X: 7.53 Y: 1.41 Z: -2.63 @ http://localhost:3000/_next/static/chunks/0-ynv9eqilv7x.js:0
[   14828ms] [LOG] Player X: 7.49 Y: 1.43 Z: -2.54 @ http://localhost:3000/_next/static/chunks/0-ynv9eqilv7x.js:0
[   14831ms] [LOG] Player X: 7.45 Y: 1.46 Z: -2.45 @ http://localhost:3000/_next/static/chunks/0-ynv9eqilv7x.js:0
[   14834ms] [LOG] Player X: 7.41 Y: 1.49 Z: -2.36 @ http://localhost:3000/_next/static/chunks/0-ynv9eqilv7x.js:0
[   14838ms] [LOG] Player X: 7.37 Y: 1.51 Z: -2.28 @ http://localhost:3000/_next/static/chunks/0-ynv9eqilv7x.js:0
[   14841ms] [LOG] Player X: 7.33 Y: 1.54 Z: -2.19 @ http://localhost:3000/_next/static/chunks/0-ynv9eqilv7x.js:0
[   14845ms] [LOG] Player X: 7.29 Y: 1.57 Z: -2.10 @ http://localhost:3000/_next/static/chunks/0-ynv9eqilv7x.js:0
[   14848ms] [LOG] Player X: 7.25 Y: 1.59 Z: -2.01 @ http://localhost:3000/_next/static/chunks/0-ynv9eqilv7x.js:0
[   14851ms] [LOG] Player X: 7.21 Y: 1.62 Z: -1.93 @ http://localhost:3000/_next/static/chunks/0-ynv9eqilv7x.js:0
[   14855ms] [LOG] Player X: 7.17 Y: 1.64 Z: -1.84 @ http://localhost:3000/_next/static/chunks/0-ynv9eqilv7x.js:0
[   14858ms] [LOG] Player X: 7.13 Y: 1.67 Z: -1.75 @ http://localhost:3000/_next/static/chunks/0-ynv9eqilv7x.js:0
[   14861ms] [LOG] Player X: 7.09 Y: 1.70 Z: -1.66 @ http://localhost:3000/_next/static/chunks/0-ynv9eqilv7x.js:0
[   14865ms] [LOG] Player X: 7.05 Y: 1.72 Z: -1.57 @ http://localhost:3000/_next/static/chunks/0-ynv9eqilv7x.js:0
[   14868ms] [LOG] Player X: 7.01 Y: 1.75 Z: -1.49 @ http://localhost:3000/_next/static/chunks/0-ynv9eqilv7x.js:0
[   14871ms] [LOG] Player X: 6.97 Y: 1.77 Z: -1.40 @ http://localhost:3000/_next/static/chunks/0-ynv9eqilv7x.js:0
[   14874ms] [LOG] Player X: 6.93 Y: 1.80 Z: -1.31 @ http://localhost:3000/_next/static/chunks/0-ynv9eqilv7x.js:0
[   14878ms] [LOG] Player X: 6.90 Y: 1.82 Z: -1.22 @ http://localhost:3000/_next/static/chunks/0-ynv9eqilv7x.js:0
[   14881ms] [LOG] Player X: 6.86 Y: 1.85 Z: -1.13 @ http://localhost:3000/_next/static/chunks/0-ynv9eqilv7x.js:0
[   14885ms] [LOG] Player X: 6.82 Y: 1.87 Z: -1.04 @ http://localhost:3000/_next/static/chunks/0-ynv9eqilv7x.js:0
[   14888ms] [LOG] Player X: 6.78 Y: 1.90 Z: -0.95 @ http://localhost:3000/_next/static/chunks/0-ynv9eqilv7x.js:0
[   14891ms] [LOG] Player X: 6.74 Y: 1.92 Z: -0.86 @ http://localhost:3000/_next/static/chunks/0-ynv9eqilv7x.js:0
[   14895ms] [LOG] Player X: 6.70 Y: 1.94 Z: -0.78 @ http://localhost:3000/_next/static/chunks/0-ynv9eqilv7x.js:0
[   14898ms] [LOG] Player X: 6.66 Y: 1.97 Z: -0.69 @ http://localhost:3000/_next/static/chunks/0-ynv9eqilv7x.js:0
[   14901ms] [LOG] Player X: 6.62 Y: 1.99 Z: -0.60 @ http://localhost:3000/_next/static/chunks/0-ynv9eqilv7x.js:0
[   14905ms] [LOG] Player X: 6.58 Y: 2.01 Z: -0.51 @ http://localhost:3000/_next/static/chunks/0-ynv9eqilv7x.js:0
[   14908ms] [LOG] Player X: 6.54 Y: 2.03 Z: -0.42 @ http://localhost:3000/_next/static/chunks/0-ynv9eqilv7x.js:0
[   14911ms] [LOG] Player X: 6.50 Y: 2.05 Z: -0.33 @ http://localhost:3000/_next/static/chunks/0-ynv9eqilv7x.js:0
[   14915ms] [LOG] Player X: 6.47 Y: 2.07 Z: -0.24 @ http://localhost:3000/_next/static/chunks/0-ynv9eqilv7x.js:0
[   14918ms] [LOG] Player X: 6.43 Y: 2.09 Z: -0.15 @ http://localhost:3000/_next/static/chunks/0-ynv9eqilv7x.js:0
[   14921ms] [LOG] Player X: 6.39 Y: 2.11 Z: -0.06 @ http://localhost:3000/_next/static/chunks/0-ynv9eqilv7x.js:0
[   14925ms] [LOG] Player X: 6.35 Y: 2.13 Z: 0.03 @ http://localhost:3000/_next/static/chunks/0-ynv9eqilv7x.js:0
[   14928ms] [LOG] Player X: 6.31 Y: 2.14 Z: 0.12 @ http://localhost:3000/_next/static/chunks/0-ynv9eqilv7x.js:0
[   14931ms] [LOG] Player X: 6.27 Y: 2.16 Z: 0.21 @ http://localhost:3000/_next/static/chunks/0-ynv9eqilv7x.js:0
[   14935ms] [LOG] Player X: 6.23 Y: 2.17 Z: 0.31 @ http://localhost:3000/_next/static/chunks/0-ynv9eqilv7x.js:0
[   14938ms] [LOG] Player X: 6.19 Y: 2.19 Z: 0.40 @ http://localhost:3000/_next/static/chunks/0-ynv9eqilv7x.js:0
[   14941ms] [LOG] Player X: 6.15 Y: 2.20 Z: 0.49 @ http://localhost:3000/_next/static/chunks/0-ynv9eqilv7x.js:0
[   14944ms] [LOG] Player X: 6.12 Y: 2.21 Z: 0.58 @ http://localhost:3000/_next/static/chunks/0-ynv9eqilv7x.js:0
[   14948ms] [LOG] Player X: 6.08 Y: 2.22 Z: 0.67 @ http://localhost:3000/_next/static/chunks/0-ynv9eqilv7x.js:0
[   14952ms] [LOG] Player X: 6.04 Y: 2.23 Z: 0.76 @ http://localhost:3000/_next/static/chunks/0-ynv9eqilv7x.js:0
[   14955ms] [LOG] Player X: 6.00 Y: 2.24 Z: 0.85 @ http://localhost:3000/_next/static/chunks/0-ynv9eqilv7x.js:0
[   14958ms] [LOG] Player X: 5.96 Y: 2.25 Z: 0.94 @ http://localhost:3000/_next/static/chunks/0-ynv9eqilv7x.js:0
[   14961ms] [LOG] Player X: 5.92 Y: 2.25 Z: 1.04 @ http://localhost:3000/_next/static/chunks/0-ynv9eqilv7x.js:0
[   14964ms] [LOG] Player X: 5.88 Y: 2.26 Z: 1.13 @ http://localhost:3000/_next/static/chunks/0-ynv9eqilv7x.js:0
[   14968ms] [LOG] Player X: 5.84 Y: 2.26 Z: 1.22 @ http://localhost:3000/_next/static/chunks/0-ynv9eqilv7x.js:0
[   14971ms] [LOG] Player X: 5.80 Y: 2.27 Z: 1.31 @ http://localhost:3000/_next/static/chunks/0-ynv9eqilv7x.js:0
[   14975ms] [LOG] Player X: 5.76 Y: 2.27 Z: 1.40 @ http://localhost:3000/_next/static/chunks/0-ynv9eqilv7x.js:0
[   14978ms] [LOG] Player X: 5.71 Y: 2.27 Z: 1.49 @ http://localhost:3000/_next/static/chunks/0-ynv9eqilv7x.js:0
[   14981ms] [LOG] Player X: 5.67 Y: 2.27 Z: 1.58 @ http://localhost:3000/_next/static/chunks/0-ynv9eqilv7x.js:0
[   14985ms] [LOG] Player X: 5.63 Y: 2.27 Z: 1.67 @ http://localhost:3000/_next/static/chunks/0-ynv9eqilv7x.js:0
[   14988ms] [LOG] Player X: 5.58 Y: 2.26 Z: 1.76 @ http://localhost:3000/_next/static/chunks/0-ynv9eqilv7x.js:0
[   14991ms] [LOG] Player X: 5.54 Y: 2.26 Z: 1.85 @ http://localhost:3000/_next/static/chunks/0-ynv9eqilv7x.js:0
[   14995ms] [LOG] Player X: 5.46 Y: 2.23 Z: 1.91 @ http://localhost:3000/_next/static/chunks/0-ynv9eqilv7x.js:0
[   14998ms] [LOG] Player X: 5.38 Y: 2.20 Z: 1.96 @ http://localhost:3000/_next/static/chunks/0-ynv9eqilv7x.js:0
[   15001ms] [LOG] Player X: 5.30 Y: 2.16 Z: 2.01 @ http://localhost:3000/_next/static/chunks/0-ynv9eqilv7x.js:0
[   15005ms] [LOG] Player X: 5.23 Y: 2.13 Z: 2.06 @ http://localhost:3000/_next/static/chunks/0-ynv9eqilv7x.js:0
[   15008ms] [LOG] Player X: 5.15 Y: 2.09 Z: 2.11 @ http://localhost:3000/_next/static/chunks/0-ynv9eqilv7x.js:0
[   15012ms] [LOG] Player X: 5.07 Y: 2.06 Z: 2.16 @ http://localhost:3000/_next/static/chunks/0-ynv9eqilv7x.js:0
[   15015ms] [LOG] Player X: 4.98 Y: 2.02 Z: 2.20 @ http://localhost:3000/_next/static/chunks/0-ynv9eqilv7x.js:0
[   15019ms] [LOG] Player X: 4.90 Y: 1.98 Z: 2.25 @ http://localhost:3000/_next/static/chunks/0-ynv9eqilv7x.js:0
[   15022ms] [LOG] Player X: 4.82 Y: 1.95 Z: 2.29 @ http://localhost:3000/_next/static/chunks/0-ynv9eqilv7x.js:0
[   15025ms] [LOG] Player X: 4.74 Y: 1.91 Z: 2.33 @ http://localhost:3000/_next/static/chunks/0-ynv9eqilv7x.js:0
[   15029ms] [LOG] Player X: 4.65 Y: 1.87 Z: 2.37 @ http://localhost:3000/_next/static/chunks/0-ynv9eqilv7x.js:0
[   15033ms] [LOG] Player X: 4.57 Y: 1.83 Z: 2.40 @ http://localhost:3000/_next/static/chunks/0-ynv9eqilv7x.js:0
[   15036ms] [LOG] Player X: 4.48 Y: 1.79 Z: 2.44 @ http://localhost:3000/_next/static/chunks/0-ynv9eqilv7x.js:0
[   15039ms] [LOG] Player X: 4.39 Y: 1.75 Z: 2.46 @ http://localhost:3000/_next/static/chunks/0-ynv9eqilv7x.js:0
[   15042ms] [LOG] Player X: 4.31 Y: 1.71 Z: 2.49 @ http://localhost:3000/_next/static/chunks/0-ynv9eqilv7x.js:0
[   15045ms] [LOG] Player X: 4.22 Y: 1.67 Z: 2.51 @ http://localhost:3000/_next/static/chunks/0-ynv9eqilv7x.js:0
[   15048ms] [LOG] Player X: 4.13 Y: 1.63 Z: 2.53 @ http://localhost:3000/_next/static/chunks/0-ynv9eqilv7x.js:0
[   15052ms] [LOG] Player X: 4.04 Y: 1.59 Z: 2.55 @ http://localhost:3000/_next/static/chunks/0-ynv9eqilv7x.js:0
[   15056ms] [LOG] Player X: 3.95 Y: 1.55 Z: 2.56 @ http://localhost:3000/_next/static/chunks/0-ynv9eqilv7x.js:0
[   15059ms] [LOG] Player X: 3.86 Y: 1.50 Z: 2.57 @ http://localhost:3000/_next/static/chunks/0-ynv9eqilv7x.js:0
[   15062ms] [LOG] Player X: 3.77 Y: 1.46 Z: 2.57 @ http://localhost:3000/_next/static/chunks/0-ynv9eqilv7x.js:0
[   15066ms] [LOG] Player X: 3.68 Y: 1.42 Z: 2.57 @ http://localhost:3000/_next/static/chunks/0-ynv9eqilv7x.js:0
[   15069ms] [LOG] Player X: 3.66 Y: 1.36 Z: 2.49 @ http://localhost:3000/_next/static/chunks/0-ynv9eqilv7x.js:0
[   15073ms] [LOG] Player X: 3.64 Y: 1.31 Z: 2.41 @ http://localhost:3000/_next/static/chunks/0-ynv9eqilv7x.js:0
[   15076ms] [LOG] Player X: 3.62 Y: 1.25 Z: 2.33 @ http://localhost:3000/_next/static/chunks/0-ynv9eqilv7x.js:0
[   15079ms] [LOG] Player X: 3.61 Y: 1.19 Z: 2.25 @ http://localhost:3000/_next/static/chunks/0-ynv9eqilv7x.js:0
[   15083ms] [LOG] Player X: 3.61 Y: 1.13 Z: 2.17 @ http://localhost:3000/_next/static/chunks/0-ynv9eqilv7x.js:0
[   15086ms] [LOG] Player X: 3.60 Y: 1.07 Z: 2.09 @ http://localhost:3000/_next/static/chunks/0-ynv9eqilv7x.js:0
[   15089ms] [LOG] Player X: 3.61 Y: 1.01 Z: 2.01 @ http://localhost:3000/_next/static/chunks/0-ynv9eqilv7x.js:0
[   15093ms] [LOG] Player X: 3.61 Y: 0.96 Z: 1.93 @ http://localhost:3000/_next/static/chunks/0-ynv9eqilv7x.js:0
[   15096ms] [LOG] Player X: 3.62 Y: 0.90 Z: 1.85 @ http://localhost:3000/_next/static/chunks/0-ynv9eqilv7x.js:0
[   15099ms] [LOG] Player X: 3.62 Y: 0.84 Z: 1.77 @ http://localhost:3000/_next/static/chunks/0-ynv9eqilv7x.js:0
[   15102ms] [LOG] Player X: 3.64 Y: 0.78 Z: 1.69 @ http://localhost:3000/_next/static/chunks/0-ynv9eqilv7x.js:0
[   15106ms] [LOG] Player X: 3.65 Y: 0.72 Z: 1.61 @ http://localhost:3000/_next/static/chunks/0-ynv9eqilv7x.js:0
[   15109ms] [LOG] Player X: 3.67 Y: 0.67 Z: 1.53 @ http://localhost:3000/_next/static/chunks/0-ynv9eqilv7x.js:0
[   15112ms] [LOG] Player X: 3.69 Y: 0.61 Z: 1.45 @ http://localhost:3000/_next/static/chunks/0-ynv9eqilv7x.js:0
[   15116ms] [LOG] Player X: 3.72 Y: 0.55 Z: 1.37 @ http://localhost:3000/_next/static/chunks/0-ynv9eqilv7x.js:0
[   15119ms] [LOG] Player X: 3.74 Y: 0.49 Z: 1.29 @ http://localhost:3000/_next/static/chunks/0-ynv9eqilv7x.js:0
[   15124ms] [LOG] Player X: 3.77 Y: 0.43 Z: 1.22 @ http://localhost:3000/_next/static/chunks/0-ynv9eqilv7x.js:0
[   15126ms] [LOG] Player X: 3.80 Y: 0.37 Z: 1.14 @ http://localhost:3000/_next/static/chunks/0-ynv9eqilv7x.js:0
[   15129ms] [LOG] Player X: 3.83 Y: 0.32 Z: 1.07 @ http://localhost:3000/_next/static/chunks/0-ynv9eqilv7x.js:0
[   15133ms] [LOG] Player X: 3.86 Y: 0.26 Z: 0.99 @ http://localhost:3000/_next/static/chunks/0-ynv9eqilv7x.js:0
[   15137ms] [LOG] Player X: 3.90 Y: 0.20 Z: 0.92 @ http://localhost:3000/_next/static/chunks/0-ynv9eqilv7x.js:0
[   15140ms] [LOG] Player X: 3.93 Y: 0.14 Z: 0.85 @ http://localhost:3000/_next/static/chunks/0-ynv9eqilv7x.js:0
[   15143ms] [LOG] Player X: 3.97 Y: 0.08 Z: 0.77 @ http://localhost:3000/_next/static/chunks/0-ynv9eqilv7x.js:0
[   15146ms] [LOG] Player X: 4.01 Y: 0.02 Z: 0.70 @ http://localhost:3000/_next/static/chunks/0-ynv9eqilv7x.js:0
[   15149ms] [LOG] Player X: 4.05 Y: -0.03 Z: 0.63 @ http://localhost:3000/_next/static/chunks/0-ynv9eqilv7x.js:0
[   15152ms] [LOG] Player X: 4.09 Y: -0.09 Z: 0.56 @ http://localhost:3000/_next/static/chunks/0-ynv9eqilv7x.js:0
[   15156ms] [LOG] Player X: 4.13 Y: -0.15 Z: 0.49 @ http://localhost:3000/_next/static/chunks/0-ynv9eqilv7x.js:0
[   15159ms] [LOG] Player X: 4.18 Y: -0.21 Z: 0.42 @ http://localhost:3000/_next/static/chunks/0-ynv9eqilv7x.js:0
[   15162ms] [LOG] Player X: 4.22 Y: -0.27 Z: 0.36 @ http://localhost:3000/_next/static/chunks/0-ynv9eqilv7x.js:0
[   15165ms] [LOG] Player X: 4.27 Y: -0.33 Z: 0.29 @ http://localhost:3000/_next/static/chunks/0-ynv9eqilv7x.js:0
[   15169ms] [LOG] Player X: 4.31 Y: -0.38 Z: 0.22 @ http://localhost:3000/_next/static/chunks/0-ynv9eqilv7x.js:0
[   15172ms] [LOG] Player X: 4.36 Y: -0.44 Z: 0.15 @ http://localhost:3000/_next/static/chunks/0-ynv9eqilv7x.js:0
[   15176ms] [LOG] Player X: 4.40 Y: -0.50 Z: 0.09 @ http://localhost:3000/_next/static/chunks/0-ynv9eqilv7x.js:0
[   15179ms] [LOG] Player X: 4.45 Y: -0.56 Z: 0.02 @ http://localhost:3000/_next/static/chunks/0-ynv9eqilv7x.js:0
[   15182ms] [LOG] Player X: 4.50 Y: -0.62 Z: -0.04 @ http://localhost:3000/_next/static/chunks/0-ynv9eqilv7x.js:0
[   15186ms] [LOG] Player X: 4.55 Y: -0.68 Z: -0.11 @ http://localhost:3000/_next/static/chunks/0-ynv9eqilv7x.js:0
[   15189ms] [LOG] Player X: 4.59 Y: -0.74 Z: -0.17 @ http://localhost:3000/_next/static/chunks/0-ynv9eqilv7x.js:0
[   15192ms] [LOG] Player X: 4.64 Y: -0.80 Z: -0.24 @ http://localhost:3000/_next/static/chunks/0-ynv9eqilv7x.js:0
[   15196ms] [LOG] Player X: 4.69 Y: -0.85 Z: -0.30 @ http://localhost:3000/_next/static/chunks/0-ynv9eqilv7x.js:0
[   15199ms] [LOG] Player X: 4.74 Y: -0.91 Z: -0.37 @ http://localhost:3000/_next/static/chunks/0-ynv9eqilv7x.js:0
[   15202ms] [LOG] Player X: 4.79 Y: -0.97 Z: -0.43 @ http://localhost:3000/_next/static/chunks/0-ynv9eqilv7x.js:0
[   15206ms] [LOG] Player X: 4.84 Y: -1.03 Z: -0.50 @ http://localhost:3000/_next/static/chunks/0-ynv9eqilv7x.js:0
[   15209ms] [LOG] Player X: 4.89 Y: -1.09 Z: -0.56 @ http://localhost:3000/_next/static/chunks/0-ynv9eqilv7x.js:0
[   15212ms] [LOG] Player X: 4.93 Y: -1.15 Z: -0.62 @ http://localhost:3000/_next/static/chunks/0-ynv9eqilv7x.js:0
[   15216ms] [LOG] Player X: 4.98 Y: -1.21 Z: -0.69 @ http://localhost:3000/_next/static/chunks/0-ynv9eqilv7x.js:0
[   15219ms] [LOG] Player X: 5.03 Y: -1.27 Z: -0.75 @ http://localhost:3000/_next/static/chunks/0-ynv9eqilv7x.js:0
[   15222ms] [LOG] Player X: 5.08 Y: -1.33 Z: -0.82 @ http://localhost:3000/_next/static/chunks/0-ynv9eqilv7x.js:0
[   15225ms] [LOG] Player X: 5.08 Y: -1.33 Z: -0.82 @ http://localhost:3000/_next/static/chunks/0-ynv9eqilv7x.js:0
[   15229ms] [LOG] Player X: 5.08 Y: -1.33 Z: -0.82 @ http://localhost:3000/_next/static/chunks/0-ynv9eqilv7x.js:0
[   15232ms] [LOG] Player X: 5.08 Y: -1.33 Z: -0.82 @ http://localhost:3000/_next/static/chunks/0-ynv9eqilv7x.js:0
[   15236ms] [LOG] Player X: 5.08 Y: -1.33 Z: -0.82 @ http://localhost:3000/_next/static/chunks/0-ynv9eqilv7x.js:0
[   15239ms] [LOG] Player X: 5.08 Y: -1.33 Z: -0.82 @ http://localhost:3000/_next/static/chunks/0-ynv9eqilv7x.js:0
[   15242ms] [LOG] Player X: 5.08 Y: -1.33 Z: -0.82 @ http://localhost:3000/_next/static/chunks/0-ynv9eqilv7x.js:0
[   15246ms] [LOG] Player X: 5.08 Y: -1.33 Z: -0.82 @ http://localhost:3000/_next/static/chunks/0-ynv9eqilv7x.js:0
[   15249ms] [LOG] Player X: 5.08 Y: -1.33 Z: -0.82 @ http://localhost:3000/_next/static/chunks/0-ynv9eqilv7x.js:0
[   15252ms] [LOG] Player X: 5.08 Y: -1.33 Z: -0.82 @ http://localhost:3000/_next/static/chunks/0-ynv9eqilv7x.js:0
[   15255ms] [LOG] Player X: 5.08 Y: -1.33 Z: -0.82 @ http://localhost:3000/_next/static/chunks/0-ynv9eqilv7x.js:0
[   15259ms] [LOG] Player X: 5.08 Y: -1.33 Z: -0.82 @ http://localhost:3000/_next/static/chunks/0-ynv9eqilv7x.js:0
[   15262ms] [LOG] Player X: 5.08 Y: -1.33 Z: -0.82 @ http://localhost:3000/_next/static/chunks/0-ynv9eqilv7x.js:0
[   15266ms] [LOG] Player X: 5.08 Y: -1.33 Z: -0.82 @ http://localhost:3000/_next/static/chunks/0-ynv9eqilv7x.js:0
[   15269ms] [LOG] Player X: 5.08 Y: -1.33 Z: -0.82 @ http://localhost:3000/_next/static/chunks/0-ynv9eqilv7x.js:0
[   15272ms] [LOG] Player X: 5.08 Y: -1.33 Z: -0.82 @ http://localhost:3000/_next/static/chunks/0-ynv9eqilv7x.js:0
[   15276ms] [LOG] Player X: 5.08 Y: -1.33 Z: -0.82 @ http://localhost:3000/_next/static/chunks/0-ynv9eqilv7x.js:0
[   15279ms] [LOG] Player X: 5.08 Y: -1.33 Z: -0.82 @ http://localhost:3000/_next/static/chunks/0-ynv9eqilv7x.js:0
[   15282ms] [LOG] Player X: 5.08 Y: -1.33 Z: -0.82 @ http://localhost:3000/_next/static/chunks/0-ynv9eqilv7x.js:0
[   15285ms] [LOG] Player X: 5.08 Y: -1.33 Z: -0.82 @ http://localhost:3000/_next/static/chunks/0-ynv9eqilv7x.js:0
[   15289ms] [LOG] Player X: 5.08 Y: -1.33 Z: -0.82 @ http://localhost:3000/_next/static/chunks/0-ynv9eqilv7x.js:0
[   15292ms] [LOG] Player X: 5.08 Y: -1.33 Z: -0.82 @ http://localhost:3000/_next/static/chunks/0-ynv9eqilv7x.js:0
[   15295ms] [LOG] Player X: 5.08 Y: -1.33 Z: -0.82 @ http://localhost:3000/_next/static/chunks/0-ynv9eqilv7x.js:0
[   15299ms] [LOG] Player X: 5.08 Y: -1.33 Z: -0.82 @ http://localhost:3000/_next/static/chunks/0-ynv9eqilv7x.js:0
[   15302ms] [LOG] Player X: 5.08 Y: -1.33 Z: -0.82 @ http://localhost:3000/_next/static/chunks/0-ynv9eqilv7x.js:0
[   15306ms] [LOG] Player X: 5.08 Y: -1.33 Z: -0.82 @ http://localhost:3000/_next/static/chunks/0-ynv9eqilv7x.js:0
[   15309ms] [LOG] Player X: 5.08 Y: -1.33 Z: -0.82 @ http://localhost:3000/_next/static/chunks/0-ynv9eqilv7x.js:0
[   15313ms] [LOG] Player X: 5.08 Y: -1.33 Z: -0.82 @ http://localhost:3000/_next/static/chunks/0-ynv9eqilv7x.js:0
[   15315ms] [LOG] Player X: 5.08 Y: -1.33 Z: -0.82 @ http://localhost:3000/_next/static/chunks/0-ynv9eqilv7x.js:0
[   15319ms] [LOG] Player X: 5.08 Y: -1.33 Z: -0.82 @ http://localhost:3000/_next/static/chunks/0-ynv9eqilv7x.js:0
[   15322ms] [LOG] Player X: 5.08 Y: -1.33 Z: -0.82 @ http://localhost:3000/_next/static/chunks/0-ynv9eqilv7x.js:0
[   15325ms] [LOG] Player X: 5.08 Y: -1.33 Z: -0.82 @ http://localhost:3000/_next/static/chunks/0-ynv9eqilv7x.js:0
[   15329ms] [LOG] Player X: 5.08 Y: -1.33 Z: -0.82 @ http://localhost:3000/_next/static/chunks/0-ynv9eqilv7x.js:0
[   15332ms] [LOG] Player X: 5.08 Y: -1.33 Z: -0.82 @ http://localhost:3000/_next/static/chunks/0-ynv9eqilv7x.js:0
[   15335ms] [LOG] Player X: 5.08 Y: -1.33 Z: -0.82 @ http://localhost:3000/_next/static/chunks/0-ynv9eqilv7x.js:0
[   15339ms] [LOG] Player X: 5.08 Y: -1.33 Z: -0.82 @ http://localhost:3000/_next/static/chunks/0-ynv9eqilv7x.js:0
[   15342ms] [LOG] Player X: 5.08 Y: -1.33 Z: -0.82 @ http://localhost:3000/_next/static/chunks/0-ynv9eqilv7x.js:0
[   15346ms] [LOG] Player X: 5.08 Y: -1.33 Z: -0.82 @ http://localhost:3000/_next/static/chunks/0-ynv9eqilv7x.js:0
[   15349ms] [LOG] Player X: 5.08 Y: -1.33 Z: -0.82 @ http://localhost:3000/_next/static/chunks/0-ynv9eqilv7x.js:0
[   15352ms] [LOG] Player X: 5.08 Y: -1.33 Z: -0.82 @ http://localhost:3000/_next/static/chunks/0-ynv9eqilv7x.js:0
[   15355ms] [LOG] Player X: 5.08 Y: -1.33 Z: -0.82 @ http://localhost:3000/_next/static/chunks/0-ynv9eqilv7x.js:0
[   15358ms] [LOG] Player X: 5.08 Y: -1.33 Z: -0.82 @ http://localhost:3000/_next/static/chunks/0-ynv9eqilv7x.js:0
[   15362ms] [LOG] Player X: 5.08 Y: -1.33 Z: -0.82 @ http://localhost:3000/_next/static/chunks/0-ynv9eqilv7x.js:0
[   15365ms] [LOG] Player X: 5.08 Y: -1.33 Z: -0.82 @ http://localhost:3000/_next/static/chunks/0-ynv9eqilv7x.js:0
[   15369ms] [LOG] Player X: 5.08 Y: -1.33 Z: -0.82 @ http://localhost:3000/_next/static/chunks/0-ynv9eqilv7x.js:0
[   15372ms] [LOG] Player X: 5.08 Y: -1.33 Z: -0.82 @ http://localhost:3000/_next/static/chunks/0-ynv9eqilv7x.js:0
[   15375ms] [LOG] Player X: 5.08 Y: -1.33 Z: -0.82 @ http://localhost:3000/_next/static/chunks/0-ynv9eqilv7x.js:0
[   15378ms] [LOG] Player X: 5.08 Y: -1.33 Z: -0.82 @ http://localhost:3000/_next/static/chunks/0-ynv9eqilv7x.js:0
[   15382ms] [LOG] Player X: 5.08 Y: -1.33 Z: -0.82 @ http://localhost:3000/_next/static/chunks/0-ynv9eqilv7x.js:0
[   15385ms] [LOG] Player X: 5.03 Y: -1.27 Z: -0.75 @ http://localhost:3000/_next/static/chunks/0-ynv9eqilv7x.js:0
[   15389ms] [LOG] Player X: 4.98 Y: -1.21 Z: -0.69 @ http://localhost:3000/_next/static/chunks/0-ynv9eqilv7x.js:0
[   15392ms] [LOG] Player X: 4.93 Y: -1.15 Z: -0.62 @ http://localhost:3000/_next/static/chunks/0-ynv9eqilv7x.js:0
[   15396ms] [LOG] Player X: 4.89 Y: -1.09 Z: -0.56 @ http://localhost:3000/_next/static/chunks/0-ynv9eqilv7x.js:0
[   15399ms] [LOG] Player X: 4.84 Y: -1.03 Z: -0.50 @ http://localhost:3000/_next/static/chunks/0-ynv9eqilv7x.js:0
[   15402ms] [LOG] Player X: 4.79 Y: -0.97 Z: -0.43 @ http://localhost:3000/_next/static/chunks/0-ynv9eqilv7x.js:0
[   15405ms] [LOG] Player X: 4.74 Y: -0.91 Z: -0.37 @ http://localhost:3000/_next/static/chunks/0-ynv9eqilv7x.js:0
[   15409ms] [LOG] Player X: 4.69 Y: -0.85 Z: -0.30 @ http://localhost:3000/_next/static/chunks/0-ynv9eqilv7x.js:0
[   15412ms] [LOG] Player X: 4.64 Y: -0.80 Z: -0.24 @ http://localhost:3000/_next/static/chunks/0-ynv9eqilv7x.js:0
[   15416ms] [LOG] Player X: 4.59 Y: -0.74 Z: -0.17 @ http://localhost:3000/_next/static/chunks/0-ynv9eqilv7x.js:0
[   15419ms] [LOG] Player X: 4.54 Y: -0.68 Z: -0.11 @ http://localhost:3000/_next/static/chunks/0-ynv9eqilv7x.js:0
[   15422ms] [LOG] Player X: 4.50 Y: -0.62 Z: -0.05 @ http://localhost:3000/_next/static/chunks/0-ynv9eqilv7x.js:0
[   15425ms] [LOG] Player X: 4.45 Y: -0.56 Z: 0.02 @ http://localhost:3000/_next/static/chunks/0-ynv9eqilv7x.js:0
[   15429ms] [LOG] Player X: 4.40 Y: -0.50 Z: 0.08 @ http://localhost:3000/_next/static/chunks/0-ynv9eqilv7x.js:0
[   15432ms] [LOG] Player X: 4.35 Y: -0.44 Z: 0.15 @ http://localhost:3000/_next/static/chunks/0-ynv9eqilv7x.js:0
[   15435ms] [LOG] Player X: 4.30 Y: -0.38 Z: 0.21 @ http://localhost:3000/_next/static/chunks/0-ynv9eqilv7x.js:0
[   15439ms] [LOG] Player X: 4.25 Y: -0.32 Z: 0.28 @ http://localhost:3000/_next/static/chunks/0-ynv9eqilv7x.js:0
[   15442ms] [LOG] Player X: 4.20 Y: -0.26 Z: 0.34 @ http://localhost:3000/_next/static/chunks/0-ynv9eqilv7x.js:0
[   15446ms] [LOG] Player X: 4.15 Y: -0.21 Z: 0.41 @ http://localhost:3000/_next/static/chunks/0-ynv9eqilv7x.js:0
[   15449ms] [LOG] Player X: 4.10 Y: -0.15 Z: 0.47 @ http://localhost:3000/_next/static/chunks/0-ynv9eqilv7x.js:0
[   15452ms] [LOG] Player X: 4.06 Y: -0.09 Z: 0.53 @ http://localhost:3000/_next/static/chunks/0-ynv9eqilv7x.js:0
[   15455ms] [LOG] Player X: 4.01 Y: -0.03 Z: 0.60 @ http://localhost:3000/_next/static/chunks/0-ynv9eqilv7x.js:0
[   15458ms] [LOG] Player X: 3.96 Y: 0.03 Z: 0.66 @ http://localhost:3000/_next/static/chunks/0-ynv9eqilv7x.js:0
[   15462ms] [LOG] Player X: 3.91 Y: 0.09 Z: 0.73 @ http://localhost:3000/_next/static/chunks/0-ynv9eqilv7x.js:0
[   15465ms] [LOG] Player X: 3.86 Y: 0.15 Z: 0.79 @ http://localhost:3000/_next/static/chunks/0-ynv9eqilv7x.js:0
[   15468ms] [LOG] Player X: 3.81 Y: 0.21 Z: 0.86 @ http://localhost:3000/_next/static/chunks/0-ynv9eqilv7x.js:0
[   15472ms] [LOG] Player X: 3.76 Y: 0.27 Z: 0.92 @ http://localhost:3000/_next/static/chunks/0-ynv9eqilv7x.js:0
[   15476ms] [LOG] Player X: 3.71 Y: 0.33 Z: 0.98 @ http://localhost:3000/_next/static/chunks/0-ynv9eqilv7x.js:0
[   15479ms] [LOG] Player X: 3.66 Y: 0.39 Z: 1.05 @ http://localhost:3000/_next/static/chunks/0-ynv9eqilv7x.js:0
[   15482ms] [LOG] Player X: 3.61 Y: 0.44 Z: 1.11 @ http://localhost:3000/_next/static/chunks/0-ynv9eqilv7x.js:0
[   15485ms] [LOG] Player X: 3.56 Y: 0.50 Z: 1.17 @ http://localhost:3000/_next/static/chunks/0-ynv9eqilv7x.js:0
[   15489ms] [LOG] Player X: 3.51 Y: 0.56 Z: 1.23 @ http://localhost:3000/_next/static/chunks/0-ynv9eqilv7x.js:0
[   15492ms] [LOG] Player X: 3.46 Y: 0.62 Z: 1.29 @ http://localhost:3000/_next/static/chunks/0-ynv9eqilv7x.js:0
[   15495ms] [LOG] Player X: 3.41 Y: 0.68 Z: 1.36 @ http://localhost:3000/_next/static/chunks/0-ynv9eqilv7x.js:0
[   15499ms] [LOG] Player X: 3.35 Y: 0.74 Z: 1.42 @ http://localhost:3000/_next/static/chunks/0-ynv9eqilv7x.js:0
[   15502ms] [LOG] Player X: 3.30 Y: 0.80 Z: 1.48 @ http://localhost:3000/_next/static/chunks/0-ynv9eqilv7x.js:0
[   15506ms] [LOG] Player X: 3.25 Y: 0.86 Z: 1.54 @ http://localhost:3000/_next/static/chunks/0-ynv9eqilv7x.js:0
[   15509ms] [LOG] Player X: 3.20 Y: 0.92 Z: 1.60 @ http://localhost:3000/_next/static/chunks/0-ynv9eqilv7x.js:0
[   15512ms] [LOG] Player X: 3.14 Y: 0.98 Z: 1.66 @ http://localhost:3000/_next/static/chunks/0-ynv9eqilv7x.js:0
[   15515ms] [LOG] Player X: 3.09 Y: 1.04 Z: 1.72 @ http://localhost:3000/_next/static/chunks/0-ynv9eqilv7x.js:0
[   15519ms] [LOG] Player X: 3.04 Y: 1.10 Z: 1.78 @ http://localhost:3000/_next/static/chunks/0-ynv9eqilv7x.js:0
[   15522ms] [LOG] Player X: 2.98 Y: 1.16 Z: 1.84 @ http://localhost:3000/_next/static/chunks/0-ynv9eqilv7x.js:0
[   15525ms] [LOG] Player X: 2.93 Y: 1.21 Z: 1.90 @ http://localhost:3000/_next/static/chunks/0-ynv9eqilv7x.js:0
[   15529ms] [LOG] Player X: 2.87 Y: 1.27 Z: 1.96 @ http://localhost:3000/_next/static/chunks/0-ynv9eqilv7x.js:0
[   15532ms] [LOG] Player X: 2.82 Y: 1.33 Z: 2.02 @ http://localhost:3000/_next/static/chunks/0-ynv9eqilv7x.js:0
[   15535ms] [LOG] Player X: 2.77 Y: 1.39 Z: 2.08 @ http://localhost:3000/_next/static/chunks/0-ynv9eqilv7x.js:0
[   15539ms] [LOG] Player X: 2.71 Y: 1.45 Z: 2.14 @ http://localhost:3000/_next/static/chunks/0-ynv9eqilv7x.js:0
[   15542ms] [LOG] Player X: 2.66 Y: 1.51 Z: 2.21 @ http://localhost:3000/_next/static/chunks/0-ynv9eqilv7x.js:0
[   15546ms] [LOG] Player X: 2.60 Y: 1.56 Z: 2.27 @ http://localhost:3000/_next/static/chunks/0-ynv9eqilv7x.js:0
[   15549ms] [LOG] Player X: 2.55 Y: 1.62 Z: 2.33 @ http://localhost:3000/_next/static/chunks/0-ynv9eqilv7x.js:0
[   15552ms] [LOG] Player X: 2.49 Y: 1.68 Z: 2.39 @ http://localhost:3000/_next/static/chunks/0-ynv9eqilv7x.js:0
[   15556ms] [LOG] Player X: 2.44 Y: 1.73 Z: 2.45 @ http://localhost:3000/_next/static/chunks/0-ynv9eqilv7x.js:0
[   15559ms] [LOG] Player X: 2.38 Y: 1.79 Z: 2.51 @ http://localhost:3000/_next/static/chunks/0-ynv9eqilv7x.js:0
[   15563ms] [LOG] Player X: 2.33 Y: 1.85 Z: 2.57 @ http://localhost:3000/_next/static/chunks/0-ynv9eqilv7x.js:0
[   15566ms] [LOG] Player X: 2.27 Y: 1.90 Z: 2.64 @ http://localhost:3000/_next/static/chunks/0-ynv9eqilv7x.js:0
[   15569ms] [LOG] Player X: 2.22 Y: 1.96 Z: 2.70 @ http://localhost:3000/_next/static/chunks/0-ynv9eqilv7x.js:0
[   15572ms] [LOG] Player X: 2.16 Y: 2.01 Z: 2.76 @ http://localhost:3000/_next/static/chunks/0-ynv9eqilv7x.js:0
[   15576ms] [LOG] Player X: 2.11 Y: 2.07 Z: 2.82 @ http://localhost:3000/_next/static/chunks/0-ynv9eqilv7x.js:0
[   15579ms] [LOG] Player X: 2.05 Y: 2.12 Z: 2.89 @ http://localhost:3000/_next/static/chunks/0-ynv9eqilv7x.js:0
[   15582ms] [LOG] Player X: 1.99 Y: 2.17 Z: 2.95 @ http://localhost:3000/_next/static/chunks/0-ynv9eqilv7x.js:0
[   15586ms] [LOG] Player X: 1.94 Y: 2.23 Z: 3.01 @ http://localhost:3000/_next/static/chunks/0-ynv9eqilv7x.js:0
[   15589ms] [LOG] Player X: 1.88 Y: 2.28 Z: 3.07 @ http://localhost:3000/_next/static/chunks/0-ynv9eqilv7x.js:0
[   15592ms] [LOG] Player X: 1.82 Y: 2.33 Z: 3.14 @ http://localhost:3000/_next/static/chunks/0-ynv9eqilv7x.js:0
[   15596ms] [LOG] Player X: 1.77 Y: 2.38 Z: 3.20 @ http://localhost:3000/_next/static/chunks/0-ynv9eqilv7x.js:0
[   15599ms] [LOG] Player X: 1.71 Y: 2.44 Z: 3.27 @ http://localhost:3000/_next/static/chunks/0-ynv9eqilv7x.js:0
[   15603ms] [LOG] Player X: 1.65 Y: 2.49 Z: 3.33 @ http://localhost:3000/_next/static/chunks/0-ynv9eqilv7x.js:0
[   15606ms] [LOG] Player X: 1.59 Y: 2.54 Z: 3.39 @ http://localhost:3000/_next/static/chunks/0-ynv9eqilv7x.js:0
[   15609ms] [LOG] Player X: 1.54 Y: 2.59 Z: 3.46 @ http://localhost:3000/_next/static/chunks/0-ynv9eqilv7x.js:0
[   15612ms] [LOG] Player X: 1.48 Y: 2.64 Z: 3.52 @ http://localhost:3000/_next/static/chunks/0-ynv9eqilv7x.js:0
[   15616ms] [LOG] Player X: 1.42 Y: 2.69 Z: 3.59 @ http://localhost:3000/_next/static/chunks/0-ynv9eqilv7x.js:0
[   15619ms] [LOG] Player X: 1.36 Y: 2.74 Z: 3.65 @ http://localhost:3000/_next/static/chunks/0-ynv9eqilv7x.js:0
[   15622ms] [LOG] Player X: 1.31 Y: 2.79 Z: 3.72 @ http://localhost:3000/_next/static/chunks/0-ynv9eqilv7x.js:0
[   15626ms] [LOG] Player X: 1.25 Y: 2.84 Z: 3.78 @ http://localhost:3000/_next/static/chunks/0-ynv9eqilv7x.js:0
[   15629ms] [LOG] Player X: 1.19 Y: 2.89 Z: 3.85 @ http://localhost:3000/_next/static/chunks/0-ynv9eqilv7x.js:0
[   15632ms] [LOG] Player X: 1.13 Y: 2.94 Z: 3.91 @ http://localhost:3000/_next/static/chunks/0-ynv9eqilv7x.js:0
[   15636ms] [LOG] Player X: 1.08 Y: 2.99 Z: 3.98 @ http://localhost:3000/_next/static/chunks/0-ynv9eqilv7x.js:0
[   15639ms] [LOG] Player X: 1.02 Y: 3.04 Z: 4.04 @ http://localhost:3000/_next/static/chunks/0-ynv9eqilv7x.js:0
[   15642ms] [LOG] Player X: 0.96 Y: 3.08 Z: 4.11 @ http://localhost:3000/_next/static/chunks/0-ynv9eqilv7x.js:0
[   15646ms] [LOG] Player X: 0.90 Y: 3.13 Z: 4.17 @ http://localhost:3000/_next/static/chunks/0-ynv9eqilv7x.js:0
[   15649ms] [LOG] Player X: 0.85 Y: 3.18 Z: 4.24 @ http://localhost:3000/_next/static/chunks/0-ynv9eqilv7x.js:0
[   15652ms] [LOG] Player X: 0.79 Y: 3.23 Z: 4.31 @ http://localhost:3000/_next/static/chunks/0-ynv9eqilv7x.js:0
[   15656ms] [LOG] Player X: 0.73 Y: 3.28 Z: 4.37 @ http://localhost:3000/_next/static/chunks/0-ynv9eqilv7x.js:0
[   15659ms] [LOG] Player X: 0.68 Y: 3.33 Z: 4.44 @ http://localhost:3000/_next/static/chunks/0-ynv9eqilv7x.js:0
[   15662ms] [LOG] Player X: 0.62 Y: 3.37 Z: 4.51 @ http://localhost:3000/_next/static/chunks/0-ynv9eqilv7x.js:0
[   15665ms] [LOG] Player X: 0.56 Y: 3.42 Z: 4.57 @ http://localhost:3000/_next/static/chunks/0-ynv9eqilv7x.js:0
[   15669ms] [LOG] Player X: 0.50 Y: 3.47 Z: 4.64 @ http://localhost:3000/_next/static/chunks/0-ynv9eqilv7x.js:0
[   15672ms] [LOG] Player X: 0.45 Y: 3.52 Z: 4.71 @ http://localhost:3000/_next/static/chunks/0-ynv9eqilv7x.js:0
[   15676ms] [LOG] Player X: 0.39 Y: 3.57 Z: 4.77 @ http://localhost:3000/_next/static/chunks/0-ynv9eqilv7x.js:0
[   15679ms] [LOG] Player X: 0.33 Y: 3.61 Z: 4.84 @ http://localhost:3000/_next/static/chunks/0-ynv9eqilv7x.js:0
[   15682ms] [LOG] Player X: 0.28 Y: 3.66 Z: 4.91 @ http://localhost:3000/_next/static/chunks/0-ynv9eqilv7x.js:0
[   15685ms] [LOG] Player X: 0.22 Y: 3.71 Z: 4.97 @ http://localhost:3000/_next/static/chunks/0-ynv9eqilv7x.js:0
[   15689ms] [LOG] Player X: 0.16 Y: 3.76 Z: 5.04 @ http://localhost:3000/_next/static/chunks/0-ynv9eqilv7x.js:0
[   15692ms] [LOG] Player X: 0.11 Y: 3.81 Z: 5.11 @ http://localhost:3000/_next/static/chunks/0-ynv9eqilv7x.js:0
[   15695ms] [LOG] Player X: 0.05 Y: 3.85 Z: 5.18 @ http://localhost:3000/_next/static/chunks/0-ynv9eqilv7x.js:0
[   15699ms] [LOG] Player X: -0.01 Y: 3.90 Z: 5.24 @ http://localhost:3000/_next/static/chunks/0-ynv9eqilv7x.js:0
[   15702ms] [LOG] Player X: -0.06 Y: 3.95 Z: 5.31 @ http://localhost:3000/_next/static/chunks/0-ynv9eqilv7x.js:0
[   15705ms] [LOG] Player X: -0.12 Y: 4.00 Z: 5.38 @ http://localhost:3000/_next/static/chunks/0-ynv9eqilv7x.js:0
[   15709ms] [LOG] Player X: -0.17 Y: 4.04 Z: 5.44 @ http://localhost:3000/_next/static/chunks/0-ynv9eqilv7x.js:0
[   15712ms] [LOG] Player X: -0.23 Y: 4.09 Z: 5.51 @ http://localhost:3000/_next/static/chunks/0-ynv9eqilv7x.js:0
[   15715ms] [LOG] Player X: -0.29 Y: 4.14 Z: 5.58 @ http://localhost:3000/_next/static/chunks/0-ynv9eqilv7x.js:0
[   15719ms] [LOG] Player X: -0.34 Y: 4.19 Z: 5.65 @ http://localhost:3000/_next/static/chunks/0-ynv9eqilv7x.js:0
[   15722ms] [LOG] Player X: -0.40 Y: 4.24 Z: 5.71 @ http://localhost:3000/_next/static/chunks/0-ynv9eqilv7x.js:0
[   15725ms] [LOG] Player X: -0.46 Y: 4.28 Z: 5.78 @ http://localhost:3000/_next/static/chunks/0-ynv9eqilv7x.js:0
[   15729ms] [LOG] Player X: -0.51 Y: 4.33 Z: 5.85 @ http://localhost:3000/_next/static/chunks/0-ynv9eqilv7x.js:0
[   15732ms] [LOG] Player X: -0.57 Y: 4.38 Z: 5.92 @ http://localhost:3000/_next/static/chunks/0-ynv9eqilv7x.js:0
[   15735ms] [LOG] Player X: -0.62 Y: 4.43 Z: 5.99 @ http://localhost:3000/_next/static/chunks/0-ynv9eqilv7x.js:0
[   15739ms] [LOG] Player X: -0.68 Y: 4.48 Z: 6.05 @ http://localhost:3000/_next/static/chunks/0-ynv9eqilv7x.js:0
[   15742ms] [LOG] Player X: -0.74 Y: 4.52 Z: 6.12 @ http://localhost:3000/_next/static/chunks/0-ynv9eqilv7x.js:0
[   15745ms] [LOG] Player X: -0.79 Y: 4.57 Z: 6.19 @ http://localhost:3000/_next/static/chunks/0-ynv9eqilv7x.js:0
[   15749ms] [LOG] Player X: -0.85 Y: 4.62 Z: 6.26 @ http://localhost:3000/_next/static/chunks/0-ynv9eqilv7x.js:0
[   15752ms] [LOG] Player X: -0.90 Y: 4.67 Z: 6.32 @ http://localhost:3000/_next/static/chunks/0-ynv9eqilv7x.js:0
[   15756ms] [LOG] Player X: -0.96 Y: 4.71 Z: 6.39 @ http://localhost:3000/_next/static/chunks/0-ynv9eqilv7x.js:0
[   15759ms] [LOG] Player X: -1.01 Y: 4.76 Z: 6.46 @ http://localhost:3000/_next/static/chunks/0-ynv9eqilv7x.js:0
[   15762ms] [LOG] Player X: -1.07 Y: 4.81 Z: 6.53 @ http://localhost:3000/_next/static/chunks/0-ynv9eqilv7x.js:0
[   15766ms] [LOG] Player X: -1.13 Y: 4.86 Z: 6.60 @ http://localhost:3000/_next/static/chunks/0-ynv9eqilv7x.js:0
[   15770ms] [LOG] Player X: -1.18 Y: 4.91 Z: 6.66 @ http://localhost:3000/_next/static/chunks/0-ynv9eqilv7x.js:0
[   15774ms] [LOG] Player X: -1.24 Y: 4.95 Z: 6.73 @ http://localhost:3000/_next/static/chunks/0-ynv9eqilv7x.js:0
[   15776ms] [LOG] Player X: -1.29 Y: 5.00 Z: 6.80 @ http://localhost:3000/_next/static/chunks/0-ynv9eqilv7x.js:0
[   15779ms] [LOG] Player X: -1.35 Y: 5.05 Z: 6.87 @ http://localhost:3000/_next/static/chunks/0-ynv9eqilv7x.js:0
[   15783ms] [LOG] Player X: -1.40 Y: 5.10 Z: 6.94 @ http://localhost:3000/_next/static/chunks/0-ynv9eqilv7x.js:0
[   15786ms] [LOG] Player X: -1.46 Y: 5.15 Z: 7.00 @ http://localhost:3000/_next/static/chunks/0-ynv9eqilv7x.js:0
[   15789ms] [LOG] Player X: -1.51 Y: 5.19 Z: 7.07 @ http://localhost:3000/_next/static/chunks/0-ynv9eqilv7x.js:0
[   15792ms] [LOG] Player X: -1.57 Y: 5.24 Z: 7.14 @ http://localhost:3000/_next/static/chunks/0-ynv9eqilv7x.js:0
[   15796ms] [LOG] Player X: -1.62 Y: 5.29 Z: 7.21 @ http://localhost:3000/_next/static/chunks/0-ynv9eqilv7x.js:0
[   15799ms] [LOG] Player X: -1.68 Y: 5.34 Z: 7.28 @ http://localhost:3000/_next/static/chunks/0-ynv9eqilv7x.js:0
[   15803ms] [LOG] Player X: -1.73 Y: 5.39 Z: 7.34 @ http://localhost:3000/_next/static/chunks/0-ynv9eqilv7x.js:0
[   15806ms] [LOG] Player X: -1.79 Y: 5.44 Z: 7.41 @ http://localhost:3000/_next/static/chunks/0-ynv9eqilv7x.js:0
[   15809ms] [LOG] Player X: -1.84 Y: 5.48 Z: 7.48 @ http://localhost:3000/_next/static/chunks/0-ynv9eqilv7x.js:0
[   15812ms] [LOG] Player X: -1.90 Y: 5.53 Z: 7.55 @ http://localhost:3000/_next/static/chunks/0-ynv9eqilv7x.js:0
[   15816ms] [LOG] Player X: -1.95 Y: 5.58 Z: 7.62 @ http://localhost:3000/_next/static/chunks/0-ynv9eqilv7x.js:0
[   15819ms] [LOG] Player X: -2.01 Y: 5.63 Z: 7.69 @ http://localhost:3000/_next/static/chunks/0-ynv9eqilv7x.js:0
[   15822ms] [LOG] Player X: -2.06 Y: 5.68 Z: 7.75 @ http://localhost:3000/_next/static/chunks/0-ynv9eqilv7x.js:0
[   15825ms] [LOG] Player X: -2.12 Y: 5.72 Z: 7.82 @ http://localhost:3000/_next/static/chunks/0-ynv9eqilv7x.js:0
[   15829ms] [LOG] Player X: -2.17 Y: 5.77 Z: 7.89 @ http://localhost:3000/_next/static/chunks/0-ynv9eqilv7x.js:0
[   15832ms] [LOG] Player X: -2.23 Y: 5.82 Z: 7.96 @ http://localhost:3000/_next/static/chunks/0-ynv9eqilv7x.js:0
[   15836ms] [LOG] Player X: -2.28 Y: 5.87 Z: 8.03 @ http://localhost:3000/_next/static/chunks/0-ynv9eqilv7x.js:0
[   15839ms] [LOG] Player X: -2.34 Y: 5.92 Z: 8.10 @ http://localhost:3000/_next/static/chunks/0-ynv9eqilv7x.js:0
[   15842ms] [LOG] Player X: -2.39 Y: 5.97 Z: 8.16 @ http://localhost:3000/_next/static/chunks/0-ynv9eqilv7x.js:0
[   15846ms] [LOG] Player X: -2.45 Y: 6.01 Z: 8.23 @ http://localhost:3000/_next/static/chunks/0-ynv9eqilv7x.js:0
[   15849ms] [LOG] Player X: -2.50 Y: 6.06 Z: 8.30 @ http://localhost:3000/_next/static/chunks/0-ynv9eqilv7x.js:0
[   15852ms] [LOG] Player X: -2.55 Y: 6.11 Z: 8.37 @ http://localhost:3000/_next/static/chunks/0-ynv9eqilv7x.js:0
[   15856ms] [LOG] Player X: -2.61 Y: 6.16 Z: 8.44 @ http://localhost:3000/_next/static/chunks/0-ynv9eqilv7x.js:0
[   15860ms] [LOG] Player X: -2.66 Y: 6.21 Z: 8.51 @ http://localhost:3000/_next/static/chunks/0-ynv9eqilv7x.js:0
[   15864ms] [LOG] Player X: -2.72 Y: 6.26 Z: 8.57 @ http://localhost:3000/_next/static/chunks/0-ynv9eqilv7x.js:0
[   15867ms] [LOG] Player X: -2.77 Y: 6.30 Z: 8.64 @ http://localhost:3000/_next/static/chunks/0-ynv9eqilv7x.js:0
[   15869ms] [LOG] Player X: -2.83 Y: 6.35 Z: 8.71 @ http://localhost:3000/_next/static/chunks/0-ynv9eqilv7x.js:0
[   15873ms] [LOG] Player X: -2.88 Y: 6.40 Z: 8.78 @ http://localhost:3000/_next/static/chunks/0-ynv9eqilv7x.js:0
[   15876ms] [LOG] Player X: -2.94 Y: 6.45 Z: 8.85 @ http://localhost:3000/_next/static/chunks/0-ynv9eqilv7x.js:0
[   15879ms] [LOG] Player X: -2.99 Y: 6.50 Z: 8.92 @ http://localhost:3000/_next/static/chunks/0-ynv9eqilv7x.js:0
[   15882ms] [LOG] Player X: -2.99 Y: 6.50 Z: 8.92 @ http://localhost:3000/_next/static/chunks/0-ynv9eqilv7x.js:0
[   15886ms] [LOG] Player X: -2.99 Y: 6.50 Z: 8.92 @ http://localhost:3000/_next/static/chunks/0-ynv9eqilv7x.js:0
[   15889ms] [LOG] Player X: -2.99 Y: 6.50 Z: 8.92 @ http://localhost:3000/_next/static/chunks/0-ynv9eqilv7x.js:0
[   15892ms] [LOG] Player X: -2.99 Y: 6.50 Z: 8.92 @ http://localhost:3000/_next/static/chunks/0-ynv9eqilv7x.js:0
[   15895ms] [LOG] Player X: -2.99 Y: 6.50 Z: 8.92 @ http://localhost:3000/_next/static/chunks/0-ynv9eqilv7x.js:0
[   15899ms] [LOG] Player X: -2.99 Y: 6.50 Z: 8.92 @ http://localhost:3000/_next/static/chunks/0-ynv9eqilv7x.js:0
[   15902ms] [LOG] Player X: -2.99 Y: 6.50 Z: 8.92 @ http://localhost:3000/_next/static/chunks/0-ynv9eqilv7x.js:0
[   15906ms] [LOG] Player X: -2.99 Y: 6.50 Z: 8.92 @ http://localhost:3000/_next/static/chunks/0-ynv9eqilv7x.js:0
[   15909ms] [LOG] Player X: -2.99 Y: 6.50 Z: 8.92 @ http://localhost:3000/_next/static/chunks/0-ynv9eqilv7x.js:0
[   15912ms] [LOG] Player X: -2.99 Y: 6.50 Z: 8.92 @ http://localhost:3000/_next/static/chunks/0-ynv9eqilv7x.js:0
[   15916ms] [LOG] Player X: -2.99 Y: 6.50 Z: 8.92 @ http://localhost:3000/_next/static/chunks/0-ynv9eqilv7x.js:0
[   15918ms] [LOG] Player X: -2.99 Y: 6.50 Z: 8.92 @ http://localhost:3000/_next/static/chunks/0-ynv9eqilv7x.js:0
[   15922ms] [LOG] Player X: -2.99 Y: 6.50 Z: 8.92 @ http://localhost:3000/_next/static/chunks/0-ynv9eqilv7x.js:0
[   15926ms] [LOG] Player X: -2.99 Y: 6.50 Z: 8.92 @ http://localhost:3000/_next/static/chunks/0-ynv9eqilv7x.js:0
[   15929ms] [LOG] Player X: -2.99 Y: 6.50 Z: 8.92 @ http://localhost:3000/_next/static/chunks/0-ynv9eqilv7x.js:0
[   15932ms] [LOG] Player X: -2.99 Y: 6.50 Z: 8.92 @ http://localhost:3000/_next/static/chunks/0-ynv9eqilv7x.js:0
[   15935ms] [LOG] Player X: -2.99 Y: 6.50 Z: 8.92 @ http://localhost:3000/_next/static/chunks/0-ynv9eqilv7x.js:0
[   15939ms] [LOG] Player X: -2.99 Y: 6.50 Z: 8.92 @ http://localhost:3000/_next/static/chunks/0-ynv9eqilv7x.js:0
[   15942ms] [LOG] Player X: -2.99 Y: 6.50 Z: 8.92 @ http://localhost:3000/_next/static/chunks/0-ynv9eqilv7x.js:0
[   15945ms] [LOG] Player X: -2.99 Y: 6.50 Z: 8.92 @ http://localhost:3000/_next/static/chunks/0-ynv9eqilv7x.js:0
[   15949ms] [LOG] Player X: -2.99 Y: 6.50 Z: 8.92 @ http://localhost:3000/_next/static/chunks/0-ynv9eqilv7x.js:0
[   15952ms] [LOG] Player X: -2.99 Y: 6.50 Z: 8.92 @ http://localhost:3000/_next/static/chunks/0-ynv9eqilv7x.js:0
[   15955ms] [LOG] Player X: -2.99 Y: 6.50 Z: 8.92 @ http://localhost:3000/_next/static/chunks/0-ynv9eqilv7x.js:0
[   15959ms] [LOG] Player X: -2.99 Y: 6.50 Z: 8.92 @ http://localhost:3000/_next/static/chunks/0-ynv9eqilv7x.js:0
[   15962ms] [LOG] Player X: -2.99 Y: 6.50 Z: 8.92 @ http://localhost:3000/_next/static/chunks/0-ynv9eqilv7x.js:0
[   15965ms] [LOG] Player X: -2.99 Y: 6.50 Z: 8.92 @ http://localhost:3000/_next/static/chunks/0-ynv9eqilv7x.js:0
[   15969ms] [LOG] Player X: -2.99 Y: 6.50 Z: 8.92 @ http://localhost:3000/_next/static/chunks/0-ynv9eqilv7x.js:0
[   15972ms] [LOG] Player X: -2.99 Y: 6.50 Z: 8.92 @ http://localhost:3000/_next/static/chunks/0-ynv9eqilv7x.js:0
[   15975ms] [LOG] Player X: -2.99 Y: 6.50 Z: 8.92 @ http://localhost:3000/_next/static/chunks/0-ynv9eqilv7x.js:0
[   15979ms] [LOG] Player X: -2.99 Y: 6.50 Z: 8.92 @ http://localhost:3000/_next/static/chunks/0-ynv9eqilv7x.js:0
[   15982ms] [LOG] Player X: -2.99 Y: 6.50 Z: 8.92 @ http://localhost:3000/_next/static/chunks/0-ynv9eqilv7x.js:0
[   15985ms] [LOG] Player X: -2.99 Y: 6.50 Z: 8.92 @ http://localhost:3000/_next/static/chunks/0-ynv9eqilv7x.js:0
[   15989ms] [LOG] Player X: -2.99 Y: 6.50 Z: 8.92 @ http://localhost:3000/_next/static/chunks/0-ynv9eqilv7x.js:0
[   15992ms] [LOG] Player X: -2.99 Y: 6.50 Z: 8.92 @ http://localhost:3000/_next/static/chunks/0-ynv9eqilv7x.js:0
[   15995ms] [LOG] Player X: -2.99 Y: 6.50 Z: 8.92 @ http://localhost:3000/_next/static/chunks/0-ynv9eqilv7x.js:0
[   15998ms] [LOG] Player X: -2.99 Y: 6.50 Z: 8.92 @ http://localhost:3000/_next/static/chunks/0-ynv9eqilv7x.js:0
[   16002ms] [LOG] Player X: -2.99 Y: 6.50 Z: 8.92 @ http://localhost:3000/_next/static/chunks/0-ynv9eqilv7x.js:0
[   16005ms] [LOG] Player X: -2.99 Y: 6.50 Z: 8.92 @ http://localhost:3000/_next/static/chunks/0-ynv9eqilv7x.js:0
[   16009ms] [LOG] Player X: -2.99 Y: 6.50 Z: 8.92 @ http://localhost:3000/_next/static/chunks/0-ynv9eqilv7x.js:0
[   16012ms] [LOG] Player X: -2.99 Y: 6.50 Z: 8.92 @ http://localhost:3000/_next/static/chunks/0-ynv9eqilv7x.js:0
[   16016ms] [LOG] Player X: -2.99 Y: 6.50 Z: 8.92 @ http://localhost:3000/_next/static/chunks/0-ynv9eqilv7x.js:0
[   16019ms] [LOG] Player X: -2.99 Y: 6.50 Z: 8.92 @ http://localhost:3000/_next/static/chunks/0-ynv9eqilv7x.js:0
[   16022ms] [LOG] Player X: -2.99 Y: 6.50 Z: 8.92 @ http://localhost:3000/_next/static/chunks/0-ynv9eqilv7x.js:0
[   16026ms] [LOG] Player X: -2.99 Y: 6.50 Z: 8.92 @ http://localhost:3000/_next/static/chunks/0-ynv9eqilv7x.js:0
[   16029ms] [LOG] Player X: -2.99 Y: 6.50 Z: 8.92 @ http://localhost:3000/_next/static/chunks/0-ynv9eqilv7x.js:0
[   16032ms] [LOG] Player X: -2.99 Y: 6.50 Z: 8.92 @ http://localhost:3000/_next/static/chunks/0-ynv9eqilv7x.js:0
[   16036ms] [LOG] Player X: -2.99 Y: 6.50 Z: 8.92 @ http://localhost:3000/_next/static/chunks/0-ynv9eqilv7x.js:0
[   16039ms] [LOG] Player X: -2.99 Y: 6.50 Z: 8.92 @ http://localhost:3000/_next/static/chunks/0-ynv9eqilv7x.js:0
[   16042ms] [LOG] Player X: -2.99 Y: 6.50 Z: 8.92 @ http://localhost:3000/_next/static/chunks/0-ynv9eqilv7x.js:0
[   16045ms] [LOG] Player X: -2.99 Y: 6.50 Z: 8.92 @ http://localhost:3000/_next/static/chunks/0-ynv9eqilv7x.js:0
[   16049ms] [LOG] Player X: -2.99 Y: 6.50 Z: 8.92 @ http://localhost:3000/_next/static/chunks/0-ynv9eqilv7x.js:0
[   16052ms] [LOG] Player X: -2.99 Y: 6.50 Z: 8.92 @ http://localhost:3000/_next/static/chunks/0-ynv9eqilv7x.js:0
[   16056ms] [LOG] Player X: -2.99 Y: 6.50 Z: 8.92 @ http://localhost:3000/_next/static/chunks/0-ynv9eqilv7x.js:0
[   16059ms] [LOG] Player X: -2.99 Y: 6.50 Z: 8.92 @ http://localhost:3000/_next/static/chunks/0-ynv9eqilv7x.js:0
[   16062ms] [LOG] Player X: -2.99 Y: 6.50 Z: 8.92 @ http://localhost:3000/_next/static/chunks/0-ynv9eqilv7x.js:0
[   16066ms] [LOG] Player X: -2.99 Y: 6.50 Z: 8.92 @ http://localhost:3000/_next/static/chunks/0-ynv9eqilv7x.js:0
[   16069ms] [LOG] Player X: -2.99 Y: 6.50 Z: 8.92 @ http://localhost:3000/_next/static/chunks/0-ynv9eqilv7x.js:0
[   16072ms] [LOG] Player X: -2.99 Y: 6.50 Z: 8.92 @ http://localhost:3000/_next/static/chunks/0-ynv9eqilv7x.js:0
[   16075ms] [LOG] Player X: -2.99 Y: 6.50 Z: 8.92 @ http://localhost:3000/_next/static/chunks/0-ynv9eqilv7x.js:0
[   16079ms] [LOG] Player X: -2.99 Y: 6.50 Z: 8.92 @ http://localhost:3000/_next/static/chunks/0-ynv9eqilv7x.js:0
[   16082ms] [LOG] Player X: -2.99 Y: 6.50 Z: 8.92 @ http://localhost:3000/_next/static/chunks/0-ynv9eqilv7x.js:0
[   16085ms] [LOG] Player X: -2.99 Y: 6.50 Z: 8.92 @ http://localhost:3000/_next/static/chunks/0-ynv9eqilv7x.js:0
[   16089ms] [LOG] Player X: -2.99 Y: 6.50 Z: 8.92 @ http://localhost:3000/_next/static/chunks/0-ynv9eqilv7x.js:0
[   16092ms] [LOG] Player X: -2.99 Y: 6.50 Z: 8.92 @ http://localhost:3000/_next/static/chunks/0-ynv9eqilv7x.js:0
[   16096ms] [LOG] Player X: -2.99 Y: 6.50 Z: 8.92 @ http://localhost:3000/_next/static/chunks/0-ynv9eqilv7x.js:0
[   16099ms] [LOG] Player X: -2.99 Y: 6.50 Z: 8.92 @ http://localhost:3000/_next/static/chunks/0-ynv9eqilv7x.js:0
[   16103ms] [LOG] Player X: -2.99 Y: 6.50 Z: 8.92 @ http://localhost:3000/_next/static/chunks/0-ynv9eqilv7x.js:0
[   16105ms] [LOG] Player X: -2.99 Y: 6.50 Z: 8.92 @ http://localhost:3000/_next/static/chunks/0-ynv9eqilv7x.js:0
[   16109ms] [LOG] Player X: -2.99 Y: 6.50 Z: 8.92 @ http://localhost:3000/_next/static/chunks/0-ynv9eqilv7x.js:0
[   16112ms] [LOG] Player X: -2.99 Y: 6.50 Z: 8.92 @ http://localhost:3000/_next/static/chunks/0-ynv9eqilv7x.js:0
[   16115ms] [LOG] Player X: -2.99 Y: 6.50 Z: 8.92 @ http://localhost:3000/_next/static/chunks/0-ynv9eqilv7x.js:0
[   16119ms] [LOG] Player X: -2.99 Y: 6.50 Z: 8.92 @ http://localhost:3000/_next/static/chunks/0-ynv9eqilv7x.js:0
[   16122ms] [LOG] Player X: -2.99 Y: 6.50 Z: 8.92 @ http://localhost:3000/_next/static/chunks/0-ynv9eqilv7x.js:0
[   16125ms] [LOG] Player X: -2.99 Y: 6.50 Z: 8.92 @ http://localhost:3000/_next/static/chunks/0-ynv9eqilv7x.js:0
[   16129ms] [LOG] Player X: -2.99 Y: 6.50 Z: 8.92 @ http://localhost:3000/_next/static/chunks/0-ynv9eqilv7x.js:0
[   16132ms] [LOG] Player X: -2.99 Y: 6.50 Z: 8.92 @ http://localhost:3000/_next/static/chunks/0-ynv9eqilv7x.js:0
[   16135ms] [LOG] Player X: -2.99 Y: 6.50 Z: 8.92 @ http://localhost:3000/_next/static/chunks/0-ynv9eqilv7x.js:0
[   16139ms] [LOG] Player X: -2.99 Y: 6.50 Z: 8.92 @ http://localhost:3000/_next/static/chunks/0-ynv9eqilv7x.js:0
[   16142ms] [LOG] Player X: -2.99 Y: 6.50 Z: 8.92 @ http://localhost:3000/_next/static/chunks/0-ynv9eqilv7x.js:0
[   16145ms] [LOG] Player X: -2.99 Y: 6.50 Z: 8.92 @ http://localhost:3000/_next/static/chunks/0-ynv9eqilv7x.js:0
[   16149ms] [LOG] Player X: -2.99 Y: 6.50 Z: 8.92 @ http://localhost:3000/_next/static/chunks/0-ynv9eqilv7x.js:0
[   16152ms] [LOG] Player X: -2.99 Y: 6.50 Z: 8.92 @ http://localhost:3000/_next/static/chunks/0-ynv9eqilv7x.js:0
[   16155ms] [LOG] Player X: -2.99 Y: 6.50 Z: 8.92 @ http://localhost:3000/_next/static/chunks/0-ynv9eqilv7x.js:0
[   16159ms] [LOG] Player X: -2.99 Y: 6.50 Z: 8.92 @ http://localhost:3000/_next/static/chunks/0-ynv9eqilv7x.js:0
[   16162ms] [LOG] Player X: -2.99 Y: 6.50 Z: 8.92 @ http://localhost:3000/_next/static/chunks/0-ynv9eqilv7x.js:0
[   16165ms] [LOG] Player X: -2.99 Y: 6.50 Z: 8.92 @ http://localhost:3000/_next/static/chunks/0-ynv9eqilv7x.js:0
[   16169ms] [LOG] Player X: -2.99 Y: 6.50 Z: 8.92 @ http://localhost:3000/_next/static/chunks/0-ynv9eqilv7x.js:0
[   16173ms] [LOG] Player X: -2.99 Y: 6.50 Z: 8.92 @ http://localhost:3000/_next/static/chunks/0-ynv9eqilv7x.js:0
[   16176ms] [LOG] Player X: -2.99 Y: 6.50 Z: 8.92 @ http://localhost:3000/_next/static/chunks/0-ynv9eqilv7x.js:0
[   16180ms] [LOG] Player X: -2.99 Y: 6.50 Z: 8.92 @ http://localhost:3000/_next/static/chunks/0-ynv9eqilv7x.js:0
[   16182ms] [LOG] Player X: -2.99 Y: 6.50 Z: 8.92 @ http://localhost:3000/_next/static/chunks/0-ynv9eqilv7x.js:0
[   16185ms] [LOG] Player X: -2.99 Y: 6.50 Z: 8.92 @ http://localhost:3000/_next/static/chunks/0-ynv9eqilv7x.js:0
[   16189ms] [LOG] Player X: -2.99 Y: 6.50 Z: 8.92 @ http://localhost:3000/_next/static/chunks/0-ynv9eqilv7x.js:0
[   16192ms] [LOG] Player X: -2.99 Y: 6.50 Z: 8.92 @ http://localhost:3000/_next/static/chunks/0-ynv9eqilv7x.js:0
[   16195ms] [LOG] Player X: -2.99 Y: 6.50 Z: 8.92 @ http://localhost:3000/_next/static/chunks/0-ynv9eqilv7x.js:0
[   16199ms] [LOG] Player X: -2.99 Y: 6.50 Z: 8.92 @ http://localhost:3000/_next/static/chunks/0-ynv9eqilv7x.js:0
[   16202ms] [LOG] Player X: -2.99 Y: 6.50 Z: 8.92 @ http://localhost:3000/_next/static/chunks/0-ynv9eqilv7x.js:0
[   16205ms] [LOG] Player X: -2.99 Y: 6.50 Z: 8.92 @ http://localhost:3000/_next/static/chunks/0-ynv9eqilv7x.js:0
[   16209ms] [LOG] Player X: -2.99 Y: 6.50 Z: 8.92 @ http://localhost:3000/_next/static/chunks/0-ynv9eqilv7x.js:0
[   16212ms] [LOG] Player X: -2.99 Y: 6.50 Z: 8.92 @ http://localhost:3000/_next/static/chunks/0-ynv9eqilv7x.js:0
[   16215ms] [LOG] Player X: -2.99 Y: 6.50 Z: 8.92 @ http://localhost:3000/_next/static/chunks/0-ynv9eqilv7x.js:0
[   16219ms] [LOG] Player X: -2.99 Y: 6.50 Z: 8.92 @ http://localhost:3000/_next/static/chunks/0-ynv9eqilv7x.js:0
[   16222ms] [LOG] Player X: -2.99 Y: 6.50 Z: 8.92 @ http://localhost:3000/_next/static/chunks/0-ynv9eqilv7x.js:0
[   16225ms] [LOG] Player X: -2.99 Y: 6.50 Z: 8.92 @ http://localhost:3000/_next/static/chunks/0-ynv9eqilv7x.js:0
[   16229ms] [LOG] Player X: -2.99 Y: 6.50 Z: 8.92 @ http://localhost:3000/_next/static/chunks/0-ynv9eqilv7x.js:0
[   16232ms] [LOG] Player X: -2.99 Y: 6.50 Z: 8.92 @ http://localhost:3000/_next/static/chunks/0-ynv9eqilv7x.js:0
[   16235ms] [LOG] Player X: -2.99 Y: 6.50 Z: 8.92 @ http://localhost:3000/_next/static/chunks/0-ynv9eqilv7x.js:0
[   16239ms] [LOG] Player X: -2.99 Y: 6.50 Z: 8.92 @ http://localhost:3000/_next/static/chunks/0-ynv9eqilv7x.js:0
[   16242ms] [LOG] Player X: -2.99 Y: 6.50 Z: 8.92 @ http://localhost:3000/_next/static/chunks/0-ynv9eqilv7x.js:0
[   16245ms] [LOG] Player X: -2.99 Y: 6.50 Z: 8.92 @ http://localhost:3000/_next/static/chunks/0-ynv9eqilv7x.js:0
[   16249ms] [LOG] Player X: -2.99 Y: 6.50 Z: 8.92 @ http://localhost:3000/_next/static/chunks/0-ynv9eqilv7x.js:0
[   16252ms] [LOG] Player X: -2.99 Y: 6.50 Z: 8.92 @ http://localhost:3000/_next/static/chunks/0-ynv9eqilv7x.js:0
[   16255ms] [LOG] Player X: -2.99 Y: 6.50 Z: 8.92 @ http://localhost:3000/_next/static/chunks/0-ynv9eqilv7x.js:0
[   16259ms] [LOG] Player X: -2.99 Y: 6.50 Z: 8.92 @ http://localhost:3000/_next/static/chunks/0-ynv9eqilv7x.js:0
[   16262ms] [LOG] Player X: -2.99 Y: 6.50 Z: 8.92 @ http://localhost:3000/_next/static/chunks/0-ynv9eqilv7x.js:0
[   16265ms] [LOG] Player X: -2.99 Y: 6.50 Z: 8.92 @ http://localhost:3000/_next/static/chunks/0-ynv9eqilv7x.js:0
[   16269ms] [LOG] Player X: -2.99 Y: 6.50 Z: 8.92 @ http://localhost:3000/_next/static/chunks/0-ynv9eqilv7x.js:0
[   16273ms] [LOG] Player X: -2.99 Y: 6.50 Z: 8.92 @ http://localhost:3000/_next/static/chunks/0-ynv9eqilv7x.js:0
[   16276ms] [LOG] Player X: -2.99 Y: 6.50 Z: 8.92 @ http://localhost:3000/_next/static/chunks/0-ynv9eqilv7x.js:0
[   16279ms] [LOG] Player X: -2.99 Y: 6.50 Z: 8.92 @ http://localhost:3000/_next/static/chunks/0-ynv9eqilv7x.js:0
[   16282ms] [LOG] Player X: -2.99 Y: 6.50 Z: 8.92 @ http://localhost:3000/_next/static/chunks/0-ynv9eqilv7x.js:0
[   16285ms] [LOG] Player X: -2.99 Y: 6.50 Z: 8.92 @ http://localhost:3000/_next/static/chunks/0-ynv9eqilv7x.js:0
[   16289ms] [LOG] Player X: -2.99 Y: 6.50 Z: 8.92 @ http://localhost:3000/_next/static/chunks/0-ynv9eqilv7x.js:0
[   16292ms] [LOG] Player X: -2.99 Y: 6.50 Z: 8.92 @ http://localhost:3000/_next/static/chunks/0-ynv9eqilv7x.js:0
[   16295ms] [LOG] Player X: -2.99 Y: 6.50 Z: 8.92 @ http://localhost:3000/_next/static/chunks/0-ynv9eqilv7x.js:0
[   16299ms] [LOG] Player X: -2.99 Y: 6.50 Z: 8.92 @ http://localhost:3000/_next/static/chunks/0-ynv9eqilv7x.js:0
[   16302ms] [LOG] Player X: -2.99 Y: 6.50 Z: 8.92 @ http://localhost:3000/_next/static/chunks/0-ynv9eqilv7x.js:0
[   16305ms] [LOG] Player X: -2.99 Y: 6.50 Z: 8.92 @ http://localhost:3000/_next/static/chunks/0-ynv9eqilv7x.js:0
[   16309ms] [LOG] Player X: -2.99 Y: 6.50 Z: 8.92 @ http://localhost:3000/_next/static/chunks/0-ynv9eqilv7x.js:0
[   16312ms] [LOG] Player X: -2.99 Y: 6.50 Z: 8.92 @ http://localhost:3000/_next/static/chunks/0-ynv9eqilv7x.js:0
[   16315ms] [LOG] Player X: -2.99 Y: 6.50 Z: 8.92 @ http://localhost:3000/_next/static/chunks/0-ynv9eqilv7x.js:0
[   16318ms] [LOG] Player X: -2.99 Y: 6.50 Z: 8.92 @ http://localhost:3000/_next/static/chunks/0-ynv9eqilv7x.js:0
[   16322ms] [LOG] Player X: -2.99 Y: 6.50 Z: 8.92 @ http://localhost:3000/_next/static/chunks/0-ynv9eqilv7x.js:0
[   16325ms] [LOG] Player X: -2.99 Y: 6.50 Z: 8.92 @ http://localhost:3000/_next/static/chunks/0-ynv9eqilv7x.js:0
[   16329ms] [LOG] Player X: -2.99 Y: 6.50 Z: 8.92 @ http://localhost:3000/_next/static/chunks/0-ynv9eqilv7x.js:0
[   16332ms] [LOG] Player X: -2.99 Y: 6.50 Z: 8.92 @ http://localhost:3000/_next/static/chunks/0-ynv9eqilv7x.js:0
[   16335ms] [LOG] Player X: -2.99 Y: 6.50 Z: 8.92 @ http://localhost:3000/_next/static/chunks/0-ynv9eqilv7x.js:0
[   16338ms] [LOG] Player X: -2.99 Y: 6.50 Z: 8.92 @ http://localhost:3000/_next/static/chunks/0-ynv9eqilv7x.js:0
[   16342ms] [LOG] Player X: -2.99 Y: 6.50 Z: 8.92 @ http://localhost:3000/_next/static/chunks/0-ynv9eqilv7x.js:0
[   16345ms] [LOG] Player X: -2.99 Y: 6.50 Z: 8.92 @ http://localhost:3000/_next/static/chunks/0-ynv9eqilv7x.js:0
[   16348ms] [LOG] Player X: -2.99 Y: 6.50 Z: 8.92 @ http://localhost:3000/_next/static/chunks/0-ynv9eqilv7x.js:0
[   16352ms] [LOG] Player X: -2.99 Y: 6.50 Z: 8.92 @ http://localhost:3000/_next/static/chunks/0-ynv9eqilv7x.js:0
[   16355ms] [LOG] Player X: -2.99 Y: 6.50 Z: 8.92 @ http://localhost:3000/_next/static/chunks/0-ynv9eqilv7x.js:0
[   16359ms] [LOG] Player X: -2.99 Y: 6.50 Z: 8.92 @ http://localhost:3000/_next/static/chunks/0-ynv9eqilv7x.js:0
[   16362ms] [LOG] Player X: -2.99 Y: 6.50 Z: 8.92 @ http://localhost:3000/_next/static/chunks/0-ynv9eqilv7x.js:0
[   16365ms] [LOG] Player X: -2.99 Y: 6.50 Z: 8.92 @ http://localhost:3000/_next/static/chunks/0-ynv9eqilv7x.js:0
[   16368ms] [LOG] Player X: -2.99 Y: 6.50 Z: 8.92 @ http://localhost:3000/_next/static/chunks/0-ynv9eqilv7x.js:0
[   16372ms] [LOG] Player X: -2.99 Y: 6.50 Z: 8.92 @ http://localhost:3000/_next/static/chunks/0-ynv9eqilv7x.js:0
[   16375ms] [LOG] Player X: -2.99 Y: 6.50 Z: 8.92 @ http://localhost:3000/_next/static/chunks/0-ynv9eqilv7x.js:0
[   16378ms] [LOG] Player X: -2.99 Y: 6.50 Z: 8.92 @ http://localhost:3000/_next/static/chunks/0-ynv9eqilv7x.js:0
[   16382ms] [LOG] Player X: -2.99 Y: 6.50 Z: 8.92 @ http://localhost:3000/_next/static/chunks/0-ynv9eqilv7x.js:0
[   16385ms] [LOG] Player X: -2.99 Y: 6.50 Z: 8.92 @ http://localhost:3000/_next/static/chunks/0-ynv9eqilv7x.js:0
[   16388ms] [LOG] Player X: -2.99 Y: 6.50 Z: 8.92 @ http://localhost:3000/_next/static/chunks/0-ynv9eqilv7x.js:0
[   16392ms] [LOG] Player X: -2.99 Y: 6.50 Z: 8.92 @ http://localhost:3000/_next/static/chunks/0-ynv9eqilv7x.js:0
[   16395ms] [LOG] Player X: -2.99 Y: 6.50 Z: 8.92 @ http://localhost:3000/_next/static/chunks/0-ynv9eqilv7x.js:0
[   16398ms] [LOG] Player X: -2.99 Y: 6.50 Z: 8.92 @ http://localhost:3000/_next/static/chunks/0-ynv9eqilv7x.js:0
[   16402ms] [LOG] Player X: -2.99 Y: 6.50 Z: 8.92 @ http://localhost:3000/_next/static/chunks/0-ynv9eqilv7x.js:0
[   16405ms] [LOG] Player X: -2.99 Y: 6.50 Z: 8.92 @ http://localhost:3000/_next/static/chunks/0-ynv9eqilv7x.js:0
[   16408ms] [LOG] Player X: -2.99 Y: 6.50 Z: 8.92 @ http://localhost:3000/_next/static/chunks/0-ynv9eqilv7x.js:0
[   16412ms] [LOG] Player X: -2.99 Y: 6.50 Z: 8.92 @ http://localhost:3000/_next/static/chunks/0-ynv9eqilv7x.js:0
[   16416ms] [LOG] Player X: -2.99 Y: 6.50 Z: 8.92 @ http://localhost:3000/_next/static/chunks/0-ynv9eqilv7x.js:0
[   16419ms] [LOG] Player X: -2.99 Y: 6.50 Z: 8.92 @ http://localhost:3000/_next/static/chunks/0-ynv9eqilv7x.js:0
[   16422ms] [LOG] Player X: -2.99 Y: 6.50 Z: 8.92 @ http://localhost:3000/_next/static/chunks/0-ynv9eqilv7x.js:0
[   16425ms] [LOG] Player X: -2.99 Y: 6.50 Z: 8.92 @ http://localhost:3000/_next/static/chunks/0-ynv9eqilv7x.js:0
[   16428ms] [LOG] Player X: -2.99 Y: 6.50 Z: 8.92 @ http://localhost:3000/_next/static/chunks/0-ynv9eqilv7x.js:0
[   16432ms] [LOG] Player X: -2.99 Y: 6.50 Z: 8.92 @ http://localhost:3000/_next/static/chunks/0-ynv9eqilv7x.js:0
[   16435ms] [LOG] Player X: -2.99 Y: 6.50 Z: 8.92 @ http://localhost:3000/_next/static/chunks/0-ynv9eqilv7x.js:0
[   16438ms] [LOG] Player X: -2.99 Y: 6.50 Z: 8.92 @ http://localhost:3000/_next/static/chunks/0-ynv9eqilv7x.js:0
[   16442ms] [LOG] Player X: -2.99 Y: 6.50 Z: 8.92 @ http://localhost:3000/_next/static/chunks/0-ynv9eqilv7x.js:0
[   16445ms] [LOG] Player X: -2.99 Y: 6.50 Z: 8.92 @ http://localhost:3000/_next/static/chunks/0-ynv9eqilv7x.js:0
[   16449ms] [LOG] Player X: -2.99 Y: 6.50 Z: 8.92 @ http://localhost:3000/_next/static/chunks/0-ynv9eqilv7x.js:0
[   16452ms] [LOG] Player X: -2.99 Y: 6.50 Z: 8.92 @ http://localhost:3000/_next/static/chunks/0-ynv9eqilv7x.js:0
[   16455ms] [LOG] Player X: -2.99 Y: 6.50 Z: 8.92 @ http://localhost:3000/_next/static/chunks/0-ynv9eqilv7x.js:0
[   16459ms] [LOG] Player X: -2.99 Y: 6.50 Z: 8.92 @ http://localhost:3000/_next/static/chunks/0-ynv9eqilv7x.js:0
[   16462ms] [LOG] Player X: -2.99 Y: 6.50 Z: 8.92 @ http://localhost:3000/_next/static/chunks/0-ynv9eqilv7x.js:0
[   16465ms] [LOG] Player X: -2.99 Y: 6.50 Z: 8.92 @ http://localhost:3000/_next/static/chunks/0-ynv9eqilv7x.js:0
[   16468ms] [LOG] Player X: -2.99 Y: 6.50 Z: 8.92 @ http://localhost:3000/_next/static/chunks/0-ynv9eqilv7x.js:0
[   16472ms] [LOG] Player X: -2.99 Y: 6.50 Z: 8.92 @ http://localhost:3000/_next/static/chunks/0-ynv9eqilv7x.js:0
[   16475ms] [LOG] Player X: -2.99 Y: 6.50 Z: 8.92 @ http://localhost:3000/_next/static/chunks/0-ynv9eqilv7x.js:0
[   16479ms] [LOG] Player X: -2.99 Y: 6.50 Z: 8.92 @ http://localhost:3000/_next/static/chunks/0-ynv9eqilv7x.js:0
[   16482ms] [LOG] Player X: -2.99 Y: 6.50 Z: 8.92 @ http://localhost:3000/_next/static/chunks/0-ynv9eqilv7x.js:0
[   16486ms] [LOG] Player X: -2.99 Y: 6.50 Z: 8.92 @ http://localhost:3000/_next/static/chunks/0-ynv9eqilv7x.js:0
[   16489ms] [LOG] Player X: -2.99 Y: 6.50 Z: 8.92 @ http://localhost:3000/_next/static/chunks/0-ynv9eqilv7x.js:0
[   16492ms] [LOG] Player X: -2.99 Y: 6.50 Z: 8.92 @ http://localhost:3000/_next/static/chunks/0-ynv9eqilv7x.js:0
[   16495ms] [LOG] Player X: -2.99 Y: 6.50 Z: 8.92 @ http://localhost:3000/_next/static/chunks/0-ynv9eqilv7x.js:0
[   16499ms] [LOG] Player X: -2.99 Y: 6.50 Z: 8.92 @ http://localhost:3000/_next/static/chunks/0-ynv9eqilv7x.js:0
[   16502ms] [LOG] Player X: -2.99 Y: 6.50 Z: 8.92 @ http://localhost:3000/_next/static/chunks/0-ynv9eqilv7x.js:0
[   16505ms] [LOG] Player X: -2.99 Y: 6.50 Z: 8.92 @ http://localhost:3000/_next/static/chunks/0-ynv9eqilv7x.js:0
[   16509ms] [LOG] Player X: -2.99 Y: 6.50 Z: 8.92 @ http://localhost:3000/_next/static/chunks/0-ynv9eqilv7x.js:0
[   16512ms] [LOG] Player X: -2.99 Y: 6.50 Z: 8.92 @ http://localhost:3000/_next/static/chunks/0-ynv9eqilv7x.js:0
[   16515ms] [LOG] Player X: -2.99 Y: 6.50 Z: 8.92 @ http://localhost:3000/_next/static/chunks/0-ynv9eqilv7x.js:0
[   16519ms] [LOG] Player X: -2.99 Y: 6.50 Z: 8.92 @ http://localhost:3000/_next/static/chunks/0-ynv9eqilv7x.js:0
[   16522ms] [LOG] Player X: -2.99 Y: 6.50 Z: 8.92 @ http://localhost:3000/_next/static/chunks/0-ynv9eqilv7x.js:0
[   16525ms] [LOG] Player X: -2.99 Y: 6.50 Z: 8.92 @ http://localhost:3000/_next/static/chunks/0-ynv9eqilv7x.js:0
[   16529ms] [LOG] Player X: -2.99 Y: 6.50 Z: 8.92 @ http://localhost:3000/_next/static/chunks/0-ynv9eqilv7x.js:0
[   16532ms] [LOG] Player X: -2.99 Y: 6.50 Z: 8.92 @ http://localhost:3000/_next/static/chunks/0-ynv9eqilv7x.js:0
[   16535ms] [LOG] Player X: -2.99 Y: 6.50 Z: 8.92 @ http://localhost:3000/_next/static/chunks/0-ynv9eqilv7x.js:0
[   16539ms] [LOG] Player X: -2.99 Y: 6.50 Z: 8.92 @ http://localhost:3000/_next/static/chunks/0-ynv9eqilv7x.js:0
[   16542ms] [LOG] Player X: -2.99 Y: 6.50 Z: 8.92 @ http://localhost:3000/_next/static/chunks/0-ynv9eqilv7x.js:0
[   16545ms] [LOG] Player X: -2.99 Y: 6.50 Z: 8.92 @ http://localhost:3000/_next/static/chunks/0-ynv9eqilv7x.js:0
[   16548ms] [LOG] Player X: -2.99 Y: 6.50 Z: 8.92 @ http://localhost:3000/_next/static/chunks/0-ynv9eqilv7x.js:0
[   16552ms] [LOG] Player X: -2.99 Y: 6.50 Z: 8.92 @ http://localhost:3000/_next/static/chunks/0-ynv9eqilv7x.js:0
[   16555ms] [LOG] Player X: -2.99 Y: 6.50 Z: 8.92 @ http://localhost:3000/_next/static/chunks/0-ynv9eqilv7x.js:0
[   16559ms] [LOG] Player X: -2.99 Y: 6.50 Z: 8.92 @ http://localhost:3000/_next/static/chunks/0-ynv9eqilv7x.js:0
[   16562ms] [LOG] Player X: -2.99 Y: 6.50 Z: 8.92 @ http://localhost:3000/_next/static/chunks/0-ynv9eqilv7x.js:0
[   16565ms] [LOG] Player X: -2.99 Y: 6.50 Z: 8.92 @ http://localhost:3000/_next/static/chunks/0-ynv9eqilv7x.js:0
[   16569ms] [LOG] Player X: -2.99 Y: 6.50 Z: 8.92 @ http://localhost:3000/_next/static/chunks/0-ynv9eqilv7x.js:0
[   16572ms] [LOG] Player X: -2.99 Y: 6.50 Z: 8.92 @ http://localhost:3000/_next/static/chunks/0-ynv9eqilv7x.js:0
[   16576ms] [LOG] Player X: -2.99 Y: 6.50 Z: 8.92 @ http://localhost:3000/_next/static/chunks/0-ynv9eqilv7x.js:0
[   16579ms] [LOG] Player X: -2.99 Y: 6.50 Z: 8.92 @ http://localhost:3000/_next/static/chunks/0-ynv9eqilv7x.js:0
[   16582ms] [LOG] Player X: -2.99 Y: 6.50 Z: 8.92 @ http://localhost:3000/_next/static/chunks/0-ynv9eqilv7x.js:0
[   16586ms] [LOG] Player X: -2.99 Y: 6.50 Z: 8.92 @ http://localhost:3000/_next/static/chunks/0-ynv9eqilv7x.js:0
[   16589ms] [LOG] Player X: -2.99 Y: 6.50 Z: 8.92 @ http://localhost:3000/_next/static/chunks/0-ynv9eqilv7x.js:0
[   16592ms] [LOG] Player X: -2.99 Y: 6.50 Z: 8.92 @ http://localhost:3000/_next/static/chunks/0-ynv9eqilv7x.js:0
[   16595ms] [LOG] Player X: -2.99 Y: 6.50 Z: 8.92 @ http://localhost:3000/_next/static/chunks/0-ynv9eqilv7x.js:0
[   16598ms] [LOG] Player X: -2.99 Y: 6.50 Z: 8.92 @ http://localhost:3000/_next/static/chunks/0-ynv9eqilv7x.js:0
[   16602ms] [LOG] Player X: -2.99 Y: 6.50 Z: 8.92 @ http://localhost:3000/_next/static/chunks/0-ynv9eqilv7x.js:0
[   16605ms] [LOG] Player X: -2.99 Y: 6.50 Z: 8.92 @ http://localhost:3000/_next/static/chunks/0-ynv9eqilv7x.js:0
[   16608ms] [LOG] Player X: -2.99 Y: 6.50 Z: 8.92 @ http://localhost:3000/_next/static/chunks/0-ynv9eqilv7x.js:0
[   16612ms] [LOG] Player X: -2.99 Y: 6.50 Z: 8.92 @ http://localhost:3000/_next/static/chunks/0-ynv9eqilv7x.js:0
[   16615ms] [LOG] Player X: -2.99 Y: 6.50 Z: 8.92 @ http://localhost:3000/_next/static/chunks/0-ynv9eqilv7x.js:0
[   16619ms] [LOG] Player X: -2.99 Y: 6.50 Z: 8.92 @ http://localhost:3000/_next/static/chunks/0-ynv9eqilv7x.js:0
[   16621ms] [LOG] Player X: -2.99 Y: 6.50 Z: 8.92 @ http://localhost:3000/_next/static/chunks/0-ynv9eqilv7x.js:0
[   16625ms] [LOG] Player X: -2.99 Y: 6.50 Z: 8.92 @ http://localhost:3000/_next/static/chunks/0-ynv9eqilv7x.js:0
[   16629ms] [LOG] Player X: -2.99 Y: 6.50 Z: 8.92 @ http://localhost:3000/_next/static/chunks/0-ynv9eqilv7x.js:0
[   16632ms] [LOG] Player X: -2.99 Y: 6.50 Z: 8.92 @ http://localhost:3000/_next/static/chunks/0-ynv9eqilv7x.js:0
[   16635ms] [LOG] Player X: -2.99 Y: 6.50 Z: 8.92 @ http://localhost:3000/_next/static/chunks/0-ynv9eqilv7x.js:0
[   16639ms] [LOG] Player X: -2.99 Y: 6.50 Z: 8.92 @ http://localhost:3000/_next/static/chunks/0-ynv9eqilv7x.js:0
[   16642ms] [LOG] Player X: -2.99 Y: 6.50 Z: 8.92 @ http://localhost:3000/_next/static/chunks/0-ynv9eqilv7x.js:0
[   16645ms] [LOG] Player X: -2.99 Y: 6.50 Z: 8.92 @ http://localhost:3000/_next/static/chunks/0-ynv9eqilv7x.js:0
[   16649ms] [LOG] Player X: -2.99 Y: 6.50 Z: 8.92 @ http://localhost:3000/_next/static/chunks/0-ynv9eqilv7x.js:0
[   16652ms] [LOG] Player X: -2.99 Y: 6.50 Z: 8.92 @ http://localhost:3000/_next/static/chunks/0-ynv9eqilv7x.js:0
[   16655ms] [LOG] Player X: -2.99 Y: 6.50 Z: 8.92 @ http://localhost:3000/_next/static/chunks/0-ynv9eqilv7x.js:0
[   16659ms] [LOG] Player X: -2.99 Y: 6.50 Z: 8.92 @ http://localhost:3000/_next/static/chunks/0-ynv9eqilv7x.js:0
[   16662ms] [LOG] Player X: -2.99 Y: 6.50 Z: 8.92 @ http://localhost:3000/_next/static/chunks/0-ynv9eqilv7x.js:0
[   16665ms] [LOG] Player X: -2.99 Y: 6.50 Z: 8.92 @ http://localhost:3000/_next/static/chunks/0-ynv9eqilv7x.js:0
[   16669ms] [LOG] Player X: -2.99 Y: 6.50 Z: 8.92 @ http://localhost:3000/_next/static/chunks/0-ynv9eqilv7x.js:0
[   16672ms] [LOG] Player X: -2.99 Y: 6.50 Z: 8.92 @ http://localhost:3000/_next/static/chunks/0-ynv9eqilv7x.js:0
[   16675ms] [LOG] Player X: -2.99 Y: 6.50 Z: 8.92 @ http://localhost:3000/_next/static/chunks/0-ynv9eqilv7x.js:0
[   16679ms] [LOG] Player X: -2.99 Y: 6.50 Z: 8.92 @ http://localhost:3000/_next/static/chunks/0-ynv9eqilv7x.js:0
[   16682ms] [LOG] Player X: -2.99 Y: 6.50 Z: 8.92 @ http://localhost:3000/_next/static/chunks/0-ynv9eqilv7x.js:0
[   16685ms] [LOG] Player X: -2.99 Y: 6.50 Z: 8.92 @ http://localhost:3000/_next/static/chunks/0-ynv9eqilv7x.js:0
[   16689ms] [LOG] Player X: -2.99 Y: 6.50 Z: 8.92 @ http://localhost:3000/_next/static/chunks/0-ynv9eqilv7x.js:0
[   16692ms] [LOG] Player X: -2.99 Y: 6.50 Z: 8.92 @ http://localhost:3000/_next/static/chunks/0-ynv9eqilv7x.js:0
[   16695ms] [LOG] Player X: -2.99 Y: 6.50 Z: 8.92 @ http://localhost:3000/_next/static/chunks/0-ynv9eqilv7x.js:0
[   16699ms] [LOG] Player X: -2.99 Y: 6.50 Z: 8.92 @ http://localhost:3000/_next/static/chunks/0-ynv9eqilv7x.js:0
[   16702ms] [LOG] Player X: -2.99 Y: 6.50 Z: 8.92 @ http://localhost:3000/_next/static/chunks/0-ynv9eqilv7x.js:0
[   16705ms] [LOG] Player X: -2.99 Y: 6.50 Z: 8.92 @ http://localhost:3000/_next/static/chunks/0-ynv9eqilv7x.js:0
[   16709ms] [LOG] Player X: -2.99 Y: 6.50 Z: 8.92 @ http://localhost:3000/_next/static/chunks/0-ynv9eqilv7x.js:0
[   16712ms] [LOG] Player X: -2.99 Y: 6.50 Z: 8.92 @ http://localhost:3000/_next/static/chunks/0-ynv9eqilv7x.js:0
[   16715ms] [LOG] Player X: -2.99 Y: 6.50 Z: 8.92 @ http://localhost:3000/_next/static/chunks/0-ynv9eqilv7x.js:0
[   16718ms] [LOG] Player X: -2.99 Y: 6.50 Z: 8.92 @ http://localhost:3000/_next/static/chunks/0-ynv9eqilv7x.js:0
[   16722ms] [LOG] Player X: -2.99 Y: 6.50 Z: 8.92 @ http://localhost:3000/_next/static/chunks/0-ynv9eqilv7x.js:0
[   16725ms] [LOG] Player X: -2.99 Y: 6.50 Z: 8.92 @ http://localhost:3000/_next/static/chunks/0-ynv9eqilv7x.js:0
[   16728ms] [LOG] Player X: -2.99 Y: 6.50 Z: 8.92 @ http://localhost:3000/_next/static/chunks/0-ynv9eqilv7x.js:0
[   16732ms] [LOG] Player X: -2.99 Y: 6.50 Z: 8.92 @ http://localhost:3000/_next/static/chunks/0-ynv9eqilv7x.js:0
[   16735ms] [LOG] Player X: -2.99 Y: 6.50 Z: 8.92 @ http://localhost:3000/_next/static/chunks/0-ynv9eqilv7x.js:0
[   16739ms] [LOG] Player X: -2.99 Y: 6.50 Z: 8.92 @ http://localhost:3000/_next/static/chunks/0-ynv9eqilv7x.js:0
[   16742ms] [LOG] Player X: -2.99 Y: 6.50 Z: 8.92 @ http://localhost:3000/_next/static/chunks/0-ynv9eqilv7x.js:0
[   16745ms] [LOG] Player X: -2.99 Y: 6.50 Z: 8.92 @ http://localhost:3000/_next/static/chunks/0-ynv9eqilv7x.js:0
[   16749ms] [LOG] Player X: -2.99 Y: 6.50 Z: 8.92 @ http://localhost:3000/_next/static/chunks/0-ynv9eqilv7x.js:0
[   16752ms] [LOG] Player X: -2.99 Y: 6.50 Z: 8.92 @ http://localhost:3000/_next/static/chunks/0-ynv9eqilv7x.js:0
[   16755ms] [LOG] Player X: -2.99 Y: 6.50 Z: 8.92 @ http://localhost:3000/_next/static/chunks/0-ynv9eqilv7x.js:0
[   16759ms] [LOG] Player X: -2.99 Y: 6.50 Z: 8.92 @ http://localhost:3000/_next/static/chunks/0-ynv9eqilv7x.js:0
[   16762ms] [LOG] Player X: -2.99 Y: 6.50 Z: 8.92 @ http://localhost:3000/_next/static/chunks/0-ynv9eqilv7x.js:0
[   16765ms] [LOG] Player X: -2.99 Y: 6.50 Z: 8.92 @ http://localhost:3000/_next/static/chunks/0-ynv9eqilv7x.js:0
[   16769ms] [LOG] Player X: -2.99 Y: 6.50 Z: 8.92 @ http://localhost:3000/_next/static/chunks/0-ynv9eqilv7x.js:0
[   16771ms] [LOG] Player X: -2.99 Y: 6.50 Z: 8.92 @ http://localhost:3000/_next/static/chunks/0-ynv9eqilv7x.js:0
[   16775ms] [LOG] Player X: -2.99 Y: 6.50 Z: 8.92 @ http://localhost:3000/_next/static/chunks/0-ynv9eqilv7x.js:0
[   16778ms] [LOG] Player X: -2.99 Y: 6.50 Z: 8.92 @ http://localhost:3000/_next/static/chunks/0-ynv9eqilv7x.js:0
[   16782ms] [LOG] Player X: -2.99 Y: 6.50 Z: 8.92 @ http://localhost:3000/_next/static/chunks/0-ynv9eqilv7x.js:0
[   16785ms] [LOG] Player X: -2.99 Y: 6.50 Z: 8.92 @ http://localhost:3000/_next/static/chunks/0-ynv9eqilv7x.js:0
[   16788ms] [LOG] Player X: -2.94 Y: 6.45 Z: 8.85 @ http://localhost:3000/_next/static/chunks/0-ynv9eqilv7x.js:0
[   16792ms] [LOG] Player X: -2.89 Y: 6.40 Z: 8.78 @ http://localhost:3000/_next/static/chunks/0-ynv9eqilv7x.js:0
[   16795ms] [LOG] Player X: -2.83 Y: 6.35 Z: 8.71 @ http://localhost:3000/_next/static/chunks/0-ynv9eqilv7x.js:0
[   16798ms] [LOG] Player X: -2.78 Y: 6.30 Z: 8.64 @ http://localhost:3000/_next/static/chunks/0-ynv9eqilv7x.js:0
[   16802ms] [LOG] Player X: -2.73 Y: 6.26 Z: 8.57 @ http://localhost:3000/_next/static/chunks/0-ynv9eqilv7x.js:0
[   16805ms] [LOG] Player X: -2.68 Y: 6.21 Z: 8.50 @ http://localhost:3000/_next/static/chunks/0-ynv9eqilv7x.js:0
[   16809ms] [LOG] Player X: -2.62 Y: 6.16 Z: 8.43 @ http://localhost:3000/_next/static/chunks/0-ynv9eqilv7x.js:0
[   16812ms] [LOG] Player X: -2.57 Y: 6.11 Z: 8.36 @ http://localhost:3000/_next/static/chunks/0-ynv9eqilv7x.js:0
[   16816ms] [LOG] Player X: -2.52 Y: 6.06 Z: 8.29 @ http://localhost:3000/_next/static/chunks/0-ynv9eqilv7x.js:0
[   16819ms] [LOG] Player X: -2.47 Y: 6.01 Z: 8.22 @ http://localhost:3000/_next/static/chunks/0-ynv9eqilv7x.js:0
[   16822ms] [LOG] Player X: -2.41 Y: 5.97 Z: 8.15 @ http://localhost:3000/_next/static/chunks/0-ynv9eqilv7x.js:0
[   16826ms] [LOG] Player X: -2.36 Y: 5.92 Z: 8.08 @ http://localhost:3000/_next/static/chunks/0-ynv9eqilv7x.js:0
[   16829ms] [LOG] Player X: -2.31 Y: 5.87 Z: 8.01 @ http://localhost:3000/_next/static/chunks/0-ynv9eqilv7x.js:0
[   16832ms] [LOG] Player X: -2.26 Y: 5.82 Z: 7.94 @ http://localhost:3000/_next/static/chunks/0-ynv9eqilv7x.js:0
[   16835ms] [LOG] Player X: -2.20 Y: 5.77 Z: 7.87 @ http://localhost:3000/_next/static/chunks/0-ynv9eqilv7x.js:0
[   16839ms] [LOG] Player X: -2.15 Y: 5.72 Z: 7.80 @ http://localhost:3000/_next/static/chunks/0-ynv9eqilv7x.js:0
[   16842ms] [LOG] Player X: -2.10 Y: 5.68 Z: 7.72 @ http://localhost:3000/_next/static/chunks/0-ynv9eqilv7x.js:0
[   16845ms] [LOG] Player X: -2.05 Y: 5.63 Z: 7.65 @ http://localhost:3000/_next/static/chunks/0-ynv9eqilv7x.js:0
[   16849ms] [LOG] Player X: -2.00 Y: 5.58 Z: 7.58 @ http://localhost:3000/_next/static/chunks/0-ynv9eqilv7x.js:0
[   16852ms] [LOG] Player X: -1.94 Y: 5.53 Z: 7.51 @ http://localhost:3000/_next/static/chunks/0-ynv9eqilv7x.js:0
[   16855ms] [LOG] Player X: -1.89 Y: 5.48 Z: 7.44 @ http://localhost:3000/_next/static/chunks/0-ynv9eqilv7x.js:0
[   16859ms] [LOG] Player X: -1.84 Y: 5.44 Z: 7.37 @ http://localhost:3000/_next/static/chunks/0-ynv9eqilv7x.js:0
[   16862ms] [LOG] Player X: -1.79 Y: 5.39 Z: 7.30 @ http://localhost:3000/_next/static/chunks/0-ynv9eqilv7x.js:0
[   16865ms] [LOG] Player X: -1.74 Y: 5.34 Z: 7.23 @ http://localhost:3000/_next/static/chunks/0-ynv9eqilv7x.js:0
[   16869ms] [LOG] Player X: -1.69 Y: 5.29 Z: 7.16 @ http://localhost:3000/_next/static/chunks/0-ynv9eqilv7x.js:0
[   16872ms] [LOG] Player X: -1.64 Y: 5.24 Z: 7.09 @ http://localhost:3000/_next/static/chunks/0-ynv9eqilv7x.js:0
[   16875ms] [LOG] Player X: -1.59 Y: 5.20 Z: 7.01 @ http://localhost:3000/_next/static/chunks/0-ynv9eqilv7x.js:0
[   16879ms] [LOG] Player X: -1.54 Y: 5.15 Z: 6.94 @ http://localhost:3000/_next/static/chunks/0-ynv9eqilv7x.js:0
[   16882ms] [LOG] Player X: -1.48 Y: 5.10 Z: 6.87 @ http://localhost:3000/_next/static/chunks/0-ynv9eqilv7x.js:0
[   16886ms] [LOG] Player X: -1.43 Y: 5.05 Z: 6.80 @ http://localhost:3000/_next/static/chunks/0-ynv9eqilv7x.js:0
[   16889ms] [LOG] Player X: -1.38 Y: 5.01 Z: 6.73 @ http://localhost:3000/_next/static/chunks/0-ynv9eqilv7x.js:0
[   16893ms] [LOG] Player X: -1.33 Y: 4.96 Z: 6.65 @ http://localhost:3000/_next/static/chunks/0-ynv9eqilv7x.js:0
[   16896ms] [LOG] Player X: -1.28 Y: 4.91 Z: 6.58 @ http://localhost:3000/_next/static/chunks/0-ynv9eqilv7x.js:0
[   16899ms] [LOG] Player X: -1.23 Y: 4.86 Z: 6.51 @ http://localhost:3000/_next/static/chunks/0-ynv9eqilv7x.js:0
[   16902ms] [LOG] Player X: -1.18 Y: 4.82 Z: 6.44 @ http://localhost:3000/_next/static/chunks/0-ynv9eqilv7x.js:0
[   16906ms] [LOG] Player X: -1.13 Y: 4.77 Z: 6.36 @ http://localhost:3000/_next/static/chunks/0-ynv9eqilv7x.js:0
[   16909ms] [LOG] Player X: -1.08 Y: 4.72 Z: 6.29 @ http://localhost:3000/_next/static/chunks/0-ynv9eqilv7x.js:0
[   16912ms] [LOG] Player X: -1.03 Y: 4.67 Z: 6.22 @ http://localhost:3000/_next/static/chunks/0-ynv9eqilv7x.js:0
[   16916ms] [LOG] Player X: -0.98 Y: 4.63 Z: 6.15 @ http://localhost:3000/_next/static/chunks/0-ynv9eqilv7x.js:0
[   16919ms] [LOG] Player X: -0.94 Y: 4.58 Z: 6.07 @ http://localhost:3000/_next/static/chunks/0-ynv9eqilv7x.js:0
[   16922ms] [LOG] Player X: -0.89 Y: 4.53 Z: 6.00 @ http://localhost:3000/_next/static/chunks/0-ynv9eqilv7x.js:0
[   16926ms] [LOG] Player X: -0.84 Y: 4.49 Z: 5.93 @ http://localhost:3000/_next/static/chunks/0-ynv9eqilv7x.js:0
[   16929ms] [LOG] Player X: -0.79 Y: 4.44 Z: 5.85 @ http://localhost:3000/_next/static/chunks/0-ynv9eqilv7x.js:0
[   16932ms] [LOG] Player X: -0.74 Y: 4.39 Z: 5.78 @ http://localhost:3000/_next/static/chunks/0-ynv9eqilv7x.js:0
[   16936ms] [LOG] Player X: -0.69 Y: 4.34 Z: 5.71 @ http://localhost:3000/_next/static/chunks/0-ynv9eqilv7x.js:0
[   16939ms] [LOG] Player X: -0.64 Y: 4.30 Z: 5.63 @ http://localhost:3000/_next/static/chunks/0-ynv9eqilv7x.js:0
[   16942ms] [LOG] Player X: -0.59 Y: 4.25 Z: 5.56 @ http://localhost:3000/_next/static/chunks/0-ynv9eqilv7x.js:0
[   16946ms] [LOG] Player X: -0.54 Y: 4.20 Z: 5.49 @ http://localhost:3000/_next/static/chunks/0-ynv9eqilv7x.js:0
[   16949ms] [LOG] Player X: -0.49 Y: 4.16 Z: 5.41 @ http://localhost:3000/_next/static/chunks/0-ynv9eqilv7x.js:0
[   16952ms] [LOG] Player X: -0.45 Y: 4.11 Z: 5.34 @ http://localhost:3000/_next/static/chunks/0-ynv9eqilv7x.js:0
[   16956ms] [LOG] Player X: -0.40 Y: 4.06 Z: 5.26 @ http://localhost:3000/_next/static/chunks/0-ynv9eqilv7x.js:0
[   16959ms] [LOG] Player X: -0.35 Y: 4.02 Z: 5.19 @ http://localhost:3000/_next/static/chunks/0-ynv9eqilv7x.js:0
[   16963ms] [LOG] Player X: -0.30 Y: 3.97 Z: 5.12 @ http://localhost:3000/_next/static/chunks/0-ynv9eqilv7x.js:0
[   16966ms] [LOG] Player X: -0.25 Y: 3.92 Z: 5.04 @ http://localhost:3000/_next/static/chunks/0-ynv9eqilv7x.js:0
[   16969ms] [LOG] Player X: -0.20 Y: 3.88 Z: 4.97 @ http://localhost:3000/_next/static/chunks/0-ynv9eqilv7x.js:0
[   16973ms] [LOG] Player X: -0.16 Y: 3.83 Z: 4.89 @ http://localhost:3000/_next/static/chunks/0-ynv9eqilv7x.js:0
[   16976ms] [LOG] Player X: -0.11 Y: 3.78 Z: 4.82 @ http://localhost:3000/_next/static/chunks/0-ynv9eqilv7x.js:0
[   16979ms] [LOG] Player X: -0.06 Y: 3.74 Z: 4.74 @ http://localhost:3000/_next/static/chunks/0-ynv9eqilv7x.js:0
[   16982ms] [LOG] Player X: -0.01 Y: 3.69 Z: 4.67 @ http://localhost:3000/_next/static/chunks/0-ynv9eqilv7x.js:0
[   16986ms] [LOG] Player X: 0.03 Y: 3.65 Z: 4.59 @ http://localhost:3000/_next/static/chunks/0-ynv9eqilv7x.js:0
[   16989ms] [LOG] Player X: 0.08 Y: 3.60 Z: 4.52 @ http://localhost:3000/_next/static/chunks/0-ynv9eqilv7x.js:0
[   16992ms] [LOG] Player X: 0.13 Y: 3.55 Z: 4.44 @ http://localhost:3000/_next/static/chunks/0-ynv9eqilv7x.js:0
[   16996ms] [LOG] Player X: 0.17 Y: 3.51 Z: 4.37 @ http://localhost:3000/_next/static/chunks/0-ynv9eqilv7x.js:0
[   17000ms] [LOG] Player X: 0.22 Y: 3.46 Z: 4.29 @ http://localhost:3000/_next/static/chunks/0-ynv9eqilv7x.js:0
[   17003ms] [LOG] Player X: 0.26 Y: 3.42 Z: 4.21 @ http://localhost:3000/_next/static/chunks/0-ynv9eqilv7x.js:0
[   17007ms] [LOG] Player X: 0.31 Y: 3.37 Z: 4.14 @ http://localhost:3000/_next/static/chunks/0-ynv9eqilv7x.js:0
[   17011ms] [LOG] Player X: 0.35 Y: 3.32 Z: 4.06 @ http://localhost:3000/_next/static/chunks/0-ynv9eqilv7x.js:0
[   17015ms] [LOG] Player X: 0.40 Y: 3.28 Z: 3.98 @ http://localhost:3000/_next/static/chunks/0-ynv9eqilv7x.js:0
[   17020ms] [LOG] Player X: 0.44 Y: 3.23 Z: 3.91 @ http://localhost:3000/_next/static/chunks/0-ynv9eqilv7x.js:0
[   17024ms] [LOG] Player X: 0.49 Y: 3.19 Z: 3.83 @ http://localhost:3000/_next/static/chunks/0-ynv9eqilv7x.js:0
[   17030ms] [LOG] Player X: 0.53 Y: 3.14 Z: 3.75 @ http://localhost:3000/_next/static/chunks/0-ynv9eqilv7x.js:0
[   17035ms] [LOG] Player X: 0.58 Y: 3.10 Z: 3.68 @ http://localhost:3000/_next/static/chunks/0-ynv9eqilv7x.js:0
[   17040ms] [LOG] Player X: 0.62 Y: 3.05 Z: 3.60 @ http://localhost:3000/_next/static/chunks/0-ynv9eqilv7x.js:0
[   17044ms] [LOG] Player X: 0.67 Y: 3.01 Z: 3.52 @ http://localhost:3000/_next/static/chunks/0-ynv9eqilv7x.js:0
[   17046ms] [LOG] Player X: 0.71 Y: 2.96 Z: 3.44 @ http://localhost:3000/_next/static/chunks/0-ynv9eqilv7x.js:0
[   17048ms] [LOG] Player X: 0.76 Y: 2.91 Z: 3.37 @ http://localhost:3000/_next/static/chunks/0-ynv9eqilv7x.js:0
[   17051ms] [LOG] Player X: 0.80 Y: 2.87 Z: 3.29 @ http://localhost:3000/_next/static/chunks/0-ynv9eqilv7x.js:0
[   17054ms] [LOG] Player X: 0.85 Y: 2.82 Z: 3.21 @ http://localhost:3000/_next/static/chunks/0-ynv9eqilv7x.js:0
[   17058ms] [LOG] Player X: 0.89 Y: 2.78 Z: 3.14 @ http://localhost:3000/_next/static/chunks/0-ynv9eqilv7x.js:0
[   17061ms] [LOG] Player X: 0.93 Y: 2.73 Z: 3.06 @ http://localhost:3000/_next/static/chunks/0-ynv9eqilv7x.js:0
[   17064ms] [LOG] Player X: 0.98 Y: 2.69 Z: 2.98 @ http://localhost:3000/_next/static/chunks/0-ynv9eqilv7x.js:0
[   17068ms] [LOG] Player X: 1.02 Y: 2.64 Z: 2.90 @ http://localhost:3000/_next/static/chunks/0-ynv9eqilv7x.js:0
[   17071ms] [LOG] Player X: 1.07 Y: 2.60 Z: 2.83 @ http://localhost:3000/_next/static/chunks/0-ynv9eqilv7x.js:0
[   17074ms] [LOG] Player X: 1.11 Y: 2.55 Z: 2.75 @ http://localhost:3000/_next/static/chunks/0-ynv9eqilv7x.js:0
[   17078ms] [LOG] Player X: 1.15 Y: 2.51 Z: 2.67 @ http://localhost:3000/_next/static/chunks/0-ynv9eqilv7x.js:0
[   17081ms] [LOG] Player X: 1.20 Y: 2.46 Z: 2.59 @ http://localhost:3000/_next/static/chunks/0-ynv9eqilv7x.js:0
[   17084ms] [LOG] Player X: 1.24 Y: 2.42 Z: 2.52 @ http://localhost:3000/_next/static/chunks/0-ynv9eqilv7x.js:0
[   17088ms] [LOG] Player X: 1.29 Y: 2.37 Z: 2.44 @ http://localhost:3000/_next/static/chunks/0-ynv9eqilv7x.js:0
[   17091ms] [LOG] Player X: 1.33 Y: 2.33 Z: 2.36 @ http://localhost:3000/_next/static/chunks/0-ynv9eqilv7x.js:0
[   17094ms] [LOG] Player X: 1.37 Y: 2.28 Z: 2.28 @ http://localhost:3000/_next/static/chunks/0-ynv9eqilv7x.js:0
[   17098ms] [LOG] Player X: 1.42 Y: 2.24 Z: 2.20 @ http://localhost:3000/_next/static/chunks/0-ynv9eqilv7x.js:0
[   17101ms] [LOG] Player X: 1.46 Y: 2.19 Z: 2.13 @ http://localhost:3000/_next/static/chunks/0-ynv9eqilv7x.js:0
[   17104ms] [LOG] Player X: 1.51 Y: 2.15 Z: 2.05 @ http://localhost:3000/_next/static/chunks/0-ynv9eqilv7x.js:0
[   17108ms] [LOG] Player X: 1.55 Y: 2.10 Z: 1.97 @ http://localhost:3000/_next/static/chunks/0-ynv9eqilv7x.js:0
[   17111ms] [LOG] Player X: 1.59 Y: 2.06 Z: 1.89 @ http://localhost:3000/_next/static/chunks/0-ynv9eqilv7x.js:0
[   17114ms] [LOG] Player X: 1.64 Y: 2.01 Z: 1.81 @ http://localhost:3000/_next/static/chunks/0-ynv9eqilv7x.js:0
[   17118ms] [LOG] Player X: 1.68 Y: 1.97 Z: 1.74 @ http://localhost:3000/_next/static/chunks/0-ynv9eqilv7x.js:0
[   17121ms] [LOG] Player X: 1.72 Y: 1.92 Z: 1.66 @ http://localhost:3000/_next/static/chunks/0-ynv9eqilv7x.js:0
[   17124ms] [LOG] Player X: 1.77 Y: 1.88 Z: 1.58 @ http://localhost:3000/_next/static/chunks/0-ynv9eqilv7x.js:0
[   17128ms] [LOG] Player X: 1.81 Y: 1.83 Z: 1.50 @ http://localhost:3000/_next/static/chunks/0-ynv9eqilv7x.js:0
[   17131ms] [LOG] Player X: 1.86 Y: 1.79 Z: 1.42 @ http://localhost:3000/_next/static/chunks/0-ynv9eqilv7x.js:0
[   17135ms] [LOG] Player X: 1.90 Y: 1.75 Z: 1.35 @ http://localhost:3000/_next/static/chunks/0-ynv9eqilv7x.js:0
[   17138ms] [LOG] Player X: 1.94 Y: 1.70 Z: 1.27 @ http://localhost:3000/_next/static/chunks/0-ynv9eqilv7x.js:0
[   17141ms] [LOG] Player X: 1.99 Y: 1.66 Z: 1.19 @ http://localhost:3000/_next/static/chunks/0-ynv9eqilv7x.js:0
[   17144ms] [LOG] Player X: 2.03 Y: 1.61 Z: 1.11 @ http://localhost:3000/_next/static/chunks/0-ynv9eqilv7x.js:0
[   17148ms] [LOG] Player X: 2.07 Y: 1.57 Z: 1.03 @ http://localhost:3000/_next/static/chunks/0-ynv9eqilv7x.js:0
[   17151ms] [LOG] Player X: 2.12 Y: 1.52 Z: 0.95 @ http://localhost:3000/_next/static/chunks/0-ynv9eqilv7x.js:0
[   17154ms] [LOG] Player X: 2.16 Y: 1.48 Z: 0.88 @ http://localhost:3000/_next/static/chunks/0-ynv9eqilv7x.js:0
[   17158ms] [LOG] Player X: 2.20 Y: 1.44 Z: 0.80 @ http://localhost:3000/_next/static/chunks/0-ynv9eqilv7x.js:0
[   17161ms] [LOG] Player X: 2.25 Y: 1.39 Z: 0.72 @ http://localhost:3000/_next/static/chunks/0-ynv9eqilv7x.js:0
[   17164ms] [LOG] Player X: 2.29 Y: 1.35 Z: 0.64 @ http://localhost:3000/_next/static/chunks/0-ynv9eqilv7x.js:0
[   17168ms] [LOG] Player X: 2.33 Y: 1.30 Z: 0.56 @ http://localhost:3000/_next/static/chunks/0-ynv9eqilv7x.js:0
[   17171ms] [LOG] Player X: 2.38 Y: 1.26 Z: 0.48 @ http://localhost:3000/_next/static/chunks/0-ynv9eqilv7x.js:0
[   17174ms] [LOG] Player X: 2.42 Y: 1.22 Z: 0.40 @ http://localhost:3000/_next/static/chunks/0-ynv9eqilv7x.js:0
[   17178ms] [LOG] Player X: 2.46 Y: 1.17 Z: 0.32 @ http://localhost:3000/_next/static/chunks/0-ynv9eqilv7x.js:0
[   17181ms] [LOG] Player X: 2.51 Y: 1.13 Z: 0.24 @ http://localhost:3000/_next/static/chunks/0-ynv9eqilv7x.js:0
[   17185ms] [LOG] Player X: 2.55 Y: 1.09 Z: 0.17 @ http://localhost:3000/_next/static/chunks/0-ynv9eqilv7x.js:0
[   17188ms] [LOG] Player X: 2.59 Y: 1.04 Z: 0.09 @ http://localhost:3000/_next/static/chunks/0-ynv9eqilv7x.js:0
[   17191ms] [LOG] Player X: 2.63 Y: 1.00 Z: 0.01 @ http://localhost:3000/_next/static/chunks/0-ynv9eqilv7x.js:0
[   17194ms] [LOG] Player X: 2.68 Y: 0.96 Z: -0.07 @ http://localhost:3000/_next/static/chunks/0-ynv9eqilv7x.js:0
[   17198ms] [LOG] Player X: 2.72 Y: 0.91 Z: -0.15 @ http://localhost:3000/_next/static/chunks/0-ynv9eqilv7x.js:0
[   17201ms] [LOG] Player X: 2.76 Y: 0.87 Z: -0.23 @ http://localhost:3000/_next/static/chunks/0-ynv9eqilv7x.js:0
[   17205ms] [LOG] Player X: 2.81 Y: 0.83 Z: -0.31 @ http://localhost:3000/_next/static/chunks/0-ynv9eqilv7x.js:0
[   17208ms] [LOG] Player X: 2.85 Y: 0.79 Z: -0.39 @ http://localhost:3000/_next/static/chunks/0-ynv9eqilv7x.js:0
[   17211ms] [LOG] Player X: 2.89 Y: 0.74 Z: -0.47 @ http://localhost:3000/_next/static/chunks/0-ynv9eqilv7x.js:0
[   17214ms] [LOG] Player X: 2.94 Y: 0.70 Z: -0.55 @ http://localhost:3000/_next/static/chunks/0-ynv9eqilv7x.js:0
[   17218ms] [LOG] Player X: 2.98 Y: 0.66 Z: -0.63 @ http://localhost:3000/_next/static/chunks/0-ynv9eqilv7x.js:0
[   17221ms] [LOG] Player X: 3.02 Y: 0.62 Z: -0.71 @ http://localhost:3000/_next/static/chunks/0-ynv9eqilv7x.js:0
[   17224ms] [LOG] Player X: 3.07 Y: 0.57 Z: -0.79 @ http://localhost:3000/_next/static/chunks/0-ynv9eqilv7x.js:0
[   17228ms] [LOG] Player X: 3.11 Y: 0.53 Z: -0.87 @ http://localhost:3000/_next/static/chunks/0-ynv9eqilv7x.js:0
[   17231ms] [LOG] Player X: 3.15 Y: 0.49 Z: -0.95 @ http://localhost:3000/_next/static/chunks/0-ynv9eqilv7x.js:0
[   17235ms] [LOG] Player X: 3.20 Y: 0.45 Z: -1.03 @ http://localhost:3000/_next/static/chunks/0-ynv9eqilv7x.js:0
[   17238ms] [LOG] Player X: 3.24 Y: 0.41 Z: -1.11 @ http://localhost:3000/_next/static/chunks/0-ynv9eqilv7x.js:0
[   17241ms] [LOG] Player X: 3.28 Y: 0.37 Z: -1.19 @ http://localhost:3000/_next/static/chunks/0-ynv9eqilv7x.js:0
[   17244ms] [LOG] Player X: 3.33 Y: 0.33 Z: -1.27 @ http://localhost:3000/_next/static/chunks/0-ynv9eqilv7x.js:0
[   17248ms] [LOG] Player X: 3.37 Y: 0.29 Z: -1.35 @ http://localhost:3000/_next/static/chunks/0-ynv9eqilv7x.js:0
[   17251ms] [LOG] Player X: 3.41 Y: 0.25 Z: -1.43 @ http://localhost:3000/_next/static/chunks/0-ynv9eqilv7x.js:0
[   17255ms] [LOG] Player X: 3.46 Y: 0.21 Z: -1.51 @ http://localhost:3000/_next/static/chunks/0-ynv9eqilv7x.js:0
[   17258ms] [LOG] Player X: 3.50 Y: 0.17 Z: -1.59 @ http://localhost:3000/_next/static/chunks/0-ynv9eqilv7x.js:0
[   17261ms] [LOG] Player X: 3.54 Y: 0.13 Z: -1.67 @ http://localhost:3000/_next/static/chunks/0-ynv9eqilv7x.js:0
[   17264ms] [LOG] Player X: 3.59 Y: 0.09 Z: -1.76 @ http://localhost:3000/_next/static/chunks/0-ynv9eqilv7x.js:0
[   17268ms] [LOG] Player X: 3.63 Y: 0.05 Z: -1.84 @ http://localhost:3000/_next/static/chunks/0-ynv9eqilv7x.js:0
[   17271ms] [LOG] Player X: 3.68 Y: 0.02 Z: -1.92 @ http://localhost:3000/_next/static/chunks/0-ynv9eqilv7x.js:0
[   17275ms] [LOG] Player X: 3.72 Y: -0.02 Z: -2.00 @ http://localhost:3000/_next/static/chunks/0-ynv9eqilv7x.js:0
[   17278ms] [LOG] Player X: 3.77 Y: -0.06 Z: -2.08 @ http://localhost:3000/_next/static/chunks/0-ynv9eqilv7x.js:0
[   17281ms] [LOG] Player X: 3.81 Y: -0.09 Z: -2.16 @ http://localhost:3000/_next/static/chunks/0-ynv9eqilv7x.js:0
[   17284ms] [LOG] Player X: 3.86 Y: -0.13 Z: -2.24 @ http://localhost:3000/_next/static/chunks/0-ynv9eqilv7x.js:0
[   17288ms] [LOG] Player X: 3.91 Y: -0.16 Z: -2.32 @ http://localhost:3000/_next/static/chunks/0-ynv9eqilv7x.js:0
[   17291ms] [LOG] Player X: 3.95 Y: -0.20 Z: -2.41 @ http://localhost:3000/_next/static/chunks/0-ynv9eqilv7x.js:0
[   17295ms] [LOG] Player X: 4.00 Y: -0.23 Z: -2.49 @ http://localhost:3000/_next/static/chunks/0-ynv9eqilv7x.js:0
[   17298ms] [LOG] Player X: 4.05 Y: -0.27 Z: -2.57 @ http://localhost:3000/_next/static/chunks/0-ynv9eqilv7x.js:0
[   17301ms] [LOG] Player X: 4.09 Y: -0.30 Z: -2.65 @ http://localhost:3000/_next/static/chunks/0-ynv9eqilv7x.js:0
[   17305ms] [LOG] Player X: 4.14 Y: -0.33 Z: -2.73 @ http://localhost:3000/_next/static/chunks/0-ynv9eqilv7x.js:0
[   17308ms] [LOG] Player X: 4.19 Y: -0.36 Z: -2.81 @ http://localhost:3000/_next/static/chunks/0-ynv9eqilv7x.js:0
[   17311ms] [LOG] Player X: 4.24 Y: -0.39 Z: -2.90 @ http://localhost:3000/_next/static/chunks/0-ynv9eqilv7x.js:0
[   17314ms] [LOG] Player X: 4.29 Y: -0.43 Z: -2.98 @ http://localhost:3000/_next/static/chunks/0-ynv9eqilv7x.js:0
[   17318ms] [LOG] Player X: 4.29 Y: -0.43 Z: -2.98 @ http://localhost:3000/_next/static/chunks/0-ynv9eqilv7x.js:0
[   17321ms] [LOG] Player X: 4.29 Y: -0.43 Z: -2.98 @ http://localhost:3000/_next/static/chunks/0-ynv9eqilv7x.js:0
[   17325ms] [LOG] Player X: 4.29 Y: -0.43 Z: -2.98 @ http://localhost:3000/_next/static/chunks/0-ynv9eqilv7x.js:0
[   17328ms] [LOG] Player X: 4.29 Y: -0.43 Z: -2.98 @ http://localhost:3000/_next/static/chunks/0-ynv9eqilv7x.js:0
[   17331ms] [LOG] Player X: 4.29 Y: -0.43 Z: -2.98 @ http://localhost:3000/_next/static/chunks/0-ynv9eqilv7x.js:0
[   17335ms] [LOG] Player X: 4.29 Y: -0.43 Z: -2.98 @ http://localhost:3000/_next/static/chunks/0-ynv9eqilv7x.js:0
[   17338ms] [LOG] Player X: 4.29 Y: -0.43 Z: -2.98 @ http://localhost:3000/_next/static/chunks/0-ynv9eqilv7x.js:0
[   17341ms] [LOG] Player X: 4.29 Y: -0.43 Z: -2.98 @ http://localhost:3000/_next/static/chunks/0-ynv9eqilv7x.js:0
[   17345ms] [LOG] Player X: 4.29 Y: -0.43 Z: -2.98 @ http://localhost:3000/_next/static/chunks/0-ynv9eqilv7x.js:0
[   17348ms] [LOG] Player X: 4.29 Y: -0.43 Z: -2.98 @ http://localhost:3000/_next/static/chunks/0-ynv9eqilv7x.js:0
[   17351ms] [LOG] Player X: 4.29 Y: -0.43 Z: -2.98 @ http://localhost:3000/_next/static/chunks/0-ynv9eqilv7x.js:0
[   17355ms] [LOG] Player X: 4.29 Y: -0.43 Z: -2.98 @ http://localhost:3000/_next/static/chunks/0-ynv9eqilv7x.js:0
[   17358ms] [LOG] Player X: 4.29 Y: -0.43 Z: -2.98 @ http://localhost:3000/_next/static/chunks/0-ynv9eqilv7x.js:0
[   17361ms] [LOG] Player X: 4.29 Y: -0.43 Z: -2.98 @ http://localhost:3000/_next/static/chunks/0-ynv9eqilv7x.js:0
[   17364ms] [LOG] Player X: 4.29 Y: -0.43 Z: -2.98 @ http://localhost:3000/_next/static/chunks/0-ynv9eqilv7x.js:0
[   17368ms] [LOG] Player X: 4.29 Y: -0.43 Z: -2.98 @ http://localhost:3000/_next/static/chunks/0-ynv9eqilv7x.js:0
[   17371ms] [LOG] Player X: 4.29 Y: -0.43 Z: -2.98 @ http://localhost:3000/_next/static/chunks/0-ynv9eqilv7x.js:0
[   17374ms] [LOG] Player X: 4.29 Y: -0.43 Z: -2.98 @ http://localhost:3000/_next/static/chunks/0-ynv9eqilv7x.js:0
[   17378ms] [LOG] Player X: 4.29 Y: -0.43 Z: -2.98 @ http://localhost:3000/_next/static/chunks/0-ynv9eqilv7x.js:0
[   17381ms] [LOG] Player X: 4.29 Y: -0.43 Z: -2.98 @ http://localhost:3000/_next/static/chunks/0-ynv9eqilv7x.js:0
[   17384ms] [LOG] Player X: 4.29 Y: -0.43 Z: -2.98 @ http://localhost:3000/_next/static/chunks/0-ynv9eqilv7x.js:0
[   17388ms] [LOG] Player X: 4.29 Y: -0.43 Z: -2.98 @ http://localhost:3000/_next/static/chunks/0-ynv9eqilv7x.js:0
[   17391ms] [LOG] Player X: 4.29 Y: -0.43 Z: -2.98 @ http://localhost:3000/_next/static/chunks/0-ynv9eqilv7x.js:0
[   17394ms] [LOG] Player X: 4.29 Y: -0.43 Z: -2.98 @ http://localhost:3000/_next/static/chunks/0-ynv9eqilv7x.js:0
[   17398ms] [LOG] Player X: 4.29 Y: -0.43 Z: -2.98 @ http://localhost:3000/_next/static/chunks/0-ynv9eqilv7x.js:0
[   17401ms] [LOG] Player X: 4.29 Y: -0.43 Z: -2.98 @ http://localhost:3000/_next/static/chunks/0-ynv9eqilv7x.js:0
[   17404ms] [LOG] Player X: 4.29 Y: -0.43 Z: -2.98 @ http://localhost:3000/_next/static/chunks/0-ynv9eqilv7x.js:0
[   17408ms] [LOG] Player X: 4.29 Y: -0.43 Z: -2.98 @ http://localhost:3000/_next/static/chunks/0-ynv9eqilv7x.js:0
[   17411ms] [LOG] Player X: 4.29 Y: -0.43 Z: -2.98 @ http://localhost:3000/_next/static/chunks/0-ynv9eqilv7x.js:0
[   17415ms] [LOG] Player X: 4.29 Y: -0.43 Z: -2.98 @ http://localhost:3000/_next/static/chunks/0-ynv9eqilv7x.js:0
[   17418ms] [LOG] Player X: 4.29 Y: -0.43 Z: -2.98 @ http://localhost:3000/_next/static/chunks/0-ynv9eqilv7x.js:0
[   17421ms] [LOG] Player X: 4.29 Y: -0.43 Z: -2.98 @ http://localhost:3000/_next/static/chunks/0-ynv9eqilv7x.js:0
[   17424ms] [LOG] Player X: 4.29 Y: -0.43 Z: -2.98 @ http://localhost:3000/_next/static/chunks/0-ynv9eqilv7x.js:0
[   17428ms] [LOG] Player X: 4.29 Y: -0.43 Z: -2.98 @ http://localhost:3000/_next/static/chunks/0-ynv9eqilv7x.js:0
[   17431ms] [LOG] Player X: 4.29 Y: -0.43 Z: -2.98 @ http://localhost:3000/_next/static/chunks/0-ynv9eqilv7x.js:0
[   17434ms] [LOG] Player X: 4.29 Y: -0.43 Z: -2.98 @ http://localhost:3000/_next/static/chunks/0-ynv9eqilv7x.js:0
[   17438ms] [LOG] Player X: 4.29 Y: -0.43 Z: -2.98 @ http://localhost:3000/_next/static/chunks/0-ynv9eqilv7x.js:0
[   17441ms] [LOG] Player X: 4.29 Y: -0.43 Z: -2.98 @ http://localhost:3000/_next/static/chunks/0-ynv9eqilv7x.js:0
[   17444ms] [LOG] Player X: 4.29 Y: -0.43 Z: -2.98 @ http://localhost:3000/_next/static/chunks/0-ynv9eqilv7x.js:0
[   17448ms] [LOG] Player X: 4.29 Y: -0.43 Z: -2.98 @ http://localhost:3000/_next/static/chunks/0-ynv9eqilv7x.js:0
[   17451ms] [LOG] Player X: 4.29 Y: -0.43 Z: -2.98 @ http://localhost:3000/_next/static/chunks/0-ynv9eqilv7x.js:0
[   17454ms] [LOG] Player X: 4.29 Y: -0.43 Z: -2.98 @ http://localhost:3000/_next/static/chunks/0-ynv9eqilv7x.js:0
[   17458ms] [LOG] Player X: 4.29 Y: -0.43 Z: -2.98 @ http://localhost:3000/_next/static/chunks/0-ynv9eqilv7x.js:0
[   17461ms] [LOG] Player X: 4.29 Y: -0.43 Z: -2.98 @ http://localhost:3000/_next/static/chunks/0-ynv9eqilv7x.js:0
[   17464ms] [LOG] Player X: 4.29 Y: -0.43 Z: -2.98 @ http://localhost:3000/_next/static/chunks/0-ynv9eqilv7x.js:0
[   17468ms] [LOG] Player X: 4.29 Y: -0.43 Z: -2.98 @ http://localhost:3000/_next/static/chunks/0-ynv9eqilv7x.js:0
[   17471ms] [LOG] Player X: 4.29 Y: -0.43 Z: -2.98 @ http://localhost:3000/_next/static/chunks/0-ynv9eqilv7x.js:0
[   17474ms] [LOG] Player X: 4.29 Y: -0.43 Z: -2.98 @ http://localhost:3000/_next/static/chunks/0-ynv9eqilv7x.js:0
[   17478ms] [LOG] Player X: 4.29 Y: -0.43 Z: -2.98 @ http://localhost:3000/_next/static/chunks/0-ynv9eqilv7x.js:0
[   17481ms] [LOG] Player X: 4.29 Y: -0.43 Z: -2.98 @ http://localhost:3000/_next/static/chunks/0-ynv9eqilv7x.js:0
[   17484ms] [LOG] Player X: 4.29 Y: -0.43 Z: -2.98 @ http://localhost:3000/_next/static/chunks/0-ynv9eqilv7x.js:0
[   17488ms] [LOG] Player X: 4.29 Y: -0.43 Z: -2.98 @ http://localhost:3000/_next/static/chunks/0-ynv9eqilv7x.js:0
[   17491ms] [LOG] Player X: 4.29 Y: -0.43 Z: -2.98 @ http://localhost:3000/_next/static/chunks/0-ynv9eqilv7x.js:0
[   17494ms] [LOG] Player X: 4.29 Y: -0.43 Z: -2.98 @ http://localhost:3000/_next/static/chunks/0-ynv9eqilv7x.js:0
[   17498ms] [LOG] Player X: 4.29 Y: -0.43 Z: -2.98 @ http://localhost:3000/_next/static/chunks/0-ynv9eqilv7x.js:0
[   17501ms] [LOG] Player X: 4.29 Y: -0.43 Z: -2.98 @ http://localhost:3000/_next/static/chunks/0-ynv9eqilv7x.js:0
[   17504ms] [LOG] Player X: 4.29 Y: -0.43 Z: -2.98 @ http://localhost:3000/_next/static/chunks/0-ynv9eqilv7x.js:0
[   17508ms] [LOG] Player X: 4.29 Y: -0.43 Z: -2.98 @ http://localhost:3000/_next/static/chunks/0-ynv9eqilv7x.js:0
[   17511ms] [LOG] Player X: 4.29 Y: -0.43 Z: -2.98 @ http://localhost:3000/_next/static/chunks/0-ynv9eqilv7x.js:0
[   17514ms] [LOG] Player X: 4.29 Y: -0.43 Z: -2.98 @ http://localhost:3000/_next/static/chunks/0-ynv9eqilv7x.js:0
[   17518ms] [LOG] Player X: 4.29 Y: -0.43 Z: -2.98 @ http://localhost:3000/_next/static/chunks/0-ynv9eqilv7x.js:0
[   17521ms] [LOG] Player X: 4.29 Y: -0.43 Z: -2.98 @ http://localhost:3000/_next/static/chunks/0-ynv9eqilv7x.js:0
[   17524ms] [LOG] Player X: 4.29 Y: -0.43 Z: -2.98 @ http://localhost:3000/_next/static/chunks/0-ynv9eqilv7x.js:0
[   17528ms] [LOG] Player X: 4.29 Y: -0.43 Z: -2.98 @ http://localhost:3000/_next/static/chunks/0-ynv9eqilv7x.js:0
[   17531ms] [LOG] Player X: 4.29 Y: -0.43 Z: -2.98 @ http://localhost:3000/_next/static/chunks/0-ynv9eqilv7x.js:0
[   17534ms] [LOG] Player X: 4.29 Y: -0.43 Z: -2.98 @ http://localhost:3000/_next/static/chunks/0-ynv9eqilv7x.js:0
[   17538ms] [LOG] Player X: 4.29 Y: -0.43 Z: -2.98 @ http://localhost:3000/_next/static/chunks/0-ynv9eqilv7x.js:0
[   17541ms] [LOG] Player X: 4.29 Y: -0.43 Z: -2.98 @ http://localhost:3000/_next/static/chunks/0-ynv9eqilv7x.js:0
[   17544ms] [LOG] Player X: 4.29 Y: -0.43 Z: -2.98 @ http://localhost:3000/_next/static/chunks/0-ynv9eqilv7x.js:0
[   17548ms] [LOG] Player X: 4.29 Y: -0.43 Z: -2.98 @ http://localhost:3000/_next/static/chunks/0-ynv9eqilv7x.js:0
[   17551ms] [LOG] Player X: 4.29 Y: -0.43 Z: -2.98 @ http://localhost:3000/_next/static/chunks/0-ynv9eqilv7x.js:0
[   17554ms] [LOG] Player X: 4.29 Y: -0.43 Z: -2.98 @ http://localhost:3000/_next/static/chunks/0-ynv9eqilv7x.js:0
[   17558ms] [LOG] Player X: 4.29 Y: -0.43 Z: -2.98 @ http://localhost:3000/_next/static/chunks/0-ynv9eqilv7x.js:0
[   17561ms] [LOG] Player X: 4.29 Y: -0.43 Z: -2.98 @ http://localhost:3000/_next/static/chunks/0-ynv9eqilv7x.js:0
[   17564ms] [LOG] Player X: 4.29 Y: -0.43 Z: -2.98 @ http://localhost:3000/_next/static/chunks/0-ynv9eqilv7x.js:0
[   17568ms] [LOG] Player X: 4.29 Y: -0.43 Z: -2.98 @ http://localhost:3000/_next/static/chunks/0-ynv9eqilv7x.js:0
[   17571ms] [LOG] Player X: 4.29 Y: -0.43 Z: -2.98 @ http://localhost:3000/_next/static/chunks/0-ynv9eqilv7x.js:0
[   17574ms] [LOG] Player X: 4.29 Y: -0.43 Z: -2.98 @ http://localhost:3000/_next/static/chunks/0-ynv9eqilv7x.js:0
[   17578ms] [LOG] Player X: 4.29 Y: -0.43 Z: -2.98 @ http://localhost:3000/_next/static/chunks/0-ynv9eqilv7x.js:0
[   17581ms] [LOG] Player X: 4.29 Y: -0.43 Z: -2.98 @ http://localhost:3000/_next/static/chunks/0-ynv9eqilv7x.js:0
[   17584ms] [LOG] Player X: 4.29 Y: -0.43 Z: -2.98 @ http://localhost:3000/_next/static/chunks/0-ynv9eqilv7x.js:0
[   17588ms] [LOG] Player X: 4.29 Y: -0.43 Z: -2.98 @ http://localhost:3000/_next/static/chunks/0-ynv9eqilv7x.js:0
[   17591ms] [LOG] Player X: 4.29 Y: -0.43 Z: -2.98 @ http://localhost:3000/_next/static/chunks/0-ynv9eqilv7x.js:0
[   17594ms] [LOG] Player X: 4.29 Y: -0.43 Z: -2.98 @ http://localhost:3000/_next/static/chunks/0-ynv9eqilv7x.js:0
[   17598ms] [LOG] Player X: 4.29 Y: -0.43 Z: -2.98 @ http://localhost:3000/_next/static/chunks/0-ynv9eqilv7x.js:0
[   17601ms] [LOG] Player X: 4.29 Y: -0.43 Z: -2.98 @ http://localhost:3000/_next/static/chunks/0-ynv9eqilv7x.js:0
[   17604ms] [LOG] Player X: 4.29 Y: -0.43 Z: -2.98 @ http://localhost:3000/_next/static/chunks/0-ynv9eqilv7x.js:0
[   17608ms] [LOG] Player X: 4.29 Y: -0.43 Z: -2.98 @ http://localhost:3000/_next/static/chunks/0-ynv9eqilv7x.js:0
[   17611ms] [LOG] Player X: 4.29 Y: -0.43 Z: -2.98 @ http://localhost:3000/_next/static/chunks/0-ynv9eqilv7x.js:0
[   17614ms] [LOG] Player X: 4.29 Y: -0.43 Z: -2.98 @ http://localhost:3000/_next/static/chunks/0-ynv9eqilv7x.js:0
[   17618ms] [LOG] Player X: 4.29 Y: -0.43 Z: -2.98 @ http://localhost:3000/_next/static/chunks/0-ynv9eqilv7x.js:0
[   17621ms] [LOG] Player X: 4.29 Y: -0.43 Z: -2.98 @ http://localhost:3000/_next/static/chunks/0-ynv9eqilv7x.js:0
[   17624ms] [LOG] Player X: 4.29 Y: -0.43 Z: -2.98 @ http://localhost:3000/_next/static/chunks/0-ynv9eqilv7x.js:0
[   17628ms] [LOG] Player X: 4.29 Y: -0.43 Z: -2.98 @ http://localhost:3000/_next/static/chunks/0-ynv9eqilv7x.js:0
[   17631ms] [LOG] Player X: 4.29 Y: -0.43 Z: -2.98 @ http://localhost:3000/_next/static/chunks/0-ynv9eqilv7x.js:0
[   17635ms] [LOG] Player X: 4.29 Y: -0.43 Z: -2.98 @ http://localhost:3000/_next/static/chunks/0-ynv9eqilv7x.js:0
[   17638ms] [LOG] Player X: 4.29 Y: -0.43 Z: -2.98 @ http://localhost:3000/_next/static/chunks/0-ynv9eqilv7x.js:0
[   17641ms] [LOG] Player X: 4.29 Y: -0.43 Z: -2.98 @ http://localhost:3000/_next/static/chunks/0-ynv9eqilv7x.js:0
[   17645ms] [LOG] Player X: 4.29 Y: -0.43 Z: -2.98 @ http://localhost:3000/_next/static/chunks/0-ynv9eqilv7x.js:0
[   17648ms] [LOG] Player X: 4.29 Y: -0.43 Z: -2.98 @ http://localhost:3000/_next/static/chunks/0-ynv9eqilv7x.js:0
[   17651ms] [LOG] Player X: 4.29 Y: -0.43 Z: -2.98 @ http://localhost:3000/_next/static/chunks/0-ynv9eqilv7x.js:0
[   17655ms] [LOG] Player X: 4.29 Y: -0.43 Z: -2.98 @ http://localhost:3000/_next/static/chunks/0-ynv9eqilv7x.js:0
[   17658ms] [LOG] Player X: 4.29 Y: -0.43 Z: -2.98 @ http://localhost:3000/_next/static/chunks/0-ynv9eqilv7x.js:0
[   17661ms] [LOG] Player X: 4.29 Y: -0.43 Z: -2.98 @ http://localhost:3000/_next/static/chunks/0-ynv9eqilv7x.js:0
[   17664ms] [LOG] Player X: 4.29 Y: -0.43 Z: -2.98 @ http://localhost:3000/_next/static/chunks/0-ynv9eqilv7x.js:0
[   17668ms] [LOG] Player X: 4.29 Y: -0.43 Z: -2.98 @ http://localhost:3000/_next/static/chunks/0-ynv9eqilv7x.js:0
[   17671ms] [LOG] Player X: 4.29 Y: -0.43 Z: -2.98 @ http://localhost:3000/_next/static/chunks/0-ynv9eqilv7x.js:0
[   17674ms] [LOG] Player X: 4.29 Y: -0.43 Z: -2.98 @ http://localhost:3000/_next/static/chunks/0-ynv9eqilv7x.js:0
[   17678ms] [LOG] Player X: 4.29 Y: -0.43 Z: -2.98 @ http://localhost:3000/_next/static/chunks/0-ynv9eqilv7x.js:0
[   17681ms] [LOG] Player X: 4.29 Y: -0.43 Z: -2.98 @ http://localhost:3000/_next/static/chunks/0-ynv9eqilv7x.js:0
[   17684ms] [LOG] Player X: 4.29 Y: -0.43 Z: -2.98 @ http://localhost:3000/_next/static/chunks/0-ynv9eqilv7x.js:0
[   17688ms] [LOG] Player X: 4.29 Y: -0.43 Z: -2.98 @ http://localhost:3000/_next/static/chunks/0-ynv9eqilv7x.js:0
[   17691ms] [LOG] Player X: 4.29 Y: -0.43 Z: -2.98 @ http://localhost:3000/_next/static/chunks/0-ynv9eqilv7x.js:0
[   17694ms] [LOG] Player X: 4.29 Y: -0.43 Z: -2.98 @ http://localhost:3000/_next/static/chunks/0-ynv9eqilv7x.js:0
[   17698ms] [LOG] Player X: 4.29 Y: -0.43 Z: -2.98 @ http://localhost:3000/_next/static/chunks/0-ynv9eqilv7x.js:0
[   17701ms] [LOG] Player X: 4.29 Y: -0.43 Z: -2.98 @ http://localhost:3000/_next/static/chunks/0-ynv9eqilv7x.js:0
[   17704ms] [LOG] Player X: 4.22 Y: -0.41 Z: -2.91 @ http://localhost:3000/_next/static/chunks/0-ynv9eqilv7x.js:0
[   17708ms] [LOG] Player X: 4.15 Y: -0.40 Z: -2.83 @ http://localhost:3000/_next/static/chunks/0-ynv9eqilv7x.js:0
[   17711ms] [LOG] Player X: 4.08 Y: -0.38 Z: -2.76 @ http://localhost:3000/_next/static/chunks/0-ynv9eqilv7x.js:0
[   17715ms] [LOG] Player X: 4.01 Y: -0.37 Z: -2.69 @ http://localhost:3000/_next/static/chunks/0-ynv9eqilv7x.js:0
[   17718ms] [LOG] Player X: 3.95 Y: -0.35 Z: -2.62 @ http://localhost:3000/_next/static/chunks/0-ynv9eqilv7x.js:0
[   17721ms] [LOG] Player X: 3.88 Y: -0.34 Z: -2.55 @ http://localhost:3000/_next/static/chunks/0-ynv9eqilv7x.js:0
[   17725ms] [LOG] Player X: 3.81 Y: -0.33 Z: -2.47 @ http://localhost:3000/_next/static/chunks/0-ynv9eqilv7x.js:0
[   17728ms] [LOG] Player X: 3.74 Y: -0.31 Z: -2.40 @ http://localhost:3000/_next/static/chunks/0-ynv9eqilv7x.js:0
[   17731ms] [LOG] Player X: 3.67 Y: -0.30 Z: -2.33 @ http://localhost:3000/_next/static/chunks/0-ynv9eqilv7x.js:0
[   17735ms] [LOG] Player X: 3.60 Y: -0.28 Z: -2.26 @ http://localhost:3000/_next/static/chunks/0-ynv9eqilv7x.js:0
[   17738ms] [LOG] Player X: 3.53 Y: -0.27 Z: -2.19 @ http://localhost:3000/_next/static/chunks/0-ynv9eqilv7x.js:0
[   17741ms] [LOG] Player X: 3.47 Y: -0.26 Z: -2.12 @ http://localhost:3000/_next/static/chunks/0-ynv9eqilv7x.js:0
[   17744ms] [LOG] Player X: 3.40 Y: -0.24 Z: -2.05 @ http://localhost:3000/_next/static/chunks/0-ynv9eqilv7x.js:0
[   17748ms] [LOG] Player X: 3.33 Y: -0.23 Z: -1.98 @ http://localhost:3000/_next/static/chunks/0-ynv9eqilv7x.js:0
[   17751ms] [LOG] Player X: 3.26 Y: -0.21 Z: -1.91 @ http://localhost:3000/_next/static/chunks/0-ynv9eqilv7x.js:0
[   17754ms] [LOG] Player X: 3.19 Y: -0.20 Z: -1.84 @ http://localhost:3000/_next/static/chunks/0-ynv9eqilv7x.js:0
[   17758ms] [LOG] Player X: 3.12 Y: -0.19 Z: -1.77 @ http://localhost:3000/_next/static/chunks/0-ynv9eqilv7x.js:0
[   17761ms] [LOG] Player X: 3.05 Y: -0.17 Z: -1.70 @ http://localhost:3000/_next/static/chunks/0-ynv9eqilv7x.js:0
[   17765ms] [LOG] Player X: 2.97 Y: -0.16 Z: -1.63 @ http://localhost:3000/_next/static/chunks/0-ynv9eqilv7x.js:0
[   17768ms] [LOG] Player X: 2.90 Y: -0.14 Z: -1.56 @ http://localhost:3000/_next/static/chunks/0-ynv9eqilv7x.js:0
[   17771ms] [LOG] Player X: 2.83 Y: -0.13 Z: -1.49 @ http://localhost:3000/_next/static/chunks/0-ynv9eqilv7x.js:0
[   17774ms] [LOG] Player X: 2.76 Y: -0.12 Z: -1.42 @ http://localhost:3000/_next/static/chunks/0-ynv9eqilv7x.js:0
[   17778ms] [LOG] Player X: 2.69 Y: -0.10 Z: -1.36 @ http://localhost:3000/_next/static/chunks/0-ynv9eqilv7x.js:0
[   17781ms] [LOG] Player X: 2.62 Y: -0.09 Z: -1.29 @ http://localhost:3000/_next/static/chunks/0-ynv9eqilv7x.js:0
[   17784ms] [LOG] Player X: 2.54 Y: -0.07 Z: -1.22 @ http://localhost:3000/_next/static/chunks/0-ynv9eqilv7x.js:0
[   17788ms] [LOG] Player X: 2.47 Y: -0.06 Z: -1.15 @ http://localhost:3000/_next/static/chunks/0-ynv9eqilv7x.js:0
[   17791ms] [LOG] Player X: 2.40 Y: -0.04 Z: -1.09 @ http://localhost:3000/_next/static/chunks/0-ynv9eqilv7x.js:0
[   17794ms] [LOG] Player X: 2.32 Y: -0.03 Z: -1.02 @ http://localhost:3000/_next/static/chunks/0-ynv9eqilv7x.js:0
[   17798ms] [LOG] Player X: 2.25 Y: -0.02 Z: -0.95 @ http://localhost:3000/_next/static/chunks/0-ynv9eqilv7x.js:0
[   17801ms] [LOG] Player X: 2.18 Y: -0.00 Z: -0.89 @ http://localhost:3000/_next/static/chunks/0-ynv9eqilv7x.js:0
[   17804ms] [LOG] Player X: 2.11 Y: 0.01 Z: -0.82 @ http://localhost:3000/_next/static/chunks/0-ynv9eqilv7x.js:0
[   17808ms] [LOG] Player X: 2.03 Y: 0.03 Z: -0.75 @ http://localhost:3000/_next/static/chunks/0-ynv9eqilv7x.js:0
[   17811ms] [LOG] Player X: 1.96 Y: 0.04 Z: -0.69 @ http://localhost:3000/_next/static/chunks/0-ynv9eqilv7x.js:0
[   17815ms] [LOG] Player X: 1.89 Y: 0.05 Z: -0.62 @ http://localhost:3000/_next/static/chunks/0-ynv9eqilv7x.js:0
[   17818ms] [LOG] Player X: 1.81 Y: 0.07 Z: -0.55 @ http://localhost:3000/_next/static/chunks/0-ynv9eqilv7x.js:0
[   17821ms] [LOG] Player X: 1.74 Y: 0.08 Z: -0.49 @ http://localhost:3000/_next/static/chunks/0-ynv9eqilv7x.js:0
[   17824ms] [LOG] Player X: 1.67 Y: 0.10 Z: -0.42 @ http://localhost:3000/_next/static/chunks/0-ynv9eqilv7x.js:0
[   17828ms] [LOG] Player X: 1.59 Y: 0.11 Z: -0.35 @ http://localhost:3000/_next/static/chunks/0-ynv9eqilv7x.js:0
[   17831ms] [LOG] Player X: 1.52 Y: 0.12 Z: -0.29 @ http://localhost:3000/_next/static/chunks/0-ynv9eqilv7x.js:0
[   17834ms] [LOG] Player X: 1.45 Y: 0.14 Z: -0.22 @ http://localhost:3000/_next/static/chunks/0-ynv9eqilv7x.js:0
[   17838ms] [LOG] Player X: 1.37 Y: 0.15 Z: -0.15 @ http://localhost:3000/_next/static/chunks/0-ynv9eqilv7x.js:0
[   17841ms] [LOG] Player X: 1.30 Y: 0.17 Z: -0.09 @ http://localhost:3000/_next/static/chunks/0-ynv9eqilv7x.js:0
[   17844ms] [LOG] Player X: 1.23 Y: 0.18 Z: -0.02 @ http://localhost:3000/_next/static/chunks/0-ynv9eqilv7x.js:0
[   17848ms] [LOG] Player X: 1.15 Y: 0.19 Z: 0.05 @ http://localhost:3000/_next/static/chunks/0-ynv9eqilv7x.js:0
[   17851ms] [LOG] Player X: 1.08 Y: 0.21 Z: 0.11 @ http://localhost:3000/_next/static/chunks/0-ynv9eqilv7x.js:0
[   17854ms] [LOG] Player X: 1.01 Y: 0.22 Z: 0.18 @ http://localhost:3000/_next/static/chunks/0-ynv9eqilv7x.js:0
[   17858ms] [LOG] Player X: 0.93 Y: 0.24 Z: 0.25 @ http://localhost:3000/_next/static/chunks/0-ynv9eqilv7x.js:0
[   17861ms] [LOG] Player X: 0.86 Y: 0.25 Z: 0.31 @ http://localhost:3000/_next/static/chunks/0-ynv9eqilv7x.js:0
[   17864ms] [LOG] Player X: 0.79 Y: 0.26 Z: 0.38 @ http://localhost:3000/_next/static/chunks/0-ynv9eqilv7x.js:0
[   17868ms] [LOG] Player X: 0.71 Y: 0.28 Z: 0.45 @ http://localhost:3000/_next/static/chunks/0-ynv9eqilv7x.js:0
[   17871ms] [LOG] Player X: 0.64 Y: 0.29 Z: 0.51 @ http://localhost:3000/_next/static/chunks/0-ynv9eqilv7x.js:0
[   17874ms] [LOG] Player X: 0.57 Y: 0.31 Z: 0.58 @ http://localhost:3000/_next/static/chunks/0-ynv9eqilv7x.js:0
[   17878ms] [LOG] Player X: 0.49 Y: 0.32 Z: 0.65 @ http://localhost:3000/_next/static/chunks/0-ynv9eqilv7x.js:0
[   17881ms] [LOG] Player X: 0.42 Y: 0.33 Z: 0.71 @ http://localhost:3000/_next/static/chunks/0-ynv9eqilv7x.js:0
[   17884ms] [LOG] Player X: 0.35 Y: 0.35 Z: 0.78 @ http://localhost:3000/_next/static/chunks/0-ynv9eqilv7x.js:0
[   17888ms] [LOG] Player X: 0.27 Y: 0.36 Z: 0.85 @ http://localhost:3000/_next/static/chunks/0-ynv9eqilv7x.js:0
[   17891ms] [LOG] Player X: 0.20 Y: 0.38 Z: 0.91 @ http://localhost:3000/_next/static/chunks/0-ynv9eqilv7x.js:0
[   17894ms] [LOG] Player X: 0.13 Y: 0.39 Z: 0.98 @ http://localhost:3000/_next/static/chunks/0-ynv9eqilv7x.js:0
[   17898ms] [LOG] Player X: 0.06 Y: 0.40 Z: 1.05 @ http://localhost:3000/_next/static/chunks/0-ynv9eqilv7x.js:0
[   17901ms] [LOG] Player X: -0.02 Y: 0.42 Z: 1.11 @ http://localhost:3000/_next/static/chunks/0-ynv9eqilv7x.js:0
[   17904ms] [LOG] Player X: -0.09 Y: 0.43 Z: 1.18 @ http://localhost:3000/_next/static/chunks/0-ynv9eqilv7x.js:0
[   17908ms] [LOG] Player X: -0.16 Y: 0.45 Z: 1.25 @ http://localhost:3000/_next/static/chunks/0-ynv9eqilv7x.js:0
[   17911ms] [LOG] Player X: -0.24 Y: 0.46 Z: 1.31 @ http://localhost:3000/_next/static/chunks/0-ynv9eqilv7x.js:0
[   17914ms] [LOG] Player X: -0.31 Y: 0.47 Z: 1.38 @ http://localhost:3000/_next/static/chunks/0-ynv9eqilv7x.js:0
[   17918ms] [LOG] Player X: -0.38 Y: 0.49 Z: 1.45 @ http://localhost:3000/_next/static/chunks/0-ynv9eqilv7x.js:0
[   17921ms] [LOG] Player X: -0.46 Y: 0.50 Z: 1.51 @ http://localhost:3000/_next/static/chunks/0-ynv9eqilv7x.js:0
[   17924ms] [LOG] Player X: -0.53 Y: 0.52 Z: 1.58 @ http://localhost:3000/_next/static/chunks/0-ynv9eqilv7x.js:0
[   17928ms] [LOG] Player X: -0.60 Y: 0.53 Z: 1.65 @ http://localhost:3000/_next/static/chunks/0-ynv9eqilv7x.js:0
[   17931ms] [LOG] Player X: -0.68 Y: 0.54 Z: 1.71 @ http://localhost:3000/_next/static/chunks/0-ynv9eqilv7x.js:0
[   17934ms] [LOG] Player X: -0.75 Y: 0.56 Z: 1.78 @ http://localhost:3000/_next/static/chunks/0-ynv9eqilv7x.js:0
[   17938ms] [LOG] Player X: -0.82 Y: 0.57 Z: 1.85 @ http://localhost:3000/_next/static/chunks/0-ynv9eqilv7x.js:0
[   17941ms] [LOG] Player X: -0.82 Y: 0.57 Z: 1.85 @ http://localhost:3000/_next/static/chunks/0-ynv9eqilv7x.js:0
[   17944ms] [LOG] Player X: -0.82 Y: 0.57 Z: 1.85 @ http://localhost:3000/_next/static/chunks/0-ynv9eqilv7x.js:0
[   17948ms] [LOG] Player X: -0.82 Y: 0.57 Z: 1.85 @ http://localhost:3000/_next/static/chunks/0-ynv9eqilv7x.js:0
[   17951ms] [LOG] Player X: -0.82 Y: 0.57 Z: 1.85 @ http://localhost:3000/_next/static/chunks/0-ynv9eqilv7x.js:0
[   17954ms] [LOG] Player X: -0.82 Y: 0.57 Z: 1.85 @ http://localhost:3000/_next/static/chunks/0-ynv9eqilv7x.js:0
[   17958ms] [LOG] Player X: -0.82 Y: 0.57 Z: 1.85 @ http://localhost:3000/_next/static/chunks/0-ynv9eqilv7x.js:0
[   17961ms] [LOG] Player X: -0.82 Y: 0.57 Z: 1.85 @ http://localhost:3000/_next/static/chunks/0-ynv9eqilv7x.js:0
[   17964ms] [LOG] Player X: -0.82 Y: 0.57 Z: 1.85 @ http://localhost:3000/_next/static/chunks/0-ynv9eqilv7x.js:0
[   17968ms] [LOG] Player X: -0.82 Y: 0.57 Z: 1.85 @ http://localhost:3000/_next/static/chunks/0-ynv9eqilv7x.js:0
[   17971ms] [LOG] Player X: -0.82 Y: 0.57 Z: 1.85 @ http://localhost:3000/_next/static/chunks/0-ynv9eqilv7x.js:0
[   17975ms] [LOG] Player X: -0.82 Y: 0.57 Z: 1.85 @ http://localhost:3000/_next/static/chunks/0-ynv9eqilv7x.js:0
[   17978ms] [LOG] Player X: -0.82 Y: 0.57 Z: 1.85 @ http://localhost:3000/_next/static/chunks/0-ynv9eqilv7x.js:0
[   17981ms] [LOG] Player X: -0.82 Y: 0.57 Z: 1.85 @ http://localhost:3000/_next/static/chunks/0-ynv9eqilv7x.js:0
[   17984ms] [LOG] Player X: -0.82 Y: 0.57 Z: 1.85 @ http://localhost:3000/_next/static/chunks/0-ynv9eqilv7x.js:0
[   17988ms] [LOG] Player X: -0.82 Y: 0.57 Z: 1.85 @ http://localhost:3000/_next/static/chunks/0-ynv9eqilv7x.js:0
[   17991ms] [LOG] Player X: -0.82 Y: 0.57 Z: 1.85 @ http://localhost:3000/_next/static/chunks/0-ynv9eqilv7x.js:0
[   17995ms] [LOG] Player X: -0.82 Y: 0.57 Z: 1.85 @ http://localhost:3000/_next/static/chunks/0-ynv9eqilv7x.js:0
[   17998ms] [LOG] Player X: -0.82 Y: 0.57 Z: 1.85 @ http://localhost:3000/_next/static/chunks/0-ynv9eqilv7x.js:0
[   18001ms] [LOG] Player X: -0.82 Y: 0.57 Z: 1.85 @ http://localhost:3000/_next/static/chunks/0-ynv9eqilv7x.js:0
[   18004ms] [LOG] Player X: -0.82 Y: 0.57 Z: 1.85 @ http://localhost:3000/_next/static/chunks/0-ynv9eqilv7x.js:0
[   18008ms] [LOG] Player X: -0.82 Y: 0.57 Z: 1.85 @ http://localhost:3000/_next/static/chunks/0-ynv9eqilv7x.js:0
[   18011ms] [LOG] Player X: -0.82 Y: 0.57 Z: 1.85 @ http://localhost:3000/_next/static/chunks/0-ynv9eqilv7x.js:0
[   18014ms] [LOG] Player X: -0.82 Y: 0.57 Z: 1.85 @ http://localhost:3000/_next/static/chunks/0-ynv9eqilv7x.js:0
[   18018ms] [LOG] Player X: -0.82 Y: 0.57 Z: 1.85 @ http://localhost:3000/_next/static/chunks/0-ynv9eqilv7x.js:0
[   18021ms] [LOG] Player X: -0.82 Y: 0.57 Z: 1.85 @ http://localhost:3000/_next/static/chunks/0-ynv9eqilv7x.js:0
[   18025ms] [LOG] Player X: -0.82 Y: 0.57 Z: 1.85 @ http://localhost:3000/_next/static/chunks/0-ynv9eqilv7x.js:0
[   18028ms] [LOG] Player X: -0.82 Y: 0.57 Z: 1.85 @ http://localhost:3000/_next/static/chunks/0-ynv9eqilv7x.js:0
[   18032ms] [LOG] Player X: -0.82 Y: 0.57 Z: 1.85 @ http://localhost:3000/_next/static/chunks/0-ynv9eqilv7x.js:0
[   18036ms] [LOG] Player X: -0.82 Y: 0.57 Z: 1.85 @ http://localhost:3000/_next/static/chunks/0-ynv9eqilv7x.js:0
[   18039ms] [LOG] Player X: -0.82 Y: 0.57 Z: 1.85 @ http://localhost:3000/_next/static/chunks/0-ynv9eqilv7x.js:0
[   18042ms] [LOG] Player X: -0.82 Y: 0.57 Z: 1.85 @ http://localhost:3000/_next/static/chunks/0-ynv9eqilv7x.js:0
[   18045ms] [LOG] Player X: -0.82 Y: 0.57 Z: 1.85 @ http://localhost:3000/_next/static/chunks/0-ynv9eqilv7x.js:0
[   18048ms] [LOG] Player X: -0.82 Y: 0.57 Z: 1.85 @ http://localhost:3000/_next/static/chunks/0-ynv9eqilv7x.js:0
[   18051ms] [LOG] Player X: -0.82 Y: 0.57 Z: 1.85 @ http://localhost:3000/_next/static/chunks/0-ynv9eqilv7x.js:0
[   18055ms] [LOG] Player X: -0.82 Y: 0.57 Z: 1.85 @ http://localhost:3000/_next/static/chunks/0-ynv9eqilv7x.js:0
[   18058ms] [LOG] Player X: -0.82 Y: 0.57 Z: 1.85 @ http://localhost:3000/_next/static/chunks/0-ynv9eqilv7x.js:0
[   18061ms] [LOG] Player X: -0.82 Y: 0.57 Z: 1.85 @ http://localhost:3000/_next/static/chunks/0-ynv9eqilv7x.js:0
[   18064ms] [LOG] Player X: -0.82 Y: 0.57 Z: 1.85 @ http://localhost:3000/_next/static/chunks/0-ynv9eqilv7x.js:0
[   18068ms] [LOG] Player X: -0.82 Y: 0.57 Z: 1.85 @ http://localhost:3000/_next/static/chunks/0-ynv9eqilv7x.js:0
[   18071ms] [LOG] Player X: -0.82 Y: 0.57 Z: 1.85 @ http://localhost:3000/_next/static/chunks/0-ynv9eqilv7x.js:0
[   18075ms] [LOG] Player X: -0.82 Y: 0.57 Z: 1.85 @ http://localhost:3000/_next/static/chunks/0-ynv9eqilv7x.js:0
[   18078ms] [LOG] Player X: -0.82 Y: 0.57 Z: 1.85 @ http://localhost:3000/_next/static/chunks/0-ynv9eqilv7x.js:0
[   18081ms] [LOG] Player X: -0.82 Y: 0.57 Z: 1.85 @ http://localhost:3000/_next/static/chunks/0-ynv9eqilv7x.js:0
[   18084ms] [LOG] Player X: -0.82 Y: 0.57 Z: 1.85 @ http://localhost:3000/_next/static/chunks/0-ynv9eqilv7x.js:0
[   18088ms] [LOG] Player X: -0.82 Y: 0.57 Z: 1.85 @ http://localhost:3000/_next/static/chunks/0-ynv9eqilv7x.js:0
[   18091ms] [LOG] Player X: -0.82 Y: 0.57 Z: 1.85 @ http://localhost:3000/_next/static/chunks/0-ynv9eqilv7x.js:0
[   18094ms] [LOG] Player X: -0.82 Y: 0.57 Z: 1.85 @ http://localhost:3000/_next/static/chunks/0-ynv9eqilv7x.js:0
[   18098ms] [LOG] Player X: -0.82 Y: 0.57 Z: 1.85 @ http://localhost:3000/_next/static/chunks/0-ynv9eqilv7x.js:0
[   18101ms] [LOG] Player X: -0.82 Y: 0.57 Z: 1.85 @ http://localhost:3000/_next/static/chunks/0-ynv9eqilv7x.js:0
[   18104ms] [LOG] Player X: -0.82 Y: 0.57 Z: 1.85 @ http://localhost:3000/_next/static/chunks/0-ynv9eqilv7x.js:0
[   18108ms] [LOG] Player X: -0.82 Y: 0.57 Z: 1.85 @ http://localhost:3000/_next/static/chunks/0-ynv9eqilv7x.js:0
[   18111ms] [LOG] Player X: -0.82 Y: 0.57 Z: 1.85 @ http://localhost:3000/_next/static/chunks/0-ynv9eqilv7x.js:0
[   18114ms] [LOG] Player X: -0.82 Y: 0.57 Z: 1.85 @ http://localhost:3000/_next/static/chunks/0-ynv9eqilv7x.js:0
[   18118ms] [LOG] Player X: -0.82 Y: 0.57 Z: 1.85 @ http://localhost:3000/_next/static/chunks/0-ynv9eqilv7x.js:0
[   18121ms] [LOG] Player X: -0.82 Y: 0.57 Z: 1.85 @ http://localhost:3000/_next/static/chunks/0-ynv9eqilv7x.js:0
[   18124ms] [LOG] Player X: -0.82 Y: 0.57 Z: 1.85 @ http://localhost:3000/_next/static/chunks/0-ynv9eqilv7x.js:0
[   18128ms] [LOG] Player X: -0.82 Y: 0.57 Z: 1.85 @ http://localhost:3000/_next/static/chunks/0-ynv9eqilv7x.js:0
[   18131ms] [LOG] Player X: -0.82 Y: 0.57 Z: 1.85 @ http://localhost:3000/_next/static/chunks/0-ynv9eqilv7x.js:0
[   18135ms] [LOG] Player X: -0.82 Y: 0.57 Z: 1.85 @ http://localhost:3000/_next/static/chunks/0-ynv9eqilv7x.js:0
[   18138ms] [LOG] Player X: -0.82 Y: 0.57 Z: 1.85 @ http://localhost:3000/_next/static/chunks/0-ynv9eqilv7x.js:0
[   18141ms] [LOG] Player X: -0.82 Y: 0.57 Z: 1.85 @ http://localhost:3000/_next/static/chunks/0-ynv9eqilv7x.js:0
[   18144ms] [LOG] Player X: -0.82 Y: 0.57 Z: 1.85 @ http://localhost:3000/_next/static/chunks/0-ynv9eqilv7x.js:0
[   18148ms] [LOG] Player X: -0.82 Y: 0.57 Z: 1.85 @ http://localhost:3000/_next/static/chunks/0-ynv9eqilv7x.js:0
[   18151ms] [LOG] Player X: -0.82 Y: 0.57 Z: 1.85 @ http://localhost:3000/_next/static/chunks/0-ynv9eqilv7x.js:0
[   18154ms] [LOG] Player X: -0.82 Y: 0.57 Z: 1.85 @ http://localhost:3000/_next/static/chunks/0-ynv9eqilv7x.js:0
[   18158ms] [LOG] Player X: -0.82 Y: 0.57 Z: 1.85 @ http://localhost:3000/_next/static/chunks/0-ynv9eqilv7x.js:0
[   18161ms] [LOG] Player X: -0.82 Y: 0.57 Z: 1.85 @ http://localhost:3000/_next/static/chunks/0-ynv9eqilv7x.js:0
[   18164ms] [LOG] Player X: -0.82 Y: 0.57 Z: 1.85 @ http://localhost:3000/_next/static/chunks/0-ynv9eqilv7x.js:0
[   18168ms] [LOG] Player X: -0.82 Y: 0.57 Z: 1.85 @ http://localhost:3000/_next/static/chunks/0-ynv9eqilv7x.js:0
[   18171ms] [LOG] Player X: -0.82 Y: 0.57 Z: 1.85 @ http://localhost:3000/_next/static/chunks/0-ynv9eqilv7x.js:0
[   18174ms] [LOG] Player X: -0.82 Y: 0.57 Z: 1.85 @ http://localhost:3000/_next/static/chunks/0-ynv9eqilv7x.js:0
[   18178ms] [LOG] Player X: -0.82 Y: 0.57 Z: 1.85 @ http://localhost:3000/_next/static/chunks/0-ynv9eqilv7x.js:0
[   18181ms] [LOG] Player X: -0.82 Y: 0.57 Z: 1.85 @ http://localhost:3000/_next/static/chunks/0-ynv9eqilv7x.js:0
[   18184ms] [LOG] Player X: -0.82 Y: 0.57 Z: 1.85 @ http://localhost:3000/_next/static/chunks/0-ynv9eqilv7x.js:0
[   18188ms] [LOG] Player X: -0.82 Y: 0.57 Z: 1.85 @ http://localhost:3000/_next/static/chunks/0-ynv9eqilv7x.js:0
[   18191ms] [LOG] Player X: -0.82 Y: 0.57 Z: 1.85 @ http://localhost:3000/_next/static/chunks/0-ynv9eqilv7x.js:0
[   18194ms] [LOG] Player X: -0.82 Y: 0.57 Z: 1.85 @ http://localhost:3000/_next/static/chunks/0-ynv9eqilv7x.js:0
[   18198ms] [LOG] Player X: -0.82 Y: 0.57 Z: 1.85 @ http://localhost:3000/_next/static/chunks/0-ynv9eqilv7x.js:0
[   18201ms] [LOG] Player X: -0.82 Y: 0.57 Z: 1.85 @ http://localhost:3000/_next/static/chunks/0-ynv9eqilv7x.js:0
[   18204ms] [LOG] Player X: -0.82 Y: 0.57 Z: 1.85 @ http://localhost:3000/_next/static/chunks/0-ynv9eqilv7x.js:0
[   18208ms] [LOG] Player X: -0.82 Y: 0.57 Z: 1.85 @ http://localhost:3000/_next/static/chunks/0-ynv9eqilv7x.js:0
[   18211ms] [LOG] Player X: -0.82 Y: 0.57 Z: 1.85 @ http://localhost:3000/_next/static/chunks/0-ynv9eqilv7x.js:0
[   18214ms] [LOG] Player X: -0.82 Y: 0.57 Z: 1.85 @ http://localhost:3000/_next/static/chunks/0-ynv9eqilv7x.js:0
[   18218ms] [LOG] Player X: -0.82 Y: 0.57 Z: 1.85 @ http://localhost:3000/_next/static/chunks/0-ynv9eqilv7x.js:0
[   18221ms] [LOG] Player X: -0.82 Y: 0.57 Z: 1.85 @ http://localhost:3000/_next/static/chunks/0-ynv9eqilv7x.js:0
[   18224ms] [LOG] Player X: -0.82 Y: 0.57 Z: 1.85 @ http://localhost:3000/_next/static/chunks/0-ynv9eqilv7x.js:0
[   18228ms] [LOG] Player X: -0.82 Y: 0.57 Z: 1.85 @ http://localhost:3000/_next/static/chunks/0-ynv9eqilv7x.js:0
[   18231ms] [LOG] Player X: -0.82 Y: 0.57 Z: 1.85 @ http://localhost:3000/_next/static/chunks/0-ynv9eqilv7x.js:0
[   18234ms] [LOG] Player X: -0.82 Y: 0.57 Z: 1.85 @ http://localhost:3000/_next/static/chunks/0-ynv9eqilv7x.js:0
[   18238ms] [LOG] Player X: -0.82 Y: 0.57 Z: 1.85 @ http://localhost:3000/_next/static/chunks/0-ynv9eqilv7x.js:0
[   18241ms] [LOG] Player X: -0.82 Y: 0.57 Z: 1.85 @ http://localhost:3000/_next/static/chunks/0-ynv9eqilv7x.js:0
[   18244ms] [LOG] Player X: -0.82 Y: 0.57 Z: 1.85 @ http://localhost:3000/_next/static/chunks/0-ynv9eqilv7x.js:0
[   18248ms] [LOG] Player X: -0.82 Y: 0.57 Z: 1.85 @ http://localhost:3000/_next/static/chunks/0-ynv9eqilv7x.js:0
[   18251ms] [LOG] Player X: -0.82 Y: 0.57 Z: 1.85 @ http://localhost:3000/_next/static/chunks/0-ynv9eqilv7x.js:0
[   18254ms] [LOG] Player X: -0.82 Y: 0.57 Z: 1.85 @ http://localhost:3000/_next/static/chunks/0-ynv9eqilv7x.js:0
[   18259ms] [LOG] Player X: -0.82 Y: 0.57 Z: 1.85 @ http://localhost:3000/_next/static/chunks/0-ynv9eqilv7x.js:0
[   18262ms] [LOG] Player X: -0.82 Y: 0.57 Z: 1.85 @ http://localhost:3000/_next/static/chunks/0-ynv9eqilv7x.js:0
[   18264ms] [LOG] Player X: -0.82 Y: 0.57 Z: 1.85 @ http://localhost:3000/_next/static/chunks/0-ynv9eqilv7x.js:0
[   18268ms] [LOG] Player X: -0.82 Y: 0.57 Z: 1.85 @ http://localhost:3000/_next/static/chunks/0-ynv9eqilv7x.js:0
[   18271ms] [LOG] Player X: -0.82 Y: 0.57 Z: 1.85 @ http://localhost:3000/_next/static/chunks/0-ynv9eqilv7x.js:0
[   18275ms] [LOG] Player X: -0.82 Y: 0.57 Z: 1.85 @ http://localhost:3000/_next/static/chunks/0-ynv9eqilv7x.js:0
[   18279ms] [LOG] Player X: -0.82 Y: 0.57 Z: 1.85 @ http://localhost:3000/_next/static/chunks/0-ynv9eqilv7x.js:0
[   18283ms] [LOG] Player X: -0.82 Y: 0.57 Z: 1.85 @ http://localhost:3000/_next/static/chunks/0-ynv9eqilv7x.js:0
[   18286ms] [LOG] Player X: -0.82 Y: 0.57 Z: 1.85 @ http://localhost:3000/_next/static/chunks/0-ynv9eqilv7x.js:0
[   18289ms] [LOG] Player X: -0.82 Y: 0.57 Z: 1.85 @ http://localhost:3000/_next/static/chunks/0-ynv9eqilv7x.js:0
[   18292ms] [LOG] Player X: -0.82 Y: 0.57 Z: 1.85 @ http://localhost:3000/_next/static/chunks/0-ynv9eqilv7x.js:0
[   18294ms] [LOG] Player X: -0.82 Y: 0.57 Z: 1.85 @ http://localhost:3000/_next/static/chunks/0-ynv9eqilv7x.js:0
[   18298ms] [LOG] Player X: -0.82 Y: 0.57 Z: 1.85 @ http://localhost:3000/_next/static/chunks/0-ynv9eqilv7x.js:0
[   18301ms] [LOG] Player X: -0.82 Y: 0.57 Z: 1.85 @ http://localhost:3000/_next/static/chunks/0-ynv9eqilv7x.js:0
[   18304ms] [LOG] Player X: -0.82 Y: 0.57 Z: 1.85 @ http://localhost:3000/_next/static/chunks/0-ynv9eqilv7x.js:0
[   18308ms] [LOG] Player X: -0.82 Y: 0.57 Z: 1.85 @ http://localhost:3000/_next/static/chunks/0-ynv9eqilv7x.js:0
[   18311ms] [LOG] Player X: -0.82 Y: 0.57 Z: 1.85 @ http://localhost:3000/_next/static/chunks/0-ynv9eqilv7x.js:0
[   18314ms] [LOG] Player X: -0.82 Y: 0.57 Z: 1.85 @ http://localhost:3000/_next/static/chunks/0-ynv9eqilv7x.js:0
[   18318ms] [LOG] Player X: -0.82 Y: 0.57 Z: 1.85 @ http://localhost:3000/_next/static/chunks/0-ynv9eqilv7x.js:0
[   18321ms] [LOG] Player X: -0.82 Y: 0.57 Z: 1.85 @ http://localhost:3000/_next/static/chunks/0-ynv9eqilv7x.js:0
[   18325ms] [LOG] Player X: -0.82 Y: 0.57 Z: 1.85 @ http://localhost:3000/_next/static/chunks/0-ynv9eqilv7x.js:0
[   18329ms] [LOG] Player X: -0.82 Y: 0.57 Z: 1.85 @ http://localhost:3000/_next/static/chunks/0-ynv9eqilv7x.js:0
[   18332ms] [LOG] Player X: -0.82 Y: 0.57 Z: 1.85 @ http://localhost:3000/_next/static/chunks/0-ynv9eqilv7x.js:0
[   18335ms] [LOG] Player X: -0.82 Y: 0.57 Z: 1.85 @ http://localhost:3000/_next/static/chunks/0-ynv9eqilv7x.js:0
[   18338ms] [LOG] Player X: -0.82 Y: 0.57 Z: 1.85 @ http://localhost:3000/_next/static/chunks/0-ynv9eqilv7x.js:0
[   18341ms] [LOG] Player X: -0.82 Y: 0.57 Z: 1.85 @ http://localhost:3000/_next/static/chunks/0-ynv9eqilv7x.js:0
[   18344ms] [LOG] Player X: -0.82 Y: 0.57 Z: 1.85 @ http://localhost:3000/_next/static/chunks/0-ynv9eqilv7x.js:0
[   18348ms] [LOG] Player X: -0.82 Y: 0.57 Z: 1.85 @ http://localhost:3000/_next/static/chunks/0-ynv9eqilv7x.js:0
[   18351ms] [LOG] Player X: -0.82 Y: 0.57 Z: 1.85 @ http://localhost:3000/_next/static/chunks/0-ynv9eqilv7x.js:0
[   18354ms] [LOG] Player X: -0.82 Y: 0.57 Z: 1.85 @ http://localhost:3000/_next/static/chunks/0-ynv9eqilv7x.js:0
[   18358ms] [LOG] Player X: -0.82 Y: 0.57 Z: 1.85 @ http://localhost:3000/_next/static/chunks/0-ynv9eqilv7x.js:0
[   18361ms] [LOG] Player X: -0.82 Y: 0.57 Z: 1.85 @ http://localhost:3000/_next/static/chunks/0-ynv9eqilv7x.js:0
[   18364ms] [LOG] Player X: -0.82 Y: 0.57 Z: 1.85 @ http://localhost:3000/_next/static/chunks/0-ynv9eqilv7x.js:0
[   18368ms] [LOG] Player X: -0.82 Y: 0.57 Z: 1.85 @ http://localhost:3000/_next/static/chunks/0-ynv9eqilv7x.js:0
[   18371ms] [LOG] Player X: -0.82 Y: 0.57 Z: 1.85 @ http://localhost:3000/_next/static/chunks/0-ynv9eqilv7x.js:0
[   18374ms] [LOG] Player X: -0.82 Y: 0.57 Z: 1.85 @ http://localhost:3000/_next/static/chunks/0-ynv9eqilv7x.js:0
[   18378ms] [LOG] Player X: -0.82 Y: 0.57 Z: 1.85 @ http://localhost:3000/_next/static/chunks/0-ynv9eqilv7x.js:0
[   18381ms] [LOG] Player X: -0.82 Y: 0.57 Z: 1.85 @ http://localhost:3000/_next/static/chunks/0-ynv9eqilv7x.js:0
[   18384ms] [LOG] Player X: -0.82 Y: 0.57 Z: 1.85 @ http://localhost:3000/_next/static/chunks/0-ynv9eqilv7x.js:0
[   18388ms] [LOG] Player X: -0.82 Y: 0.57 Z: 1.85 @ http://localhost:3000/_next/static/chunks/0-ynv9eqilv7x.js:0
[   18391ms] [LOG] Player X: -0.82 Y: 0.57 Z: 1.85 @ http://localhost:3000/_next/static/chunks/0-ynv9eqilv7x.js:0
[   18394ms] [LOG] Player X: -0.82 Y: 0.57 Z: 1.85 @ http://localhost:3000/_next/static/chunks/0-ynv9eqilv7x.js:0
[   18398ms] [LOG] Player X: -0.82 Y: 0.57 Z: 1.85 @ http://localhost:3000/_next/static/chunks/0-ynv9eqilv7x.js:0
[   18401ms] [LOG] Player X: -0.82 Y: 0.57 Z: 1.85 @ http://localhost:3000/_next/static/chunks/0-ynv9eqilv7x.js:0
[   18404ms] [LOG] Player X: -0.82 Y: 0.57 Z: 1.85 @ http://localhost:3000/_next/static/chunks/0-ynv9eqilv7x.js:0
[   18408ms] [LOG] Player X: -0.82 Y: 0.57 Z: 1.85 @ http://localhost:3000/_next/static/chunks/0-ynv9eqilv7x.js:0
[   18411ms] [LOG] Player X: -0.82 Y: 0.57 Z: 1.85 @ http://localhost:3000/_next/static/chunks/0-ynv9eqilv7x.js:0
[   18414ms] [LOG] Player X: -0.82 Y: 0.57 Z: 1.85 @ http://localhost:3000/_next/static/chunks/0-ynv9eqilv7x.js:0
[   18418ms] [LOG] Player X: -0.82 Y: 0.57 Z: 1.85 @ http://localhost:3000/_next/static/chunks/0-ynv9eqilv7x.js:0
[   18421ms] [LOG] Player X: -0.82 Y: 0.57 Z: 1.85 @ http://localhost:3000/_next/static/chunks/0-ynv9eqilv7x.js:0
[   18425ms] [LOG] Player X: -0.82 Y: 0.57 Z: 1.85 @ http://localhost:3000/_next/static/chunks/0-ynv9eqilv7x.js:0
[   18428ms] [LOG] Player X: -0.82 Y: 0.57 Z: 1.85 @ http://localhost:3000/_next/static/chunks/0-ynv9eqilv7x.js:0
[   18431ms] [LOG] Player X: -0.82 Y: 0.57 Z: 1.85 @ http://localhost:3000/_next/static/chunks/0-ynv9eqilv7x.js:0
[   18435ms] [LOG] Player X: -0.82 Y: 0.57 Z: 1.85 @ http://localhost:3000/_next/static/chunks/0-ynv9eqilv7x.js:0
[   18438ms] [LOG] Player X: -0.82 Y: 0.57 Z: 1.85 @ http://localhost:3000/_next/static/chunks/0-ynv9eqilv7x.js:0
[   18441ms] [LOG] Player X: -0.82 Y: 0.57 Z: 1.85 @ http://localhost:3000/_next/static/chunks/0-ynv9eqilv7x.js:0
[   18444ms] [LOG] Player X: -0.82 Y: 0.57 Z: 1.85 @ http://localhost:3000/_next/static/chunks/0-ynv9eqilv7x.js:0
[   18448ms] [LOG] Player X: -0.82 Y: 0.57 Z: 1.85 @ http://localhost:3000/_next/static/chunks/0-ynv9eqilv7x.js:0
[   18451ms] [LOG] Player X: -0.82 Y: 0.57 Z: 1.85 @ http://localhost:3000/_next/static/chunks/0-ynv9eqilv7x.js:0
[   18454ms] [LOG] Player X: -0.82 Y: 0.57 Z: 1.85 @ http://localhost:3000/_next/static/chunks/0-ynv9eqilv7x.js:0
[   18458ms] [LOG] Player X: -0.82 Y: 0.57 Z: 1.85 @ http://localhost:3000/_next/static/chunks/0-ynv9eqilv7x.js:0
[   18461ms] [LOG] Player X: -0.82 Y: 0.57 Z: 1.85 @ http://localhost:3000/_next/static/chunks/0-ynv9eqilv7x.js:0
[   18464ms] [LOG] Player X: -0.82 Y: 0.57 Z: 1.85 @ http://localhost:3000/_next/static/chunks/0-ynv9eqilv7x.js:0
[   18468ms] [LOG] Player X: -0.82 Y: 0.57 Z: 1.85 @ http://localhost:3000/_next/static/chunks/0-ynv9eqilv7x.js:0
[   18471ms] [LOG] Player X: -0.82 Y: 0.57 Z: 1.85 @ http://localhost:3000/_next/static/chunks/0-ynv9eqilv7x.js:0
[   18474ms] [LOG] Player X: -0.82 Y: 0.57 Z: 1.85 @ http://localhost:3000/_next/static/chunks/0-ynv9eqilv7x.js:0
[   18478ms] [LOG] Player X: -0.82 Y: 0.57 Z: 1.85 @ http://localhost:3000/_next/static/chunks/0-ynv9eqilv7x.js:0
[   18481ms] [LOG] Player X: -0.82 Y: 0.57 Z: 1.85 @ http://localhost:3000/_next/static/chunks/0-ynv9eqilv7x.js:0
[   18485ms] [LOG] Player X: -0.82 Y: 0.57 Z: 1.85 @ http://localhost:3000/_next/static/chunks/0-ynv9eqilv7x.js:0
[   18488ms] [LOG] Player X: -0.82 Y: 0.57 Z: 1.85 @ http://localhost:3000/_next/static/chunks/0-ynv9eqilv7x.js:0
[   18491ms] [LOG] Player X: -0.82 Y: 0.57 Z: 1.85 @ http://localhost:3000/_next/static/chunks/0-ynv9eqilv7x.js:0
[   18494ms] [LOG] Player X: -0.82 Y: 0.57 Z: 1.85 @ http://localhost:3000/_next/static/chunks/0-ynv9eqilv7x.js:0
[   18498ms] [LOG] Player X: -0.82 Y: 0.57 Z: 1.85 @ http://localhost:3000/_next/static/chunks/0-ynv9eqilv7x.js:0
[   18501ms] [LOG] Player X: -0.82 Y: 0.57 Z: 1.85 @ http://localhost:3000/_next/static/chunks/0-ynv9eqilv7x.js:0
[   18505ms] [LOG] Player X: -0.82 Y: 0.57 Z: 1.85 @ http://localhost:3000/_next/static/chunks/0-ynv9eqilv7x.js:0
[   18508ms] [LOG] Player X: -0.82 Y: 0.57 Z: 1.85 @ http://localhost:3000/_next/static/chunks/0-ynv9eqilv7x.js:0
[   18514ms] [LOG] Player X: -0.82 Y: 0.57 Z: 1.85 @ http://localhost:3000/_next/static/chunks/0-ynv9eqilv7x.js:0
[   18517ms] [LOG] Player X: -0.82 Y: 0.57 Z: 1.85 @ http://localhost:3000/_next/static/chunks/0-ynv9eqilv7x.js:0
[   18520ms] [LOG] Player X: -0.82 Y: 0.57 Z: 1.85 @ http://localhost:3000/_next/static/chunks/0-ynv9eqilv7x.js:0
[   18523ms] [LOG] Player X: -0.82 Y: 0.57 Z: 1.85 @ http://localhost:3000/_next/static/chunks/0-ynv9eqilv7x.js:0
[   18525ms] [LOG] Player X: -0.82 Y: 0.57 Z: 1.85 @ http://localhost:3000/_next/static/chunks/0-ynv9eqilv7x.js:0
[   18529ms] [LOG] Player X: -0.82 Y: 0.57 Z: 1.85 @ http://localhost:3000/_next/static/chunks/0-ynv9eqilv7x.js:0
[   18532ms] [LOG] Player X: -0.82 Y: 0.57 Z: 1.85 @ http://localhost:3000/_next/static/chunks/0-ynv9eqilv7x.js:0
[   18534ms] [LOG] Player X: -0.82 Y: 0.57 Z: 1.85 @ http://localhost:3000/_next/static/chunks/0-ynv9eqilv7x.js:0
[   18538ms] [LOG] Player X: -0.82 Y: 0.57 Z: 1.85 @ http://localhost:3000/_next/static/chunks/0-ynv9eqilv7x.js:0
[   18541ms] [LOG] Player X: -0.82 Y: 0.57 Z: 1.85 @ http://localhost:3000/_next/static/chunks/0-ynv9eqilv7x.js:0
[   18545ms] [LOG] Player X: -0.82 Y: 0.57 Z: 1.85 @ http://localhost:3000/_next/static/chunks/0-ynv9eqilv7x.js:0
[   18548ms] [LOG] Player X: -0.82 Y: 0.57 Z: 1.85 @ http://localhost:3000/_next/static/chunks/0-ynv9eqilv7x.js:0
[   18551ms] [LOG] Player X: -0.82 Y: 0.57 Z: 1.85 @ http://localhost:3000/_next/static/chunks/0-ynv9eqilv7x.js:0
[   18554ms] [LOG] Player X: -0.82 Y: 0.57 Z: 1.85 @ http://localhost:3000/_next/static/chunks/0-ynv9eqilv7x.js:0
[   18558ms] [LOG] Player X: -0.82 Y: 0.57 Z: 1.85 @ http://localhost:3000/_next/static/chunks/0-ynv9eqilv7x.js:0
[   18561ms] [LOG] Player X: -0.82 Y: 0.57 Z: 1.85 @ http://localhost:3000/_next/static/chunks/0-ynv9eqilv7x.js:0
[   18565ms] [LOG] Player X: -0.82 Y: 0.57 Z: 1.85 @ http://localhost:3000/_next/static/chunks/0-ynv9eqilv7x.js:0
[   18568ms] [LOG] Player X: -0.82 Y: 0.57 Z: 1.85 @ http://localhost:3000/_next/static/chunks/0-ynv9eqilv7x.js:0
[   18571ms] [LOG] Player X: -0.82 Y: 0.57 Z: 1.85 @ http://localhost:3000/_next/static/chunks/0-ynv9eqilv7x.js:0
[   18574ms] [LOG] Player X: -0.82 Y: 0.57 Z: 1.85 @ http://localhost:3000/_next/static/chunks/0-ynv9eqilv7x.js:0
[   18578ms] [LOG] Player X: -0.82 Y: 0.57 Z: 1.85 @ http://localhost:3000/_next/static/chunks/0-ynv9eqilv7x.js:0
[   18581ms] [LOG] Player X: -0.82 Y: 0.57 Z: 1.85 @ http://localhost:3000/_next/static/chunks/0-ynv9eqilv7x.js:0
[   18584ms] [LOG] Player X: -0.82 Y: 0.57 Z: 1.85 @ http://localhost:3000/_next/static/chunks/0-ynv9eqilv7x.js:0
[   18588ms] [LOG] Player X: -0.82 Y: 0.57 Z: 1.85 @ http://localhost:3000/_next/static/chunks/0-ynv9eqilv7x.js:0
[   18591ms] [LOG] Player X: -0.82 Y: 0.57 Z: 1.85 @ http://localhost:3000/_next/static/chunks/0-ynv9eqilv7x.js:0
[   18594ms] [LOG] Player X: -0.82 Y: 0.57 Z: 1.85 @ http://localhost:3000/_next/static/chunks/0-ynv9eqilv7x.js:0
[   18598ms] [LOG] Player X: -0.82 Y: 0.57 Z: 1.85 @ http://localhost:3000/_next/static/chunks/0-ynv9eqilv7x.js:0
[   18601ms] [LOG] Player X: -0.82 Y: 0.57 Z: 1.85 @ http://localhost:3000/_next/static/chunks/0-ynv9eqilv7x.js:0
[   18604ms] [LOG] Player X: -0.82 Y: 0.57 Z: 1.85 @ http://localhost:3000/_next/static/chunks/0-ynv9eqilv7x.js:0
[   18608ms] [LOG] Player X: -0.82 Y: 0.57 Z: 1.85 @ http://localhost:3000/_next/static/chunks/0-ynv9eqilv7x.js:0
[   18611ms] [LOG] Player X: -0.82 Y: 0.57 Z: 1.85 @ http://localhost:3000/_next/static/chunks/0-ynv9eqilv7x.js:0
[   18614ms] [LOG] Player X: -0.82 Y: 0.57 Z: 1.85 @ http://localhost:3000/_next/static/chunks/0-ynv9eqilv7x.js:0
[   18618ms] [LOG] Player X: -0.82 Y: 0.57 Z: 1.85 @ http://localhost:3000/_next/static/chunks/0-ynv9eqilv7x.js:0
[   18621ms] [LOG] Player X: -0.82 Y: 0.57 Z: 1.85 @ http://localhost:3000/_next/static/chunks/0-ynv9eqilv7x.js:0
[   18624ms] [LOG] Player X: -0.82 Y: 0.57 Z: 1.85 @ http://localhost:3000/_next/static/chunks/0-ynv9eqilv7x.js:0
[   18628ms] [LOG] Player X: -0.82 Y: 0.57 Z: 1.85 @ http://localhost:3000/_next/static/chunks/0-ynv9eqilv7x.js:0
[   18631ms] [LOG] Player X: -0.82 Y: 0.57 Z: 1.85 @ http://localhost:3000/_next/static/chunks/0-ynv9eqilv7x.js:0
[   18634ms] [LOG] Player X: -0.82 Y: 0.57 Z: 1.85 @ http://localhost:3000/_next/static/chunks/0-ynv9eqilv7x.js:0
[   18638ms] [LOG] Player X: -0.82 Y: 0.57 Z: 1.85 @ http://localhost:3000/_next/static/chunks/0-ynv9eqilv7x.js:0
[   18641ms] [LOG] Player X: -0.82 Y: 0.57 Z: 1.85 @ http://localhost:3000/_next/static/chunks/0-ynv9eqilv7x.js:0
[   18644ms] [LOG] Player X: -0.82 Y: 0.57 Z: 1.85 @ http://localhost:3000/_next/static/chunks/0-ynv9eqilv7x.js:0
[   18648ms] [LOG] Player X: -0.82 Y: 0.57 Z: 1.85 @ http://localhost:3000/_next/static/chunks/0-ynv9eqilv7x.js:0
[   18651ms] [LOG] Player X: -0.82 Y: 0.57 Z: 1.85 @ http://localhost:3000/_next/static/chunks/0-ynv9eqilv7x.js:0
[   18654ms] [LOG] Player X: -0.82 Y: 0.57 Z: 1.85 @ http://localhost:3000/_next/static/chunks/0-ynv9eqilv7x.js:0
[   18658ms] [LOG] Player X: -0.82 Y: 0.57 Z: 1.85 @ http://localhost:3000/_next/static/chunks/0-ynv9eqilv7x.js:0
[   18661ms] [LOG] Player X: -0.82 Y: 0.57 Z: 1.85 @ http://localhost:3000/_next/static/chunks/0-ynv9eqilv7x.js:0
[   18665ms] [LOG] Player X: -0.82 Y: 0.57 Z: 1.85 @ http://localhost:3000/_next/static/chunks/0-ynv9eqilv7x.js:0
[   18668ms] [LOG] Player X: -0.82 Y: 0.57 Z: 1.85 @ http://localhost:3000/_next/static/chunks/0-ynv9eqilv7x.js:0
[   18671ms] [LOG] Player X: -0.82 Y: 0.57 Z: 1.85 @ http://localhost:3000/_next/static/chunks/0-ynv9eqilv7x.js:0
[   18674ms] [LOG] Player X: -0.82 Y: 0.57 Z: 1.85 @ http://localhost:3000/_next/static/chunks/0-ynv9eqilv7x.js:0
[   18678ms] [LOG] Player X: -0.82 Y: 0.57 Z: 1.85 @ http://localhost:3000/_next/static/chunks/0-ynv9eqilv7x.js:0
[   18681ms] [LOG] Player X: -0.82 Y: 0.57 Z: 1.85 @ http://localhost:3000/_next/static/chunks/0-ynv9eqilv7x.js:0
[   18684ms] [LOG] Player X: -0.82 Y: 0.57 Z: 1.85 @ http://localhost:3000/_next/static/chunks/0-ynv9eqilv7x.js:0
[   18688ms] [LOG] Player X: -0.82 Y: 0.57 Z: 1.85 @ http://localhost:3000/_next/static/chunks/0-ynv9eqilv7x.js:0
[   18691ms] [LOG] Player X: -0.82 Y: 0.57 Z: 1.85 @ http://localhost:3000/_next/static/chunks/0-ynv9eqilv7x.js:0
[   18694ms] [LOG] Player X: -0.82 Y: 0.57 Z: 1.85 @ http://localhost:3000/_next/static/chunks/0-ynv9eqilv7x.js:0
[   18698ms] [LOG] Player X: -0.82 Y: 0.57 Z: 1.85 @ http://localhost:3000/_next/static/chunks/0-ynv9eqilv7x.js:0
[   18701ms] [LOG] Player X: -0.82 Y: 0.57 Z: 1.85 @ http://localhost:3000/_next/static/chunks/0-ynv9eqilv7x.js:0
[   18704ms] [LOG] Player X: -0.82 Y: 0.57 Z: 1.85 @ http://localhost:3000/_next/static/chunks/0-ynv9eqilv7x.js:0
[   18708ms] [LOG] Player X: -0.82 Y: 0.57 Z: 1.85 @ http://localhost:3000/_next/static/chunks/0-ynv9eqilv7x.js:0
[   18711ms] [LOG] Player X: -0.82 Y: 0.57 Z: 1.85 @ http://localhost:3000/_next/static/chunks/0-ynv9eqilv7x.js:0
[   18714ms] [LOG] Player X: -0.82 Y: 0.57 Z: 1.85 @ http://localhost:3000/_next/static/chunks/0-ynv9eqilv7x.js:0
[   18718ms] [LOG] Player X: -0.82 Y: 0.57 Z: 1.85 @ http://localhost:3000/_next/static/chunks/0-ynv9eqilv7x.js:0
[   18721ms] [LOG] Player X: -0.82 Y: 0.57 Z: 1.85 @ http://localhost:3000/_next/static/chunks/0-ynv9eqilv7x.js:0
[   18724ms] [LOG] Player X: -0.82 Y: 0.57 Z: 1.85 @ http://localhost:3000/_next/static/chunks/0-ynv9eqilv7x.js:0
[   18728ms] [LOG] Player X: -0.82 Y: 0.57 Z: 1.85 @ http://localhost:3000/_next/static/chunks/0-ynv9eqilv7x.js:0
[   18731ms] [LOG] Player X: -0.82 Y: 0.57 Z: 1.85 @ http://localhost:3000/_next/static/chunks/0-ynv9eqilv7x.js:0
[   18734ms] [LOG] Player X: -0.82 Y: 0.57 Z: 1.85 @ http://localhost:3000/_next/static/chunks/0-ynv9eqilv7x.js:0
[   18738ms] [LOG] Player X: -0.82 Y: 0.57 Z: 1.85 @ http://localhost:3000/_next/static/chunks/0-ynv9eqilv7x.js:0
[   18741ms] [LOG] Player X: -0.82 Y: 0.57 Z: 1.85 @ http://localhost:3000/_next/static/chunks/0-ynv9eqilv7x.js:0
[   18744ms] [LOG] Player X: -0.82 Y: 0.57 Z: 1.85 @ http://localhost:3000/_next/static/chunks/0-ynv9eqilv7x.js:0
[   18748ms] [LOG] Player X: -0.82 Y: 0.57 Z: 1.85 @ http://localhost:3000/_next/static/chunks/0-ynv9eqilv7x.js:0
[   18751ms] [LOG] Player X: -0.82 Y: 0.57 Z: 1.85 @ http://localhost:3000/_next/static/chunks/0-ynv9eqilv7x.js:0
[   18754ms] [LOG] Player X: -0.82 Y: 0.57 Z: 1.85 @ http://localhost:3000/_next/static/chunks/0-ynv9eqilv7x.js:0
[   18758ms] [LOG] Player X: -0.82 Y: 0.57 Z: 1.85 @ http://localhost:3000/_next/static/chunks/0-ynv9eqilv7x.js:0
[   18761ms] [LOG] Player X: -0.82 Y: 0.57 Z: 1.85 @ http://localhost:3000/_next/static/chunks/0-ynv9eqilv7x.js:0
[   18764ms] [LOG] Player X: -0.82 Y: 0.57 Z: 1.85 @ http://localhost:3000/_next/static/chunks/0-ynv9eqilv7x.js:0
[   18768ms] [LOG] Player X: -0.82 Y: 0.57 Z: 1.85 @ http://localhost:3000/_next/static/chunks/0-ynv9eqilv7x.js:0
[   18771ms] [LOG] Player X: -0.82 Y: 0.57 Z: 1.85 @ http://localhost:3000/_next/static/chunks/0-ynv9eqilv7x.js:0
[   18774ms] [LOG] Player X: -0.82 Y: 0.57 Z: 1.85 @ http://localhost:3000/_next/static/chunks/0-ynv9eqilv7x.js:0
[   18778ms] [LOG] Player X: -0.82 Y: 0.57 Z: 1.85 @ http://localhost:3000/_next/static/chunks/0-ynv9eqilv7x.js:0
[   18781ms] [LOG] Player X: -0.82 Y: 0.57 Z: 1.85 @ http://localhost:3000/_next/static/chunks/0-ynv9eqilv7x.js:0
[   18784ms] [LOG] Player X: -0.82 Y: 0.57 Z: 1.85 @ http://localhost:3000/_next/static/chunks/0-ynv9eqilv7x.js:0
[   18788ms] [LOG] Player X: -0.82 Y: 0.57 Z: 1.85 @ http://localhost:3000/_next/static/chunks/0-ynv9eqilv7x.js:0
[   18791ms] [LOG] Player X: -0.82 Y: 0.57 Z: 1.85 @ http://localhost:3000/_next/static/chunks/0-ynv9eqilv7x.js:0
[   18794ms] [LOG] Player X: -0.82 Y: 0.57 Z: 1.85 @ http://localhost:3000/_next/static/chunks/0-ynv9eqilv7x.js:0
[   18798ms] [LOG] Player X: -0.82 Y: 0.57 Z: 1.85 @ http://localhost:3000/_next/static/chunks/0-ynv9eqilv7x.js:0
[   18801ms] [LOG] Player X: -0.82 Y: 0.57 Z: 1.85 @ http://localhost:3000/_next/static/chunks/0-ynv9eqilv7x.js:0
[   18804ms] [LOG] Player X: -0.82 Y: 0.57 Z: 1.85 @ http://localhost:3000/_next/static/chunks/0-ynv9eqilv7x.js:0
[   18808ms] [LOG] Player X: -0.82 Y: 0.57 Z: 1.85 @ http://localhost:3000/_next/static/chunks/0-ynv9eqilv7x.js:0
[   18811ms] [LOG] Player X: -0.82 Y: 0.57 Z: 1.85 @ http://localhost:3000/_next/static/chunks/0-ynv9eqilv7x.js:0
[   18814ms] [LOG] Player X: -0.82 Y: 0.57 Z: 1.85 @ http://localhost:3000/_next/static/chunks/0-ynv9eqilv7x.js:0
[   18818ms] [LOG] Player X: -0.82 Y: 0.57 Z: 1.85 @ http://localhost:3000/_next/static/chunks/0-ynv9eqilv7x.js:0
[   18821ms] [LOG] Player X: -0.82 Y: 0.57 Z: 1.85 @ http://localhost:3000/_next/static/chunks/0-ynv9eqilv7x.js:0
[   18824ms] [LOG] Player X: -0.82 Y: 0.57 Z: 1.85 @ http://localhost:3000/_next/static/chunks/0-ynv9eqilv7x.js:0
[   18828ms] [LOG] Player X: -0.82 Y: 0.57 Z: 1.85 @ http://localhost:3000/_next/static/chunks/0-ynv9eqilv7x.js:0
[   18831ms] [LOG] Player X: -0.82 Y: 0.57 Z: 1.85 @ http://localhost:3000/_next/static/chunks/0-ynv9eqilv7x.js:0
[   18834ms] [LOG] Player X: -0.82 Y: 0.57 Z: 1.85 @ http://localhost:3000/_next/static/chunks/0-ynv9eqilv7x.js:0
[   18838ms] [LOG] Player X: -0.82 Y: 0.57 Z: 1.85 @ http://localhost:3000/_next/static/chunks/0-ynv9eqilv7x.js:0
[   18841ms] [LOG] Player X: -0.82 Y: 0.57 Z: 1.85 @ http://localhost:3000/_next/static/chunks/0-ynv9eqilv7x.js:0
[   18844ms] [LOG] Player X: -0.82 Y: 0.57 Z: 1.85 @ http://localhost:3000/_next/static/chunks/0-ynv9eqilv7x.js:0
[   18848ms] [LOG] Player X: -0.82 Y: 0.57 Z: 1.85 @ http://localhost:3000/_next/static/chunks/0-ynv9eqilv7x.js:0
[   18851ms] [LOG] Player X: -0.82 Y: 0.57 Z: 1.85 @ http://localhost:3000/_next/static/chunks/0-ynv9eqilv7x.js:0
[   18854ms] [LOG] Player X: -0.82 Y: 0.57 Z: 1.85 @ http://localhost:3000/_next/static/chunks/0-ynv9eqilv7x.js:0
[   18858ms] [LOG] Player X: -0.82 Y: 0.57 Z: 1.85 @ http://localhost:3000/_next/static/chunks/0-ynv9eqilv7x.js:0
[   18861ms] [LOG] Player X: -0.82 Y: 0.57 Z: 1.85 @ http://localhost:3000/_next/static/chunks/0-ynv9eqilv7x.js:0
[   18864ms] [LOG] Player X: -0.82 Y: 0.57 Z: 1.85 @ http://localhost:3000/_next/static/chunks/0-ynv9eqilv7x.js:0
[   18868ms] [LOG] Player X: -0.82 Y: 0.57 Z: 1.85 @ http://localhost:3000/_next/static/chunks/0-ynv9eqilv7x.js:0
[   18872ms] [LOG] Player X: -0.82 Y: 0.57 Z: 1.85 @ http://localhost:3000/_next/static/chunks/0-ynv9eqilv7x.js:0
[   18875ms] [LOG] Player X: -0.82 Y: 0.57 Z: 1.85 @ http://localhost:3000/_next/static/chunks/0-ynv9eqilv7x.js:0
[   18878ms] [LOG] Player X: -0.82 Y: 0.57 Z: 1.85 @ http://localhost:3000/_next/static/chunks/0-ynv9eqilv7x.js:0
[   18881ms] [LOG] Player X: -0.82 Y: 0.57 Z: 1.85 @ http://localhost:3000/_next/static/chunks/0-ynv9eqilv7x.js:0
[   18885ms] [LOG] Player X: -0.82 Y: 0.57 Z: 1.85 @ http://localhost:3000/_next/static/chunks/0-ynv9eqilv7x.js:0
[   18888ms] [LOG] Player X: -0.82 Y: 0.57 Z: 1.85 @ http://localhost:3000/_next/static/chunks/0-ynv9eqilv7x.js:0
[   18891ms] [LOG] Player X: -0.82 Y: 0.57 Z: 1.85 @ http://localhost:3000/_next/static/chunks/0-ynv9eqilv7x.js:0
[   18895ms] [LOG] Player X: -0.82 Y: 0.57 Z: 1.85 @ http://localhost:3000/_next/static/chunks/0-ynv9eqilv7x.js:0
[   18898ms] [LOG] Player X: -0.82 Y: 0.57 Z: 1.85 @ http://localhost:3000/_next/static/chunks/0-ynv9eqilv7x.js:0
[   18901ms] [LOG] Player X: -0.82 Y: 0.57 Z: 1.85 @ http://localhost:3000/_next/static/chunks/0-ynv9eqilv7x.js:0
[   18905ms] [LOG] Player X: -0.82 Y: 0.57 Z: 1.85 @ http://localhost:3000/_next/static/chunks/0-ynv9eqilv7x.js:0
[   18908ms] [LOG] Player X: -0.82 Y: 0.57 Z: 1.85 @ http://localhost:3000/_next/static/chunks/0-ynv9eqilv7x.js:0
[   18911ms] [LOG] Player X: -0.82 Y: 0.57 Z: 1.85 @ http://localhost:3000/_next/static/chunks/0-ynv9eqilv7x.js:0
[   18915ms] [LOG] Player X: -0.82 Y: 0.57 Z: 1.85 @ http://localhost:3000/_next/static/chunks/0-ynv9eqilv7x.js:0
[   18918ms] [LOG] Player X: -0.82 Y: 0.57 Z: 1.85 @ http://localhost:3000/_next/static/chunks/0-ynv9eqilv7x.js:0
[   18921ms] [LOG] Player X: -0.82 Y: 0.57 Z: 1.85 @ http://localhost:3000/_next/static/chunks/0-ynv9eqilv7x.js:0
[   18925ms] [LOG] Player X: -0.82 Y: 0.57 Z: 1.85 @ http://localhost:3000/_next/static/chunks/0-ynv9eqilv7x.js:0
[   18928ms] [LOG] Player X: -0.82 Y: 0.57 Z: 1.85 @ http://localhost:3000/_next/static/chunks/0-ynv9eqilv7x.js:0
[   18931ms] [LOG] Player X: -0.82 Y: 0.57 Z: 1.85 @ http://localhost:3000/_next/static/chunks/0-ynv9eqilv7x.js:0
[   18935ms] [LOG] Player X: -0.82 Y: 0.57 Z: 1.85 @ http://localhost:3000/_next/static/chunks/0-ynv9eqilv7x.js:0
[   18938ms] [LOG] Player X: -0.82 Y: 0.57 Z: 1.85 @ http://localhost:3000/_next/static/chunks/0-ynv9eqilv7x.js:0
[   18941ms] [LOG] Player X: -0.82 Y: 0.57 Z: 1.85 @ http://localhost:3000/_next/static/chunks/0-ynv9eqilv7x.js:0
[   18945ms] [LOG] Player X: -0.82 Y: 0.57 Z: 1.85 @ http://localhost:3000/_next/static/chunks/0-ynv9eqilv7x.js:0
[   18948ms] [LOG] Player X: -0.82 Y: 0.57 Z: 1.85 @ http://localhost:3000/_next/static/chunks/0-ynv9eqilv7x.js:0
[   18951ms] [LOG] Player X: -0.82 Y: 0.57 Z: 1.85 @ http://localhost:3000/_next/static/chunks/0-ynv9eqilv7x.js:0
[   18954ms] [LOG] Player X: -0.82 Y: 0.57 Z: 1.85 @ http://localhost:3000/_next/static/chunks/0-ynv9eqilv7x.js:0
[   18958ms] [LOG] Player X: -0.82 Y: 0.57 Z: 1.85 @ http://localhost:3000/_next/static/chunks/0-ynv9eqilv7x.js:0
[   18961ms] [LOG] Player X: -0.82 Y: 0.57 Z: 1.85 @ http://localhost:3000/_next/static/chunks/0-ynv9eqilv7x.js:0
[   18965ms] [LOG] Player X: -0.82 Y: 0.57 Z: 1.85 @ http://localhost:3000/_next/static/chunks/0-ynv9eqilv7x.js:0
[   18968ms] [LOG] Player X: -0.82 Y: 0.57 Z: 1.85 @ http://localhost:3000/_next/static/chunks/0-ynv9eqilv7x.js:0
[   18971ms] [LOG] Player X: -0.82 Y: 0.57 Z: 1.85 @ http://localhost:3000/_next/static/chunks/0-ynv9eqilv7x.js:0
[   18975ms] [LOG] Player X: -0.82 Y: 0.57 Z: 1.85 @ http://localhost:3000/_next/static/chunks/0-ynv9eqilv7x.js:0
[   18978ms] [LOG] Player X: -0.82 Y: 0.57 Z: 1.85 @ http://localhost:3000/_next/static/chunks/0-ynv9eqilv7x.js:0
[   18981ms] [LOG] Player X: -0.82 Y: 0.57 Z: 1.85 @ http://localhost:3000/_next/static/chunks/0-ynv9eqilv7x.js:0
[   18985ms] [LOG] Player X: -0.82 Y: 0.57 Z: 1.85 @ http://localhost:3000/_next/static/chunks/0-ynv9eqilv7x.js:0
[   18988ms] [LOG] Player X: -0.82 Y: 0.57 Z: 1.85 @ http://localhost:3000/_next/static/chunks/0-ynv9eqilv7x.js:0
[   18991ms] [LOG] Player X: -0.82 Y: 0.57 Z: 1.85 @ http://localhost:3000/_next/static/chunks/0-ynv9eqilv7x.js:0
[   18995ms] [LOG] Player X: -0.82 Y: 0.57 Z: 1.85 @ http://localhost:3000/_next/static/chunks/0-ynv9eqilv7x.js:0
[   18998ms] [LOG] Player X: -0.82 Y: 0.57 Z: 1.85 @ http://localhost:3000/_next/static/chunks/0-ynv9eqilv7x.js:0
[   19001ms] [LOG] Player X: -0.82 Y: 0.57 Z: 1.85 @ http://localhost:3000/_next/static/chunks/0-ynv9eqilv7x.js:0
[   19004ms] [LOG] Player X: -0.82 Y: 0.57 Z: 1.85 @ http://localhost:3000/_next/static/chunks/0-ynv9eqilv7x.js:0
[   19008ms] [LOG] Player X: -0.82 Y: 0.57 Z: 1.85 @ http://localhost:3000/_next/static/chunks/0-ynv9eqilv7x.js:0
[   19011ms] [LOG] Player X: -0.82 Y: 0.57 Z: 1.85 @ http://localhost:3000/_next/static/chunks/0-ynv9eqilv7x.js:0
[   19015ms] [LOG] Player X: -0.82 Y: 0.57 Z: 1.85 @ http://localhost:3000/_next/static/chunks/0-ynv9eqilv7x.js:0
[   19018ms] [LOG] Player X: -0.82 Y: 0.57 Z: 1.85 @ http://localhost:3000/_next/static/chunks/0-ynv9eqilv7x.js:0
[   19021ms] [LOG] Player X: -0.82 Y: 0.57 Z: 1.85 @ http://localhost:3000/_next/static/chunks/0-ynv9eqilv7x.js:0
[   19025ms] [LOG] Player X: -0.82 Y: 0.57 Z: 1.85 @ http://localhost:3000/_next/static/chunks/0-ynv9eqilv7x.js:0
[   19028ms] [LOG] Player X: -0.82 Y: 0.57 Z: 1.85 @ http://localhost:3000/_next/static/chunks/0-ynv9eqilv7x.js:0
[   19031ms] [LOG] Player X: -0.82 Y: 0.57 Z: 1.85 @ http://localhost:3000/_next/static/chunks/0-ynv9eqilv7x.js:0
[   19035ms] [LOG] Player X: -0.82 Y: 0.57 Z: 1.85 @ http://localhost:3000/_next/static/chunks/0-ynv9eqilv7x.js:0
[   19038ms] [LOG] Player X: -0.82 Y: 0.57 Z: 1.85 @ http://localhost:3000/_next/static/chunks/0-ynv9eqilv7x.js:0
[   19041ms] [LOG] Player X: -0.82 Y: 0.57 Z: 1.85 @ http://localhost:3000/_next/static/chunks/0-ynv9eqilv7x.js:0
[   19045ms] [LOG] Player X: -0.82 Y: 0.57 Z: 1.85 @ http://localhost:3000/_next/static/chunks/0-ynv9eqilv7x.js:0
[   19049ms] [LOG] Player X: -0.82 Y: 0.57 Z: 1.85 @ http://localhost:3000/_next/static/chunks/0-ynv9eqilv7x.js:0
[   19052ms] [LOG] Player X: -0.82 Y: 0.57 Z: 1.85 @ http://localhost:3000/_next/static/chunks/0-ynv9eqilv7x.js:0
[   19055ms] [LOG] Player X: -0.82 Y: 0.57 Z: 1.85 @ http://localhost:3000/_next/static/chunks/0-ynv9eqilv7x.js:0
[   19059ms] [LOG] Player X: -0.82 Y: 0.57 Z: 1.85 @ http://localhost:3000/_next/static/chunks/0-ynv9eqilv7x.js:0
[   19062ms] [LOG] Player X: -0.82 Y: 0.57 Z: 1.85 @ http://localhost:3000/_next/static/chunks/0-ynv9eqilv7x.js:0
[   19065ms] [LOG] Player X: -0.87 Y: 0.55 Z: 1.76 @ http://localhost:3000/_next/static/chunks/0-ynv9eqilv7x.js:0
[   19068ms] [LOG] Player X: -0.92 Y: 0.53 Z: 1.67 @ http://localhost:3000/_next/static/chunks/0-ynv9eqilv7x.js:0
[   19071ms] [LOG] Player X: -0.96 Y: 0.51 Z: 1.59 @ http://localhost:3000/_next/static/chunks/0-ynv9eqilv7x.js:0
[   19075ms] [LOG] Player X: -1.02 Y: 0.49 Z: 1.51 @ http://localhost:3000/_next/static/chunks/0-ynv9eqilv7x.js:0
[   19078ms] [LOG] Player X: -1.07 Y: 0.46 Z: 1.42 @ http://localhost:3000/_next/static/chunks/0-ynv9eqilv7x.js:0
[   19081ms] [LOG] Player X: -1.12 Y: 0.44 Z: 1.34 @ http://localhost:3000/_next/static/chunks/0-ynv9eqilv7x.js:0
[   19085ms] [LOG] Player X: -1.18 Y: 0.42 Z: 1.26 @ http://localhost:3000/_next/static/chunks/0-ynv9eqilv7x.js:0
[   19088ms] [LOG] Player X: -1.24 Y: 0.40 Z: 1.18 @ http://localhost:3000/_next/static/chunks/0-ynv9eqilv7x.js:0
[   19091ms] [LOG] Player X: -1.30 Y: 0.38 Z: 1.11 @ http://localhost:3000/_next/static/chunks/0-ynv9eqilv7x.js:0
[   19094ms] [LOG] Player X: -1.36 Y: 0.36 Z: 1.03 @ http://localhost:3000/_next/static/chunks/0-ynv9eqilv7x.js:0
[   19098ms] [LOG] Player X: -1.42 Y: 0.34 Z: 0.96 @ http://localhost:3000/_next/static/chunks/0-ynv9eqilv7x.js:0
[   19101ms] [LOG] Player X: -1.49 Y: 0.31 Z: 0.88 @ http://localhost:3000/_next/static/chunks/0-ynv9eqilv7x.js:0
[   19104ms] [LOG] Player X: -1.55 Y: 0.29 Z: 0.81 @ http://localhost:3000/_next/static/chunks/0-ynv9eqilv7x.js:0
[   19108ms] [LOG] Player X: -1.62 Y: 0.27 Z: 0.74 @ http://localhost:3000/_next/static/chunks/0-ynv9eqilv7x.js:0
[   19111ms] [LOG] Player X: -1.69 Y: 0.25 Z: 0.67 @ http://localhost:3000/_next/static/chunks/0-ynv9eqilv7x.js:0
[   19114ms] [LOG] Player X: -1.76 Y: 0.23 Z: 0.60 @ http://localhost:3000/_next/static/chunks/0-ynv9eqilv7x.js:0
[   19118ms] [LOG] Player X: -1.83 Y: 0.21 Z: 0.54 @ http://localhost:3000/_next/static/chunks/0-ynv9eqilv7x.js:0
[   19121ms] [LOG] Player X: -1.90 Y: 0.19 Z: 0.47 @ http://localhost:3000/_next/static/chunks/0-ynv9eqilv7x.js:0
[   19125ms] [LOG] Player X: -1.98 Y: 0.16 Z: 0.41 @ http://localhost:3000/_next/static/chunks/0-ynv9eqilv7x.js:0
[   19128ms] [LOG] Player X: -2.05 Y: 0.14 Z: 0.35 @ http://localhost:3000/_next/static/chunks/0-ynv9eqilv7x.js:0
[   19131ms] [LOG] Player X: -2.13 Y: 0.12 Z: 0.28 @ http://localhost:3000/_next/static/chunks/0-ynv9eqilv7x.js:0
[   19134ms] [LOG] Player X: -2.21 Y: 0.10 Z: 0.23 @ http://localhost:3000/_next/static/chunks/0-ynv9eqilv7x.js:0
[   19138ms] [LOG] Player X: -2.29 Y: 0.08 Z: 0.17 @ http://localhost:3000/_next/static/chunks/0-ynv9eqilv7x.js:0
[   19141ms] [LOG] Player X: -2.37 Y: 0.06 Z: 0.11 @ http://localhost:3000/_next/static/chunks/0-ynv9eqilv7x.js:0
[   19144ms] [LOG] Player X: -2.45 Y: 0.03 Z: 0.06 @ http://localhost:3000/_next/static/chunks/0-ynv9eqilv7x.js:0
[   19148ms] [LOG] Player X: -2.53 Y: 0.01 Z: 0.01 @ http://localhost:3000/_next/static/chunks/0-ynv9eqilv7x.js:0
[   19151ms] [LOG] Player X: -2.61 Y: -0.01 Z: -0.05 @ http://localhost:3000/_next/static/chunks/0-ynv9eqilv7x.js:0
[   19154ms] [LOG] Player X: -2.70 Y: -0.03 Z: -0.09 @ http://localhost:3000/_next/static/chunks/0-ynv9eqilv7x.js:0
[   19158ms] [LOG] Player X: -2.78 Y: -0.05 Z: -0.14 @ http://localhost:3000/_next/static/chunks/0-ynv9eqilv7x.js:0
[   19161ms] [LOG] Player X: -2.87 Y: -0.07 Z: -0.19 @ http://localhost:3000/_next/static/chunks/0-ynv9eqilv7x.js:0
[   19165ms] [LOG] Player X: -2.95 Y: -0.09 Z: -0.23 @ http://localhost:3000/_next/static/chunks/0-ynv9eqilv7x.js:0
[   19168ms] [LOG] Player X: -3.04 Y: -0.12 Z: -0.28 @ http://localhost:3000/_next/static/chunks/0-ynv9eqilv7x.js:0
[   19171ms] [LOG] Player X: -3.13 Y: -0.14 Z: -0.32 @ http://localhost:3000/_next/static/chunks/0-ynv9eqilv7x.js:0
[   19174ms] [LOG] Player X: -3.22 Y: -0.16 Z: -0.35 @ http://localhost:3000/_next/static/chunks/0-ynv9eqilv7x.js:0
[   19178ms] [LOG] Player X: -3.31 Y: -0.18 Z: -0.39 @ http://localhost:3000/_next/static/chunks/0-ynv9eqilv7x.js:0
[   19181ms] [LOG] Player X: -3.40 Y: -0.20 Z: -0.43 @ http://localhost:3000/_next/static/chunks/0-ynv9eqilv7x.js:0
[   19184ms] [LOG] Player X: -3.49 Y: -0.22 Z: -0.46 @ http://localhost:3000/_next/static/chunks/0-ynv9eqilv7x.js:0
[   19188ms] [LOG] Player X: -3.59 Y: -0.24 Z: -0.49 @ http://localhost:3000/_next/static/chunks/0-ynv9eqilv7x.js:0
[   19191ms] [LOG] Player X: -3.68 Y: -0.27 Z: -0.52 @ http://localhost:3000/_next/static/chunks/0-ynv9eqilv7x.js:0
[   19194ms] [LOG] Player X: -3.77 Y: -0.29 Z: -0.55 @ http://localhost:3000/_next/static/chunks/0-ynv9eqilv7x.js:0
[   19198ms] [LOG] Player X: -3.87 Y: -0.31 Z: -0.58 @ http://localhost:3000/_next/static/chunks/0-ynv9eqilv7x.js:0
[   19201ms] [LOG] Player X: -3.96 Y: -0.33 Z: -0.60 @ http://localhost:3000/_next/static/chunks/0-ynv9eqilv7x.js:0
[   19205ms] [LOG] Player X: -4.06 Y: -0.35 Z: -0.62 @ http://localhost:3000/_next/static/chunks/0-ynv9eqilv7x.js:0
[   19208ms] [LOG] Player X: -4.15 Y: -0.37 Z: -0.64 @ http://localhost:3000/_next/static/chunks/0-ynv9eqilv7x.js:0
[   19211ms] [LOG] Player X: -4.25 Y: -0.40 Z: -0.66 @ http://localhost:3000/_next/static/chunks/0-ynv9eqilv7x.js:0
[   19214ms] [LOG] Player X: -4.34 Y: -0.42 Z: -0.68 @ http://localhost:3000/_next/static/chunks/0-ynv9eqilv7x.js:0
[   19218ms] [LOG] Player X: -4.44 Y: -0.44 Z: -0.69 @ http://localhost:3000/_next/static/chunks/0-ynv9eqilv7x.js:0
[   19221ms] [LOG] Player X: -4.54 Y: -0.46 Z: -0.71 @ http://localhost:3000/_next/static/chunks/0-ynv9eqilv7x.js:0
[   19225ms] [LOG] Player X: -4.63 Y: -0.48 Z: -0.72 @ http://localhost:3000/_next/static/chunks/0-ynv9eqilv7x.js:0
[   19229ms] [LOG] Player X: -4.73 Y: -0.50 Z: -0.73 @ http://localhost:3000/_next/static/chunks/0-ynv9eqilv7x.js:0
[   19232ms] [LOG] Player X: -4.83 Y: -0.52 Z: -0.74 @ http://localhost:3000/_next/static/chunks/0-ynv9eqilv7x.js:0
[   19235ms] [LOG] Player X: -4.93 Y: -0.55 Z: -0.75 @ http://localhost:3000/_next/static/chunks/0-ynv9eqilv7x.js:0
[   19238ms] [LOG] Player X: -5.02 Y: -0.57 Z: -0.75 @ http://localhost:3000/_next/static/chunks/0-ynv9eqilv7x.js:0
[   19241ms] [LOG] Player X: -5.12 Y: -0.59 Z: -0.76 @ http://localhost:3000/_next/static/chunks/0-ynv9eqilv7x.js:0
[   19245ms] [LOG] Player X: -5.22 Y: -0.61 Z: -0.76 @ http://localhost:3000/_next/static/chunks/0-ynv9eqilv7x.js:0
[   19248ms] [LOG] Player X: -5.32 Y: -0.63 Z: -0.76 @ http://localhost:3000/_next/static/chunks/0-ynv9eqilv7x.js:0
[   19251ms] [LOG] Player X: -5.41 Y: -0.65 Z: -0.76 @ http://localhost:3000/_next/static/chunks/0-ynv9eqilv7x.js:0
[   19255ms] [LOG] Player X: -5.51 Y: -0.67 Z: -0.76 @ http://localhost:3000/_next/static/chunks/0-ynv9eqilv7x.js:0
[   19259ms] [LOG] Player X: -5.61 Y: -0.69 Z: -0.75 @ http://localhost:3000/_next/static/chunks/0-ynv9eqilv7x.js:0
[   19262ms] [LOG] Player X: -5.71 Y: -0.71 Z: -0.75 @ http://localhost:3000/_next/static/chunks/0-ynv9eqilv7x.js:0
[   19265ms] [LOG] Player X: -5.81 Y: -0.73 Z: -0.74 @ http://localhost:3000/_next/static/chunks/0-ynv9eqilv7x.js:0
[   19268ms] [LOG] Player X: -5.90 Y: -0.75 Z: -0.73 @ http://localhost:3000/_next/static/chunks/0-ynv9eqilv7x.js:0
[   19272ms] [LOG] Player X: -6.00 Y: -0.77 Z: -0.72 @ http://localhost:3000/_next/static/chunks/0-ynv9eqilv7x.js:0
[   19275ms] [LOG] Player X: -6.10 Y: -0.79 Z: -0.71 @ http://localhost:3000/_next/static/chunks/0-ynv9eqilv7x.js:0
[   19278ms] [LOG] Player X: -6.20 Y: -0.81 Z: -0.70 @ http://localhost:3000/_next/static/chunks/0-ynv9eqilv7x.js:0
[   19281ms] [LOG] Player X: -6.29 Y: -0.83 Z: -0.69 @ http://localhost:3000/_next/static/chunks/0-ynv9eqilv7x.js:0
[   19285ms] [LOG] Player X: -6.39 Y: -0.85 Z: -0.68 @ http://localhost:3000/_next/static/chunks/0-ynv9eqilv7x.js:0
[   19288ms] [LOG] Player X: -6.49 Y: -0.87 Z: -0.66 @ http://localhost:3000/_next/static/chunks/0-ynv9eqilv7x.js:0
[   19291ms] [LOG] Player X: -6.58 Y: -0.89 Z: -0.65 @ http://localhost:3000/_next/static/chunks/0-ynv9eqilv7x.js:0
[   19295ms] [LOG] Player X: -6.68 Y: -0.91 Z: -0.63 @ http://localhost:3000/_next/static/chunks/0-ynv9eqilv7x.js:0
[   19298ms] [LOG] Player X: -6.78 Y: -0.93 Z: -0.62 @ http://localhost:3000/_next/static/chunks/0-ynv9eqilv7x.js:0
[   19301ms] [LOG] Player X: -6.88 Y: -0.94 Z: -0.60 @ http://localhost:3000/_next/static/chunks/0-ynv9eqilv7x.js:0
[   19304ms] [LOG] Player X: -6.97 Y: -0.96 Z: -0.58 @ http://localhost:3000/_next/static/chunks/0-ynv9eqilv7x.js:0
[   19308ms] [LOG] Player X: -7.07 Y: -0.98 Z: -0.57 @ http://localhost:3000/_next/static/chunks/0-ynv9eqilv7x.js:0
[   19311ms] [LOG] Player X: -7.17 Y: -1.00 Z: -0.55 @ http://localhost:3000/_next/static/chunks/0-ynv9eqilv7x.js:0
[   19315ms] [LOG] Player X: -7.26 Y: -1.01 Z: -0.53 @ http://localhost:3000/_next/static/chunks/0-ynv9eqilv7x.js:0
[   19319ms] [LOG] Player X: -7.36 Y: -1.03 Z: -0.51 @ http://localhost:3000/_next/static/chunks/0-ynv9eqilv7x.js:0
[   19321ms] [LOG] Player X: -7.46 Y: -1.05 Z: -0.49 @ http://localhost:3000/_next/static/chunks/0-ynv9eqilv7x.js:0
[   19325ms] [LOG] Player X: -7.55 Y: -1.06 Z: -0.47 @ http://localhost:3000/_next/static/chunks/0-ynv9eqilv7x.js:0
[   19328ms] [LOG] Player X: -7.65 Y: -1.08 Z: -0.45 @ http://localhost:3000/_next/static/chunks/0-ynv9eqilv7x.js:0
[   19331ms] [LOG] Player X: -7.75 Y: -1.09 Z: -0.43 @ http://localhost:3000/_next/static/chunks/0-ynv9eqilv7x.js:0
[   19335ms] [LOG] Player X: -7.84 Y: -1.11 Z: -0.41 @ http://localhost:3000/_next/static/chunks/0-ynv9eqilv7x.js:0
[   19338ms] [LOG] Player X: -7.94 Y: -1.13 Z: -0.39 @ http://localhost:3000/_next/static/chunks/0-ynv9eqilv7x.js:0
[   19341ms] [LOG] Player X: -8.04 Y: -1.14 Z: -0.37 @ http://localhost:3000/_next/static/chunks/0-ynv9eqilv7x.js:0
[   19345ms] [LOG] Player X: -8.13 Y: -1.16 Z: -0.35 @ http://localhost:3000/_next/static/chunks/0-ynv9eqilv7x.js:0
[   19349ms] [LOG] Player X: -8.23 Y: -1.17 Z: -0.34 @ http://localhost:3000/_next/static/chunks/0-ynv9eqilv7x.js:0
[   19352ms] [LOG] Player X: -8.33 Y: -1.19 Z: -0.32 @ http://localhost:3000/_next/static/chunks/0-ynv9eqilv7x.js:0
[   19354ms] [LOG] Player X: -8.42 Y: -1.20 Z: -0.30 @ http://localhost:3000/_next/static/chunks/0-ynv9eqilv7x.js:0
[   19358ms] [LOG] Player X: -8.52 Y: -1.22 Z: -0.28 @ http://localhost:3000/_next/static/chunks/0-ynv9eqilv7x.js:0
[   19361ms] [LOG] Player X: -8.62 Y: -1.23 Z: -0.26 @ http://localhost:3000/_next/static/chunks/0-ynv9eqilv7x.js:0
[   19365ms] [LOG] Player X: -8.72 Y: -1.25 Z: -0.24 @ http://localhost:3000/_next/static/chunks/0-ynv9eqilv7x.js:0
[   19368ms] [LOG] Player X: -8.81 Y: -1.26 Z: -0.21 @ http://localhost:3000/_next/static/chunks/0-ynv9eqilv7x.js:0
[   19371ms] [LOG] Player X: -8.91 Y: -1.28 Z: -0.19 @ http://localhost:3000/_next/static/chunks/0-ynv9eqilv7x.js:0
[   19374ms] [LOG] Player X: -9.00 Y: -1.29 Z: -0.17 @ http://localhost:3000/_next/static/chunks/0-ynv9eqilv7x.js:0
[   19379ms] [LOG] Player X: -9.10 Y: -1.31 Z: -0.15 @ http://localhost:3000/_next/static/chunks/0-ynv9eqilv7x.js:0
[   19382ms] [LOG] Player X: -9.20 Y: -1.32 Z: -0.13 @ http://localhost:3000/_next/static/chunks/0-ynv9eqilv7x.js:0
[   19385ms] [LOG] Player X: -9.29 Y: -1.34 Z: -0.10 @ http://localhost:3000/_next/static/chunks/0-ynv9eqilv7x.js:0
[   19388ms] [LOG] Player X: -9.39 Y: -1.35 Z: -0.08 @ http://localhost:3000/_next/static/chunks/0-ynv9eqilv7x.js:0
[   19391ms] [LOG] Player X: -9.44 Y: -1.33 Z: -0.16 @ http://localhost:3000/_next/static/chunks/0-ynv9eqilv7x.js:0
[   19443ms] [LOG] Player X: -9.48 Y: -1.31 Z: -0.25 @ http://localhost:3000/_next/static/chunks/0-ynv9eqilv7x.js:0
[   19445ms] [LOG] Player X: -9.48 Y: -1.31 Z: -0.25 @ http://localhost:3000/_next/static/chunks/0-ynv9eqilv7x.js:0
[   19449ms] [LOG] Player X: -9.48 Y: -1.31 Z: -0.25 @ http://localhost:3000/_next/static/chunks/0-ynv9eqilv7x.js:0
[   19458ms] [LOG] Player X: -9.48 Y: -1.31 Z: -0.25 @ http://localhost:3000/_next/static/chunks/0-ynv9eqilv7x.js:0
[   19461ms] [LOG] Player X: -9.48 Y: -1.31 Z: -0.25 @ http://localhost:3000/_next/static/chunks/0-ynv9eqilv7x.js:0
[   19465ms] [LOG] Player X: -9.48 Y: -1.31 Z: -0.25 @ http://localhost:3000/_next/static/chunks/0-ynv9eqilv7x.js:0
[   19468ms] [LOG] Player X: -9.48 Y: -1.31 Z: -0.25 @ http://localhost:3000/_next/static/chunks/0-ynv9eqilv7x.js:0
[   19471ms] [LOG] Player X: -9.48 Y: -1.31 Z: -0.25 @ http://localhost:3000/_next/static/chunks/0-ynv9eqilv7x.js:0
[   19475ms] [LOG] Player X: -9.48 Y: -1.31 Z: -0.25 @ http://localhost:3000/_next/static/chunks/0-ynv9eqilv7x.js:0
[   19478ms] [LOG] Player X: -9.48 Y: -1.31 Z: -0.25 @ http://localhost:3000/_next/static/chunks/0-ynv9eqilv7x.js:0
[   19481ms] [LOG] Player X: -9.48 Y: -1.31 Z: -0.25 @ http://localhost:3000/_next/static/chunks/0-ynv9eqilv7x.js:0
[   19485ms] [LOG] Player X: -9.48 Y: -1.31 Z: -0.25 @ http://localhost:3000/_next/static/chunks/0-ynv9eqilv7x.js:0
[   19488ms] [LOG] Player X: -9.48 Y: -1.31 Z: -0.25 @ http://localhost:3000/_next/static/chunks/0-ynv9eqilv7x.js:0
[   19491ms] [LOG] Player X: -9.48 Y: -1.31 Z: -0.25 @ http://localhost:3000/_next/static/chunks/0-ynv9eqilv7x.js:0
[   19494ms] [LOG] Player X: -9.48 Y: -1.31 Z: -0.25 @ http://localhost:3000/_next/static/chunks/0-ynv9eqilv7x.js:0
[   19498ms] [LOG] Player X: -9.48 Y: -1.31 Z: -0.25 @ http://localhost:3000/_next/static/chunks/0-ynv9eqilv7x.js:0
[   19501ms] [LOG] Player X: -9.48 Y: -1.31 Z: -0.25 @ http://localhost:3000/_next/static/chunks/0-ynv9eqilv7x.js:0
[   19505ms] [LOG] Player X: -9.48 Y: -1.31 Z: -0.25 @ http://localhost:3000/_next/static/chunks/0-ynv9eqilv7x.js:0
[   19508ms] [LOG] Player X: -9.48 Y: -1.31 Z: -0.25 @ http://localhost:3000/_next/static/chunks/0-ynv9eqilv7x.js:0
[   19511ms] [LOG] Player X: -9.48 Y: -1.31 Z: -0.25 @ http://localhost:3000/_next/static/chunks/0-ynv9eqilv7x.js:0
[   19515ms] [LOG] Player X: -9.48 Y: -1.31 Z: -0.25 @ http://localhost:3000/_next/static/chunks/0-ynv9eqilv7x.js:0
[   19518ms] [LOG] Player X: -9.48 Y: -1.31 Z: -0.25 @ http://localhost:3000/_next/static/chunks/0-ynv9eqilv7x.js:0
[   19521ms] [LOG] Player X: -9.48 Y: -1.31 Z: -0.25 @ http://localhost:3000/_next/static/chunks/0-ynv9eqilv7x.js:0
[   19525ms] [LOG] Player X: -9.48 Y: -1.31 Z: -0.25 @ http://localhost:3000/_next/static/chunks/0-ynv9eqilv7x.js:0
[   19528ms] [LOG] Player X: -9.48 Y: -1.31 Z: -0.25 @ http://localhost:3000/_next/static/chunks/0-ynv9eqilv7x.js:0
[   19531ms] [LOG] Player X: -9.48 Y: -1.31 Z: -0.25 @ http://localhost:3000/_next/static/chunks/0-ynv9eqilv7x.js:0
[   19535ms] [LOG] Player X: -9.48 Y: -1.31 Z: -0.25 @ http://localhost:3000/_next/static/chunks/0-ynv9eqilv7x.js:0
[   19538ms] [LOG] Player X: -9.48 Y: -1.31 Z: -0.25 @ http://localhost:3000/_next/static/chunks/0-ynv9eqilv7x.js:0
[   19541ms] [LOG] Player X: -9.48 Y: -1.31 Z: -0.25 @ http://localhost:3000/_next/static/chunks/0-ynv9eqilv7x.js:0
[   19545ms] [LOG] Player X: -9.48 Y: -1.31 Z: -0.25 @ http://localhost:3000/_next/static/chunks/0-ynv9eqilv7x.js:0
[   19548ms] [LOG] Player X: -9.48 Y: -1.31 Z: -0.25 @ http://localhost:3000/_next/static/chunks/0-ynv9eqilv7x.js:0
[   19551ms] [LOG] Player X: -9.48 Y: -1.31 Z: -0.25 @ http://localhost:3000/_next/static/chunks/0-ynv9eqilv7x.js:0
[   19555ms] [LOG] Player X: -9.48 Y: -1.31 Z: -0.25 @ http://localhost:3000/_next/static/chunks/0-ynv9eqilv7x.js:0
[   19558ms] [LOG] Player X: -9.48 Y: -1.31 Z: -0.25 @ http://localhost:3000/_next/static/chunks/0-ynv9eqilv7x.js:0
[   19562ms] [LOG] Player X: -9.48 Y: -1.31 Z: -0.25 @ http://localhost:3000/_next/static/chunks/0-ynv9eqilv7x.js:0
[   19565ms] [LOG] Player X: -9.48 Y: -1.31 Z: -0.25 @ http://localhost:3000/_next/static/chunks/0-ynv9eqilv7x.js:0
[   19568ms] [LOG] Player X: -9.48 Y: -1.31 Z: -0.25 @ http://localhost:3000/_next/static/chunks/0-ynv9eqilv7x.js:0
[   19571ms] [LOG] Player X: -9.48 Y: -1.31 Z: -0.25 @ http://localhost:3000/_next/static/chunks/0-ynv9eqilv7x.js:0
[   19575ms] [LOG] Player X: -9.48 Y: -1.31 Z: -0.25 @ http://localhost:3000/_next/static/chunks/0-ynv9eqilv7x.js:0
[   19578ms] [LOG] Player X: -9.48 Y: -1.31 Z: -0.25 @ http://localhost:3000/_next/static/chunks/0-ynv9eqilv7x.js:0
[   19582ms] [LOG] Player X: -9.48 Y: -1.31 Z: -0.25 @ http://localhost:3000/_next/static/chunks/0-ynv9eqilv7x.js:0
[   19584ms] [LOG] Player X: -9.48 Y: -1.31 Z: -0.25 @ http://localhost:3000/_next/static/chunks/0-ynv9eqilv7x.js:0
[   19588ms] [LOG] Player X: -9.48 Y: -1.31 Z: -0.25 @ http://localhost:3000/_next/static/chunks/0-ynv9eqilv7x.js:0
[   19591ms] [LOG] Player X: -9.48 Y: -1.31 Z: -0.25 @ http://localhost:3000/_next/static/chunks/0-ynv9eqilv7x.js:0
[   19594ms] [LOG] Player X: -9.48 Y: -1.31 Z: -0.25 @ http://localhost:3000/_next/static/chunks/0-ynv9eqilv7x.js:0
[   19598ms] [LOG] Player X: -9.48 Y: -1.31 Z: -0.25 @ http://localhost:3000/_next/static/chunks/0-ynv9eqilv7x.js:0
[   19601ms] [LOG] Player X: -9.48 Y: -1.31 Z: -0.25 @ http://localhost:3000/_next/static/chunks/0-ynv9eqilv7x.js:0
[   19605ms] [LOG] Player X: -9.48 Y: -1.31 Z: -0.25 @ http://localhost:3000/_next/static/chunks/0-ynv9eqilv7x.js:0
[   19608ms] [LOG] Player X: -9.48 Y: -1.31 Z: -0.25 @ http://localhost:3000/_next/static/chunks/0-ynv9eqilv7x.js:0
[   19611ms] [LOG] Player X: -9.48 Y: -1.31 Z: -0.25 @ http://localhost:3000/_next/static/chunks/0-ynv9eqilv7x.js:0
[   19614ms] [LOG] Player X: -9.48 Y: -1.31 Z: -0.25 @ http://localhost:3000/_next/static/chunks/0-ynv9eqilv7x.js:0
[   19618ms] [LOG] Player X: -9.48 Y: -1.31 Z: -0.25 @ http://localhost:3000/_next/static/chunks/0-ynv9eqilv7x.js:0
[   19621ms] [LOG] Player X: -9.48 Y: -1.31 Z: -0.25 @ http://localhost:3000/_next/static/chunks/0-ynv9eqilv7x.js:0
[   19625ms] [LOG] Player X: -9.48 Y: -1.31 Z: -0.25 @ http://localhost:3000/_next/static/chunks/0-ynv9eqilv7x.js:0
[   19628ms] [LOG] Player X: -9.48 Y: -1.31 Z: -0.25 @ http://localhost:3000/_next/static/chunks/0-ynv9eqilv7x.js:0
[   19631ms] [LOG] Player X: -9.48 Y: -1.31 Z: -0.25 @ http://localhost:3000/_next/static/chunks/0-ynv9eqilv7x.js:0
[   19635ms] [LOG] Player X: -9.48 Y: -1.31 Z: -0.25 @ http://localhost:3000/_next/static/chunks/0-ynv9eqilv7x.js:0
[   19638ms] [LOG] Player X: -9.48 Y: -1.31 Z: -0.25 @ http://localhost:3000/_next/static/chunks/0-ynv9eqilv7x.js:0
[   19641ms] [LOG] Player X: -9.48 Y: -1.31 Z: -0.25 @ http://localhost:3000/_next/static/chunks/0-ynv9eqilv7x.js:0
[   19645ms] [LOG] Player X: -9.48 Y: -1.31 Z: -0.25 @ http://localhost:3000/_next/static/chunks/0-ynv9eqilv7x.js:0
[   19648ms] [LOG] Player X: -9.48 Y: -1.31 Z: -0.25 @ http://localhost:3000/_next/static/chunks/0-ynv9eqilv7x.js:0
[   19651ms] [LOG] Player X: -9.48 Y: -1.31 Z: -0.25 @ http://localhost:3000/_next/static/chunks/0-ynv9eqilv7x.js:0
[   19655ms] [LOG] Player X: -9.48 Y: -1.31 Z: -0.25 @ http://localhost:3000/_next/static/chunks/0-ynv9eqilv7x.js:0
[   19658ms] [LOG] Player X: -9.48 Y: -1.31 Z: -0.25 @ http://localhost:3000/_next/static/chunks/0-ynv9eqilv7x.js:0
[   19661ms] [LOG] Player X: -9.48 Y: -1.31 Z: -0.25 @ http://localhost:3000/_next/static/chunks/0-ynv9eqilv7x.js:0
[   19665ms] [LOG] Player X: -9.48 Y: -1.31 Z: -0.25 @ http://localhost:3000/_next/static/chunks/0-ynv9eqilv7x.js:0
[   19668ms] [LOG] Player X: -9.48 Y: -1.31 Z: -0.25 @ http://localhost:3000/_next/static/chunks/0-ynv9eqilv7x.js:0
[   19672ms] [LOG] Player X: -9.48 Y: -1.31 Z: -0.25 @ http://localhost:3000/_next/static/chunks/0-ynv9eqilv7x.js:0
[   19675ms] [LOG] Player X: -9.48 Y: -1.31 Z: -0.25 @ http://localhost:3000/_next/static/chunks/0-ynv9eqilv7x.js:0
[   19678ms] [LOG] Player X: -9.48 Y: -1.31 Z: -0.25 @ http://localhost:3000/_next/static/chunks/0-ynv9eqilv7x.js:0
[   19681ms] [LOG] Player X: -9.48 Y: -1.31 Z: -0.25 @ http://localhost:3000/_next/static/chunks/0-ynv9eqilv7x.js:0
[   19684ms] [LOG] Player X: -9.48 Y: -1.31 Z: -0.25 @ http://localhost:3000/_next/static/chunks/0-ynv9eqilv7x.js:0
[   19688ms] [LOG] Player X: -9.48 Y: -1.31 Z: -0.25 @ http://localhost:3000/_next/static/chunks/0-ynv9eqilv7x.js:0
[   19691ms] [LOG] Player X: -9.48 Y: -1.31 Z: -0.25 @ http://localhost:3000/_next/static/chunks/0-ynv9eqilv7x.js:0
[   19695ms] [LOG] Player X: -9.48 Y: -1.31 Z: -0.25 @ http://localhost:3000/_next/static/chunks/0-ynv9eqilv7x.js:0
[   19698ms] [LOG] Player X: -9.48 Y: -1.31 Z: -0.25 @ http://localhost:3000/_next/static/chunks/0-ynv9eqilv7x.js:0
[   19701ms] [LOG] Player X: -9.48 Y: -1.31 Z: -0.25 @ http://localhost:3000/_next/static/chunks/0-ynv9eqilv7x.js:0
[   19705ms] [LOG] Player X: -9.48 Y: -1.31 Z: -0.25 @ http://localhost:3000/_next/static/chunks/0-ynv9eqilv7x.js:0
[   19708ms] [LOG] Player X: -9.48 Y: -1.31 Z: -0.25 @ http://localhost:3000/_next/static/chunks/0-ynv9eqilv7x.js:0
[   19711ms] [LOG] Player X: -9.48 Y: -1.31 Z: -0.25 @ http://localhost:3000/_next/static/chunks/0-ynv9eqilv7x.js:0
[   19714ms] [LOG] Player X: -9.48 Y: -1.31 Z: -0.25 @ http://localhost:3000/_next/static/chunks/0-ynv9eqilv7x.js:0
[   19718ms] [LOG] Player X: -9.48 Y: -1.31 Z: -0.25 @ http://localhost:3000/_next/static/chunks/0-ynv9eqilv7x.js:0
[   19721ms] [LOG] Player X: -9.48 Y: -1.31 Z: -0.25 @ http://localhost:3000/_next/static/chunks/0-ynv9eqilv7x.js:0
[   19724ms] [LOG] Player X: -9.48 Y: -1.31 Z: -0.25 @ http://localhost:3000/_next/static/chunks/0-ynv9eqilv7x.js:0
[   19728ms] [LOG] Player X: -9.48 Y: -1.31 Z: -0.25 @ http://localhost:3000/_next/static/chunks/0-ynv9eqilv7x.js:0
[   19731ms] [LOG] Player X: -9.48 Y: -1.31 Z: -0.25 @ http://localhost:3000/_next/static/chunks/0-ynv9eqilv7x.js:0
[   19735ms] [LOG] Player X: -9.48 Y: -1.31 Z: -0.25 @ http://localhost:3000/_next/static/chunks/0-ynv9eqilv7x.js:0
[   19738ms] [LOG] Player X: -9.48 Y: -1.31 Z: -0.25 @ http://localhost:3000/_next/static/chunks/0-ynv9eqilv7x.js:0
[   19741ms] [LOG] Player X: -9.48 Y: -1.31 Z: -0.25 @ http://localhost:3000/_next/static/chunks/0-ynv9eqilv7x.js:0
[   19744ms] [LOG] Player X: -9.48 Y: -1.31 Z: -0.25 @ http://localhost:3000/_next/static/chunks/0-ynv9eqilv7x.js:0
[   19748ms] [LOG] Player X: -9.48 Y: -1.31 Z: -0.25 @ http://localhost:3000/_next/static/chunks/0-ynv9eqilv7x.js:0
[   19751ms] [LOG] Player X: -9.48 Y: -1.31 Z: -0.25 @ http://localhost:3000/_next/static/chunks/0-ynv9eqilv7x.js:0
[   19754ms] [LOG] Player X: -9.48 Y: -1.31 Z: -0.25 @ http://localhost:3000/_next/static/chunks/0-ynv9eqilv7x.js:0
[   19758ms] [LOG] Player X: -9.48 Y: -1.31 Z: -0.25 @ http://localhost:3000/_next/static/chunks/0-ynv9eqilv7x.js:0
[   19761ms] [LOG] Player X: -9.48 Y: -1.31 Z: -0.25 @ http://localhost:3000/_next/static/chunks/0-ynv9eqilv7x.js:0
[   19764ms] [LOG] Player X: -9.48 Y: -1.31 Z: -0.25 @ http://localhost:3000/_next/static/chunks/0-ynv9eqilv7x.js:0
[   19768ms] [LOG] Player X: -9.48 Y: -1.31 Z: -0.25 @ http://localhost:3000/_next/static/chunks/0-ynv9eqilv7x.js:0
[   19771ms] [LOG] Player X: -9.49 Y: -1.33 Z: -0.16 @ http://localhost:3000/_next/static/chunks/0-ynv9eqilv7x.js:0
[   19774ms] [LOG] Player X: -9.51 Y: -1.35 Z: -0.06 @ http://localhost:3000/_next/static/chunks/0-ynv9eqilv7x.js:0
[   19778ms] [LOG] Player X: -9.52 Y: -1.37 Z: 0.04 @ http://localhost:3000/_next/static/chunks/0-ynv9eqilv7x.js:0
[   19781ms] [LOG] Player X: -9.54 Y: -1.39 Z: 0.13 @ http://localhost:3000/_next/static/chunks/0-ynv9eqilv7x.js:0
[   19784ms] [LOG] Player X: -9.55 Y: -1.41 Z: 0.23 @ http://localhost:3000/_next/static/chunks/0-ynv9eqilv7x.js:0
[   19788ms] [LOG] Player X: -9.57 Y: -1.43 Z: 0.33 @ http://localhost:3000/_next/static/chunks/0-ynv9eqilv7x.js:0
[   19791ms] [LOG] Player X: -9.59 Y: -1.45 Z: 0.42 @ http://localhost:3000/_next/static/chunks/0-ynv9eqilv7x.js:0
[   19795ms] [LOG] Player X: -9.60 Y: -1.47 Z: 0.52 @ http://localhost:3000/_next/static/chunks/0-ynv9eqilv7x.js:0
[   19798ms] [LOG] Player X: -9.62 Y: -1.49 Z: 0.62 @ http://localhost:3000/_next/static/chunks/0-ynv9eqilv7x.js:0
[   19801ms] [LOG] Player X: -9.64 Y: -1.51 Z: 0.71 @ http://localhost:3000/_next/static/chunks/0-ynv9eqilv7x.js:0
[   19805ms] [LOG] Player X: -9.66 Y: -1.53 Z: 0.81 @ http://localhost:3000/_next/static/chunks/0-ynv9eqilv7x.js:0
[   19808ms] [LOG] Player X: -9.68 Y: -1.56 Z: 0.90 @ http://localhost:3000/_next/static/chunks/0-ynv9eqilv7x.js:0
[   19812ms] [LOG] Player X: -9.70 Y: -1.58 Z: 1.00 @ http://localhost:3000/_next/static/chunks/0-ynv9eqilv7x.js:0
[   19816ms] [LOG] Player X: -9.71 Y: -1.60 Z: 1.10 @ http://localhost:3000/_next/static/chunks/0-ynv9eqilv7x.js:0
[   19818ms] [LOG] Player X: -9.73 Y: -1.62 Z: 1.19 @ http://localhost:3000/_next/static/chunks/0-ynv9eqilv7x.js:0
[   19821ms] [LOG] Player X: -9.75 Y: -1.64 Z: 1.29 @ http://localhost:3000/_next/static/chunks/0-ynv9eqilv7x.js:0
[   19825ms] [LOG] Player X: -9.77 Y: -1.66 Z: 1.38 @ http://localhost:3000/_next/static/chunks/0-ynv9eqilv7x.js:0
[   19828ms] [LOG] Player X: -9.79 Y: -1.68 Z: 1.48 @ http://localhost:3000/_next/static/chunks/0-ynv9eqilv7x.js:0
[   19831ms] [LOG] Player X: -9.82 Y: -1.71 Z: 1.57 @ http://localhost:3000/_next/static/chunks/0-ynv9eqilv7x.js:0
[   19834ms] [LOG] Player X: -9.84 Y: -1.73 Z: 1.67 @ http://localhost:3000/_next/static/chunks/0-ynv9eqilv7x.js:0
[   19838ms] [LOG] Player X: -9.86 Y: -1.75 Z: 1.76 @ http://localhost:3000/_next/static/chunks/0-ynv9eqilv7x.js:0
[   19841ms] [LOG] Player X: -9.88 Y: -1.77 Z: 1.86 @ http://localhost:3000/_next/static/chunks/0-ynv9eqilv7x.js:0
[   19844ms] [LOG] Player X: -9.90 Y: -1.80 Z: 1.95 @ http://localhost:3000/_next/static/chunks/0-ynv9eqilv7x.js:0
[   19848ms] [LOG] Player X: -9.92 Y: -1.82 Z: 2.05 @ http://localhost:3000/_next/static/chunks/0-ynv9eqilv7x.js:0
[   19851ms] [LOG] Player X: -9.95 Y: -1.84 Z: 2.14 @ http://localhost:3000/_next/static/chunks/0-ynv9eqilv7x.js:0
[   19855ms] [LOG] Player X: -9.97 Y: -1.86 Z: 2.24 @ http://localhost:3000/_next/static/chunks/0-ynv9eqilv7x.js:0
[   19858ms] [LOG] Player X: -9.99 Y: -1.89 Z: 2.33 @ http://localhost:3000/_next/static/chunks/0-ynv9eqilv7x.js:0
[   19861ms] [LOG] Player X: -10.01 Y: -1.91 Z: 2.43 @ http://localhost:3000/_next/static/chunks/0-ynv9eqilv7x.js:0
[   19864ms] [LOG] Player X: -10.04 Y: -1.93 Z: 2.52 @ http://localhost:3000/_next/static/chunks/0-ynv9eqilv7x.js:0
[   19868ms] [LOG] Player X: -10.06 Y: -1.96 Z: 2.62 @ http://localhost:3000/_next/static/chunks/0-ynv9eqilv7x.js:0
[   19871ms] [LOG] Player X: -10.08 Y: -1.98 Z: 2.71 @ http://localhost:3000/_next/static/chunks/0-ynv9eqilv7x.js:0
[   19874ms] [LOG] Player X: -10.11 Y: -2.01 Z: 2.80 @ http://localhost:3000/_next/static/chunks/0-ynv9eqilv7x.js:0
[   19878ms] [LOG] Player X: -10.13 Y: -2.03 Z: 2.90 @ http://localhost:3000/_next/static/chunks/0-ynv9eqilv7x.js:0
[   19881ms] [LOG] Player X: -10.16 Y: -2.05 Z: 2.99 @ http://localhost:3000/_next/static/chunks/0-ynv9eqilv7x.js:0
[   19885ms] [LOG] Player X: -10.18 Y: -2.08 Z: 3.09 @ http://localhost:3000/_next/static/chunks/0-ynv9eqilv7x.js:0
[   19889ms] [LOG] Player X: -10.21 Y: -2.10 Z: 3.18 @ http://localhost:3000/_next/static/chunks/0-ynv9eqilv7x.js:0
[   19892ms] [LOG] Player X: -10.23 Y: -2.13 Z: 3.27 @ http://localhost:3000/_next/static/chunks/0-ynv9eqilv7x.js:0
[   19895ms] [LOG] Player X: -10.26 Y: -2.15 Z: 3.37 @ http://localhost:3000/_next/static/chunks/0-ynv9eqilv7x.js:0
[   19898ms] [LOG] Player X: -10.28 Y: -2.17 Z: 3.46 @ http://localhost:3000/_next/static/chunks/0-ynv9eqilv7x.js:0
[   19901ms] [LOG] Player X: -10.31 Y: -2.20 Z: 3.55 @ http://localhost:3000/_next/static/chunks/0-ynv9eqilv7x.js:0
[   19904ms] [LOG] Player X: -10.33 Y: -2.22 Z: 3.65 @ http://localhost:3000/_next/static/chunks/0-ynv9eqilv7x.js:0
[   19908ms] [LOG] Player X: -10.36 Y: -2.25 Z: 3.74 @ http://localhost:3000/_next/static/chunks/0-ynv9eqilv7x.js:0
[   19911ms] [LOG] Player X: -10.38 Y: -2.27 Z: 3.83 @ http://localhost:3000/_next/static/chunks/0-ynv9eqilv7x.js:0
[   19914ms] [LOG] Player X: -10.41 Y: -2.30 Z: 3.93 @ http://localhost:3000/_next/static/chunks/0-ynv9eqilv7x.js:0
[   19918ms] [LOG] Player X: -10.44 Y: -2.32 Z: 4.02 @ http://localhost:3000/_next/static/chunks/0-ynv9eqilv7x.js:0
[   19921ms] [LOG] Player X: -10.46 Y: -2.35 Z: 4.11 @ http://localhost:3000/_next/static/chunks/0-ynv9eqilv7x.js:0
[   19925ms] [LOG] Player X: -10.49 Y: -2.37 Z: 4.21 @ http://localhost:3000/_next/static/chunks/0-ynv9eqilv7x.js:0
[   19928ms] [LOG] Player X: -10.51 Y: -2.40 Z: 4.30 @ http://localhost:3000/_next/static/chunks/0-ynv9eqilv7x.js:0
[   19931ms] [LOG] Player X: -10.54 Y: -2.42 Z: 4.39 @ http://localhost:3000/_next/static/chunks/0-ynv9eqilv7x.js:0
[   19934ms] [LOG] Player X: -10.57 Y: -2.44 Z: 4.49 @ http://localhost:3000/_next/static/chunks/0-ynv9eqilv7x.js:0
[   19938ms] [LOG] Player X: -10.59 Y: -2.47 Z: 4.58 @ http://localhost:3000/_next/static/chunks/0-ynv9eqilv7x.js:0
[   19941ms] [LOG] Player X: -10.62 Y: -2.49 Z: 4.67 @ http://localhost:3000/_next/static/chunks/0-ynv9eqilv7x.js:0
[   19945ms] [LOG] Player X: -10.65 Y: -2.52 Z: 4.77 @ http://localhost:3000/_next/static/chunks/0-ynv9eqilv7x.js:0
[   19948ms] [LOG] Player X: -10.67 Y: -2.54 Z: 4.86 @ http://localhost:3000/_next/static/chunks/0-ynv9eqilv7x.js:0
[   19951ms] [LOG] Player X: -10.70 Y: -2.57 Z: 4.95 @ http://localhost:3000/_next/static/chunks/0-ynv9eqilv7x.js:0
[   19954ms] [LOG] Player X: -10.72 Y: -2.59 Z: 5.05 @ http://localhost:3000/_next/static/chunks/0-ynv9eqilv7x.js:0
[   19958ms] [LOG] Player X: -10.75 Y: -2.62 Z: 5.14 @ http://localhost:3000/_next/static/chunks/0-ynv9eqilv7x.js:0
[   19961ms] [LOG] Player X: -10.78 Y: -2.64 Z: 5.23 @ http://localhost:3000/_next/static/chunks/0-ynv9eqilv7x.js:0
[   19965ms] [LOG] Player X: -10.80 Y: -2.67 Z: 5.33 @ http://localhost:3000/_next/static/chunks/0-ynv9eqilv7x.js:0
[   19968ms] [LOG] Player X: -10.83 Y: -2.69 Z: 5.42 @ http://localhost:3000/_next/static/chunks/0-ynv9eqilv7x.js:0
[   19971ms] [LOG] Player X: -10.85 Y: -2.72 Z: 5.51 @ http://localhost:3000/_next/static/chunks/0-ynv9eqilv7x.js:0
[   19974ms] [LOG] Player X: -10.88 Y: -2.74 Z: 5.61 @ http://localhost:3000/_next/static/chunks/0-ynv9eqilv7x.js:0
[   19978ms] [LOG] Player X: -10.91 Y: -2.77 Z: 5.70 @ http://localhost:3000/_next/static/chunks/0-ynv9eqilv7x.js:0
[   19981ms] [LOG] Player X: -10.93 Y: -2.79 Z: 5.79 @ http://localhost:3000/_next/static/chunks/0-ynv9eqilv7x.js:0
[   19985ms] [LOG] Player X: -10.96 Y: -2.81 Z: 5.89 @ http://localhost:3000/_next/static/chunks/0-ynv9eqilv7x.js:0
[   19988ms] [LOG] Player X: -10.98 Y: -2.84 Z: 5.98 @ http://localhost:3000/_next/static/chunks/0-ynv9eqilv7x.js:0
[   19991ms] [LOG] Player X: -11.01 Y: -2.86 Z: 6.07 @ http://localhost:3000/_next/static/chunks/0-ynv9eqilv7x.js:0
[   19994ms] [LOG] Player X: -11.04 Y: -2.89 Z: 6.17 @ http://localhost:3000/_next/static/chunks/0-ynv9eqilv7x.js:0
[   19998ms] [LOG] Player X: -11.06 Y: -2.91 Z: 6.26 @ http://localhost:3000/_next/static/chunks/0-ynv9eqilv7x.js:0
[   20001ms] [LOG] Player X: -11.09 Y: -2.94 Z: 6.35 @ http://localhost:3000/_next/static/chunks/0-ynv9eqilv7x.js:0
[   20004ms] [LOG] Player X: -11.12 Y: -2.96 Z: 6.45 @ http://localhost:3000/_next/static/chunks/0-ynv9eqilv7x.js:0
[   20008ms] [LOG] Player X: -11.14 Y: -2.99 Z: 6.54 @ http://localhost:3000/_next/static/chunks/0-ynv9eqilv7x.js:0
[   20011ms] [LOG] Player X: -11.17 Y: -3.01 Z: 6.63 @ http://localhost:3000/_next/static/chunks/0-ynv9eqilv7x.js:0
[   20014ms] [LOG] Player X: -11.19 Y: -3.04 Z: 6.73 @ http://localhost:3000/_next/static/chunks/0-ynv9eqilv7x.js:0
[   20018ms] [LOG] Player X: -11.22 Y: -3.06 Z: 6.82 @ http://localhost:3000/_next/static/chunks/0-ynv9eqilv7x.js:0
[   20021ms] [LOG] Player X: -11.25 Y: -3.09 Z: 6.91 @ http://localhost:3000/_next/static/chunks/0-ynv9eqilv7x.js:0
[   20025ms] [LOG] Player X: -11.27 Y: -3.11 Z: 7.01 @ http://localhost:3000/_next/static/chunks/0-ynv9eqilv7x.js:0
[   20028ms] [LOG] Player X: -11.30 Y: -3.14 Z: 7.10 @ http://localhost:3000/_next/static/chunks/0-ynv9eqilv7x.js:0
[   20031ms] [LOG] Player X: -11.32 Y: -3.16 Z: 7.19 @ http://localhost:3000/_next/static/chunks/0-ynv9eqilv7x.js:0
[   20035ms] [LOG] Player X: -11.35 Y: -3.18 Z: 7.29 @ http://localhost:3000/_next/static/chunks/0-ynv9eqilv7x.js:0
[   20038ms] [LOG] Player X: -11.38 Y: -3.21 Z: 7.38 @ http://localhost:3000/_next/static/chunks/0-ynv9eqilv7x.js:0
[   20042ms] [LOG] Player X: -11.40 Y: -3.23 Z: 7.47 @ http://localhost:3000/_next/static/chunks/0-ynv9eqilv7x.js:0
[   20045ms] [LOG] Player X: -11.43 Y: -3.26 Z: 7.57 @ http://localhost:3000/_next/static/chunks/0-ynv9eqilv7x.js:0
[   20048ms] [LOG] Player X: -11.45 Y: -3.28 Z: 7.66 @ http://localhost:3000/_next/static/chunks/0-ynv9eqilv7x.js:0
[   20051ms] [LOG] Player X: -11.48 Y: -3.31 Z: 7.75 @ http://localhost:3000/_next/static/chunks/0-ynv9eqilv7x.js:0
[   20055ms] [LOG] Player X: -11.51 Y: -3.33 Z: 7.85 @ http://localhost:3000/_next/static/chunks/0-ynv9eqilv7x.js:0
[   20059ms] [LOG] Player X: -11.53 Y: -3.36 Z: 7.94 @ http://localhost:3000/_next/static/chunks/0-ynv9eqilv7x.js:0
[   20063ms] [LOG] Player X: -11.56 Y: -3.38 Z: 8.03 @ http://localhost:3000/_next/static/chunks/0-ynv9eqilv7x.js:0
[   20067ms] [LOG] Player X: -11.59 Y: -3.41 Z: 8.13 @ http://localhost:3000/_next/static/chunks/0-ynv9eqilv7x.js:0
[   20071ms] [LOG] Player X: -11.61 Y: -3.43 Z: 8.22 @ http://localhost:3000/_next/static/chunks/0-ynv9eqilv7x.js:0
[   20075ms] [LOG] Player X: -11.64 Y: -3.45 Z: 8.31 @ http://localhost:3000/_next/static/chunks/0-ynv9eqilv7x.js:0
[   20080ms] [LOG] Player X: -11.67 Y: -3.48 Z: 8.41 @ http://localhost:3000/_next/static/chunks/0-ynv9eqilv7x.js:0
[   20084ms] [LOG] Player X: -11.69 Y: -3.50 Z: 8.50 @ http://localhost:3000/_next/static/chunks/0-ynv9eqilv7x.js:0
[   20088ms] [LOG] Player X: -11.72 Y: -3.53 Z: 8.59 @ http://localhost:3000/_next/static/chunks/0-ynv9eqilv7x.js:0
[   20092ms] [LOG] Player X: -11.75 Y: -3.55 Z: 8.69 @ http://localhost:3000/_next/static/chunks/0-ynv9eqilv7x.js:0
[   20095ms] [LOG] Player X: -11.78 Y: -3.57 Z: 8.78 @ http://localhost:3000/_next/static/chunks/0-ynv9eqilv7x.js:0
[   20099ms] [LOG] Player X: -11.80 Y: -3.60 Z: 8.87 @ http://localhost:3000/_next/static/chunks/0-ynv9eqilv7x.js:0
[   20103ms] [LOG] Player X: -11.83 Y: -3.62 Z: 8.97 @ http://localhost:3000/_next/static/chunks/0-ynv9eqilv7x.js:0
[   20106ms] [LOG] Player X: -11.86 Y: -3.64 Z: 9.06 @ http://localhost:3000/_next/static/chunks/0-ynv9eqilv7x.js:0
[   20110ms] [LOG] Player X: -11.89 Y: -3.67 Z: 9.15 @ http://localhost:3000/_next/static/chunks/0-ynv9eqilv7x.js:0
[   20114ms] [LOG] Player X: -11.92 Y: -3.69 Z: 9.25 @ http://localhost:3000/_next/static/chunks/0-ynv9eqilv7x.js:0
[   20119ms] [LOG] Player X: -11.95 Y: -3.71 Z: 9.34 @ http://localhost:3000/_next/static/chunks/0-ynv9eqilv7x.js:0
[   20122ms] [LOG] Player X: -11.98 Y: -3.73 Z: 9.43 @ http://localhost:3000/_next/static/chunks/0-ynv9eqilv7x.js:0
[   20126ms] [LOG] Player X: -12.01 Y: -3.76 Z: 9.52 @ http://localhost:3000/_next/static/chunks/0-ynv9eqilv7x.js:0
[   20130ms] [LOG] Player X: -12.04 Y: -3.78 Z: 9.62 @ http://localhost:3000/_next/static/chunks/0-ynv9eqilv7x.js:0
[   20135ms] [LOG] Player X: -12.07 Y: -3.80 Z: 9.71 @ http://localhost:3000/_next/static/chunks/0-ynv9eqilv7x.js:0
[   20140ms] [LOG] Player X: -12.10 Y: -3.82 Z: 9.80 @ http://localhost:3000/_next/static/chunks/0-ynv9eqilv7x.js:0
[   20143ms] [LOG] Player X: -12.13 Y: -3.85 Z: 9.90 @ http://localhost:3000/_next/static/chunks/0-ynv9eqilv7x.js:0
[   20145ms] [LOG] Player X: -12.16 Y: -3.87 Z: 9.99 @ http://localhost:3000/_next/static/chunks/0-ynv9eqilv7x.js:0
[   20148ms] [LOG] Player X: -12.19 Y: -3.89 Z: 10.08 @ http://localhost:3000/_next/static/chunks/0-ynv9eqilv7x.js:0
[   20152ms] [LOG] Player X: -12.22 Y: -3.91 Z: 10.17 @ http://localhost:3000/_next/static/chunks/0-ynv9eqilv7x.js:0
[   20155ms] [LOG] Player X: -12.25 Y: -3.93 Z: 10.27 @ http://localhost:3000/_next/static/chunks/0-ynv9eqilv7x.js:0
[   20158ms] [LOG] Player X: -12.28 Y: -3.95 Z: 10.36 @ http://localhost:3000/_next/static/chunks/0-ynv9eqilv7x.js:0
[   20162ms] [LOG] Player X: -12.31 Y: -3.98 Z: 10.45 @ http://localhost:3000/_next/static/chunks/0-ynv9eqilv7x.js:0
[   20165ms] [LOG] Player X: -12.34 Y: -4.00 Z: 10.54 @ http://localhost:3000/_next/static/chunks/0-ynv9eqilv7x.js:0
[   20168ms] [LOG] Player X: -12.37 Y: -4.02 Z: 10.64 @ http://localhost:3000/_next/static/chunks/0-ynv9eqilv7x.js:0
[   20171ms] [LOG] Player X: -12.40 Y: -4.04 Z: 10.73 @ http://localhost:3000/_next/static/chunks/0-ynv9eqilv7x.js:0
[   20174ms] [LOG] Player X: -12.43 Y: -4.06 Z: 10.82 @ http://localhost:3000/_next/static/chunks/0-ynv9eqilv7x.js:0
[   20178ms] [LOG] Player X: -12.46 Y: -4.08 Z: 10.92 @ http://localhost:3000/_next/static/chunks/0-ynv9eqilv7x.js:0
[   20181ms] [LOG] Player X: -12.49 Y: -4.10 Z: 11.01 @ http://localhost:3000/_next/static/chunks/0-ynv9eqilv7x.js:0
[   20185ms] [LOG] Player X: -12.52 Y: -4.12 Z: 11.10 @ http://localhost:3000/_next/static/chunks/0-ynv9eqilv7x.js:0
[   20188ms] [LOG] Player X: -12.56 Y: -4.15 Z: 11.19 @ http://localhost:3000/_next/static/chunks/0-ynv9eqilv7x.js:0
[   20191ms] [LOG] Player X: -12.59 Y: -4.17 Z: 11.29 @ http://localhost:3000/_next/static/chunks/0-ynv9eqilv7x.js:0
[   20195ms] [LOG] Player X: -12.62 Y: -4.19 Z: 11.38 @ http://localhost:3000/_next/static/chunks/0-ynv9eqilv7x.js:0
[   20198ms] [LOG] Player X: -12.65 Y: -4.21 Z: 11.47 @ http://localhost:3000/_next/static/chunks/0-ynv9eqilv7x.js:0
[   20201ms] [LOG] Player X: -12.68 Y: -4.23 Z: 11.56 @ http://localhost:3000/_next/static/chunks/0-ynv9eqilv7x.js:0
[   20205ms] [LOG] Player X: -12.71 Y: -4.25 Z: 11.66 @ http://localhost:3000/_next/static/chunks/0-ynv9eqilv7x.js:0
[   20208ms] [LOG] Player X: -12.74 Y: -4.27 Z: 11.75 @ http://localhost:3000/_next/static/chunks/0-ynv9eqilv7x.js:0
[   20211ms] [LOG] Player X: -12.77 Y: -4.29 Z: 11.84 @ http://localhost:3000/_next/static/chunks/0-ynv9eqilv7x.js:0
[   20215ms] [LOG] Player X: -12.81 Y: -4.31 Z: 11.93 @ http://localhost:3000/_next/static/chunks/0-ynv9eqilv7x.js:0
[   20218ms] [LOG] Player X: -12.84 Y: -4.33 Z: 12.03 @ http://localhost:3000/_next/static/chunks/0-ynv9eqilv7x.js:0
[   20221ms] [LOG] Player X: -12.87 Y: -4.35 Z: 12.12 @ http://localhost:3000/_next/static/chunks/0-ynv9eqilv7x.js:0
[   20225ms] [LOG] Player X: -12.90 Y: -4.37 Z: 12.21 @ http://localhost:3000/_next/static/chunks/0-ynv9eqilv7x.js:0
[   20228ms] [LOG] Player X: -12.93 Y: -4.39 Z: 12.31 @ http://localhost:3000/_next/static/chunks/0-ynv9eqilv7x.js:0
[   20232ms] [LOG] Player X: -12.96 Y: -4.41 Z: 12.40 @ http://localhost:3000/_next/static/chunks/0-ynv9eqilv7x.js:0
[   20235ms] [LOG] Player X: -13.00 Y: -4.43 Z: 12.49 @ http://localhost:3000/_next/static/chunks/0-ynv9eqilv7x.js:0
[   20238ms] [LOG] Player X: -13.03 Y: -4.45 Z: 12.58 @ http://localhost:3000/_next/static/chunks/0-ynv9eqilv7x.js:0
[   20241ms] [LOG] Player X: -13.06 Y: -4.47 Z: 12.68 @ http://localhost:3000/_next/static/chunks/0-ynv9eqilv7x.js:0
[   20245ms] [LOG] Player X: -13.09 Y: -4.49 Z: 12.77 @ http://localhost:3000/_next/static/chunks/0-ynv9eqilv7x.js:0
[   20248ms] [LOG] Player X: -13.12 Y: -4.51 Z: 12.86 @ http://localhost:3000/_next/static/chunks/0-ynv9eqilv7x.js:0
[   20251ms] [LOG] Player X: -13.15 Y: -4.53 Z: 12.96 @ http://localhost:3000/_next/static/chunks/0-ynv9eqilv7x.js:0
[   20254ms] [LOG] Player X: -13.19 Y: -4.55 Z: 13.05 @ http://localhost:3000/_next/static/chunks/0-ynv9eqilv7x.js:0
[   20258ms] [LOG] Player X: -13.22 Y: -4.57 Z: 13.14 @ http://localhost:3000/_next/static/chunks/0-ynv9eqilv7x.js:0
[   20261ms] [LOG] Player X: -13.25 Y: -4.58 Z: 13.23 @ http://localhost:3000/_next/static/chunks/0-ynv9eqilv7x.js:0
[   20265ms] [LOG] Player X: -13.28 Y: -4.60 Z: 13.33 @ http://localhost:3000/_next/static/chunks/0-ynv9eqilv7x.js:0
[   20268ms] [LOG] Player X: -13.31 Y: -4.62 Z: 13.42 @ http://localhost:3000/_next/static/chunks/0-ynv9eqilv7x.js:0
[   20271ms] [LOG] Player X: -13.34 Y: -4.64 Z: 13.51 @ http://localhost:3000/_next/static/chunks/0-ynv9eqilv7x.js:0
[   20274ms] [LOG] Player X: -13.38 Y: -4.66 Z: 13.61 @ http://localhost:3000/_next/static/chunks/0-ynv9eqilv7x.js:0
[   20278ms] [LOG] Player X: -13.41 Y: -4.68 Z: 13.70 @ http://localhost:3000/_next/static/chunks/0-ynv9eqilv7x.js:0
[   20281ms] [LOG] Player X: -13.44 Y: -4.69 Z: 13.79 @ http://localhost:3000/_next/static/chunks/0-ynv9eqilv7x.js:0
[   20285ms] [LOG] Player X: -13.47 Y: -4.71 Z: 13.89 @ http://localhost:3000/_next/static/chunks/0-ynv9eqilv7x.js:0
[   20288ms] [LOG] Player X: -13.50 Y: -4.73 Z: 13.98 @ http://localhost:3000/_next/static/chunks/0-ynv9eqilv7x.js:0
[   20291ms] [LOG] Player X: -13.53 Y: -4.75 Z: 14.07 @ http://localhost:3000/_next/static/chunks/0-ynv9eqilv7x.js:0
[   20295ms] [LOG] Player X: -13.57 Y: -4.77 Z: 14.17 @ http://localhost:3000/_next/static/chunks/0-ynv9eqilv7x.js:0
[   20298ms] [LOG] Player X: -13.60 Y: -4.78 Z: 14.26 @ http://localhost:3000/_next/static/chunks/0-ynv9eqilv7x.js:0
[   20301ms] [LOG] Player X: -13.63 Y: -4.80 Z: 14.35 @ http://localhost:3000/_next/static/chunks/0-ynv9eqilv7x.js:0
[   20304ms] [LOG] Player X: -13.66 Y: -4.82 Z: 14.45 @ http://localhost:3000/_next/static/chunks/0-ynv9eqilv7x.js:0
[   20308ms] [LOG] Player X: -13.69 Y: -4.83 Z: 14.54 @ http://localhost:3000/_next/static/chunks/0-ynv9eqilv7x.js:0
[   20311ms] [LOG] Player X: -13.73 Y: -4.85 Z: 14.63 @ http://localhost:3000/_next/static/chunks/0-ynv9eqilv7x.js:0
[   20314ms] [LOG] Player X: -13.76 Y: -4.87 Z: 14.72 @ http://localhost:3000/_next/static/chunks/0-ynv9eqilv7x.js:0
[   20318ms] [LOG] Player X: -13.79 Y: -4.88 Z: 14.82 @ http://localhost:3000/_next/static/chunks/0-ynv9eqilv7x.js:0
[   20321ms] [LOG] Player X: -13.82 Y: -4.90 Z: 14.91 @ http://localhost:3000/_next/static/chunks/0-ynv9eqilv7x.js:0
[   20325ms] [LOG] Player X: -13.85 Y: -4.92 Z: 15.00 @ http://localhost:3000/_next/static/chunks/0-ynv9eqilv7x.js:0
[   20328ms] [LOG] Player X: -13.88 Y: -4.93 Z: 15.10 @ http://localhost:3000/_next/static/chunks/0-ynv9eqilv7x.js:0
[   20331ms] [LOG] Player X: -13.92 Y: -4.95 Z: 15.19 @ http://localhost:3000/_next/static/chunks/0-ynv9eqilv7x.js:0
[   20335ms] [LOG] Player X: -13.95 Y: -4.97 Z: 15.29 @ http://localhost:3000/_next/static/chunks/0-ynv9eqilv7x.js:0
[   20338ms] [LOG] Player X: -13.98 Y: -4.98 Z: 15.38 @ http://localhost:3000/_next/static/chunks/0-ynv9eqilv7x.js:0
[   20341ms] [LOG] Player X: -14.01 Y: -5.00 Z: 15.47 @ http://localhost:3000/_next/static/chunks/0-ynv9eqilv7x.js:0
[   20344ms] [LOG] Player X: -14.04 Y: -5.01 Z: 15.57 @ http://localhost:3000/_next/static/chunks/0-ynv9eqilv7x.js:0
[   20348ms] [LOG] Player X: -14.08 Y: -5.03 Z: 15.66 @ http://localhost:3000/_next/static/chunks/0-ynv9eqilv7x.js:0
[   20352ms] [LOG] Player X: -14.11 Y: -5.05 Z: 15.75 @ http://localhost:3000/_next/static/chunks/0-ynv9eqilv7x.js:0
[   20355ms] [LOG] Player X: -14.14 Y: -5.06 Z: 15.85 @ http://localhost:3000/_next/static/chunks/0-ynv9eqilv7x.js:0
[   20358ms] [LOG] Player X: -14.17 Y: -5.08 Z: 15.94 @ http://localhost:3000/_next/static/chunks/0-ynv9eqilv7x.js:0
[   20361ms] [LOG] Player X: -14.20 Y: -5.09 Z: 16.03 @ http://localhost:3000/_next/static/chunks/0-ynv9eqilv7x.js:0
[   20365ms] [LOG] Player X: -14.23 Y: -5.11 Z: 16.13 @ http://localhost:3000/_next/static/chunks/0-ynv9eqilv7x.js:0
[   20368ms] [LOG] Player X: -14.26 Y: -5.12 Z: 16.22 @ http://localhost:3000/_next/static/chunks/0-ynv9eqilv7x.js:0
[   20371ms] [LOG] Player X: -14.30 Y: -5.14 Z: 16.31 @ http://localhost:3000/_next/static/chunks/0-ynv9eqilv7x.js:0
[   20374ms] [LOG] Player X: -14.33 Y: -5.15 Z: 16.41 @ http://localhost:3000/_next/static/chunks/0-ynv9eqilv7x.js:0
[   20378ms] [LOG] Player X: -14.36 Y: -5.17 Z: 16.50 @ http://localhost:3000/_next/static/chunks/0-ynv9eqilv7x.js:0
[   20381ms] [LOG] Player X: -14.39 Y: -5.19 Z: 16.60 @ http://localhost:3000/_next/static/chunks/0-ynv9eqilv7x.js:0
[   20384ms] [LOG] Player X: -14.42 Y: -5.20 Z: 16.69 @ http://localhost:3000/_next/static/chunks/0-ynv9eqilv7x.js:0
[   20388ms] [LOG] Player X: -14.45 Y: -5.22 Z: 16.78 @ http://localhost:3000/_next/static/chunks/0-ynv9eqilv7x.js:0
[   20391ms] [LOG] Player X: -14.48 Y: -5.23 Z: 16.88 @ http://localhost:3000/_next/static/chunks/0-ynv9eqilv7x.js:0
[   20394ms] [LOG] Player X: -14.51 Y: -5.25 Z: 16.97 @ http://localhost:3000/_next/static/chunks/0-ynv9eqilv7x.js:0
[   20398ms] [LOG] Player X: -14.54 Y: -5.26 Z: 17.07 @ http://localhost:3000/_next/static/chunks/0-ynv9eqilv7x.js:0
[   20401ms] [LOG] Player X: -14.57 Y: -5.28 Z: 17.16 @ http://localhost:3000/_next/static/chunks/0-ynv9eqilv7x.js:0
[   20404ms] [LOG] Player X: -14.60 Y: -5.29 Z: 17.25 @ http://localhost:3000/_next/static/chunks/0-ynv9eqilv7x.js:0
[   20408ms] [LOG] Player X: -14.64 Y: -5.30 Z: 17.35 @ http://localhost:3000/_next/static/chunks/0-ynv9eqilv7x.js:0
[   20411ms] [LOG] Player X: -14.67 Y: -5.32 Z: 17.44 @ http://localhost:3000/_next/static/chunks/0-ynv9eqilv7x.js:0
[   20414ms] [LOG] Player X: -14.70 Y: -5.33 Z: 17.54 @ http://localhost:3000/_next/static/chunks/0-ynv9eqilv7x.js:0
[   20418ms] [LOG] Player X: -14.73 Y: -5.35 Z: 17.63 @ http://localhost:3000/_next/static/chunks/0-ynv9eqilv7x.js:0
[   20421ms] [LOG] Player X: -14.76 Y: -5.36 Z: 17.72 @ http://localhost:3000/_next/static/chunks/0-ynv9eqilv7x.js:0
[   20424ms] [LOG] Player X: -14.79 Y: -5.38 Z: 17.82 @ http://localhost:3000/_next/static/chunks/0-ynv9eqilv7x.js:0
[   20428ms] [LOG] Player X: -14.82 Y: -5.39 Z: 17.91 @ http://localhost:3000/_next/static/chunks/0-ynv9eqilv7x.js:0
[   20431ms] [LOG] Player X: -14.85 Y: -5.41 Z: 18.01 @ http://localhost:3000/_next/static/chunks/0-ynv9eqilv7x.js:0
[   20434ms] [LOG] Player X: -14.88 Y: -5.42 Z: 18.10 @ http://localhost:3000/_next/static/chunks/0-ynv9eqilv7x.js:0
[   20438ms] [LOG] Player X: -14.91 Y: -5.44 Z: 18.19 @ http://localhost:3000/_next/static/chunks/0-ynv9eqilv7x.js:0
[   20441ms] [LOG] Player X: -14.94 Y: -5.45 Z: 18.29 @ http://localhost:3000/_next/static/chunks/0-ynv9eqilv7x.js:0
[   20444ms] [LOG] Player X: -14.97 Y: -5.46 Z: 18.38 @ http://localhost:3000/_next/static/chunks/0-ynv9eqilv7x.js:0
[   20448ms] [LOG] Player X: -15.00 Y: -5.48 Z: 18.48 @ http://localhost:3000/_next/static/chunks/0-ynv9eqilv7x.js:0
[   20451ms] [LOG] Player X: -15.03 Y: -5.49 Z: 18.57 @ http://localhost:3000/_next/static/chunks/0-ynv9eqilv7x.js:0
[   20454ms] [LOG] Player X: -15.06 Y: -5.51 Z: 18.67 @ http://localhost:3000/_next/static/chunks/0-ynv9eqilv7x.js:0
[   20458ms] [LOG] Player X: -15.09 Y: -5.52 Z: 18.76 @ http://localhost:3000/_next/static/chunks/0-ynv9eqilv7x.js:0
[   20461ms] [LOG] Player X: -15.12 Y: -5.54 Z: 18.85 @ http://localhost:3000/_next/static/chunks/0-ynv9eqilv7x.js:0
[   20464ms] [LOG] Player X: -15.15 Y: -5.55 Z: 18.95 @ http://localhost:3000/_next/static/chunks/0-ynv9eqilv7x.js:0
[   20468ms] [LOG] Player X: -15.18 Y: -5.56 Z: 19.04 @ http://localhost:3000/_next/static/chunks/0-ynv9eqilv7x.js:0
[   20471ms] [LOG] Player X: -15.21 Y: -5.58 Z: 19.14 @ http://localhost:3000/_next/static/chunks/0-ynv9eqilv7x.js:0
[   20475ms] [LOG] Player X: -15.24 Y: -5.59 Z: 19.23 @ http://localhost:3000/_next/static/chunks/0-ynv9eqilv7x.js:0
[   20478ms] [LOG] Player X: -15.27 Y: -5.61 Z: 19.33 @ http://localhost:3000/_next/static/chunks/0-ynv9eqilv7x.js:0
[   20481ms] [LOG] Player X: -15.30 Y: -5.62 Z: 19.42 @ http://localhost:3000/_next/static/chunks/0-ynv9eqilv7x.js:0
[   20485ms] [LOG] Player X: -15.33 Y: -5.63 Z: 19.52 @ http://localhost:3000/_next/static/chunks/0-ynv9eqilv7x.js:0
[   20488ms] [LOG] Player X: -15.36 Y: -5.65 Z: 19.61 @ http://localhost:3000/_next/static/chunks/0-ynv9eqilv7x.js:0
[   20491ms] [LOG] Player X: -15.39 Y: -5.66 Z: 19.70 @ http://localhost:3000/_next/static/chunks/0-ynv9eqilv7x.js:0
[   20495ms] [LOG] Player X: -15.42 Y: -5.67 Z: 19.80 @ http://localhost:3000/_next/static/chunks/0-ynv9eqilv7x.js:0
[   20498ms] [LOG] Player X: -15.45 Y: -5.69 Z: 19.89 @ http://localhost:3000/_next/static/chunks/0-ynv9eqilv7x.js:0
[   20501ms] [LOG] Player X: -15.48 Y: -5.70 Z: 19.99 @ http://localhost:3000/_next/static/chunks/0-ynv9eqilv7x.js:0
[   20505ms] [LOG] Player X: -15.50 Y: -5.71 Z: 20.08 @ http://localhost:3000/_next/static/chunks/0-ynv9eqilv7x.js:0
[   20508ms] [LOG] Player X: -15.53 Y: -5.73 Z: 20.18 @ http://localhost:3000/_next/static/chunks/0-ynv9eqilv7x.js:0
[   20511ms] [LOG] Player X: -15.56 Y: -5.74 Z: 20.27 @ http://localhost:3000/_next/static/chunks/0-ynv9eqilv7x.js:0
[   20514ms] [LOG] Player X: -15.59 Y: -5.75 Z: 20.37 @ http://localhost:3000/_next/static/chunks/0-ynv9eqilv7x.js:0
[   20518ms] [LOG] Player X: -15.61 Y: -5.76 Z: 20.47 @ http://localhost:3000/_next/static/chunks/0-ynv9eqilv7x.js:0
[   20521ms] [LOG] Player X: -15.64 Y: -5.78 Z: 20.56 @ http://localhost:3000/_next/static/chunks/0-ynv9eqilv7x.js:0
[   20525ms] [LOG] Player X: -15.67 Y: -5.79 Z: 20.66 @ http://localhost:3000/_next/static/chunks/0-ynv9eqilv7x.js:0
[   20528ms] [LOG] Player X: -15.67 Y: -5.79 Z: 20.66 @ http://localhost:3000/_next/static/chunks/0-ynv9eqilv7x.js:0
[   20531ms] [LOG] Player X: -15.67 Y: -5.79 Z: 20.66 @ http://localhost:3000/_next/static/chunks/0-ynv9eqilv7x.js:0
[   20535ms] [LOG] Player X: -15.67 Y: -5.79 Z: 20.66 @ http://localhost:3000/_next/static/chunks/0-ynv9eqilv7x.js:0
[   20538ms] [LOG] Player X: -15.67 Y: -5.79 Z: 20.66 @ http://localhost:3000/_next/static/chunks/0-ynv9eqilv7x.js:0
[   20541ms] [LOG] Player X: -15.67 Y: -5.79 Z: 20.66 @ http://localhost:3000/_next/static/chunks/0-ynv9eqilv7x.js:0
[   20545ms] [LOG] Player X: -15.67 Y: -5.79 Z: 20.66 @ http://localhost:3000/_next/static/chunks/0-ynv9eqilv7x.js:0
[   20548ms] [LOG] Player X: -15.67 Y: -5.79 Z: 20.66 @ http://localhost:3000/_next/static/chunks/0-ynv9eqilv7x.js:0
[   20551ms] [LOG] Player X: -15.67 Y: -5.79 Z: 20.66 @ http://localhost:3000/_next/static/chunks/0-ynv9eqilv7x.js:0
[   20554ms] [LOG] Player X: -15.67 Y: -5.79 Z: 20.66 @ http://localhost:3000/_next/static/chunks/0-ynv9eqilv7x.js:0
[   20558ms] [LOG] Player X: -15.67 Y: -5.79 Z: 20.66 @ http://localhost:3000/_next/static/chunks/0-ynv9eqilv7x.js:0
[   20561ms] [LOG] Player X: -15.67 Y: -5.79 Z: 20.66 @ http://localhost:3000/_next/static/chunks/0-ynv9eqilv7x.js:0
[   20564ms] [LOG] Player X: -15.67 Y: -5.79 Z: 20.66 @ http://localhost:3000/_next/static/chunks/0-ynv9eqilv7x.js:0
[   20568ms] [LOG] Player X: -15.67 Y: -5.79 Z: 20.66 @ http://localhost:3000/_next/static/chunks/0-ynv9eqilv7x.js:0
[   20571ms] [LOG] Player X: -15.67 Y: -5.79 Z: 20.66 @ http://localhost:3000/_next/static/chunks/0-ynv9eqilv7x.js:0
[   20575ms] [LOG] Player X: -15.67 Y: -5.79 Z: 20.66 @ http://localhost:3000/_next/static/chunks/0-ynv9eqilv7x.js:0
[   20578ms] [LOG] Player X: -15.67 Y: -5.79 Z: 20.66 @ http://localhost:3000/_next/static/chunks/0-ynv9eqilv7x.js:0
[   20581ms] [LOG] Player X: -15.67 Y: -5.79 Z: 20.66 @ http://localhost:3000/_next/static/chunks/0-ynv9eqilv7x.js:0
[   20585ms] [LOG] Player X: -15.67 Y: -5.79 Z: 20.66 @ http://localhost:3000/_next/static/chunks/0-ynv9eqilv7x.js:0
[   20588ms] [LOG] Player X: -15.67 Y: -5.79 Z: 20.66 @ http://localhost:3000/_next/static/chunks/0-ynv9eqilv7x.js:0
[   20591ms] [LOG] Player X: -15.67 Y: -5.79 Z: 20.66 @ http://localhost:3000/_next/static/chunks/0-ynv9eqilv7x.js:0
[   20595ms] [LOG] Player X: -15.67 Y: -5.79 Z: 20.66 @ http://localhost:3000/_next/static/chunks/0-ynv9eqilv7x.js:0
[   20598ms] [LOG] Player X: -15.67 Y: -5.79 Z: 20.66 @ http://localhost:3000/_next/static/chunks/0-ynv9eqilv7x.js:0
[   20601ms] [LOG] Player X: -15.67 Y: -5.79 Z: 20.66 @ http://localhost:3000/_next/static/chunks/0-ynv9eqilv7x.js:0
[   20604ms] [LOG] Player X: -15.67 Y: -5.79 Z: 20.66 @ http://localhost:3000/_next/static/chunks/0-ynv9eqilv7x.js:0
[   20608ms] [LOG] Player X: -15.67 Y: -5.79 Z: 20.66 @ http://localhost:3000/_next/static/chunks/0-ynv9eqilv7x.js:0
[   20611ms] [LOG] Player X: -15.67 Y: -5.79 Z: 20.66 @ http://localhost:3000/_next/static/chunks/0-ynv9eqilv7x.js:0
[   20615ms] [LOG] Player X: -15.67 Y: -5.79 Z: 20.66 @ http://localhost:3000/_next/static/chunks/0-ynv9eqilv7x.js:0
[   20618ms] [LOG] Player X: -15.67 Y: -5.79 Z: 20.66 @ http://localhost:3000/_next/static/chunks/0-ynv9eqilv7x.js:0
[   20621ms] [LOG] Player X: -15.67 Y: -5.79 Z: 20.66 @ http://localhost:3000/_next/static/chunks/0-ynv9eqilv7x.js:0
[   20625ms] [LOG] Player X: -15.67 Y: -5.79 Z: 20.66 @ http://localhost:3000/_next/static/chunks/0-ynv9eqilv7x.js:0
[   20628ms] [LOG] Player X: -15.67 Y: -5.79 Z: 20.66 @ http://localhost:3000/_next/static/chunks/0-ynv9eqilv7x.js:0
[   20631ms] [LOG] Player X: -15.67 Y: -5.79 Z: 20.66 @ http://localhost:3000/_next/static/chunks/0-ynv9eqilv7x.js:0
[   20634ms] [LOG] Player X: -15.67 Y: -5.79 Z: 20.66 @ http://localhost:3000/_next/static/chunks/0-ynv9eqilv7x.js:0
[   20638ms] [LOG] Player X: -15.67 Y: -5.79 Z: 20.66 @ http://localhost:3000/_next/static/chunks/0-ynv9eqilv7x.js:0
[   20641ms] [LOG] Player X: -15.67 Y: -5.79 Z: 20.66 @ http://localhost:3000/_next/static/chunks/0-ynv9eqilv7x.js:0
[   20644ms] [LOG] Player X: -15.67 Y: -5.79 Z: 20.66 @ http://localhost:3000/_next/static/chunks/0-ynv9eqilv7x.js:0
[   20648ms] [LOG] Player X: -15.67 Y: -5.79 Z: 20.66 @ http://localhost:3000/_next/static/chunks/0-ynv9eqilv7x.js:0
[   20651ms] [LOG] Player X: -15.67 Y: -5.79 Z: 20.66 @ http://localhost:3000/_next/static/chunks/0-ynv9eqilv7x.js:0
[   20654ms] [LOG] Player X: -15.67 Y: -5.79 Z: 20.66 @ http://localhost:3000/_next/static/chunks/0-ynv9eqilv7x.js:0
[   20658ms] [LOG] Player X: -15.67 Y: -5.79 Z: 20.66 @ http://localhost:3000/_next/static/chunks/0-ynv9eqilv7x.js:0
[   20661ms] [LOG] Player X: -15.67 Y: -5.79 Z: 20.66 @ http://localhost:3000/_next/static/chunks/0-ynv9eqilv7x.js:0
[   20665ms] [LOG] Player X: -15.67 Y: -5.79 Z: 20.66 @ http://localhost:3000/_next/static/chunks/0-ynv9eqilv7x.js:0
[   20668ms] [LOG] Player X: -15.67 Y: -5.79 Z: 20.66 @ http://localhost:3000/_next/static/chunks/0-ynv9eqilv7x.js:0
[   20671ms] [LOG] Player X: -15.67 Y: -5.79 Z: 20.66 @ http://localhost:3000/_next/static/chunks/0-ynv9eqilv7x.js:0
[   20674ms] [LOG] Player X: -15.67 Y: -5.79 Z: 20.66 @ http://localhost:3000/_next/static/chunks/0-ynv9eqilv7x.js:0
[   20678ms] [LOG] Player X: -15.67 Y: -5.79 Z: 20.66 @ http://localhost:3000/_next/static/chunks/0-ynv9eqilv7x.js:0
[   20681ms] [LOG] Player X: -15.67 Y: -5.79 Z: 20.66 @ http://localhost:3000/_next/static/chunks/0-ynv9eqilv7x.js:0
[   20685ms] [LOG] Player X: -15.67 Y: -5.79 Z: 20.66 @ http://localhost:3000/_next/static/chunks/0-ynv9eqilv7x.js:0
[   20688ms] [LOG] Player X: -15.67 Y: -5.79 Z: 20.66 @ http://localhost:3000/_next/static/chunks/0-ynv9eqilv7x.js:0
[   20691ms] [LOG] Player X: -15.67 Y: -5.79 Z: 20.66 @ http://localhost:3000/_next/static/chunks/0-ynv9eqilv7x.js:0
[   20694ms] [LOG] Player X: -15.67 Y: -5.79 Z: 20.66 @ http://localhost:3000/_next/static/chunks/0-ynv9eqilv7x.js:0
[   20698ms] [LOG] Player X: -15.67 Y: -5.79 Z: 20.66 @ http://localhost:3000/_next/static/chunks/0-ynv9eqilv7x.js:0
[   20701ms] [LOG] Player X: -15.67 Y: -5.79 Z: 20.66 @ http://localhost:3000/_next/static/chunks/0-ynv9eqilv7x.js:0
[   20704ms] [LOG] Player X: -15.67 Y: -5.79 Z: 20.66 @ http://localhost:3000/_next/static/chunks/0-ynv9eqilv7x.js:0
[   20708ms] [LOG] Player X: -15.67 Y: -5.79 Z: 20.66 @ http://localhost:3000/_next/static/chunks/0-ynv9eqilv7x.js:0
[   20711ms] [LOG] Player X: -15.67 Y: -5.79 Z: 20.66 @ http://localhost:3000/_next/static/chunks/0-ynv9eqilv7x.js:0
[   20714ms] [LOG] Player X: -15.67 Y: -5.79 Z: 20.66 @ http://localhost:3000/_next/static/chunks/0-ynv9eqilv7x.js:0
[   20718ms] [LOG] Player X: -15.67 Y: -5.79 Z: 20.66 @ http://localhost:3000/_next/static/chunks/0-ynv9eqilv7x.js:0
[   20721ms] [LOG] Player X: -15.67 Y: -5.79 Z: 20.66 @ http://localhost:3000/_next/static/chunks/0-ynv9eqilv7x.js:0
[   20725ms] [LOG] Player X: -15.67 Y: -5.79 Z: 20.66 @ http://localhost:3000/_next/static/chunks/0-ynv9eqilv7x.js:0
[   20728ms] [LOG] Player X: -15.67 Y: -5.79 Z: 20.66 @ http://localhost:3000/_next/static/chunks/0-ynv9eqilv7x.js:0
[   20731ms] [LOG] Player X: -15.67 Y: -5.79 Z: 20.66 @ http://localhost:3000/_next/static/chunks/0-ynv9eqilv7x.js:0
[   20734ms] [LOG] Player X: -15.67 Y: -5.79 Z: 20.66 @ http://localhost:3000/_next/static/chunks/0-ynv9eqilv7x.js:0
[   20738ms] [LOG] Player X: -15.67 Y: -5.79 Z: 20.66 @ http://localhost:3000/_next/static/chunks/0-ynv9eqilv7x.js:0
[   20741ms] [LOG] Player X: -15.67 Y: -5.79 Z: 20.66 @ http://localhost:3000/_next/static/chunks/0-ynv9eqilv7x.js:0
[   20745ms] [LOG] Player X: -15.67 Y: -5.79 Z: 20.66 @ http://localhost:3000/_next/static/chunks/0-ynv9eqilv7x.js:0
[   20748ms] [LOG] Player X: -15.67 Y: -5.79 Z: 20.66 @ http://localhost:3000/_next/static/chunks/0-ynv9eqilv7x.js:0
[   20751ms] [LOG] Player X: -15.67 Y: -5.79 Z: 20.66 @ http://localhost:3000/_next/static/chunks/0-ynv9eqilv7x.js:0
[   20754ms] [LOG] Player X: -15.67 Y: -5.79 Z: 20.66 @ http://localhost:3000/_next/static/chunks/0-ynv9eqilv7x.js:0
[   20758ms] [LOG] Player X: -15.67 Y: -5.79 Z: 20.66 @ http://localhost:3000/_next/static/chunks/0-ynv9eqilv7x.js:0
[   20761ms] [LOG] Player X: -15.67 Y: -5.79 Z: 20.66 @ http://localhost:3000/_next/static/chunks/0-ynv9eqilv7x.js:0
[   20764ms] [LOG] Player X: -15.67 Y: -5.79 Z: 20.66 @ http://localhost:3000/_next/static/chunks/0-ynv9eqilv7x.js:0
[   20768ms] [LOG] Player X: -15.67 Y: -5.79 Z: 20.66 @ http://localhost:3000/_next/static/chunks/0-ynv9eqilv7x.js:0
[   20771ms] [LOG] Player X: -15.67 Y: -5.79 Z: 20.66 @ http://localhost:3000/_next/static/chunks/0-ynv9eqilv7x.js:0
[   20774ms] [LOG] Player X: -15.67 Y: -5.79 Z: 20.66 @ http://localhost:3000/_next/static/chunks/0-ynv9eqilv7x.js:0
[   20778ms] [LOG] Player X: -15.67 Y: -5.79 Z: 20.66 @ http://localhost:3000/_next/static/chunks/0-ynv9eqilv7x.js:0
[   20781ms] [LOG] Player X: -15.67 Y: -5.79 Z: 20.66 @ http://localhost:3000/_next/static/chunks/0-ynv9eqilv7x.js:0
[   20784ms] [LOG] Player X: -15.67 Y: -5.79 Z: 20.66 @ http://localhost:3000/_next/static/chunks/0-ynv9eqilv7x.js:0
[   20788ms] [LOG] Player X: -15.67 Y: -5.79 Z: 20.66 @ http://localhost:3000/_next/static/chunks/0-ynv9eqilv7x.js:0
[   20791ms] [LOG] Player X: -15.67 Y: -5.79 Z: 20.66 @ http://localhost:3000/_next/static/chunks/0-ynv9eqilv7x.js:0
[   20794ms] [LOG] Player X: -15.67 Y: -5.79 Z: 20.66 @ http://localhost:3000/_next/static/chunks/0-ynv9eqilv7x.js:0
[   20798ms] [LOG] Player X: -15.67 Y: -5.79 Z: 20.66 @ http://localhost:3000/_next/static/chunks/0-ynv9eqilv7x.js:0
[   20801ms] [LOG] Player X: -15.67 Y: -5.79 Z: 20.66 @ http://localhost:3000/_next/static/chunks/0-ynv9eqilv7x.js:0
[   20804ms] [LOG] Player X: -15.67 Y: -5.79 Z: 20.66 @ http://localhost:3000/_next/static/chunks/0-ynv9eqilv7x.js:0
[   20808ms] [LOG] Player X: -15.67 Y: -5.79 Z: 20.66 @ http://localhost:3000/_next/static/chunks/0-ynv9eqilv7x.js:0
[   20811ms] [LOG] Player X: -15.67 Y: -5.79 Z: 20.66 @ http://localhost:3000/_next/static/chunks/0-ynv9eqilv7x.js:0
[   20814ms] [LOG] Player X: -15.67 Y: -5.79 Z: 20.66 @ http://localhost:3000/_next/static/chunks/0-ynv9eqilv7x.js:0
[   20818ms] [LOG] Player X: -15.67 Y: -5.79 Z: 20.66 @ http://localhost:3000/_next/static/chunks/0-ynv9eqilv7x.js:0
[   20821ms] [LOG] Player X: -15.67 Y: -5.79 Z: 20.66 @ http://localhost:3000/_next/static/chunks/0-ynv9eqilv7x.js:0
[   20824ms] [LOG] Player X: -15.67 Y: -5.79 Z: 20.66 @ http://localhost:3000/_next/static/chunks/0-ynv9eqilv7x.js:0
[   20828ms] [LOG] Player X: -15.67 Y: -5.79 Z: 20.66 @ http://localhost:3000/_next/static/chunks/0-ynv9eqilv7x.js:0
[   20831ms] [LOG] Player X: -15.67 Y: -5.79 Z: 20.66 @ http://localhost:3000/_next/static/chunks/0-ynv9eqilv7x.js:0
[   20834ms] [LOG] Player X: -15.67 Y: -5.79 Z: 20.66 @ http://localhost:3000/_next/static/chunks/0-ynv9eqilv7x.js:0
[   20838ms] [LOG] Player X: -15.67 Y: -5.79 Z: 20.66 @ http://localhost:3000/_next/static/chunks/0-ynv9eqilv7x.js:0
[   20841ms] [LOG] Player X: -15.67 Y: -5.79 Z: 20.66 @ http://localhost:3000/_next/static/chunks/0-ynv9eqilv7x.js:0
[   20844ms] [LOG] Player X: -15.67 Y: -5.79 Z: 20.66 @ http://localhost:3000/_next/static/chunks/0-ynv9eqilv7x.js:0
[   20848ms] [LOG] Player X: -15.67 Y: -5.79 Z: 20.66 @ http://localhost:3000/_next/static/chunks/0-ynv9eqilv7x.js:0
[   20851ms] [LOG] Player X: -15.67 Y: -5.79 Z: 20.66 @ http://localhost:3000/_next/static/chunks/0-ynv9eqilv7x.js:0
[   20854ms] [LOG] Player X: -15.67 Y: -5.79 Z: 20.66 @ http://localhost:3000/_next/static/chunks/0-ynv9eqilv7x.js:0
[   20858ms] [LOG] Player X: -15.67 Y: -5.79 Z: 20.66 @ http://localhost:3000/_next/static/chunks/0-ynv9eqilv7x.js:0
[   20861ms] [LOG] Player X: -15.67 Y: -5.79 Z: 20.66 @ http://localhost:3000/_next/static/chunks/0-ynv9eqilv7x.js:0
[   20864ms] [LOG] Player X: -15.67 Y: -5.79 Z: 20.66 @ http://localhost:3000/_next/static/chunks/0-ynv9eqilv7x.js:0
[   20868ms] [LOG] Player X: -15.67 Y: -5.79 Z: 20.66 @ http://localhost:3000/_next/static/chunks/0-ynv9eqilv7x.js:0
[   20871ms] [LOG] Player X: -15.67 Y: -5.79 Z: 20.66 @ http://localhost:3000/_next/static/chunks/0-ynv9eqilv7x.js:0
[   20874ms] [LOG] Player X: -15.67 Y: -5.79 Z: 20.66 @ http://localhost:3000/_next/static/chunks/0-ynv9eqilv7x.js:0
[   20878ms] [LOG] Player X: -15.67 Y: -5.79 Z: 20.66 @ http://localhost:3000/_next/static/chunks/0-ynv9eqilv7x.js:0
[   20881ms] [LOG] Player X: -15.67 Y: -5.79 Z: 20.66 @ http://localhost:3000/_next/static/chunks/0-ynv9eqilv7x.js:0
[   20884ms] [LOG] Player X: -15.67 Y: -5.79 Z: 20.66 @ http://localhost:3000/_next/static/chunks/0-ynv9eqilv7x.js:0
[   20888ms] [LOG] Player X: -15.67 Y: -5.79 Z: 20.66 @ http://localhost:3000/_next/static/chunks/0-ynv9eqilv7x.js:0
[   20891ms] [LOG] Player X: -15.67 Y: -5.79 Z: 20.66 @ http://localhost:3000/_next/static/chunks/0-ynv9eqilv7x.js:0
[   20894ms] [LOG] Player X: -15.67 Y: -5.79 Z: 20.66 @ http://localhost:3000/_next/static/chunks/0-ynv9eqilv7x.js:0
[   20898ms] [LOG] Player X: -15.67 Y: -5.79 Z: 20.66 @ http://localhost:3000/_next/static/chunks/0-ynv9eqilv7x.js:0
[   20901ms] [LOG] Player X: -15.67 Y: -5.79 Z: 20.66 @ http://localhost:3000/_next/static/chunks/0-ynv9eqilv7x.js:0
[   20904ms] [LOG] Player X: -15.67 Y: -5.79 Z: 20.66 @ http://localhost:3000/_next/static/chunks/0-ynv9eqilv7x.js:0
[   20908ms] [LOG] Player X: -15.67 Y: -5.79 Z: 20.66 @ http://localhost:3000/_next/static/chunks/0-ynv9eqilv7x.js:0
[   20911ms] [LOG] Player X: -15.67 Y: -5.79 Z: 20.66 @ http://localhost:3000/_next/static/chunks/0-ynv9eqilv7x.js:0
[   20914ms] [LOG] Player X: -15.67 Y: -5.79 Z: 20.66 @ http://localhost:3000/_next/static/chunks/0-ynv9eqilv7x.js:0
[   20918ms] [LOG] Player X: -15.67 Y: -5.79 Z: 20.66 @ http://localhost:3000/_next/static/chunks/0-ynv9eqilv7x.js:0
[   20921ms] [LOG] Player X: -15.67 Y: -5.79 Z: 20.66 @ http://localhost:3000/_next/static/chunks/0-ynv9eqilv7x.js:0
[   20924ms] [LOG] Player X: -15.67 Y: -5.79 Z: 20.66 @ http://localhost:3000/_next/static/chunks/0-ynv9eqilv7x.js:0
[   20928ms] [LOG] Player X: -15.67 Y: -5.79 Z: 20.66 @ http://localhost:3000/_next/static/chunks/0-ynv9eqilv7x.js:0
[   20931ms] [LOG] Player X: -15.67 Y: -5.79 Z: 20.66 @ http://localhost:3000/_next/static/chunks/0-ynv9eqilv7x.js:0
[   20934ms] [LOG] Player X: -15.67 Y: -5.79 Z: 20.66 @ http://localhost:3000/_next/static/chunks/0-ynv9eqilv7x.js:0
[   20938ms] [LOG] Player X: -15.67 Y: -5.79 Z: 20.66 @ http://localhost:3000/_next/static/chunks/0-ynv9eqilv7x.js:0
[   20941ms] [LOG] Player X: -15.67 Y: -5.79 Z: 20.66 @ http://localhost:3000/_next/static/chunks/0-ynv9eqilv7x.js:0
[   20944ms] [LOG] Player X: -15.67 Y: -5.79 Z: 20.66 @ http://localhost:3000/_next/static/chunks/0-ynv9eqilv7x.js:0
[   20948ms] [LOG] Player X: -15.67 Y: -5.79 Z: 20.66 @ http://localhost:3000/_next/static/chunks/0-ynv9eqilv7x.js:0
[   20951ms] [LOG] Player X: -15.67 Y: -5.79 Z: 20.66 @ http://localhost:3000/_next/static/chunks/0-ynv9eqilv7x.js:0
[   20954ms] [LOG] Player X: -15.67 Y: -5.79 Z: 20.66 @ http://localhost:3000/_next/static/chunks/0-ynv9eqilv7x.js:0
[   20958ms] [LOG] Player X: -15.67 Y: -5.79 Z: 20.66 @ http://localhost:3000/_next/static/chunks/0-ynv9eqilv7x.js:0
[   20961ms] [LOG] Player X: -15.67 Y: -5.79 Z: 20.66 @ http://localhost:3000/_next/static/chunks/0-ynv9eqilv7x.js:0
[   20964ms] [LOG] Player X: -15.67 Y: -5.79 Z: 20.66 @ http://localhost:3000/_next/static/chunks/0-ynv9eqilv7x.js:0
[   20968ms] [LOG] Player X: -15.67 Y: -5.79 Z: 20.66 @ http://localhost:3000/_next/static/chunks/0-ynv9eqilv7x.js:0
[   20971ms] [LOG] Player X: -15.67 Y: -5.79 Z: 20.66 @ http://localhost:3000/_next/static/chunks/0-ynv9eqilv7x.js:0
[   20974ms] [LOG] Player X: -15.67 Y: -5.79 Z: 20.66 @ http://localhost:3000/_next/static/chunks/0-ynv9eqilv7x.js:0
[   20978ms] [LOG] Player X: -15.67 Y: -5.79 Z: 20.66 @ http://localhost:3000/_next/static/chunks/0-ynv9eqilv7x.js:0
[   20981ms] [LOG] Player X: -15.67 Y: -5.79 Z: 20.66 @ http://localhost:3000/_next/static/chunks/0-ynv9eqilv7x.js:0
[   20984ms] [LOG] Player X: -15.67 Y: -5.79 Z: 20.66 @ http://localhost:3000/_next/static/chunks/0-ynv9eqilv7x.js:0
[   20988ms] [LOG] Player X: -15.67 Y: -5.79 Z: 20.66 @ http://localhost:3000/_next/static/chunks/0-ynv9eqilv7x.js:0
[   20991ms] [LOG] Player X: -15.67 Y: -5.79 Z: 20.66 @ http://localhost:3000/_next/static/chunks/0-ynv9eqilv7x.js:0
[   20994ms] [LOG] Player X: -15.67 Y: -5.79 Z: 20.66 @ http://localhost:3000/_next/static/chunks/0-ynv9eqilv7x.js:0
[   20997ms] [LOG] Player X: -15.67 Y: -5.79 Z: 20.66 @ http://localhost:3000/_next/static/chunks/0-ynv9eqilv7x.js:0
[   21000ms] [LOG] Player X: -15.67 Y: -5.79 Z: 20.66 @ http://localhost:3000/_next/static/chunks/0-ynv9eqilv7x.js:0
[   21003ms] [LOG] Player X: -15.67 Y: -5.79 Z: 20.66 @ http://localhost:3000/_next/static/chunks/0-ynv9eqilv7x.js:0
[   21007ms] [LOG] Player X: -15.67 Y: -5.79 Z: 20.66 @ http://localhost:3000/_next/static/chunks/0-ynv9eqilv7x.js:0
[   21010ms] [LOG] Player X: -15.67 Y: -5.79 Z: 20.66 @ http://localhost:3000/_next/static/chunks/0-ynv9eqilv7x.js:0
[   21013ms] [LOG] Player X: -15.67 Y: -5.79 Z: 20.66 @ http://localhost:3000/_next/static/chunks/0-ynv9eqilv7x.js:0
[   21017ms] [LOG] Player X: -15.67 Y: -5.79 Z: 20.66 @ http://localhost:3000/_next/static/chunks/0-ynv9eqilv7x.js:0
[   21020ms] [LOG] Player X: -15.67 Y: -5.79 Z: 20.66 @ http://localhost:3000/_next/static/chunks/0-ynv9eqilv7x.js:0
[   21023ms] [LOG] Player X: -15.67 Y: -5.79 Z: 20.66 @ http://localhost:3000/_next/static/chunks/0-ynv9eqilv7x.js:0
[   21027ms] [LOG] Player X: -15.67 Y: -5.79 Z: 20.66 @ http://localhost:3000/_next/static/chunks/0-ynv9eqilv7x.js:0
[   21030ms] [LOG] Player X: -15.67 Y: -5.79 Z: 20.66 @ http://localhost:3000/_next/static/chunks/0-ynv9eqilv7x.js:0
[   21033ms] [LOG] Player X: -15.67 Y: -5.79 Z: 20.66 @ http://localhost:3000/_next/static/chunks/0-ynv9eqilv7x.js:0
[   21037ms] [LOG] Player X: -15.67 Y: -5.79 Z: 20.66 @ http://localhost:3000/_next/static/chunks/0-ynv9eqilv7x.js:0
[   21040ms] [LOG] Player X: -15.67 Y: -5.79 Z: 20.66 @ http://localhost:3000/_next/static/chunks/0-ynv9eqilv7x.js:0
[   21043ms] [LOG] Player X: -15.67 Y: -5.79 Z: 20.66 @ http://localhost:3000/_next/static/chunks/0-ynv9eqilv7x.js:0
[   21047ms] [LOG] Player X: -15.67 Y: -5.79 Z: 20.66 @ http://localhost:3000/_next/static/chunks/0-ynv9eqilv7x.js:0
[   21050ms] [LOG] Player X: -15.67 Y: -5.79 Z: 20.66 @ http://localhost:3000/_next/static/chunks/0-ynv9eqilv7x.js:0
[   21053ms] [LOG] Player X: -15.67 Y: -5.79 Z: 20.66 @ http://localhost:3000/_next/static/chunks/0-ynv9eqilv7x.js:0
[   21057ms] [LOG] Player X: -15.67 Y: -5.79 Z: 20.66 @ http://localhost:3000/_next/static/chunks/0-ynv9eqilv7x.js:0
[   21060ms] [LOG] Player X: -15.67 Y: -5.79 Z: 20.66 @ http://localhost:3000/_next/static/chunks/0-ynv9eqilv7x.js:0
[   21063ms] [LOG] Player X: -15.67 Y: -5.79 Z: 20.66 @ http://localhost:3000/_next/static/chunks/0-ynv9eqilv7x.js:0
[   21067ms] [LOG] Player X: -15.67 Y: -5.79 Z: 20.66 @ http://localhost:3000/_next/static/chunks/0-ynv9eqilv7x.js:0
[   21070ms] [LOG] Player X: -15.67 Y: -5.79 Z: 20.66 @ http://localhost:3000/_next/static/chunks/0-ynv9eqilv7x.js:0
[   21073ms] [LOG] Player X: -15.67 Y: -5.79 Z: 20.66 @ http://localhost:3000/_next/static/chunks/0-ynv9eqilv7x.js:0
[   21077ms] [LOG] Player X: -15.67 Y: -5.79 Z: 20.66 @ http://localhost:3000/_next/static/chunks/0-ynv9eqilv7x.js:0
[   21080ms] [LOG] Player X: -15.67 Y: -5.79 Z: 20.66 @ http://localhost:3000/_next/static/chunks/0-ynv9eqilv7x.js:0
[   21083ms] [LOG] Player X: -15.67 Y: -5.79 Z: 20.66 @ http://localhost:3000/_next/static/chunks/0-ynv9eqilv7x.js:0
[   21087ms] [LOG] Player X: -15.67 Y: -5.79 Z: 20.66 @ http://localhost:3000/_next/static/chunks/0-ynv9eqilv7x.js:0
[   21090ms] [LOG] Player X: -15.67 Y: -5.79 Z: 20.66 @ http://localhost:3000/_next/static/chunks/0-ynv9eqilv7x.js:0
[   21093ms] [LOG] Player X: -15.67 Y: -5.79 Z: 20.66 @ http://localhost:3000/_next/static/chunks/0-ynv9eqilv7x.js:0
[   21097ms] [LOG] Player X: -15.67 Y: -5.79 Z: 20.66 @ http://localhost:3000/_next/static/chunks/0-ynv9eqilv7x.js:0
[   21100ms] [LOG] Player X: -15.67 Y: -5.79 Z: 20.66 @ http://localhost:3000/_next/static/chunks/0-ynv9eqilv7x.js:0
[   21103ms] [LOG] Player X: -15.67 Y: -5.79 Z: 20.66 @ http://localhost:3000/_next/static/chunks/0-ynv9eqilv7x.js:0
[   21107ms] [LOG] Player X: -15.67 Y: -5.79 Z: 20.66 @ http://localhost:3000/_next/static/chunks/0-ynv9eqilv7x.js:0
[   21110ms] [LOG] Player X: -15.67 Y: -5.79 Z: 20.66 @ http://localhost:3000/_next/static/chunks/0-ynv9eqilv7x.js:0
[   21113ms] [LOG] Player X: -15.67 Y: -5.79 Z: 20.66 @ http://localhost:3000/_next/static/chunks/0-ynv9eqilv7x.js:0
[   21117ms] [LOG] Player X: -15.67 Y: -5.79 Z: 20.66 @ http://localhost:3000/_next/static/chunks/0-ynv9eqilv7x.js:0
[   21120ms] [LOG] Player X: -15.67 Y: -5.79 Z: 20.66 @ http://localhost:3000/_next/static/chunks/0-ynv9eqilv7x.js:0
[   21123ms] [LOG] Player X: -15.67 Y: -5.79 Z: 20.66 @ http://localhost:3000/_next/static/chunks/0-ynv9eqilv7x.js:0
[   21127ms] [LOG] Player X: -15.67 Y: -5.79 Z: 20.66 @ http://localhost:3000/_next/static/chunks/0-ynv9eqilv7x.js:0
[   21130ms] [LOG] Player X: -15.67 Y: -5.79 Z: 20.66 @ http://localhost:3000/_next/static/chunks/0-ynv9eqilv7x.js:0
[   21133ms] [LOG] Player X: -15.67 Y: -5.79 Z: 20.66 @ http://localhost:3000/_next/static/chunks/0-ynv9eqilv7x.js:0
[   21137ms] [LOG] Player X: -15.67 Y: -5.79 Z: 20.66 @ http://localhost:3000/_next/static/chunks/0-ynv9eqilv7x.js:0
[   21140ms] [LOG] Player X: -15.67 Y: -5.79 Z: 20.66 @ http://localhost:3000/_next/static/chunks/0-ynv9eqilv7x.js:0
[   21143ms] [LOG] Player X: -15.67 Y: -5.79 Z: 20.66 @ http://localhost:3000/_next/static/chunks/0-ynv9eqilv7x.js:0
[   21147ms] [LOG] Player X: -15.67 Y: -5.79 Z: 20.66 @ http://localhost:3000/_next/static/chunks/0-ynv9eqilv7x.js:0
[   21150ms] [LOG] Player X: -15.67 Y: -5.79 Z: 20.66 @ http://localhost:3000/_next/static/chunks/0-ynv9eqilv7x.js:0
[   21153ms] [LOG] Player X: -15.67 Y: -5.79 Z: 20.66 @ http://localhost:3000/_next/static/chunks/0-ynv9eqilv7x.js:0
[   21157ms] [LOG] Player X: -15.67 Y: -5.79 Z: 20.66 @ http://localhost:3000/_next/static/chunks/0-ynv9eqilv7x.js:0
[   21160ms] [LOG] Player X: -15.67 Y: -5.79 Z: 20.66 @ http://localhost:3000/_next/static/chunks/0-ynv9eqilv7x.js:0
[   21163ms] [LOG] Player X: -15.67 Y: -5.79 Z: 20.66 @ http://localhost:3000/_next/static/chunks/0-ynv9eqilv7x.js:0
[   21167ms] [LOG] Player X: -15.67 Y: -5.79 Z: 20.66 @ http://localhost:3000/_next/static/chunks/0-ynv9eqilv7x.js:0
[   21170ms] [LOG] Player X: -15.67 Y: -5.79 Z: 20.66 @ http://localhost:3000/_next/static/chunks/0-ynv9eqilv7x.js:0
[   21173ms] [LOG] Player X: -15.67 Y: -5.79 Z: 20.66 @ http://localhost:3000/_next/static/chunks/0-ynv9eqilv7x.js:0
[   21177ms] [LOG] Player X: -15.67 Y: -5.79 Z: 20.66 @ http://localhost:3000/_next/static/chunks/0-ynv9eqilv7x.js:0
[   21180ms] [LOG] Player X: -15.67 Y: -5.79 Z: 20.66 @ http://localhost:3000/_next/static/chunks/0-ynv9eqilv7x.js:0
[   21183ms] [LOG] Player X: -15.67 Y: -5.79 Z: 20.66 @ http://localhost:3000/_next/static/chunks/0-ynv9eqilv7x.js:0
[   21187ms] [LOG] Player X: -15.67 Y: -5.79 Z: 20.66 @ http://localhost:3000/_next/static/chunks/0-ynv9eqilv7x.js:0
[   21190ms] [LOG] Player X: -15.67 Y: -5.79 Z: 20.66 @ http://localhost:3000/_next/static/chunks/0-ynv9eqilv7x.js:0
[   21193ms] [LOG] Player X: -15.67 Y: -5.79 Z: 20.66 @ http://localhost:3000/_next/static/chunks/0-ynv9eqilv7x.js:0
[   21197ms] [LOG] Player X: -15.67 Y: -5.79 Z: 20.66 @ http://localhost:3000/_next/static/chunks/0-ynv9eqilv7x.js:0
[   21200ms] [LOG] Player X: -15.67 Y: -5.79 Z: 20.66 @ http://localhost:3000/_next/static/chunks/0-ynv9eqilv7x.js:0
[   21203ms] [LOG] Player X: -15.67 Y: -5.79 Z: 20.66 @ http://localhost:3000/_next/static/chunks/0-ynv9eqilv7x.js:0
[   21207ms] [LOG] Player X: -15.67 Y: -5.79 Z: 20.66 @ http://localhost:3000/_next/static/chunks/0-ynv9eqilv7x.js:0
[   21210ms] [LOG] Player X: -15.67 Y: -5.79 Z: 20.66 @ http://localhost:3000/_next/static/chunks/0-ynv9eqilv7x.js:0
[   21213ms] [LOG] Player X: -15.67 Y: -5.79 Z: 20.66 @ http://localhost:3000/_next/static/chunks/0-ynv9eqilv7x.js:0
[   21217ms] [LOG] Player X: -15.67 Y: -5.79 Z: 20.66 @ http://localhost:3000/_next/static/chunks/0-ynv9eqilv7x.js:0
[   21220ms] [LOG] Player X: -15.67 Y: -5.79 Z: 20.66 @ http://localhost:3000/_next/static/chunks/0-ynv9eqilv7x.js:0
[   21223ms] [LOG] Player X: -15.67 Y: -5.79 Z: 20.66 @ http://localhost:3000/_next/static/chunks/0-ynv9eqilv7x.js:0
[   21227ms] [LOG] Player X: -15.67 Y: -5.79 Z: 20.66 @ http://localhost:3000/_next/static/chunks/0-ynv9eqilv7x.js:0
[   21230ms] [LOG] Player X: -15.67 Y: -5.79 Z: 20.66 @ http://localhost:3000/_next/static/chunks/0-ynv9eqilv7x.js:0
[   21233ms] [LOG] Player X: -15.67 Y: -5.79 Z: 20.66 @ http://localhost:3000/_next/static/chunks/0-ynv9eqilv7x.js:0
[   21237ms] [LOG] Player X: -15.67 Y: -5.79 Z: 20.66 @ http://localhost:3000/_next/static/chunks/0-ynv9eqilv7x.js:0
[   21240ms] [LOG] Player X: -15.67 Y: -5.79 Z: 20.66 @ http://localhost:3000/_next/static/chunks/0-ynv9eqilv7x.js:0
[   21243ms] [LOG] Player X: -15.67 Y: -5.79 Z: 20.66 @ http://localhost:3000/_next/static/chunks/0-ynv9eqilv7x.js:0
[   21247ms] [LOG] Player X: -15.67 Y: -5.79 Z: 20.66 @ http://localhost:3000/_next/static/chunks/0-ynv9eqilv7x.js:0
[   21250ms] [LOG] Player X: -15.67 Y: -5.79 Z: 20.66 @ http://localhost:3000/_next/static/chunks/0-ynv9eqilv7x.js:0
[   21253ms] [LOG] Player X: -15.67 Y: -5.79 Z: 20.66 @ http://localhost:3000/_next/static/chunks/0-ynv9eqilv7x.js:0
[   21257ms] [LOG] Player X: -15.67 Y: -5.79 Z: 20.66 @ http://localhost:3000/_next/static/chunks/0-ynv9eqilv7x.js:0
[   21260ms] [LOG] Player X: -15.67 Y: -5.79 Z: 20.66 @ http://localhost:3000/_next/static/chunks/0-ynv9eqilv7x.js:0
[   21263ms] [LOG] Player X: -15.67 Y: -5.79 Z: 20.66 @ http://localhost:3000/_next/static/chunks/0-ynv9eqilv7x.js:0
[   21267ms] [LOG] Player X: -15.67 Y: -5.79 Z: 20.66 @ http://localhost:3000/_next/static/chunks/0-ynv9eqilv7x.js:0
[   21270ms] [LOG] Player X: -15.67 Y: -5.79 Z: 20.66 @ http://localhost:3000/_next/static/chunks/0-ynv9eqilv7x.js:0
[   21273ms] [LOG] Player X: -15.67 Y: -5.79 Z: 20.66 @ http://localhost:3000/_next/static/chunks/0-ynv9eqilv7x.js:0
[   21277ms] [LOG] Player X: -15.67 Y: -5.79 Z: 20.66 @ http://localhost:3000/_next/static/chunks/0-ynv9eqilv7x.js:0
[   21280ms] [LOG] Player X: -15.67 Y: -5.79 Z: 20.66 @ http://localhost:3000/_next/static/chunks/0-ynv9eqilv7x.js:0
[   21283ms] [LOG] Player X: -15.67 Y: -5.79 Z: 20.66 @ http://localhost:3000/_next/static/chunks/0-ynv9eqilv7x.js:0
[   21286ms] [LOG] Player X: -15.67 Y: -5.79 Z: 20.66 @ http://localhost:3000/_next/static/chunks/0-ynv9eqilv7x.js:0
[   21290ms] [LOG] Player X: -15.67 Y: -5.79 Z: 20.66 @ http://localhost:3000/_next/static/chunks/0-ynv9eqilv7x.js:0
[   21293ms] [LOG] Player X: -15.67 Y: -5.79 Z: 20.66 @ http://localhost:3000/_next/static/chunks/0-ynv9eqilv7x.js:0
[   21297ms] [LOG] Player X: -15.67 Y: -5.79 Z: 20.66 @ http://localhost:3000/_next/static/chunks/0-ynv9eqilv7x.js:0
[   21300ms] [LOG] Player X: -15.67 Y: -5.79 Z: 20.66 @ http://localhost:3000/_next/static/chunks/0-ynv9eqilv7x.js:0
[   21303ms] [LOG] Player X: -15.67 Y: -5.79 Z: 20.66 @ http://localhost:3000/_next/static/chunks/0-ynv9eqilv7x.js:0
[   21307ms] [LOG] Player X: -15.67 Y: -5.79 Z: 20.66 @ http://localhost:3000/_next/static/chunks/0-ynv9eqilv7x.js:0
[   21310ms] [LOG] Player X: -15.67 Y: -5.79 Z: 20.66 @ http://localhost:3000/_next/static/chunks/0-ynv9eqilv7x.js:0
[   21313ms] [LOG] Player X: -15.67 Y: -5.79 Z: 20.66 @ http://localhost:3000/_next/static/chunks/0-ynv9eqilv7x.js:0
[   21317ms] [LOG] Player X: -15.67 Y: -5.79 Z: 20.66 @ http://localhost:3000/_next/static/chunks/0-ynv9eqilv7x.js:0
[   21320ms] [LOG] Player X: -15.67 Y: -5.79 Z: 20.66 @ http://localhost:3000/_next/static/chunks/0-ynv9eqilv7x.js:0
[   21323ms] [LOG] Player X: -15.67 Y: -5.79 Z: 20.66 @ http://localhost:3000/_next/static/chunks/0-ynv9eqilv7x.js:0
[   21327ms] [LOG] Player X: -15.67 Y: -5.79 Z: 20.66 @ http://localhost:3000/_next/static/chunks/0-ynv9eqilv7x.js:0
[   21330ms] [LOG] Player X: -15.67 Y: -5.79 Z: 20.66 @ http://localhost:3000/_next/static/chunks/0-ynv9eqilv7x.js:0
[   21333ms] [LOG] Player X: -15.67 Y: -5.79 Z: 20.66 @ http://localhost:3000/_next/static/chunks/0-ynv9eqilv7x.js:0
[   21337ms] [LOG] Player X: -15.67 Y: -5.79 Z: 20.66 @ http://localhost:3000/_next/static/chunks/0-ynv9eqilv7x.js:0
[   21340ms] [LOG] Player X: -15.67 Y: -5.79 Z: 20.66 @ http://localhost:3000/_next/static/chunks/0-ynv9eqilv7x.js:0
[   21343ms] [LOG] Player X: -15.67 Y: -5.79 Z: 20.66 @ http://localhost:3000/_next/static/chunks/0-ynv9eqilv7x.js:0
[   21346ms] [LOG] Player X: -15.67 Y: -5.79 Z: 20.66 @ http://localhost:3000/_next/static/chunks/0-ynv9eqilv7x.js:0
[   21350ms] [LOG] Player X: -15.67 Y: -5.79 Z: 20.66 @ http://localhost:3000/_next/static/chunks/0-ynv9eqilv7x.js:0
[   21353ms] [LOG] Player X: -15.67 Y: -5.79 Z: 20.66 @ http://localhost:3000/_next/static/chunks/0-ynv9eqilv7x.js:0
[   21357ms] [LOG] Player X: -15.67 Y: -5.79 Z: 20.66 @ http://localhost:3000/_next/static/chunks/0-ynv9eqilv7x.js:0
[   21360ms] [LOG] Player X: -15.67 Y: -5.79 Z: 20.66 @ http://localhost:3000/_next/static/chunks/0-ynv9eqilv7x.js:0
[   21363ms] [LOG] Player X: -15.67 Y: -5.79 Z: 20.66 @ http://localhost:3000/_next/static/chunks/0-ynv9eqilv7x.js:0
[   21367ms] [LOG] Player X: -15.67 Y: -5.79 Z: 20.66 @ http://localhost:3000/_next/static/chunks/0-ynv9eqilv7x.js:0
[   21370ms] [LOG] Player X: -15.67 Y: -5.79 Z: 20.66 @ http://localhost:3000/_next/static/chunks/0-ynv9eqilv7x.js:0
[   21373ms] [LOG] Player X: -15.67 Y: -5.79 Z: 20.66 @ http://localhost:3000/_next/static/chunks/0-ynv9eqilv7x.js:0
[   21377ms] [LOG] Player X: -15.67 Y: -5.79 Z: 20.66 @ http://localhost:3000/_next/static/chunks/0-ynv9eqilv7x.js:0
[   21380ms] [LOG] Player X: -15.67 Y: -5.79 Z: 20.66 @ http://localhost:3000/_next/static/chunks/0-ynv9eqilv7x.js:0
[   21383ms] [LOG] Player X: -15.67 Y: -5.79 Z: 20.66 @ http://localhost:3000/_next/static/chunks/0-ynv9eqilv7x.js:0
[   21387ms] [LOG] Player X: -15.67 Y: -5.79 Z: 20.66 @ http://localhost:3000/_next/static/chunks/0-ynv9eqilv7x.js:0
[   21390ms] [LOG] Player X: -15.67 Y: -5.79 Z: 20.66 @ http://localhost:3000/_next/static/chunks/0-ynv9eqilv7x.js:0
[   21393ms] [LOG] Player X: -15.67 Y: -5.79 Z: 20.66 @ http://localhost:3000/_next/static/chunks/0-ynv9eqilv7x.js:0
[   21397ms] [LOG] Player X: -15.67 Y: -5.79 Z: 20.66 @ http://localhost:3000/_next/static/chunks/0-ynv9eqilv7x.js:0
[   21400ms] [LOG] Player X: -15.67 Y: -5.79 Z: 20.66 @ http://localhost:3000/_next/static/chunks/0-ynv9eqilv7x.js:0
[   21403ms] [LOG] Player X: -15.67 Y: -5.79 Z: 20.66 @ http://localhost:3000/_next/static/chunks/0-ynv9eqilv7x.js:0
[   21407ms] [LOG] Player X: -15.67 Y: -5.79 Z: 20.66 @ http://localhost:3000/_next/static/chunks/0-ynv9eqilv7x.js:0
[   21410ms] [LOG] Player X: -15.67 Y: -5.79 Z: 20.66 @ http://localhost:3000/_next/static/chunks/0-ynv9eqilv7x.js:0
[   21413ms] [LOG] Player X: -15.67 Y: -5.79 Z: 20.66 @ http://localhost:3000/_next/static/chunks/0-ynv9eqilv7x.js:0
[   21417ms] [LOG] Player X: -15.67 Y: -5.79 Z: 20.66 @ http://localhost:3000/_next/static/chunks/0-ynv9eqilv7x.js:0
[   21421ms] [LOG] Player X: -15.67 Y: -5.79 Z: 20.66 @ http://localhost:3000/_next/static/chunks/0-ynv9eqilv7x.js:0
[   21423ms] [LOG] Player X: -15.67 Y: -5.79 Z: 20.66 @ http://localhost:3000/_next/static/chunks/0-ynv9eqilv7x.js:0
[   21427ms] [LOG] Player X: -15.67 Y: -5.79 Z: 20.66 @ http://localhost:3000/_next/static/chunks/0-ynv9eqilv7x.js:0
[   21430ms] [LOG] Player X: -15.67 Y: -5.79 Z: 20.66 @ http://localhost:3000/_next/static/chunks/0-ynv9eqilv7x.js:0
[   21433ms] [LOG] Player X: -15.67 Y: -5.79 Z: 20.66 @ http://localhost:3000/_next/static/chunks/0-ynv9eqilv7x.js:0
[   21437ms] [LOG] Player X: -15.67 Y: -5.79 Z: 20.66 @ http://localhost:3000/_next/static/chunks/0-ynv9eqilv7x.js:0
[   21440ms] [LOG] Player X: -15.67 Y: -5.79 Z: 20.66 @ http://localhost:3000/_next/static/chunks/0-ynv9eqilv7x.js:0
[   21443ms] [LOG] Player X: -15.67 Y: -5.79 Z: 20.66 @ http://localhost:3000/_next/static/chunks/0-ynv9eqilv7x.js:0
[   21447ms] [LOG] Player X: -15.67 Y: -5.79 Z: 20.66 @ http://localhost:3000/_next/static/chunks/0-ynv9eqilv7x.js:0
[   21450ms] [LOG] Player X: -15.67 Y: -5.79 Z: 20.66 @ http://localhost:3000/_next/static/chunks/0-ynv9eqilv7x.js:0
[   21453ms] [LOG] Player X: -15.67 Y: -5.79 Z: 20.66 @ http://localhost:3000/_next/static/chunks/0-ynv9eqilv7x.js:0
[   21457ms] [LOG] Player X: -15.67 Y: -5.79 Z: 20.66 @ http://localhost:3000/_next/static/chunks/0-ynv9eqilv7x.js:0
[   21460ms] [LOG] Player X: -15.67 Y: -5.79 Z: 20.66 @ http://localhost:3000/_next/static/chunks/0-ynv9eqilv7x.js:0
[   21463ms] [LOG] Player X: -15.67 Y: -5.79 Z: 20.66 @ http://localhost:3000/_next/static/chunks/0-ynv9eqilv7x.js:0
[   21467ms] [LOG] Player X: -15.67 Y: -5.79 Z: 20.66 @ http://localhost:3000/_next/static/chunks/0-ynv9eqilv7x.js:0
[   21470ms] [LOG] Player X: -15.67 Y: -5.79 Z: 20.66 @ http://localhost:3000/_next/static/chunks/0-ynv9eqilv7x.js:0
[   21473ms] [LOG] Player X: -15.67 Y: -5.79 Z: 20.66 @ http://localhost:3000/_next/static/chunks/0-ynv9eqilv7x.js:0
[   21477ms] [LOG] Player X: -15.67 Y: -5.79 Z: 20.66 @ http://localhost:3000/_next/static/chunks/0-ynv9eqilv7x.js:0
[   21480ms] [LOG] Player X: -15.67 Y: -5.79 Z: 20.66 @ http://localhost:3000/_next/static/chunks/0-ynv9eqilv7x.js:0
[   21483ms] [LOG] Player X: -15.67 Y: -5.79 Z: 20.66 @ http://localhost:3000/_next/static/chunks/0-ynv9eqilv7x.js:0
[   21487ms] [LOG] Player X: -15.67 Y: -5.79 Z: 20.66 @ http://localhost:3000/_next/static/chunks/0-ynv9eqilv7x.js:0
[   21490ms] [LOG] Player X: -15.67 Y: -5.79 Z: 20.66 @ http://localhost:3000/_next/static/chunks/0-ynv9eqilv7x.js:0
[   21493ms] [LOG] Player X: -15.67 Y: -5.79 Z: 20.66 @ http://localhost:3000/_next/static/chunks/0-ynv9eqilv7x.js:0
[   21497ms] [LOG] Player X: -15.67 Y: -5.79 Z: 20.66 @ http://localhost:3000/_next/static/chunks/0-ynv9eqilv7x.js:0
[   21500ms] [LOG] Player X: -15.67 Y: -5.79 Z: 20.66 @ http://localhost:3000/_next/static/chunks/0-ynv9eqilv7x.js:0
[   21503ms] [LOG] Player X: -15.67 Y: -5.79 Z: 20.66 @ http://localhost:3000/_next/static/chunks/0-ynv9eqilv7x.js:0
[   21507ms] [LOG] Player X: -15.67 Y: -5.79 Z: 20.66 @ http://localhost:3000/_next/static/chunks/0-ynv9eqilv7x.js:0
[   21510ms] [LOG] Player X: -15.67 Y: -5.79 Z: 20.66 @ http://localhost:3000/_next/static/chunks/0-ynv9eqilv7x.js:0
[   21513ms] [LOG] Player X: -15.67 Y: -5.79 Z: 20.66 @ http://localhost:3000/_next/static/chunks/0-ynv9eqilv7x.js:0
[   21517ms] [LOG] Player X: -15.67 Y: -5.79 Z: 20.66 @ http://localhost:3000/_next/static/chunks/0-ynv9eqilv7x.js:0
[   21521ms] [LOG] Player X: -15.67 Y: -5.79 Z: 20.66 @ http://localhost:3000/_next/static/chunks/0-ynv9eqilv7x.js:0
[   21523ms] [LOG] Player X: -15.67 Y: -5.79 Z: 20.66 @ http://localhost:3000/_next/static/chunks/0-ynv9eqilv7x.js:0
[   21527ms] [LOG] Player X: -15.67 Y: -5.79 Z: 20.66 @ http://localhost:3000/_next/static/chunks/0-ynv9eqilv7x.js:0
[   21530ms] [LOG] Player X: -15.67 Y: -5.79 Z: 20.66 @ http://localhost:3000/_next/static/chunks/0-ynv9eqilv7x.js:0
[   21533ms] [LOG] Player X: -15.67 Y: -5.79 Z: 20.66 @ http://localhost:3000/_next/static/chunks/0-ynv9eqilv7x.js:0
[   21537ms] [LOG] Player X: -15.67 Y: -5.79 Z: 20.66 @ http://localhost:3000/_next/static/chunks/0-ynv9eqilv7x.js:0
[   21540ms] [LOG] Player X: -15.67 Y: -5.79 Z: 20.66 @ http://localhost:3000/_next/static/chunks/0-ynv9eqilv7x.js:0
[   21543ms] [LOG] Player X: -15.67 Y: -5.79 Z: 20.66 @ http://localhost:3000/_next/static/chunks/0-ynv9eqilv7x.js:0
[   21547ms] [LOG] Player X: -15.67 Y: -5.79 Z: 20.66 @ http://localhost:3000/_next/static/chunks/0-ynv9eqilv7x.js:0
[   21550ms] [LOG] Player X: -15.67 Y: -5.79 Z: 20.66 @ http://localhost:3000/_next/static/chunks/0-ynv9eqilv7x.js:0
[   21553ms] [LOG] Player X: -15.67 Y: -5.79 Z: 20.66 @ http://localhost:3000/_next/static/chunks/0-ynv9eqilv7x.js:0
[   21557ms] [LOG] Player X: -15.67 Y: -5.79 Z: 20.66 @ http://localhost:3000/_next/static/chunks/0-ynv9eqilv7x.js:0
[   21560ms] [LOG] Player X: -15.67 Y: -5.79 Z: 20.66 @ http://localhost:3000/_next/static/chunks/0-ynv9eqilv7x.js:0
[   21563ms] [LOG] Player X: -15.67 Y: -5.79 Z: 20.66 @ http://localhost:3000/_next/static/chunks/0-ynv9eqilv7x.js:0
[   21567ms] [LOG] Player X: -15.67 Y: -5.79 Z: 20.66 @ http://localhost:3000/_next/static/chunks/0-ynv9eqilv7x.js:0
[   21570ms] [LOG] Player X: -15.67 Y: -5.79 Z: 20.66 @ http://localhost:3000/_next/static/chunks/0-ynv9eqilv7x.js:0
[   21573ms] [LOG] Player X: -15.67 Y: -5.79 Z: 20.66 @ http://localhost:3000/_next/static/chunks/0-ynv9eqilv7x.js:0
[   21577ms] [LOG] Player X: -15.67 Y: -5.79 Z: 20.66 @ http://localhost:3000/_next/static/chunks/0-ynv9eqilv7x.js:0
[   21580ms] [LOG] Player X: -15.67 Y: -5.79 Z: 20.66 @ http://localhost:3000/_next/static/chunks/0-ynv9eqilv7x.js:0
[   21583ms] [LOG] Player X: -15.67 Y: -5.79 Z: 20.66 @ http://localhost:3000/_next/static/chunks/0-ynv9eqilv7x.js:0
[   21587ms] [LOG] Player X: -15.67 Y: -5.79 Z: 20.66 @ http://localhost:3000/_next/static/chunks/0-ynv9eqilv7x.js:0
[   21590ms] [LOG] Player X: -15.67 Y: -5.79 Z: 20.66 @ http://localhost:3000/_next/static/chunks/0-ynv9eqilv7x.js:0
[   21593ms] [LOG] Player X: -15.67 Y: -5.79 Z: 20.66 @ http://localhost:3000/_next/static/chunks/0-ynv9eqilv7x.js:0
[   21597ms] [LOG] Player X: -15.67 Y: -5.79 Z: 20.66 @ http://localhost:3000/_next/static/chunks/0-ynv9eqilv7x.js:0
[   21600ms] [LOG] Player X: -15.67 Y: -5.79 Z: 20.66 @ http://localhost:3000/_next/static/chunks/0-ynv9eqilv7x.js:0
[   21603ms] [LOG] Player X: -15.67 Y: -5.79 Z: 20.66 @ http://localhost:3000/_next/static/chunks/0-ynv9eqilv7x.js:0
[   21607ms] [LOG] Player X: -15.67 Y: -5.79 Z: 20.66 @ http://localhost:3000/_next/static/chunks/0-ynv9eqilv7x.js:0
[   21610ms] [LOG] Player X: -15.67 Y: -5.79 Z: 20.66 @ http://localhost:3000/_next/static/chunks/0-ynv9eqilv7x.js:0
[   21613ms] [LOG] Player X: -15.67 Y: -5.79 Z: 20.66 @ http://localhost:3000/_next/static/chunks/0-ynv9eqilv7x.js:0
[   21617ms] [LOG] Player X: -15.67 Y: -5.79 Z: 20.66 @ http://localhost:3000/_next/static/chunks/0-ynv9eqilv7x.js:0
[   21620ms] [LOG] Player X: -15.67 Y: -5.79 Z: 20.66 @ http://localhost:3000/_next/static/chunks/0-ynv9eqilv7x.js:0
[   21623ms] [LOG] Player X: -15.67 Y: -5.79 Z: 20.66 @ http://localhost:3000/_next/static/chunks/0-ynv9eqilv7x.js:0
[   21627ms] [LOG] Player X: -15.67 Y: -5.79 Z: 20.66 @ http://localhost:3000/_next/static/chunks/0-ynv9eqilv7x.js:0
[   21630ms] [LOG] Player X: -15.67 Y: -5.79 Z: 20.66 @ http://localhost:3000/_next/static/chunks/0-ynv9eqilv7x.js:0
[   21633ms] [LOG] Player X: -15.67 Y: -5.79 Z: 20.66 @ http://localhost:3000/_next/static/chunks/0-ynv9eqilv7x.js:0
[   21637ms] [LOG] Player X: -15.67 Y: -5.79 Z: 20.66 @ http://localhost:3000/_next/static/chunks/0-ynv9eqilv7x.js:0
[   21640ms] [LOG] Player X: -15.67 Y: -5.79 Z: 20.66 @ http://localhost:3000/_next/static/chunks/0-ynv9eqilv7x.js:0
[   21643ms] [LOG] Player X: -15.67 Y: -5.79 Z: 20.66 @ http://localhost:3000/_next/static/chunks/0-ynv9eqilv7x.js:0
[   21647ms] [LOG] Player X: -15.67 Y: -5.79 Z: 20.66 @ http://localhost:3000/_next/static/chunks/0-ynv9eqilv7x.js:0
[   21650ms] [LOG] Player X: -15.67 Y: -5.79 Z: 20.66 @ http://localhost:3000/_next/static/chunks/0-ynv9eqilv7x.js:0
[   21653ms] [LOG] Player X: -15.67 Y: -5.79 Z: 20.66 @ http://localhost:3000/_next/static/chunks/0-ynv9eqilv7x.js:0
[   21657ms] [LOG] Player X: -15.67 Y: -5.79 Z: 20.66 @ http://localhost:3000/_next/static/chunks/0-ynv9eqilv7x.js:0
[   21660ms] [LOG] Player X: -15.67 Y: -5.79 Z: 20.66 @ http://localhost:3000/_next/static/chunks/0-ynv9eqilv7x.js:0
[   21664ms] [LOG] Player X: -15.67 Y: -5.79 Z: 20.66 @ http://localhost:3000/_next/static/chunks/0-ynv9eqilv7x.js:0
[   21667ms] [LOG] Player X: -15.67 Y: -5.79 Z: 20.66 @ http://localhost:3000/_next/static/chunks/0-ynv9eqilv7x.js:0
[   21670ms] [LOG] Player X: -15.67 Y: -5.79 Z: 20.66 @ http://localhost:3000/_next/static/chunks/0-ynv9eqilv7x.js:0
[   21673ms] [LOG] Player X: -15.67 Y: -5.79 Z: 20.66 @ http://localhost:3000/_next/static/chunks/0-ynv9eqilv7x.js:0
[   21677ms] [LOG] Player X: -15.67 Y: -5.79 Z: 20.66 @ http://localhost:3000/_next/static/chunks/0-ynv9eqilv7x.js:0
[   21680ms] [LOG] Player X: -15.67 Y: -5.79 Z: 20.66 @ http://localhost:3000/_next/static/chunks/0-ynv9eqilv7x.js:0
[   21684ms] [LOG] Player X: -15.67 Y: -5.79 Z: 20.66 @ http://localhost:3000/_next/static/chunks/0-ynv9eqilv7x.js:0
[   21687ms] [LOG] Player X: -15.67 Y: -5.79 Z: 20.66 @ http://localhost:3000/_next/static/chunks/0-ynv9eqilv7x.js:0
[   21690ms] [LOG] Player X: -15.67 Y: -5.79 Z: 20.66 @ http://localhost:3000/_next/static/chunks/0-ynv9eqilv7x.js:0
[   21694ms] [LOG] Player X: -15.67 Y: -5.79 Z: 20.66 @ http://localhost:3000/_next/static/chunks/0-ynv9eqilv7x.js:0
[   21697ms] [LOG] Player X: -15.67 Y: -5.79 Z: 20.66 @ http://localhost:3000/_next/static/chunks/0-ynv9eqilv7x.js:0
[   21700ms] [LOG] Player X: -15.67 Y: -5.79 Z: 20.66 @ http://localhost:3000/_next/static/chunks/0-ynv9eqilv7x.js:0
[   21704ms] [LOG] Player X: -15.67 Y: -5.79 Z: 20.66 @ http://localhost:3000/_next/static/chunks/0-ynv9eqilv7x.js:0
[   21707ms] [LOG] Player X: -15.67 Y: -5.79 Z: 20.66 @ http://localhost:3000/_next/static/chunks/0-ynv9eqilv7x.js:0
[   21710ms] [LOG] Player X: -15.67 Y: -5.79 Z: 20.66 @ http://localhost:3000/_next/static/chunks/0-ynv9eqilv7x.js:0
[   21714ms] [LOG] Player X: -15.67 Y: -5.79 Z: 20.66 @ http://localhost:3000/_next/static/chunks/0-ynv9eqilv7x.js:0
[   21717ms] [LOG] Player X: -15.67 Y: -5.79 Z: 20.66 @ http://localhost:3000/_next/static/chunks/0-ynv9eqilv7x.js:0
[   21720ms] [LOG] Player X: -15.67 Y: -5.79 Z: 20.66 @ http://localhost:3000/_next/static/chunks/0-ynv9eqilv7x.js:0
[   21724ms] [LOG] Player X: -15.59 Y: -5.78 Z: 20.60 @ http://localhost:3000/_next/static/chunks/0-ynv9eqilv7x.js:0
[   21727ms] [LOG] Player X: -15.50 Y: -5.78 Z: 20.55 @ http://localhost:3000/_next/static/chunks/0-ynv9eqilv7x.js:0
[   21730ms] [LOG] Player X: -15.42 Y: -5.77 Z: 20.49 @ http://localhost:3000/_next/static/chunks/0-ynv9eqilv7x.js:0
[   21734ms] [LOG] Player X: -15.34 Y: -5.77 Z: 20.43 @ http://localhost:3000/_next/static/chunks/0-ynv9eqilv7x.js:0
[   21737ms] [LOG] Player X: -15.25 Y: -5.76 Z: 20.38 @ http://localhost:3000/_next/static/chunks/0-ynv9eqilv7x.js:0
[   21740ms] [LOG] Player X: -15.17 Y: -5.76 Z: 20.32 @ http://localhost:3000/_next/static/chunks/0-ynv9eqilv7x.js:0
[   21744ms] [LOG] Player X: -15.09 Y: -5.75 Z: 20.27 @ http://localhost:3000/_next/static/chunks/0-ynv9eqilv7x.js:0
[   21747ms] [LOG] Player X: -15.01 Y: -5.74 Z: 20.21 @ http://localhost:3000/_next/static/chunks/0-ynv9eqilv7x.js:0
[   21750ms] [LOG] Player X: -14.92 Y: -5.74 Z: 20.15 @ http://localhost:3000/_next/static/chunks/0-ynv9eqilv7x.js:0
[   21754ms] [LOG] Player X: -14.84 Y: -5.73 Z: 20.10 @ http://localhost:3000/_next/static/chunks/0-ynv9eqilv7x.js:0
[   21757ms] [LOG] Player X: -14.76 Y: -5.73 Z: 20.04 @ http://localhost:3000/_next/static/chunks/0-ynv9eqilv7x.js:0
[   21760ms] [LOG] Player X: -14.68 Y: -5.72 Z: 19.98 @ http://localhost:3000/_next/static/chunks/0-ynv9eqilv7x.js:0
[   21763ms] [LOG] Player X: -14.60 Y: -5.72 Z: 19.92 @ http://localhost:3000/_next/static/chunks/0-ynv9eqilv7x.js:0
[   21767ms] [LOG] Player X: -14.51 Y: -5.71 Z: 19.87 @ http://localhost:3000/_next/static/chunks/0-ynv9eqilv7x.js:0
[   21770ms] [LOG] Player X: -14.43 Y: -5.71 Z: 19.81 @ http://localhost:3000/_next/static/chunks/0-ynv9eqilv7x.js:0
[   21773ms] [LOG] Player X: -14.35 Y: -5.70 Z: 19.75 @ http://localhost:3000/_next/static/chunks/0-ynv9eqilv7x.js:0
[   21777ms] [LOG] Player X: -14.27 Y: -5.70 Z: 19.69 @ http://localhost:3000/_next/static/chunks/0-ynv9eqilv7x.js:0
[   21780ms] [LOG] Player X: -14.19 Y: -5.69 Z: 19.63 @ http://localhost:3000/_next/static/chunks/0-ynv9eqilv7x.js:0
[   21783ms] [LOG] Player X: -14.11 Y: -5.69 Z: 19.58 @ http://localhost:3000/_next/static/chunks/0-ynv9eqilv7x.js:0
[   21787ms] [LOG] Player X: -14.03 Y: -5.68 Z: 19.52 @ http://localhost:3000/_next/static/chunks/0-ynv9eqilv7x.js:0
[   21790ms] [LOG] Player X: -13.95 Y: -5.68 Z: 19.46 @ http://localhost:3000/_next/static/chunks/0-ynv9eqilv7x.js:0
[   21793ms] [LOG] Player X: -13.87 Y: -5.68 Z: 19.40 @ http://localhost:3000/_next/static/chunks/0-ynv9eqilv7x.js:0
[   21797ms] [LOG] Player X: -13.79 Y: -5.67 Z: 19.34 @ http://localhost:3000/_next/static/chunks/0-ynv9eqilv7x.js:0
[   21800ms] [LOG] Player X: -13.71 Y: -5.67 Z: 19.28 @ http://localhost:3000/_next/static/chunks/0-ynv9eqilv7x.js:0
[   21804ms] [LOG] Player X: -13.63 Y: -5.66 Z: 19.22 @ http://localhost:3000/_next/static/chunks/0-ynv9eqilv7x.js:0
[   21807ms] [LOG] Player X: -13.55 Y: -5.66 Z: 19.15 @ http://localhost:3000/_next/static/chunks/0-ynv9eqilv7x.js:0
[   21810ms] [LOG] Player X: -13.47 Y: -5.65 Z: 19.09 @ http://localhost:3000/_next/static/chunks/0-ynv9eqilv7x.js:0
[   21813ms] [LOG] Player X: -13.39 Y: -5.65 Z: 19.03 @ http://localhost:3000/_next/static/chunks/0-ynv9eqilv7x.js:0
[   21817ms] [LOG] Player X: -13.32 Y: -5.64 Z: 18.97 @ http://localhost:3000/_next/static/chunks/0-ynv9eqilv7x.js:0
[   21820ms] [LOG] Player X: -13.24 Y: -5.64 Z: 18.91 @ http://localhost:3000/_next/static/chunks/0-ynv9eqilv7x.js:0
[   21823ms] [LOG] Player X: -13.16 Y: -5.63 Z: 18.84 @ http://localhost:3000/_next/static/chunks/0-ynv9eqilv7x.js:0
[   21827ms] [LOG] Player X: -13.08 Y: -5.63 Z: 18.78 @ http://localhost:3000/_next/static/chunks/0-ynv9eqilv7x.js:0
[   21830ms] [LOG] Player X: -13.00 Y: -5.62 Z: 18.72 @ http://localhost:3000/_next/static/chunks/0-ynv9eqilv7x.js:0
[   21833ms] [LOG] Player X: -12.93 Y: -5.62 Z: 18.65 @ http://localhost:3000/_next/static/chunks/0-ynv9eqilv7x.js:0
[   21837ms] [LOG] Player X: -12.85 Y: -5.62 Z: 18.59 @ http://localhost:3000/_next/static/chunks/0-ynv9eqilv7x.js:0
[   21840ms] [LOG] Player X: -12.77 Y: -5.61 Z: 18.53 @ http://localhost:3000/_next/static/chunks/0-ynv9eqilv7x.js:0
[   21843ms] [LOG] Player X: -12.69 Y: -5.61 Z: 18.46 @ http://localhost:3000/_next/static/chunks/0-ynv9eqilv7x.js:0
[   21847ms] [LOG] Player X: -12.62 Y: -5.60 Z: 18.40 @ http://localhost:3000/_next/static/chunks/0-ynv9eqilv7x.js:0
[   21850ms] [LOG] Player X: -12.54 Y: -5.60 Z: 18.34 @ http://localhost:3000/_next/static/chunks/0-ynv9eqilv7x.js:0
[   21853ms] [LOG] Player X: -12.46 Y: -5.59 Z: 18.28 @ http://localhost:3000/_next/static/chunks/0-ynv9eqilv7x.js:0
[   21857ms] [LOG] Player X: -12.39 Y: -5.59 Z: 18.21 @ http://localhost:3000/_next/static/chunks/0-ynv9eqilv7x.js:0
[   21860ms] [LOG] Player X: -12.31 Y: -5.59 Z: 18.15 @ http://localhost:3000/_next/static/chunks/0-ynv9eqilv7x.js:0
[   21863ms] [LOG] Player X: -12.23 Y: -5.58 Z: 18.09 @ http://localhost:3000/_next/static/chunks/0-ynv9eqilv7x.js:0
[   21867ms] [LOG] Player X: -12.15 Y: -5.58 Z: 18.02 @ http://localhost:3000/_next/static/chunks/0-ynv9eqilv7x.js:0
[   21870ms] [LOG] Player X: -12.08 Y: -5.57 Z: 17.96 @ http://localhost:3000/_next/static/chunks/0-ynv9eqilv7x.js:0
[   21873ms] [LOG] Player X: -12.00 Y: -5.57 Z: 17.90 @ http://localhost:3000/_next/static/chunks/0-ynv9eqilv7x.js:0
[   21877ms] [LOG] Player X: -11.92 Y: -5.56 Z: 17.83 @ http://localhost:3000/_next/static/chunks/0-ynv9eqilv7x.js:0
[   21880ms] [LOG] Player X: -11.84 Y: -5.56 Z: 17.77 @ http://localhost:3000/_next/static/chunks/0-ynv9eqilv7x.js:0
[   21883ms] [LOG] Player X: -11.77 Y: -5.56 Z: 17.71 @ http://localhost:3000/_next/static/chunks/0-ynv9eqilv7x.js:0
[   21887ms] [LOG] Player X: -11.69 Y: -5.55 Z: 17.64 @ http://localhost:3000/_next/static/chunks/0-ynv9eqilv7x.js:0
[   21890ms] [LOG] Player X: -11.61 Y: -5.55 Z: 17.58 @ http://localhost:3000/_next/static/chunks/0-ynv9eqilv7x.js:0
[   21893ms] [LOG] Player X: -11.54 Y: -5.54 Z: 17.52 @ http://localhost:3000/_next/static/chunks/0-ynv9eqilv7x.js:0
[   21897ms] [LOG] Player X: -11.46 Y: -5.54 Z: 17.45 @ http://localhost:3000/_next/static/chunks/0-ynv9eqilv7x.js:0
[   21900ms] [LOG] Player X: -11.38 Y: -5.53 Z: 17.39 @ http://localhost:3000/_next/static/chunks/0-ynv9eqilv7x.js:0
[   21903ms] [LOG] Player X: -11.30 Y: -5.53 Z: 17.33 @ http://localhost:3000/_next/static/chunks/0-ynv9eqilv7x.js:0
[   21907ms] [LOG] Player X: -11.23 Y: -5.53 Z: 17.26 @ http://localhost:3000/_next/static/chunks/0-ynv9eqilv7x.js:0
[   21910ms] [LOG] Player X: -11.15 Y: -5.52 Z: 17.20 @ http://localhost:3000/_next/static/chunks/0-ynv9eqilv7x.js:0
[   21913ms] [LOG] Player X: -11.07 Y: -5.52 Z: 17.14 @ http://localhost:3000/_next/static/chunks/0-ynv9eqilv7x.js:0
[   21917ms] [LOG] Player X: -10.99 Y: -5.51 Z: 17.07 @ http://localhost:3000/_next/static/chunks/0-ynv9eqilv7x.js:0
[   21920ms] [LOG] Player X: -10.92 Y: -5.51 Z: 17.01 @ http://localhost:3000/_next/static/chunks/0-ynv9eqilv7x.js:0
[   21923ms] [LOG] Player X: -10.84 Y: -5.50 Z: 16.95 @ http://localhost:3000/_next/static/chunks/0-ynv9eqilv7x.js:0
[   21927ms] [LOG] Player X: -10.76 Y: -5.50 Z: 16.88 @ http://localhost:3000/_next/static/chunks/0-ynv9eqilv7x.js:0
[   21930ms] [LOG] Player X: -10.68 Y: -5.50 Z: 16.82 @ http://localhost:3000/_next/static/chunks/0-ynv9eqilv7x.js:0
[   21933ms] [LOG] Player X: -10.61 Y: -5.49 Z: 16.76 @ http://localhost:3000/_next/static/chunks/0-ynv9eqilv7x.js:0
[   21937ms] [LOG] Player X: -10.53 Y: -5.49 Z: 16.69 @ http://localhost:3000/_next/static/chunks/0-ynv9eqilv7x.js:0
[   21940ms] [LOG] Player X: -10.45 Y: -5.48 Z: 16.63 @ http://localhost:3000/_next/static/chunks/0-ynv9eqilv7x.js:0
[   21943ms] [LOG] Player X: -10.38 Y: -5.48 Z: 16.57 @ http://localhost:3000/_next/static/chunks/0-ynv9eqilv7x.js:0
[   21947ms] [LOG] Player X: -10.30 Y: -5.47 Z: 16.50 @ http://localhost:3000/_next/static/chunks/0-ynv9eqilv7x.js:0
[   21950ms] [LOG] Player X: -10.22 Y: -5.47 Z: 16.44 @ http://localhost:3000/_next/static/chunks/0-ynv9eqilv7x.js:0
[   21953ms] [LOG] Player X: -10.14 Y: -5.46 Z: 16.38 @ http://localhost:3000/_next/static/chunks/0-ynv9eqilv7x.js:0
[   21957ms] [LOG] Player X: -10.07 Y: -5.46 Z: 16.31 @ http://localhost:3000/_next/static/chunks/0-ynv9eqilv7x.js:0
[   21960ms] [LOG] Player X: -9.99 Y: -5.46 Z: 16.25 @ http://localhost:3000/_next/static/chunks/0-ynv9eqilv7x.js:0
[   21963ms] [LOG] Player X: -9.91 Y: -5.45 Z: 16.19 @ http://localhost:3000/_next/static/chunks/0-ynv9eqilv7x.js:0
[   21967ms] [LOG] Player X: -9.83 Y: -5.45 Z: 16.12 @ http://localhost:3000/_next/static/chunks/0-ynv9eqilv7x.js:0
[   21971ms] [LOG] Player X: -9.76 Y: -5.44 Z: 16.06 @ http://localhost:3000/_next/static/chunks/0-ynv9eqilv7x.js:0
[   21973ms] [LOG] Player X: -9.68 Y: -5.44 Z: 16.00 @ http://localhost:3000/_next/static/chunks/0-ynv9eqilv7x.js:0
[   21977ms] [LOG] Player X: -9.60 Y: -5.43 Z: 15.93 @ http://localhost:3000/_next/static/chunks/0-ynv9eqilv7x.js:0
[   21980ms] [LOG] Player X: -9.53 Y: -5.43 Z: 15.87 @ http://localhost:3000/_next/static/chunks/0-ynv9eqilv7x.js:0
[   21983ms] [LOG] Player X: -9.45 Y: -5.43 Z: 15.81 @ http://localhost:3000/_next/static/chunks/0-ynv9eqilv7x.js:0
[   21987ms] [LOG] Player X: -9.37 Y: -5.42 Z: 15.74 @ http://localhost:3000/_next/static/chunks/0-ynv9eqilv7x.js:0
[   21990ms] [LOG] Player X: -9.29 Y: -5.42 Z: 15.68 @ http://localhost:3000/_next/static/chunks/0-ynv9eqilv7x.js:0
[   21993ms] [LOG] Player X: -9.22 Y: -5.41 Z: 15.62 @ http://localhost:3000/_next/static/chunks/0-ynv9eqilv7x.js:0
[   21997ms] [LOG] Player X: -9.14 Y: -5.41 Z: 15.55 @ http://localhost:3000/_next/static/chunks/0-ynv9eqilv7x.js:0
[   22000ms] [LOG] Player X: -9.06 Y: -5.40 Z: 15.49 @ http://localhost:3000/_next/static/chunks/0-ynv9eqilv7x.js:0
[   22003ms] [LOG] Player X: -8.99 Y: -5.40 Z: 15.43 @ http://localhost:3000/_next/static/chunks/0-ynv9eqilv7x.js:0
[   22007ms] [LOG] Player X: -8.91 Y: -5.40 Z: 15.36 @ http://localhost:3000/_next/static/chunks/0-ynv9eqilv7x.js:0
[   22010ms] [LOG] Player X: -8.83 Y: -5.39 Z: 15.30 @ http://localhost:3000/_next/static/chunks/0-ynv9eqilv7x.js:0
[   22013ms] [LOG] Player X: -8.75 Y: -5.39 Z: 15.24 @ http://localhost:3000/_next/static/chunks/0-ynv9eqilv7x.js:0
[   22017ms] [LOG] Player X: -8.68 Y: -5.38 Z: 15.17 @ http://localhost:3000/_next/static/chunks/0-ynv9eqilv7x.js:0
[   22020ms] [LOG] Player X: -8.60 Y: -5.38 Z: 15.11 @ http://localhost:3000/_next/static/chunks/0-ynv9eqilv7x.js:0
[   22023ms] [LOG] Player X: -8.52 Y: -5.37 Z: 15.04 @ http://localhost:3000/_next/static/chunks/0-ynv9eqilv7x.js:0
[   22027ms] [LOG] Player X: -8.45 Y: -5.37 Z: 14.98 @ http://localhost:3000/_next/static/chunks/0-ynv9eqilv7x.js:0
[   22030ms] [LOG] Player X: -8.37 Y: -5.37 Z: 14.92 @ http://localhost:3000/_next/static/chunks/0-ynv9eqilv7x.js:0
[   22033ms] [LOG] Player X: -8.29 Y: -5.36 Z: 14.85 @ http://localhost:3000/_next/static/chunks/0-ynv9eqilv7x.js:0
[   22037ms] [LOG] Player X: -8.21 Y: -5.36 Z: 14.79 @ http://localhost:3000/_next/static/chunks/0-ynv9eqilv7x.js:0
[   22040ms] [LOG] Player X: -8.14 Y: -5.35 Z: 14.73 @ http://localhost:3000/_next/static/chunks/0-ynv9eqilv7x.js:0
[   22043ms] [LOG] Player X: -8.06 Y: -5.35 Z: 14.66 @ http://localhost:3000/_next/static/chunks/0-ynv9eqilv7x.js:0
[   22047ms] [LOG] Player X: -7.98 Y: -5.34 Z: 14.60 @ http://localhost:3000/_next/static/chunks/0-ynv9eqilv7x.js:0
[   22050ms] [LOG] Player X: -7.91 Y: -5.34 Z: 14.54 @ http://localhost:3000/_next/static/chunks/0-ynv9eqilv7x.js:0
[   22053ms] [LOG] Player X: -7.83 Y: -5.34 Z: 14.47 @ http://localhost:3000/_next/static/chunks/0-ynv9eqilv7x.js:0
[   22057ms] [LOG] Player X: -7.75 Y: -5.33 Z: 14.41 @ http://localhost:3000/_next/static/chunks/0-ynv9eqilv7x.js:0
[   22060ms] [LOG] Player X: -7.67 Y: -5.33 Z: 14.35 @ http://localhost:3000/_next/static/chunks/0-ynv9eqilv7x.js:0
[   22063ms] [LOG] Player X: -7.60 Y: -5.32 Z: 14.28 @ http://localhost:3000/_next/static/chunks/0-ynv9eqilv7x.js:0
[   22067ms] [LOG] Player X: -7.52 Y: -5.32 Z: 14.22 @ http://localhost:3000/_next/static/chunks/0-ynv9eqilv7x.js:0
[   22070ms] [LOG] Player X: -7.44 Y: -5.31 Z: 14.16 @ http://localhost:3000/_next/static/chunks/0-ynv9eqilv7x.js:0
[   22073ms] [LOG] Player X: -7.36 Y: -5.31 Z: 14.09 @ http://localhost:3000/_next/static/chunks/0-ynv9eqilv7x.js:0
[   22077ms] [LOG] Player X: -7.29 Y: -5.31 Z: 14.03 @ http://localhost:3000/_next/static/chunks/0-ynv9eqilv7x.js:0
[   22080ms] [LOG] Player X: -7.21 Y: -5.30 Z: 13.97 @ http://localhost:3000/_next/static/chunks/0-ynv9eqilv7x.js:0
[   22083ms] [LOG] Player X: -7.13 Y: -5.30 Z: 13.90 @ http://localhost:3000/_next/static/chunks/0-ynv9eqilv7x.js:0
[   22087ms] [LOG] Player X: -7.06 Y: -5.29 Z: 13.84 @ http://localhost:3000/_next/static/chunks/0-ynv9eqilv7x.js:0
[   22090ms] [LOG] Player X: -6.98 Y: -5.29 Z: 13.78 @ http://localhost:3000/_next/static/chunks/0-ynv9eqilv7x.js:0
[   22093ms] [LOG] Player X: -6.90 Y: -5.28 Z: 13.71 @ http://localhost:3000/_next/static/chunks/0-ynv9eqilv7x.js:0
[   22097ms] [LOG] Player X: -6.82 Y: -5.28 Z: 13.65 @ http://localhost:3000/_next/static/chunks/0-ynv9eqilv7x.js:0
[   22100ms] [LOG] Player X: -6.75 Y: -5.27 Z: 13.59 @ http://localhost:3000/_next/static/chunks/0-ynv9eqilv7x.js:0
[   22103ms] [LOG] Player X: -6.67 Y: -5.27 Z: 13.52 @ http://localhost:3000/_next/static/chunks/0-ynv9eqilv7x.js:0
